Copyright 1986-2020 Xilinx, Inc. All Rights Reserved.
-----------------------------------------------------------------------------------------------------------------------------------------------------------------------------------
| Tool Version      : Vivado v.2020.1 (win64) Build 2902540 Wed May 27 19:54:49 MDT 2020
| Date              : Tue Dec 30 11:31:45 2025
| Host              : WIN-DQCLN0PBKKI running 64-bit major release  (build 9200)
| Command           : report_bus_skew -warn_on_violation -file uav_sar_wrapper_bus_skew_routed.rpt -pb uav_sar_wrapper_bus_skew_routed.pb -rpx uav_sar_wrapper_bus_skew_routed.rpx
| Design            : uav_sar_wrapper
| Device            : xczu2cg-sfvc784
| Speed File        : -1  PRODUCTION 1.27 02-28-2020
| Temperature Grade : E
-----------------------------------------------------------------------------------------------------------------------------------------------------------------------------------

Bus Skew Report

Table of Contents
-----------------
1. Bus Skew Report Summary
2. Bus Skew Report Per Constraint

1. Bus Skew Report Summary
--------------------------

Id  Position  From                            To                              Corner  Requirement(ns)  Actual(ns)  Slack(ns)
--  --------  ------------------------------  ------------------------------  ------  ---------------  ----------  ---------
1   65        [get_cells [list {uav_sar_i/zynq_ultra_pl/ad9269_sample_ctrl/inst/ad9269_sample_v1_0_S00_AXI_inst/sample_inst/xpm_fifo_async_inst/gnuram_async_fifo.xpm_fifo_base_inst/gen_cdc_pntr.rd_pntr_cdc_inst/src_gray_ff_reg[0]} \
          {uav_sar_i/zynq_ultra_pl/ad9269_sample_ctrl/inst/ad9269_sample_v1_0_S00_AXI_inst/sample_inst/xpm_fifo_async_inst/gnuram_async_fifo.xpm_fifo_base_inst/gen_cdc_pntr.rd_pntr_cdc_inst/src_gray_ff_reg[10]} \
          {uav_sar_i/zynq_ultra_pl/ad9269_sample_ctrl/inst/ad9269_sample_v1_0_S00_AXI_inst/sample_inst/xpm_fifo_async_inst/gnuram_async_fifo.xpm_fifo_base_inst/gen_cdc_pntr.rd_pntr_cdc_inst/src_gray_ff_reg[11]} \
          {uav_sar_i/zynq_ultra_pl/ad9269_sample_ctrl/inst/ad9269_sample_v1_0_S00_AXI_inst/sample_inst/xpm_fifo_async_inst/gnuram_async_fifo.xpm_fifo_base_inst/gen_cdc_pntr.rd_pntr_cdc_inst/src_gray_ff_reg[12]} \
          {uav_sar_i/zynq_ultra_pl/ad9269_sample_ctrl/inst/ad9269_sample_v1_0_S00_AXI_inst/sample_inst/xpm_fifo_async_inst/gnuram_async_fifo.xpm_fifo_base_inst/gen_cdc_pntr.rd_pntr_cdc_inst/src_gray_ff_reg[13]} \
          {uav_sar_i/zynq_ultra_pl/ad9269_sample_ctrl/inst/ad9269_sample_v1_0_S00_AXI_inst/sample_inst/xpm_fifo_async_inst/gnuram_async_fifo.xpm_fifo_base_inst/gen_cdc_pntr.rd_pntr_cdc_inst/src_gray_ff_reg[14]} \
          {uav_sar_i/zynq_ultra_pl/ad9269_sample_ctrl/inst/ad9269_sample_v1_0_S00_AXI_inst/sample_inst/xpm_fifo_async_inst/gnuram_async_fifo.xpm_fifo_base_inst/gen_cdc_pntr.rd_pntr_cdc_inst/src_gray_ff_reg[15]} \
          {uav_sar_i/zynq_ultra_pl/ad9269_sample_ctrl/inst/ad9269_sample_v1_0_S00_AXI_inst/sample_inst/xpm_fifo_async_inst/gnuram_async_fifo.xpm_fifo_base_inst/gen_cdc_pntr.rd_pntr_cdc_inst/src_gray_ff_reg[16]} \
          {uav_sar_i/zynq_ultra_pl/ad9269_sample_ctrl/inst/ad9269_sample_v1_0_S00_AXI_inst/sample_inst/xpm_fifo_async_inst/gnuram_async_fifo.xpm_fifo_base_inst/gen_cdc_pntr.rd_pntr_cdc_inst/src_gray_ff_reg[1]} \
          {uav_sar_i/zynq_ultra_pl/ad9269_sample_ctrl/inst/ad9269_sample_v1_0_S00_AXI_inst/sample_inst/xpm_fifo_async_inst/gnuram_async_fifo.xpm_fifo_base_inst/gen_cdc_pntr.rd_pntr_cdc_inst/src_gray_ff_reg[2]} \
          {uav_sar_i/zynq_ultra_pl/ad9269_sample_ctrl/inst/ad9269_sample_v1_0_S00_AXI_inst/sample_inst/xpm_fifo_async_inst/gnuram_async_fifo.xpm_fifo_base_inst/gen_cdc_pntr.rd_pntr_cdc_inst/src_gray_ff_reg[3]} \
          {uav_sar_i/zynq_ultra_pl/ad9269_sample_ctrl/inst/ad9269_sample_v1_0_S00_AXI_inst/sample_inst/xpm_fifo_async_inst/gnuram_async_fifo.xpm_fifo_base_inst/gen_cdc_pntr.rd_pntr_cdc_inst/src_gray_ff_reg[4]} \
          {uav_sar_i/zynq_ultra_pl/ad9269_sample_ctrl/inst/ad9269_sample_v1_0_S00_AXI_inst/sample_inst/xpm_fifo_async_inst/gnuram_async_fifo.xpm_fifo_base_inst/gen_cdc_pntr.rd_pntr_cdc_inst/src_gray_ff_reg[5]} \
          {uav_sar_i/zynq_ultra_pl/ad9269_sample_ctrl/inst/ad9269_sample_v1_0_S00_AXI_inst/sample_inst/xpm_fifo_async_inst/gnuram_async_fifo.xpm_fifo_base_inst/gen_cdc_pntr.rd_pntr_cdc_inst/src_gray_ff_reg[6]} \
          {uav_sar_i/zynq_ultra_pl/ad9269_sample_ctrl/inst/ad9269_sample_v1_0_S00_AXI_inst/sample_inst/xpm_fifo_async_inst/gnuram_async_fifo.xpm_fifo_base_inst/gen_cdc_pntr.rd_pntr_cdc_inst/src_gray_ff_reg[7]} \
          {uav_sar_i/zynq_ultra_pl/ad9269_sample_ctrl/inst/ad9269_sample_v1_0_S00_AXI_inst/sample_inst/xpm_fifo_async_inst/gnuram_async_fifo.xpm_fifo_base_inst/gen_cdc_pntr.rd_pntr_cdc_inst/src_gray_ff_reg[8]} \
          {uav_sar_i/zynq_ultra_pl/ad9269_sample_ctrl/inst/ad9269_sample_v1_0_S00_AXI_inst/sample_inst/xpm_fifo_async_inst/gnuram_async_fifo.xpm_fifo_base_inst/gen_cdc_pntr.rd_pntr_cdc_inst/src_gray_ff_reg[9]}]]
                                              [get_cells [list {uav_sar_i/zynq_ultra_pl/ad9269_sample_ctrl/inst/ad9269_sample_v1_0_S00_AXI_inst/sample_inst/xpm_fifo_async_inst/gnuram_async_fifo.xpm_fifo_base_inst/gen_cdc_pntr.rd_pntr_cdc_inst/dest_graysync_ff_reg[0][0]} \
          {uav_sar_i/zynq_ultra_pl/ad9269_sample_ctrl/inst/ad9269_sample_v1_0_S00_AXI_inst/sample_inst/xpm_fifo_async_inst/gnuram_async_fifo.xpm_fifo_base_inst/gen_cdc_pntr.rd_pntr_cdc_inst/dest_graysync_ff_reg[0][10]} \
          {uav_sar_i/zynq_ultra_pl/ad9269_sample_ctrl/inst/ad9269_sample_v1_0_S00_AXI_inst/sample_inst/xpm_fifo_async_inst/gnuram_async_fifo.xpm_fifo_base_inst/gen_cdc_pntr.rd_pntr_cdc_inst/dest_graysync_ff_reg[0][11]} \
          {uav_sar_i/zynq_ultra_pl/ad9269_sample_ctrl/inst/ad9269_sample_v1_0_S00_AXI_inst/sample_inst/xpm_fifo_async_inst/gnuram_async_fifo.xpm_fifo_base_inst/gen_cdc_pntr.rd_pntr_cdc_inst/dest_graysync_ff_reg[0][12]} \
          {uav_sar_i/zynq_ultra_pl/ad9269_sample_ctrl/inst/ad9269_sample_v1_0_S00_AXI_inst/sample_inst/xpm_fifo_async_inst/gnuram_async_fifo.xpm_fifo_base_inst/gen_cdc_pntr.rd_pntr_cdc_inst/dest_graysync_ff_reg[0][13]} \
          {uav_sar_i/zynq_ultra_pl/ad9269_sample_ctrl/inst/ad9269_sample_v1_0_S00_AXI_inst/sample_inst/xpm_fifo_async_inst/gnuram_async_fifo.xpm_fifo_base_inst/gen_cdc_pntr.rd_pntr_cdc_inst/dest_graysync_ff_reg[0][14]} \
          {uav_sar_i/zynq_ultra_pl/ad9269_sample_ctrl/inst/ad9269_sample_v1_0_S00_AXI_inst/sample_inst/xpm_fifo_async_inst/gnuram_async_fifo.xpm_fifo_base_inst/gen_cdc_pntr.rd_pntr_cdc_inst/dest_graysync_ff_reg[0][15]} \
          {uav_sar_i/zynq_ultra_pl/ad9269_sample_ctrl/inst/ad9269_sample_v1_0_S00_AXI_inst/sample_inst/xpm_fifo_async_inst/gnuram_async_fifo.xpm_fifo_base_inst/gen_cdc_pntr.rd_pntr_cdc_inst/dest_graysync_ff_reg[0][16]} \
          {uav_sar_i/zynq_ultra_pl/ad9269_sample_ctrl/inst/ad9269_sample_v1_0_S00_AXI_inst/sample_inst/xpm_fifo_async_inst/gnuram_async_fifo.xpm_fifo_base_inst/gen_cdc_pntr.rd_pntr_cdc_inst/dest_graysync_ff_reg[0][1]} \
          {uav_sar_i/zynq_ultra_pl/ad9269_sample_ctrl/inst/ad9269_sample_v1_0_S00_AXI_inst/sample_inst/xpm_fifo_async_inst/gnuram_async_fifo.xpm_fifo_base_inst/gen_cdc_pntr.rd_pntr_cdc_inst/dest_graysync_ff_reg[0][2]} \
          {uav_sar_i/zynq_ultra_pl/ad9269_sample_ctrl/inst/ad9269_sample_v1_0_S00_AXI_inst/sample_inst/xpm_fifo_async_inst/gnuram_async_fifo.xpm_fifo_base_inst/gen_cdc_pntr.rd_pntr_cdc_inst/dest_graysync_ff_reg[0][3]} \
          {uav_sar_i/zynq_ultra_pl/ad9269_sample_ctrl/inst/ad9269_sample_v1_0_S00_AXI_inst/sample_inst/xpm_fifo_async_inst/gnuram_async_fifo.xpm_fifo_base_inst/gen_cdc_pntr.rd_pntr_cdc_inst/dest_graysync_ff_reg[0][4]} \
          {uav_sar_i/zynq_ultra_pl/ad9269_sample_ctrl/inst/ad9269_sample_v1_0_S00_AXI_inst/sample_inst/xpm_fifo_async_inst/gnuram_async_fifo.xpm_fifo_base_inst/gen_cdc_pntr.rd_pntr_cdc_inst/dest_graysync_ff_reg[0][5]} \
          {uav_sar_i/zynq_ultra_pl/ad9269_sample_ctrl/inst/ad9269_sample_v1_0_S00_AXI_inst/sample_inst/xpm_fifo_async_inst/gnuram_async_fifo.xpm_fifo_base_inst/gen_cdc_pntr.rd_pntr_cdc_inst/dest_graysync_ff_reg[0][6]} \
          {uav_sar_i/zynq_ultra_pl/ad9269_sample_ctrl/inst/ad9269_sample_v1_0_S00_AXI_inst/sample_inst/xpm_fifo_async_inst/gnuram_async_fifo.xpm_fifo_base_inst/gen_cdc_pntr.rd_pntr_cdc_inst/dest_graysync_ff_reg[0][7]} \
          {uav_sar_i/zynq_ultra_pl/ad9269_sample_ctrl/inst/ad9269_sample_v1_0_S00_AXI_inst/sample_inst/xpm_fifo_async_inst/gnuram_async_fifo.xpm_fifo_base_inst/gen_cdc_pntr.rd_pntr_cdc_inst/dest_graysync_ff_reg[0][8]} \
          {uav_sar_i/zynq_ultra_pl/ad9269_sample_ctrl/inst/ad9269_sample_v1_0_S00_AXI_inst/sample_inst/xpm_fifo_async_inst/gnuram_async_fifo.xpm_fifo_base_inst/gen_cdc_pntr.rd_pntr_cdc_inst/dest_graysync_ff_reg[0][9]}]]
                                                                              Slow             20.000       0.991     19.009
2   67        [get_cells [list {uav_sar_i/zynq_ultra_pl/ad9269_sample_ctrl/inst/ad9269_sample_v1_0_S00_AXI_inst/sample_inst/xpm_fifo_async_inst/gnuram_async_fifo.xpm_fifo_base_inst/gen_cdc_pntr.wr_pntr_cdc_inst/src_gray_ff_reg[0]} \
          {uav_sar_i/zynq_ultra_pl/ad9269_sample_ctrl/inst/ad9269_sample_v1_0_S00_AXI_inst/sample_inst/xpm_fifo_async_inst/gnuram_async_fifo.xpm_fifo_base_inst/gen_cdc_pntr.wr_pntr_cdc_inst/src_gray_ff_reg[10]} \
          {uav_sar_i/zynq_ultra_pl/ad9269_sample_ctrl/inst/ad9269_sample_v1_0_S00_AXI_inst/sample_inst/xpm_fifo_async_inst/gnuram_async_fifo.xpm_fifo_base_inst/gen_cdc_pntr.wr_pntr_cdc_inst/src_gray_ff_reg[11]} \
          {uav_sar_i/zynq_ultra_pl/ad9269_sample_ctrl/inst/ad9269_sample_v1_0_S00_AXI_inst/sample_inst/xpm_fifo_async_inst/gnuram_async_fifo.xpm_fifo_base_inst/gen_cdc_pntr.wr_pntr_cdc_inst/src_gray_ff_reg[12]} \
          {uav_sar_i/zynq_ultra_pl/ad9269_sample_ctrl/inst/ad9269_sample_v1_0_S00_AXI_inst/sample_inst/xpm_fifo_async_inst/gnuram_async_fifo.xpm_fifo_base_inst/gen_cdc_pntr.wr_pntr_cdc_inst/src_gray_ff_reg[13]} \
          {uav_sar_i/zynq_ultra_pl/ad9269_sample_ctrl/inst/ad9269_sample_v1_0_S00_AXI_inst/sample_inst/xpm_fifo_async_inst/gnuram_async_fifo.xpm_fifo_base_inst/gen_cdc_pntr.wr_pntr_cdc_inst/src_gray_ff_reg[14]} \
          {uav_sar_i/zynq_ultra_pl/ad9269_sample_ctrl/inst/ad9269_sample_v1_0_S00_AXI_inst/sample_inst/xpm_fifo_async_inst/gnuram_async_fifo.xpm_fifo_base_inst/gen_cdc_pntr.wr_pntr_cdc_inst/src_gray_ff_reg[15]} \
          {uav_sar_i/zynq_ultra_pl/ad9269_sample_ctrl/inst/ad9269_sample_v1_0_S00_AXI_inst/sample_inst/xpm_fifo_async_inst/gnuram_async_fifo.xpm_fifo_base_inst/gen_cdc_pntr.wr_pntr_cdc_inst/src_gray_ff_reg[16]} \
          {uav_sar_i/zynq_ultra_pl/ad9269_sample_ctrl/inst/ad9269_sample_v1_0_S00_AXI_inst/sample_inst/xpm_fifo_async_inst/gnuram_async_fifo.xpm_fifo_base_inst/gen_cdc_pntr.wr_pntr_cdc_inst/src_gray_ff_reg[1]} \
          {uav_sar_i/zynq_ultra_pl/ad9269_sample_ctrl/inst/ad9269_sample_v1_0_S00_AXI_inst/sample_inst/xpm_fifo_async_inst/gnuram_async_fifo.xpm_fifo_base_inst/gen_cdc_pntr.wr_pntr_cdc_inst/src_gray_ff_reg[2]} \
          {uav_sar_i/zynq_ultra_pl/ad9269_sample_ctrl/inst/ad9269_sample_v1_0_S00_AXI_inst/sample_inst/xpm_fifo_async_inst/gnuram_async_fifo.xpm_fifo_base_inst/gen_cdc_pntr.wr_pntr_cdc_inst/src_gray_ff_reg[3]} \
          {uav_sar_i/zynq_ultra_pl/ad9269_sample_ctrl/inst/ad9269_sample_v1_0_S00_AXI_inst/sample_inst/xpm_fifo_async_inst/gnuram_async_fifo.xpm_fifo_base_inst/gen_cdc_pntr.wr_pntr_cdc_inst/src_gray_ff_reg[4]} \
          {uav_sar_i/zynq_ultra_pl/ad9269_sample_ctrl/inst/ad9269_sample_v1_0_S00_AXI_inst/sample_inst/xpm_fifo_async_inst/gnuram_async_fifo.xpm_fifo_base_inst/gen_cdc_pntr.wr_pntr_cdc_inst/src_gray_ff_reg[5]} \
          {uav_sar_i/zynq_ultra_pl/ad9269_sample_ctrl/inst/ad9269_sample_v1_0_S00_AXI_inst/sample_inst/xpm_fifo_async_inst/gnuram_async_fifo.xpm_fifo_base_inst/gen_cdc_pntr.wr_pntr_cdc_inst/src_gray_ff_reg[6]} \
          {uav_sar_i/zynq_ultra_pl/ad9269_sample_ctrl/inst/ad9269_sample_v1_0_S00_AXI_inst/sample_inst/xpm_fifo_async_inst/gnuram_async_fifo.xpm_fifo_base_inst/gen_cdc_pntr.wr_pntr_cdc_inst/src_gray_ff_reg[7]} \
          {uav_sar_i/zynq_ultra_pl/ad9269_sample_ctrl/inst/ad9269_sample_v1_0_S00_AXI_inst/sample_inst/xpm_fifo_async_inst/gnuram_async_fifo.xpm_fifo_base_inst/gen_cdc_pntr.wr_pntr_cdc_inst/src_gray_ff_reg[8]} \
          {uav_sar_i/zynq_ultra_pl/ad9269_sample_ctrl/inst/ad9269_sample_v1_0_S00_AXI_inst/sample_inst/xpm_fifo_async_inst/gnuram_async_fifo.xpm_fifo_base_inst/gen_cdc_pntr.wr_pntr_cdc_inst/src_gray_ff_reg[9]}]]
                                              [get_cells [list {uav_sar_i/zynq_ultra_pl/ad9269_sample_ctrl/inst/ad9269_sample_v1_0_S00_AXI_inst/sample_inst/xpm_fifo_async_inst/gnuram_async_fifo.xpm_fifo_base_inst/gen_cdc_pntr.wr_pntr_cdc_inst/dest_graysync_ff_reg[0][0]} \
          {uav_sar_i/zynq_ultra_pl/ad9269_sample_ctrl/inst/ad9269_sample_v1_0_S00_AXI_inst/sample_inst/xpm_fifo_async_inst/gnuram_async_fifo.xpm_fifo_base_inst/gen_cdc_pntr.wr_pntr_cdc_inst/dest_graysync_ff_reg[0][10]} \
          {uav_sar_i/zynq_ultra_pl/ad9269_sample_ctrl/inst/ad9269_sample_v1_0_S00_AXI_inst/sample_inst/xpm_fifo_async_inst/gnuram_async_fifo.xpm_fifo_base_inst/gen_cdc_pntr.wr_pntr_cdc_inst/dest_graysync_ff_reg[0][11]} \
          {uav_sar_i/zynq_ultra_pl/ad9269_sample_ctrl/inst/ad9269_sample_v1_0_S00_AXI_inst/sample_inst/xpm_fifo_async_inst/gnuram_async_fifo.xpm_fifo_base_inst/gen_cdc_pntr.wr_pntr_cdc_inst/dest_graysync_ff_reg[0][12]} \
          {uav_sar_i/zynq_ultra_pl/ad9269_sample_ctrl/inst/ad9269_sample_v1_0_S00_AXI_inst/sample_inst/xpm_fifo_async_inst/gnuram_async_fifo.xpm_fifo_base_inst/gen_cdc_pntr.wr_pntr_cdc_inst/dest_graysync_ff_reg[0][13]} \
          {uav_sar_i/zynq_ultra_pl/ad9269_sample_ctrl/inst/ad9269_sample_v1_0_S00_AXI_inst/sample_inst/xpm_fifo_async_inst/gnuram_async_fifo.xpm_fifo_base_inst/gen_cdc_pntr.wr_pntr_cdc_inst/dest_graysync_ff_reg[0][14]} \
          {uav_sar_i/zynq_ultra_pl/ad9269_sample_ctrl/inst/ad9269_sample_v1_0_S00_AXI_inst/sample_inst/xpm_fifo_async_inst/gnuram_async_fifo.xpm_fifo_base_inst/gen_cdc_pntr.wr_pntr_cdc_inst/dest_graysync_ff_reg[0][15]} \
          {uav_sar_i/zynq_ultra_pl/ad9269_sample_ctrl/inst/ad9269_sample_v1_0_S00_AXI_inst/sample_inst/xpm_fifo_async_inst/gnuram_async_fifo.xpm_fifo_base_inst/gen_cdc_pntr.wr_pntr_cdc_inst/dest_graysync_ff_reg[0][16]} \
          {uav_sar_i/zynq_ultra_pl/ad9269_sample_ctrl/inst/ad9269_sample_v1_0_S00_AXI_inst/sample_inst/xpm_fifo_async_inst/gnuram_async_fifo.xpm_fifo_base_inst/gen_cdc_pntr.wr_pntr_cdc_inst/dest_graysync_ff_reg[0][1]} \
          {uav_sar_i/zynq_ultra_pl/ad9269_sample_ctrl/inst/ad9269_sample_v1_0_S00_AXI_inst/sample_inst/xpm_fifo_async_inst/gnuram_async_fifo.xpm_fifo_base_inst/gen_cdc_pntr.wr_pntr_cdc_inst/dest_graysync_ff_reg[0][2]} \
          {uav_sar_i/zynq_ultra_pl/ad9269_sample_ctrl/inst/ad9269_sample_v1_0_S00_AXI_inst/sample_inst/xpm_fifo_async_inst/gnuram_async_fifo.xpm_fifo_base_inst/gen_cdc_pntr.wr_pntr_cdc_inst/dest_graysync_ff_reg[0][3]} \
          {uav_sar_i/zynq_ultra_pl/ad9269_sample_ctrl/inst/ad9269_sample_v1_0_S00_AXI_inst/sample_inst/xpm_fifo_async_inst/gnuram_async_fifo.xpm_fifo_base_inst/gen_cdc_pntr.wr_pntr_cdc_inst/dest_graysync_ff_reg[0][4]} \
          {uav_sar_i/zynq_ultra_pl/ad9269_sample_ctrl/inst/ad9269_sample_v1_0_S00_AXI_inst/sample_inst/xpm_fifo_async_inst/gnuram_async_fifo.xpm_fifo_base_inst/gen_cdc_pntr.wr_pntr_cdc_inst/dest_graysync_ff_reg[0][5]} \
          {uav_sar_i/zynq_ultra_pl/ad9269_sample_ctrl/inst/ad9269_sample_v1_0_S00_AXI_inst/sample_inst/xpm_fifo_async_inst/gnuram_async_fifo.xpm_fifo_base_inst/gen_cdc_pntr.wr_pntr_cdc_inst/dest_graysync_ff_reg[0][6]} \
          {uav_sar_i/zynq_ultra_pl/ad9269_sample_ctrl/inst/ad9269_sample_v1_0_S00_AXI_inst/sample_inst/xpm_fifo_async_inst/gnuram_async_fifo.xpm_fifo_base_inst/gen_cdc_pntr.wr_pntr_cdc_inst/dest_graysync_ff_reg[0][7]} \
          {uav_sar_i/zynq_ultra_pl/ad9269_sample_ctrl/inst/ad9269_sample_v1_0_S00_AXI_inst/sample_inst/xpm_fifo_async_inst/gnuram_async_fifo.xpm_fifo_base_inst/gen_cdc_pntr.wr_pntr_cdc_inst/dest_graysync_ff_reg[0][8]} \
          {uav_sar_i/zynq_ultra_pl/ad9269_sample_ctrl/inst/ad9269_sample_v1_0_S00_AXI_inst/sample_inst/xpm_fifo_async_inst/gnuram_async_fifo.xpm_fifo_base_inst/gen_cdc_pntr.wr_pntr_cdc_inst/dest_graysync_ff_reg[0][9]}]]
                                                                              Slow             20.000       0.862     19.138
3   69        [get_cells [list {uav_sar_i/zynq_ultra_pl/ad9269_sample_ctrl/inst/ad9269_sample_v1_0_S00_AXI_inst/sample_inst/xpm_fifo_async_inst/gnuram_async_fifo.xpm_fifo_base_inst/gen_cdc_pntr.rd_pntr_cdc_dc_inst/src_gray_ff_reg[0]} \
          {uav_sar_i/zynq_ultra_pl/ad9269_sample_ctrl/inst/ad9269_sample_v1_0_S00_AXI_inst/sample_inst/xpm_fifo_async_inst/gnuram_async_fifo.xpm_fifo_base_inst/gen_cdc_pntr.rd_pntr_cdc_dc_inst/src_gray_ff_reg[10]} \
          {uav_sar_i/zynq_ultra_pl/ad9269_sample_ctrl/inst/ad9269_sample_v1_0_S00_AXI_inst/sample_inst/xpm_fifo_async_inst/gnuram_async_fifo.xpm_fifo_base_inst/gen_cdc_pntr.rd_pntr_cdc_dc_inst/src_gray_ff_reg[11]} \
          {uav_sar_i/zynq_ultra_pl/ad9269_sample_ctrl/inst/ad9269_sample_v1_0_S00_AXI_inst/sample_inst/xpm_fifo_async_inst/gnuram_async_fifo.xpm_fifo_base_inst/gen_cdc_pntr.rd_pntr_cdc_dc_inst/src_gray_ff_reg[12]} \
          {uav_sar_i/zynq_ultra_pl/ad9269_sample_ctrl/inst/ad9269_sample_v1_0_S00_AXI_inst/sample_inst/xpm_fifo_async_inst/gnuram_async_fifo.xpm_fifo_base_inst/gen_cdc_pntr.rd_pntr_cdc_dc_inst/src_gray_ff_reg[13]} \
          {uav_sar_i/zynq_ultra_pl/ad9269_sample_ctrl/inst/ad9269_sample_v1_0_S00_AXI_inst/sample_inst/xpm_fifo_async_inst/gnuram_async_fifo.xpm_fifo_base_inst/gen_cdc_pntr.rd_pntr_cdc_dc_inst/src_gray_ff_reg[14]} \
          {uav_sar_i/zynq_ultra_pl/ad9269_sample_ctrl/inst/ad9269_sample_v1_0_S00_AXI_inst/sample_inst/xpm_fifo_async_inst/gnuram_async_fifo.xpm_fifo_base_inst/gen_cdc_pntr.rd_pntr_cdc_dc_inst/src_gray_ff_reg[15]} \
          {uav_sar_i/zynq_ultra_pl/ad9269_sample_ctrl/inst/ad9269_sample_v1_0_S00_AXI_inst/sample_inst/xpm_fifo_async_inst/gnuram_async_fifo.xpm_fifo_base_inst/gen_cdc_pntr.rd_pntr_cdc_dc_inst/src_gray_ff_reg[16]} \
          {uav_sar_i/zynq_ultra_pl/ad9269_sample_ctrl/inst/ad9269_sample_v1_0_S00_AXI_inst/sample_inst/xpm_fifo_async_inst/gnuram_async_fifo.xpm_fifo_base_inst/gen_cdc_pntr.rd_pntr_cdc_dc_inst/src_gray_ff_reg[17]} \
          {uav_sar_i/zynq_ultra_pl/ad9269_sample_ctrl/inst/ad9269_sample_v1_0_S00_AXI_inst/sample_inst/xpm_fifo_async_inst/gnuram_async_fifo.xpm_fifo_base_inst/gen_cdc_pntr.rd_pntr_cdc_dc_inst/src_gray_ff_reg[1]} \
          {uav_sar_i/zynq_ultra_pl/ad9269_sample_ctrl/inst/ad9269_sample_v1_0_S00_AXI_inst/sample_inst/xpm_fifo_async_inst/gnuram_async_fifo.xpm_fifo_base_inst/gen_cdc_pntr.rd_pntr_cdc_dc_inst/src_gray_ff_reg[2]} \
          {uav_sar_i/zynq_ultra_pl/ad9269_sample_ctrl/inst/ad9269_sample_v1_0_S00_AXI_inst/sample_inst/xpm_fifo_async_inst/gnuram_async_fifo.xpm_fifo_base_inst/gen_cdc_pntr.rd_pntr_cdc_dc_inst/src_gray_ff_reg[3]} \
          {uav_sar_i/zynq_ultra_pl/ad9269_sample_ctrl/inst/ad9269_sample_v1_0_S00_AXI_inst/sample_inst/xpm_fifo_async_inst/gnuram_async_fifo.xpm_fifo_base_inst/gen_cdc_pntr.rd_pntr_cdc_dc_inst/src_gray_ff_reg[4]} \
          {uav_sar_i/zynq_ultra_pl/ad9269_sample_ctrl/inst/ad9269_sample_v1_0_S00_AXI_inst/sample_inst/xpm_fifo_async_inst/gnuram_async_fifo.xpm_fifo_base_inst/gen_cdc_pntr.rd_pntr_cdc_dc_inst/src_gray_ff_reg[5]} \
          {uav_sar_i/zynq_ultra_pl/ad9269_sample_ctrl/inst/ad9269_sample_v1_0_S00_AXI_inst/sample_inst/xpm_fifo_async_inst/gnuram_async_fifo.xpm_fifo_base_inst/gen_cdc_pntr.rd_pntr_cdc_dc_inst/src_gray_ff_reg[6]} \
          {uav_sar_i/zynq_ultra_pl/ad9269_sample_ctrl/inst/ad9269_sample_v1_0_S00_AXI_inst/sample_inst/xpm_fifo_async_inst/gnuram_async_fifo.xpm_fifo_base_inst/gen_cdc_pntr.rd_pntr_cdc_dc_inst/src_gray_ff_reg[7]} \
          {uav_sar_i/zynq_ultra_pl/ad9269_sample_ctrl/inst/ad9269_sample_v1_0_S00_AXI_inst/sample_inst/xpm_fifo_async_inst/gnuram_async_fifo.xpm_fifo_base_inst/gen_cdc_pntr.rd_pntr_cdc_dc_inst/src_gray_ff_reg[8]} \
          {uav_sar_i/zynq_ultra_pl/ad9269_sample_ctrl/inst/ad9269_sample_v1_0_S00_AXI_inst/sample_inst/xpm_fifo_async_inst/gnuram_async_fifo.xpm_fifo_base_inst/gen_cdc_pntr.rd_pntr_cdc_dc_inst/src_gray_ff_reg[9]}]]
                                              [get_cells [list {uav_sar_i/zynq_ultra_pl/ad9269_sample_ctrl/inst/ad9269_sample_v1_0_S00_AXI_inst/sample_inst/xpm_fifo_async_inst/gnuram_async_fifo.xpm_fifo_base_inst/gen_cdc_pntr.rd_pntr_cdc_dc_inst/dest_graysync_ff_reg[0][0]} \
          {uav_sar_i/zynq_ultra_pl/ad9269_sample_ctrl/inst/ad9269_sample_v1_0_S00_AXI_inst/sample_inst/xpm_fifo_async_inst/gnuram_async_fifo.xpm_fifo_base_inst/gen_cdc_pntr.rd_pntr_cdc_dc_inst/dest_graysync_ff_reg[0][10]} \
          {uav_sar_i/zynq_ultra_pl/ad9269_sample_ctrl/inst/ad9269_sample_v1_0_S00_AXI_inst/sample_inst/xpm_fifo_async_inst/gnuram_async_fifo.xpm_fifo_base_inst/gen_cdc_pntr.rd_pntr_cdc_dc_inst/dest_graysync_ff_reg[0][11]} \
          {uav_sar_i/zynq_ultra_pl/ad9269_sample_ctrl/inst/ad9269_sample_v1_0_S00_AXI_inst/sample_inst/xpm_fifo_async_inst/gnuram_async_fifo.xpm_fifo_base_inst/gen_cdc_pntr.rd_pntr_cdc_dc_inst/dest_graysync_ff_reg[0][12]} \
          {uav_sar_i/zynq_ultra_pl/ad9269_sample_ctrl/inst/ad9269_sample_v1_0_S00_AXI_inst/sample_inst/xpm_fifo_async_inst/gnuram_async_fifo.xpm_fifo_base_inst/gen_cdc_pntr.rd_pntr_cdc_dc_inst/dest_graysync_ff_reg[0][13]} \
          {uav_sar_i/zynq_ultra_pl/ad9269_sample_ctrl/inst/ad9269_sample_v1_0_S00_AXI_inst/sample_inst/xpm_fifo_async_inst/gnuram_async_fifo.xpm_fifo_base_inst/gen_cdc_pntr.rd_pntr_cdc_dc_inst/dest_graysync_ff_reg[0][14]} \
          {uav_sar_i/zynq_ultra_pl/ad9269_sample_ctrl/inst/ad9269_sample_v1_0_S00_AXI_inst/sample_inst/xpm_fifo_async_inst/gnuram_async_fifo.xpm_fifo_base_inst/gen_cdc_pntr.rd_pntr_cdc_dc_inst/dest_graysync_ff_reg[0][15]} \
          {uav_sar_i/zynq_ultra_pl/ad9269_sample_ctrl/inst/ad9269_sample_v1_0_S00_AXI_inst/sample_inst/xpm_fifo_async_inst/gnuram_async_fifo.xpm_fifo_base_inst/gen_cdc_pntr.rd_pntr_cdc_dc_inst/dest_graysync_ff_reg[0][16]} \
          {uav_sar_i/zynq_ultra_pl/ad9269_sample_ctrl/inst/ad9269_sample_v1_0_S00_AXI_inst/sample_inst/xpm_fifo_async_inst/gnuram_async_fifo.xpm_fifo_base_inst/gen_cdc_pntr.rd_pntr_cdc_dc_inst/dest_graysync_ff_reg[0][17]} \
          {uav_sar_i/zynq_ultra_pl/ad9269_sample_ctrl/inst/ad9269_sample_v1_0_S00_AXI_inst/sample_inst/xpm_fifo_async_inst/gnuram_async_fifo.xpm_fifo_base_inst/gen_cdc_pntr.rd_pntr_cdc_dc_inst/dest_graysync_ff_reg[0][1]} \
          {uav_sar_i/zynq_ultra_pl/ad9269_sample_ctrl/inst/ad9269_sample_v1_0_S00_AXI_inst/sample_inst/xpm_fifo_async_inst/gnuram_async_fifo.xpm_fifo_base_inst/gen_cdc_pntr.rd_pntr_cdc_dc_inst/dest_graysync_ff_reg[0][2]} \
          {uav_sar_i/zynq_ultra_pl/ad9269_sample_ctrl/inst/ad9269_sample_v1_0_S00_AXI_inst/sample_inst/xpm_fifo_async_inst/gnuram_async_fifo.xpm_fifo_base_inst/gen_cdc_pntr.rd_pntr_cdc_dc_inst/dest_graysync_ff_reg[0][3]} \
          {uav_sar_i/zynq_ultra_pl/ad9269_sample_ctrl/inst/ad9269_sample_v1_0_S00_AXI_inst/sample_inst/xpm_fifo_async_inst/gnuram_async_fifo.xpm_fifo_base_inst/gen_cdc_pntr.rd_pntr_cdc_dc_inst/dest_graysync_ff_reg[0][4]} \
          {uav_sar_i/zynq_ultra_pl/ad9269_sample_ctrl/inst/ad9269_sample_v1_0_S00_AXI_inst/sample_inst/xpm_fifo_async_inst/gnuram_async_fifo.xpm_fifo_base_inst/gen_cdc_pntr.rd_pntr_cdc_dc_inst/dest_graysync_ff_reg[0][5]} \
          {uav_sar_i/zynq_ultra_pl/ad9269_sample_ctrl/inst/ad9269_sample_v1_0_S00_AXI_inst/sample_inst/xpm_fifo_async_inst/gnuram_async_fifo.xpm_fifo_base_inst/gen_cdc_pntr.rd_pntr_cdc_dc_inst/dest_graysync_ff_reg[0][6]} \
          {uav_sar_i/zynq_ultra_pl/ad9269_sample_ctrl/inst/ad9269_sample_v1_0_S00_AXI_inst/sample_inst/xpm_fifo_async_inst/gnuram_async_fifo.xpm_fifo_base_inst/gen_cdc_pntr.rd_pntr_cdc_dc_inst/dest_graysync_ff_reg[0][7]} \
          {uav_sar_i/zynq_ultra_pl/ad9269_sample_ctrl/inst/ad9269_sample_v1_0_S00_AXI_inst/sample_inst/xpm_fifo_async_inst/gnuram_async_fifo.xpm_fifo_base_inst/gen_cdc_pntr.rd_pntr_cdc_dc_inst/dest_graysync_ff_reg[0][8]} \
          {uav_sar_i/zynq_ultra_pl/ad9269_sample_ctrl/inst/ad9269_sample_v1_0_S00_AXI_inst/sample_inst/xpm_fifo_async_inst/gnuram_async_fifo.xpm_fifo_base_inst/gen_cdc_pntr.rd_pntr_cdc_dc_inst/dest_graysync_ff_reg[0][9]}]]
                                                                              Slow             20.000       0.964     19.036
4   71        [get_cells [list {uav_sar_i/zynq_ultra_pl/ad9269_sample_ctrl/inst/ad9269_sample_v1_0_S00_AXI_inst/sample_inst/xpm_fifo_async_inst/gnuram_async_fifo.xpm_fifo_base_inst/gen_cdc_pntr.wr_pntr_cdc_dc_inst/src_gray_ff_reg[0]} \
          {uav_sar_i/zynq_ultra_pl/ad9269_sample_ctrl/inst/ad9269_sample_v1_0_S00_AXI_inst/sample_inst/xpm_fifo_async_inst/gnuram_async_fifo.xpm_fifo_base_inst/gen_cdc_pntr.wr_pntr_cdc_dc_inst/src_gray_ff_reg[10]} \
          {uav_sar_i/zynq_ultra_pl/ad9269_sample_ctrl/inst/ad9269_sample_v1_0_S00_AXI_inst/sample_inst/xpm_fifo_async_inst/gnuram_async_fifo.xpm_fifo_base_inst/gen_cdc_pntr.wr_pntr_cdc_dc_inst/src_gray_ff_reg[11]} \
          {uav_sar_i/zynq_ultra_pl/ad9269_sample_ctrl/inst/ad9269_sample_v1_0_S00_AXI_inst/sample_inst/xpm_fifo_async_inst/gnuram_async_fifo.xpm_fifo_base_inst/gen_cdc_pntr.wr_pntr_cdc_dc_inst/src_gray_ff_reg[12]} \
          {uav_sar_i/zynq_ultra_pl/ad9269_sample_ctrl/inst/ad9269_sample_v1_0_S00_AXI_inst/sample_inst/xpm_fifo_async_inst/gnuram_async_fifo.xpm_fifo_base_inst/gen_cdc_pntr.wr_pntr_cdc_dc_inst/src_gray_ff_reg[13]} \
          {uav_sar_i/zynq_ultra_pl/ad9269_sample_ctrl/inst/ad9269_sample_v1_0_S00_AXI_inst/sample_inst/xpm_fifo_async_inst/gnuram_async_fifo.xpm_fifo_base_inst/gen_cdc_pntr.wr_pntr_cdc_dc_inst/src_gray_ff_reg[14]} \
          {uav_sar_i/zynq_ultra_pl/ad9269_sample_ctrl/inst/ad9269_sample_v1_0_S00_AXI_inst/sample_inst/xpm_fifo_async_inst/gnuram_async_fifo.xpm_fifo_base_inst/gen_cdc_pntr.wr_pntr_cdc_dc_inst/src_gray_ff_reg[15]} \
          {uav_sar_i/zynq_ultra_pl/ad9269_sample_ctrl/inst/ad9269_sample_v1_0_S00_AXI_inst/sample_inst/xpm_fifo_async_inst/gnuram_async_fifo.xpm_fifo_base_inst/gen_cdc_pntr.wr_pntr_cdc_dc_inst/src_gray_ff_reg[16]} \
          {uav_sar_i/zynq_ultra_pl/ad9269_sample_ctrl/inst/ad9269_sample_v1_0_S00_AXI_inst/sample_inst/xpm_fifo_async_inst/gnuram_async_fifo.xpm_fifo_base_inst/gen_cdc_pntr.wr_pntr_cdc_dc_inst/src_gray_ff_reg[17]} \
          {uav_sar_i/zynq_ultra_pl/ad9269_sample_ctrl/inst/ad9269_sample_v1_0_S00_AXI_inst/sample_inst/xpm_fifo_async_inst/gnuram_async_fifo.xpm_fifo_base_inst/gen_cdc_pntr.wr_pntr_cdc_dc_inst/src_gray_ff_reg[1]} \
          {uav_sar_i/zynq_ultra_pl/ad9269_sample_ctrl/inst/ad9269_sample_v1_0_S00_AXI_inst/sample_inst/xpm_fifo_async_inst/gnuram_async_fifo.xpm_fifo_base_inst/gen_cdc_pntr.wr_pntr_cdc_dc_inst/src_gray_ff_reg[2]} \
          {uav_sar_i/zynq_ultra_pl/ad9269_sample_ctrl/inst/ad9269_sample_v1_0_S00_AXI_inst/sample_inst/xpm_fifo_async_inst/gnuram_async_fifo.xpm_fifo_base_inst/gen_cdc_pntr.wr_pntr_cdc_dc_inst/src_gray_ff_reg[3]} \
          {uav_sar_i/zynq_ultra_pl/ad9269_sample_ctrl/inst/ad9269_sample_v1_0_S00_AXI_inst/sample_inst/xpm_fifo_async_inst/gnuram_async_fifo.xpm_fifo_base_inst/gen_cdc_pntr.wr_pntr_cdc_dc_inst/src_gray_ff_reg[4]} \
          {uav_sar_i/zynq_ultra_pl/ad9269_sample_ctrl/inst/ad9269_sample_v1_0_S00_AXI_inst/sample_inst/xpm_fifo_async_inst/gnuram_async_fifo.xpm_fifo_base_inst/gen_cdc_pntr.wr_pntr_cdc_dc_inst/src_gray_ff_reg[5]} \
          {uav_sar_i/zynq_ultra_pl/ad9269_sample_ctrl/inst/ad9269_sample_v1_0_S00_AXI_inst/sample_inst/xpm_fifo_async_inst/gnuram_async_fifo.xpm_fifo_base_inst/gen_cdc_pntr.wr_pntr_cdc_dc_inst/src_gray_ff_reg[6]} \
          {uav_sar_i/zynq_ultra_pl/ad9269_sample_ctrl/inst/ad9269_sample_v1_0_S00_AXI_inst/sample_inst/xpm_fifo_async_inst/gnuram_async_fifo.xpm_fifo_base_inst/gen_cdc_pntr.wr_pntr_cdc_dc_inst/src_gray_ff_reg[7]} \
          {uav_sar_i/zynq_ultra_pl/ad9269_sample_ctrl/inst/ad9269_sample_v1_0_S00_AXI_inst/sample_inst/xpm_fifo_async_inst/gnuram_async_fifo.xpm_fifo_base_inst/gen_cdc_pntr.wr_pntr_cdc_dc_inst/src_gray_ff_reg[8]} \
          {uav_sar_i/zynq_ultra_pl/ad9269_sample_ctrl/inst/ad9269_sample_v1_0_S00_AXI_inst/sample_inst/xpm_fifo_async_inst/gnuram_async_fifo.xpm_fifo_base_inst/gen_cdc_pntr.wr_pntr_cdc_dc_inst/src_gray_ff_reg[9]}]]
                                              [get_cells [list {uav_sar_i/zynq_ultra_pl/ad9269_sample_ctrl/inst/ad9269_sample_v1_0_S00_AXI_inst/sample_inst/xpm_fifo_async_inst/gnuram_async_fifo.xpm_fifo_base_inst/gen_cdc_pntr.wr_pntr_cdc_dc_inst/dest_graysync_ff_reg[0][0]} \
          {uav_sar_i/zynq_ultra_pl/ad9269_sample_ctrl/inst/ad9269_sample_v1_0_S00_AXI_inst/sample_inst/xpm_fifo_async_inst/gnuram_async_fifo.xpm_fifo_base_inst/gen_cdc_pntr.wr_pntr_cdc_dc_inst/dest_graysync_ff_reg[0][10]} \
          {uav_sar_i/zynq_ultra_pl/ad9269_sample_ctrl/inst/ad9269_sample_v1_0_S00_AXI_inst/sample_inst/xpm_fifo_async_inst/gnuram_async_fifo.xpm_fifo_base_inst/gen_cdc_pntr.wr_pntr_cdc_dc_inst/dest_graysync_ff_reg[0][11]} \
          {uav_sar_i/zynq_ultra_pl/ad9269_sample_ctrl/inst/ad9269_sample_v1_0_S00_AXI_inst/sample_inst/xpm_fifo_async_inst/gnuram_async_fifo.xpm_fifo_base_inst/gen_cdc_pntr.wr_pntr_cdc_dc_inst/dest_graysync_ff_reg[0][12]} \
          {uav_sar_i/zynq_ultra_pl/ad9269_sample_ctrl/inst/ad9269_sample_v1_0_S00_AXI_inst/sample_inst/xpm_fifo_async_inst/gnuram_async_fifo.xpm_fifo_base_inst/gen_cdc_pntr.wr_pntr_cdc_dc_inst/dest_graysync_ff_reg[0][13]} \
          {uav_sar_i/zynq_ultra_pl/ad9269_sample_ctrl/inst/ad9269_sample_v1_0_S00_AXI_inst/sample_inst/xpm_fifo_async_inst/gnuram_async_fifo.xpm_fifo_base_inst/gen_cdc_pntr.wr_pntr_cdc_dc_inst/dest_graysync_ff_reg[0][14]} \
          {uav_sar_i/zynq_ultra_pl/ad9269_sample_ctrl/inst/ad9269_sample_v1_0_S00_AXI_inst/sample_inst/xpm_fifo_async_inst/gnuram_async_fifo.xpm_fifo_base_inst/gen_cdc_pntr.wr_pntr_cdc_dc_inst/dest_graysync_ff_reg[0][15]} \
          {uav_sar_i/zynq_ultra_pl/ad9269_sample_ctrl/inst/ad9269_sample_v1_0_S00_AXI_inst/sample_inst/xpm_fifo_async_inst/gnuram_async_fifo.xpm_fifo_base_inst/gen_cdc_pntr.wr_pntr_cdc_dc_inst/dest_graysync_ff_reg[0][16]} \
          {uav_sar_i/zynq_ultra_pl/ad9269_sample_ctrl/inst/ad9269_sample_v1_0_S00_AXI_inst/sample_inst/xpm_fifo_async_inst/gnuram_async_fifo.xpm_fifo_base_inst/gen_cdc_pntr.wr_pntr_cdc_dc_inst/dest_graysync_ff_reg[0][17]} \
          {uav_sar_i/zynq_ultra_pl/ad9269_sample_ctrl/inst/ad9269_sample_v1_0_S00_AXI_inst/sample_inst/xpm_fifo_async_inst/gnuram_async_fifo.xpm_fifo_base_inst/gen_cdc_pntr.wr_pntr_cdc_dc_inst/dest_graysync_ff_reg[0][1]} \
          {uav_sar_i/zynq_ultra_pl/ad9269_sample_ctrl/inst/ad9269_sample_v1_0_S00_AXI_inst/sample_inst/xpm_fifo_async_inst/gnuram_async_fifo.xpm_fifo_base_inst/gen_cdc_pntr.wr_pntr_cdc_dc_inst/dest_graysync_ff_reg[0][2]} \
          {uav_sar_i/zynq_ultra_pl/ad9269_sample_ctrl/inst/ad9269_sample_v1_0_S00_AXI_inst/sample_inst/xpm_fifo_async_inst/gnuram_async_fifo.xpm_fifo_base_inst/gen_cdc_pntr.wr_pntr_cdc_dc_inst/dest_graysync_ff_reg[0][3]} \
          {uav_sar_i/zynq_ultra_pl/ad9269_sample_ctrl/inst/ad9269_sample_v1_0_S00_AXI_inst/sample_inst/xpm_fifo_async_inst/gnuram_async_fifo.xpm_fifo_base_inst/gen_cdc_pntr.wr_pntr_cdc_dc_inst/dest_graysync_ff_reg[0][4]} \
          {uav_sar_i/zynq_ultra_pl/ad9269_sample_ctrl/inst/ad9269_sample_v1_0_S00_AXI_inst/sample_inst/xpm_fifo_async_inst/gnuram_async_fifo.xpm_fifo_base_inst/gen_cdc_pntr.wr_pntr_cdc_dc_inst/dest_graysync_ff_reg[0][5]} \
          {uav_sar_i/zynq_ultra_pl/ad9269_sample_ctrl/inst/ad9269_sample_v1_0_S00_AXI_inst/sample_inst/xpm_fifo_async_inst/gnuram_async_fifo.xpm_fifo_base_inst/gen_cdc_pntr.wr_pntr_cdc_dc_inst/dest_graysync_ff_reg[0][6]} \
          {uav_sar_i/zynq_ultra_pl/ad9269_sample_ctrl/inst/ad9269_sample_v1_0_S00_AXI_inst/sample_inst/xpm_fifo_async_inst/gnuram_async_fifo.xpm_fifo_base_inst/gen_cdc_pntr.wr_pntr_cdc_dc_inst/dest_graysync_ff_reg[0][7]} \
          {uav_sar_i/zynq_ultra_pl/ad9269_sample_ctrl/inst/ad9269_sample_v1_0_S00_AXI_inst/sample_inst/xpm_fifo_async_inst/gnuram_async_fifo.xpm_fifo_base_inst/gen_cdc_pntr.wr_pntr_cdc_dc_inst/dest_graysync_ff_reg[0][8]} \
          {uav_sar_i/zynq_ultra_pl/ad9269_sample_ctrl/inst/ad9269_sample_v1_0_S00_AXI_inst/sample_inst/xpm_fifo_async_inst/gnuram_async_fifo.xpm_fifo_base_inst/gen_cdc_pntr.wr_pntr_cdc_dc_inst/dest_graysync_ff_reg[0][9]}]]
                                                                              Slow             20.000       0.959     19.041
5   132       [get_cells [list {dbg_hub/inst/BSCANID.u_xsdbm_id/CORE_XSDB.UUT_MASTER/U_ICON_INTERFACE/U_CMD6_RD/U_RD_FIFO/SUBCORE_FIFO.xsdbm_v3_0_0_rdfifo_inst/inst_fifo_gen/gconvfifo.rf/grf.rf/gntv_or_sync_fifo.gcx.clkx/gnxpm_cdc.rd_pntr_gc_reg[0]} {dbg_hub/inst/BSCANID.u_xsdbm_id/CORE_XSDB.UUT_MASTER/U_ICON_INTERFACE/U_CMD6_RD/U_RD_FIFO/SUBCORE_FIFO.xsdbm_v3_0_0_rdfifo_inst/inst_fifo_gen/gconvfifo.rf/grf.rf/gntv_or_sync_fifo.gcx.clkx/gnxpm_cdc.rd_pntr_gc_reg[1]} {dbg_hub/inst/BSCANID.u_xsdbm_id/CORE_XSDB.UUT_MASTER/U_ICON_INTERFACE/U_CMD6_RD/U_RD_FIFO/SUBCORE_FIFO.xsdbm_v3_0_0_rdfifo_inst/inst_fifo_gen/gconvfifo.rf/grf.rf/gntv_or_sync_fifo.gcx.clkx/gnxpm_cdc.rd_pntr_gc_reg[2]} {dbg_hub/inst/BSCANID.u_xsdbm_id/CORE_XSDB.UUT_MASTER/U_ICON_INTERFACE/U_CMD6_RD/U_RD_FIFO/SUBCORE_FIFO.xsdbm_v3_0_0_rdfifo_inst/inst_fifo_gen/gconvfifo.rf/grf.rf/gntv_or_sync_fifo.gcx.clkx/gnxpm_cdc.rd_pntr_gc_reg[3]}]]
                                              [get_cells [list {dbg_hub/inst/BSCANID.u_xsdbm_id/CORE_XSDB.UUT_MASTER/U_ICON_INTERFACE/U_CMD6_RD/U_RD_FIFO/SUBCORE_FIFO.xsdbm_v3_0_0_rdfifo_inst/inst_fifo_gen/gconvfifo.rf/grf.rf/gntv_or_sync_fifo.gcx.clkx/gnxpm_cdc.gsync_stage[1].wr_stg_inst/Q_reg_reg[0]} {dbg_hub/inst/BSCANID.u_xsdbm_id/CORE_XSDB.UUT_MASTER/U_ICON_INTERFACE/U_CMD6_RD/U_RD_FIFO/SUBCORE_FIFO.xsdbm_v3_0_0_rdfifo_inst/inst_fifo_gen/gconvfifo.rf/grf.rf/gntv_or_sync_fifo.gcx.clkx/gnxpm_cdc.gsync_stage[1].wr_stg_inst/Q_reg_reg[1]} {dbg_hub/inst/BSCANID.u_xsdbm_id/CORE_XSDB.UUT_MASTER/U_ICON_INTERFACE/U_CMD6_RD/U_RD_FIFO/SUBCORE_FIFO.xsdbm_v3_0_0_rdfifo_inst/inst_fifo_gen/gconvfifo.rf/grf.rf/gntv_or_sync_fifo.gcx.clkx/gnxpm_cdc.gsync_stage[1].wr_stg_inst/Q_reg_reg[2]} {dbg_hub/inst/BSCANID.u_xsdbm_id/CORE_XSDB.UUT_MASTER/U_ICON_INTERFACE/U_CMD6_RD/U_RD_FIFO/SUBCORE_FIFO.xsdbm_v3_0_0_rdfifo_inst/inst_fifo_gen/gconvfifo.rf/grf.rf/gntv_or_sync_fifo.gcx.clkx/gnxpm_cdc.gsync_stage[1].wr_stg_inst/Q_reg_reg[3]}]]
                                                                              Slow             20.000       0.776     19.224
6   134       [get_cells [list {dbg_hub/inst/BSCANID.u_xsdbm_id/CORE_XSDB.UUT_MASTER/U_ICON_INTERFACE/U_CMD6_RD/U_RD_FIFO/SUBCORE_FIFO.xsdbm_v3_0_0_rdfifo_inst/inst_fifo_gen/gconvfifo.rf/grf.rf/gntv_or_sync_fifo.gcx.clkx/gnxpm_cdc.wr_pntr_gc_reg[0]} {dbg_hub/inst/BSCANID.u_xsdbm_id/CORE_XSDB.UUT_MASTER/U_ICON_INTERFACE/U_CMD6_RD/U_RD_FIFO/SUBCORE_FIFO.xsdbm_v3_0_0_rdfifo_inst/inst_fifo_gen/gconvfifo.rf/grf.rf/gntv_or_sync_fifo.gcx.clkx/gnxpm_cdc.wr_pntr_gc_reg[1]} {dbg_hub/inst/BSCANID.u_xsdbm_id/CORE_XSDB.UUT_MASTER/U_ICON_INTERFACE/U_CMD6_RD/U_RD_FIFO/SUBCORE_FIFO.xsdbm_v3_0_0_rdfifo_inst/inst_fifo_gen/gconvfifo.rf/grf.rf/gntv_or_sync_fifo.gcx.clkx/gnxpm_cdc.wr_pntr_gc_reg[2]} {dbg_hub/inst/BSCANID.u_xsdbm_id/CORE_XSDB.UUT_MASTER/U_ICON_INTERFACE/U_CMD6_RD/U_RD_FIFO/SUBCORE_FIFO.xsdbm_v3_0_0_rdfifo_inst/inst_fifo_gen/gconvfifo.rf/grf.rf/gntv_or_sync_fifo.gcx.clkx/gnxpm_cdc.wr_pntr_gc_reg[3]}]]
                                              [get_cells [list {dbg_hub/inst/BSCANID.u_xsdbm_id/CORE_XSDB.UUT_MASTER/U_ICON_INTERFACE/U_CMD6_RD/U_RD_FIFO/SUBCORE_FIFO.xsdbm_v3_0_0_rdfifo_inst/inst_fifo_gen/gconvfifo.rf/grf.rf/gntv_or_sync_fifo.gcx.clkx/gnxpm_cdc.gsync_stage[1].rd_stg_inst/Q_reg_reg[0]} {dbg_hub/inst/BSCANID.u_xsdbm_id/CORE_XSDB.UUT_MASTER/U_ICON_INTERFACE/U_CMD6_RD/U_RD_FIFO/SUBCORE_FIFO.xsdbm_v3_0_0_rdfifo_inst/inst_fifo_gen/gconvfifo.rf/grf.rf/gntv_or_sync_fifo.gcx.clkx/gnxpm_cdc.gsync_stage[1].rd_stg_inst/Q_reg_reg[1]} {dbg_hub/inst/BSCANID.u_xsdbm_id/CORE_XSDB.UUT_MASTER/U_ICON_INTERFACE/U_CMD6_RD/U_RD_FIFO/SUBCORE_FIFO.xsdbm_v3_0_0_rdfifo_inst/inst_fifo_gen/gconvfifo.rf/grf.rf/gntv_or_sync_fifo.gcx.clkx/gnxpm_cdc.gsync_stage[1].rd_stg_inst/Q_reg_reg[2]} {dbg_hub/inst/BSCANID.u_xsdbm_id/CORE_XSDB.UUT_MASTER/U_ICON_INTERFACE/U_CMD6_RD/U_RD_FIFO/SUBCORE_FIFO.xsdbm_v3_0_0_rdfifo_inst/inst_fifo_gen/gconvfifo.rf/grf.rf/gntv_or_sync_fifo.gcx.clkx/gnxpm_cdc.gsync_stage[1].rd_stg_inst/Q_reg_reg[3]}]]
                                                                              Slow             20.000       0.544     19.456
7   137       [get_cells [list {dbg_hub/inst/BSCANID.u_xsdbm_id/CORE_XSDB.UUT_MASTER/U_ICON_INTERFACE/U_CMD6_WR/U_WR_FIFO/SUBCORE_FIFO.xsdbm_v3_0_0_wrfifo_inst/inst_fifo_gen/gconvfifo.rf/grf.rf/gntv_or_sync_fifo.gcx.clkx/gnxpm_cdc.rd_pntr_gc_reg[0]} {dbg_hub/inst/BSCANID.u_xsdbm_id/CORE_XSDB.UUT_MASTER/U_ICON_INTERFACE/U_CMD6_WR/U_WR_FIFO/SUBCORE_FIFO.xsdbm_v3_0_0_wrfifo_inst/inst_fifo_gen/gconvfifo.rf/grf.rf/gntv_or_sync_fifo.gcx.clkx/gnxpm_cdc.rd_pntr_gc_reg[1]} {dbg_hub/inst/BSCANID.u_xsdbm_id/CORE_XSDB.UUT_MASTER/U_ICON_INTERFACE/U_CMD6_WR/U_WR_FIFO/SUBCORE_FIFO.xsdbm_v3_0_0_wrfifo_inst/inst_fifo_gen/gconvfifo.rf/grf.rf/gntv_or_sync_fifo.gcx.clkx/gnxpm_cdc.rd_pntr_gc_reg[2]} {dbg_hub/inst/BSCANID.u_xsdbm_id/CORE_XSDB.UUT_MASTER/U_ICON_INTERFACE/U_CMD6_WR/U_WR_FIFO/SUBCORE_FIFO.xsdbm_v3_0_0_wrfifo_inst/inst_fifo_gen/gconvfifo.rf/grf.rf/gntv_or_sync_fifo.gcx.clkx/gnxpm_cdc.rd_pntr_gc_reg[3]}]]
                                              [get_cells [list {dbg_hub/inst/BSCANID.u_xsdbm_id/CORE_XSDB.UUT_MASTER/U_ICON_INTERFACE/U_CMD6_WR/U_WR_FIFO/SUBCORE_FIFO.xsdbm_v3_0_0_wrfifo_inst/inst_fifo_gen/gconvfifo.rf/grf.rf/gntv_or_sync_fifo.gcx.clkx/gnxpm_cdc.gsync_stage[1].wr_stg_inst/Q_reg_reg[0]} {dbg_hub/inst/BSCANID.u_xsdbm_id/CORE_XSDB.UUT_MASTER/U_ICON_INTERFACE/U_CMD6_WR/U_WR_FIFO/SUBCORE_FIFO.xsdbm_v3_0_0_wrfifo_inst/inst_fifo_gen/gconvfifo.rf/grf.rf/gntv_or_sync_fifo.gcx.clkx/gnxpm_cdc.gsync_stage[1].wr_stg_inst/Q_reg_reg[1]} {dbg_hub/inst/BSCANID.u_xsdbm_id/CORE_XSDB.UUT_MASTER/U_ICON_INTERFACE/U_CMD6_WR/U_WR_FIFO/SUBCORE_FIFO.xsdbm_v3_0_0_wrfifo_inst/inst_fifo_gen/gconvfifo.rf/grf.rf/gntv_or_sync_fifo.gcx.clkx/gnxpm_cdc.gsync_stage[1].wr_stg_inst/Q_reg_reg[2]} {dbg_hub/inst/BSCANID.u_xsdbm_id/CORE_XSDB.UUT_MASTER/U_ICON_INTERFACE/U_CMD6_WR/U_WR_FIFO/SUBCORE_FIFO.xsdbm_v3_0_0_wrfifo_inst/inst_fifo_gen/gconvfifo.rf/grf.rf/gntv_or_sync_fifo.gcx.clkx/gnxpm_cdc.gsync_stage[1].wr_stg_inst/Q_reg_reg[3]}]]
                                                                              Slow             20.000       0.859     19.141
8   139       [get_cells [list {dbg_hub/inst/BSCANID.u_xsdbm_id/CORE_XSDB.UUT_MASTER/U_ICON_INTERFACE/U_CMD6_WR/U_WR_FIFO/SUBCORE_FIFO.xsdbm_v3_0_0_wrfifo_inst/inst_fifo_gen/gconvfifo.rf/grf.rf/gntv_or_sync_fifo.gcx.clkx/gnxpm_cdc.wr_pntr_gc_reg[0]} {dbg_hub/inst/BSCANID.u_xsdbm_id/CORE_XSDB.UUT_MASTER/U_ICON_INTERFACE/U_CMD6_WR/U_WR_FIFO/SUBCORE_FIFO.xsdbm_v3_0_0_wrfifo_inst/inst_fifo_gen/gconvfifo.rf/grf.rf/gntv_or_sync_fifo.gcx.clkx/gnxpm_cdc.wr_pntr_gc_reg[1]} {dbg_hub/inst/BSCANID.u_xsdbm_id/CORE_XSDB.UUT_MASTER/U_ICON_INTERFACE/U_CMD6_WR/U_WR_FIFO/SUBCORE_FIFO.xsdbm_v3_0_0_wrfifo_inst/inst_fifo_gen/gconvfifo.rf/grf.rf/gntv_or_sync_fifo.gcx.clkx/gnxpm_cdc.wr_pntr_gc_reg[2]} {dbg_hub/inst/BSCANID.u_xsdbm_id/CORE_XSDB.UUT_MASTER/U_ICON_INTERFACE/U_CMD6_WR/U_WR_FIFO/SUBCORE_FIFO.xsdbm_v3_0_0_wrfifo_inst/inst_fifo_gen/gconvfifo.rf/grf.rf/gntv_or_sync_fifo.gcx.clkx/gnxpm_cdc.wr_pntr_gc_reg[3]}]]
                                              [get_cells [list {dbg_hub/inst/BSCANID.u_xsdbm_id/CORE_XSDB.UUT_MASTER/U_ICON_INTERFACE/U_CMD6_WR/U_WR_FIFO/SUBCORE_FIFO.xsdbm_v3_0_0_wrfifo_inst/inst_fifo_gen/gconvfifo.rf/grf.rf/gntv_or_sync_fifo.gcx.clkx/gnxpm_cdc.gsync_stage[1].rd_stg_inst/Q_reg_reg[0]} {dbg_hub/inst/BSCANID.u_xsdbm_id/CORE_XSDB.UUT_MASTER/U_ICON_INTERFACE/U_CMD6_WR/U_WR_FIFO/SUBCORE_FIFO.xsdbm_v3_0_0_wrfifo_inst/inst_fifo_gen/gconvfifo.rf/grf.rf/gntv_or_sync_fifo.gcx.clkx/gnxpm_cdc.gsync_stage[1].rd_stg_inst/Q_reg_reg[1]} {dbg_hub/inst/BSCANID.u_xsdbm_id/CORE_XSDB.UUT_MASTER/U_ICON_INTERFACE/U_CMD6_WR/U_WR_FIFO/SUBCORE_FIFO.xsdbm_v3_0_0_wrfifo_inst/inst_fifo_gen/gconvfifo.rf/grf.rf/gntv_or_sync_fifo.gcx.clkx/gnxpm_cdc.gsync_stage[1].rd_stg_inst/Q_reg_reg[2]} {dbg_hub/inst/BSCANID.u_xsdbm_id/CORE_XSDB.UUT_MASTER/U_ICON_INTERFACE/U_CMD6_WR/U_WR_FIFO/SUBCORE_FIFO.xsdbm_v3_0_0_wrfifo_inst/inst_fifo_gen/gconvfifo.rf/grf.rf/gntv_or_sync_fifo.gcx.clkx/gnxpm_cdc.gsync_stage[1].rd_stg_inst/Q_reg_reg[3]}]]
                                                                              Slow             20.000       0.618     19.382


2. Bus Skew Report Per Constraint
---------------------------------

Id: 1
set_bus_skew -from [get_cells [list {uav_sar_i/zynq_ultra_pl/ad9269_sample_ctrl/inst/ad9269_sample_v1_0_S00_AXI_inst/sample_inst/xpm_fifo_async_inst/gnuram_async_fifo.xpm_fifo_base_inst/gen_cdc_pntr.rd_pntr_cdc_inst/src_gray_ff_reg[0]} \
          {uav_sar_i/zynq_ultra_pl/ad9269_sample_ctrl/inst/ad9269_sample_v1_0_S00_AXI_inst/sample_inst/xpm_fifo_async_inst/gnuram_async_fifo.xpm_fifo_base_inst/gen_cdc_pntr.rd_pntr_cdc_inst/src_gray_ff_reg[10]} \
          {uav_sar_i/zynq_ultra_pl/ad9269_sample_ctrl/inst/ad9269_sample_v1_0_S00_AXI_inst/sample_inst/xpm_fifo_async_inst/gnuram_async_fifo.xpm_fifo_base_inst/gen_cdc_pntr.rd_pntr_cdc_inst/src_gray_ff_reg[11]} \
          {uav_sar_i/zynq_ultra_pl/ad9269_sample_ctrl/inst/ad9269_sample_v1_0_S00_AXI_inst/sample_inst/xpm_fifo_async_inst/gnuram_async_fifo.xpm_fifo_base_inst/gen_cdc_pntr.rd_pntr_cdc_inst/src_gray_ff_reg[12]} \
          {uav_sar_i/zynq_ultra_pl/ad9269_sample_ctrl/inst/ad9269_sample_v1_0_S00_AXI_inst/sample_inst/xpm_fifo_async_inst/gnuram_async_fifo.xpm_fifo_base_inst/gen_cdc_pntr.rd_pntr_cdc_inst/src_gray_ff_reg[13]} \
          {uav_sar_i/zynq_ultra_pl/ad9269_sample_ctrl/inst/ad9269_sample_v1_0_S00_AXI_inst/sample_inst/xpm_fifo_async_inst/gnuram_async_fifo.xpm_fifo_base_inst/gen_cdc_pntr.rd_pntr_cdc_inst/src_gray_ff_reg[14]} \
          {uav_sar_i/zynq_ultra_pl/ad9269_sample_ctrl/inst/ad9269_sample_v1_0_S00_AXI_inst/sample_inst/xpm_fifo_async_inst/gnuram_async_fifo.xpm_fifo_base_inst/gen_cdc_pntr.rd_pntr_cdc_inst/src_gray_ff_reg[15]} \
          {uav_sar_i/zynq_ultra_pl/ad9269_sample_ctrl/inst/ad9269_sample_v1_0_S00_AXI_inst/sample_inst/xpm_fifo_async_inst/gnuram_async_fifo.xpm_fifo_base_inst/gen_cdc_pntr.rd_pntr_cdc_inst/src_gray_ff_reg[16]} \
          {uav_sar_i/zynq_ultra_pl/ad9269_sample_ctrl/inst/ad9269_sample_v1_0_S00_AXI_inst/sample_inst/xpm_fifo_async_inst/gnuram_async_fifo.xpm_fifo_base_inst/gen_cdc_pntr.rd_pntr_cdc_inst/src_gray_ff_reg[1]} \
          {uav_sar_i/zynq_ultra_pl/ad9269_sample_ctrl/inst/ad9269_sample_v1_0_S00_AXI_inst/sample_inst/xpm_fifo_async_inst/gnuram_async_fifo.xpm_fifo_base_inst/gen_cdc_pntr.rd_pntr_cdc_inst/src_gray_ff_reg[2]} \
          {uav_sar_i/zynq_ultra_pl/ad9269_sample_ctrl/inst/ad9269_sample_v1_0_S00_AXI_inst/sample_inst/xpm_fifo_async_inst/gnuram_async_fifo.xpm_fifo_base_inst/gen_cdc_pntr.rd_pntr_cdc_inst/src_gray_ff_reg[3]} \
          {uav_sar_i/zynq_ultra_pl/ad9269_sample_ctrl/inst/ad9269_sample_v1_0_S00_AXI_inst/sample_inst/xpm_fifo_async_inst/gnuram_async_fifo.xpm_fifo_base_inst/gen_cdc_pntr.rd_pntr_cdc_inst/src_gray_ff_reg[4]} \
          {uav_sar_i/zynq_ultra_pl/ad9269_sample_ctrl/inst/ad9269_sample_v1_0_S00_AXI_inst/sample_inst/xpm_fifo_async_inst/gnuram_async_fifo.xpm_fifo_base_inst/gen_cdc_pntr.rd_pntr_cdc_inst/src_gray_ff_reg[5]} \
          {uav_sar_i/zynq_ultra_pl/ad9269_sample_ctrl/inst/ad9269_sample_v1_0_S00_AXI_inst/sample_inst/xpm_fifo_async_inst/gnuram_async_fifo.xpm_fifo_base_inst/gen_cdc_pntr.rd_pntr_cdc_inst/src_gray_ff_reg[6]} \
          {uav_sar_i/zynq_ultra_pl/ad9269_sample_ctrl/inst/ad9269_sample_v1_0_S00_AXI_inst/sample_inst/xpm_fifo_async_inst/gnuram_async_fifo.xpm_fifo_base_inst/gen_cdc_pntr.rd_pntr_cdc_inst/src_gray_ff_reg[7]} \
          {uav_sar_i/zynq_ultra_pl/ad9269_sample_ctrl/inst/ad9269_sample_v1_0_S00_AXI_inst/sample_inst/xpm_fifo_async_inst/gnuram_async_fifo.xpm_fifo_base_inst/gen_cdc_pntr.rd_pntr_cdc_inst/src_gray_ff_reg[8]} \
          {uav_sar_i/zynq_ultra_pl/ad9269_sample_ctrl/inst/ad9269_sample_v1_0_S00_AXI_inst/sample_inst/xpm_fifo_async_inst/gnuram_async_fifo.xpm_fifo_base_inst/gen_cdc_pntr.rd_pntr_cdc_inst/src_gray_ff_reg[9]}]] -to [get_cells [list {uav_sar_i/zynq_ultra_pl/ad9269_sample_ctrl/inst/ad9269_sample_v1_0_S00_AXI_inst/sample_inst/xpm_fifo_async_inst/gnuram_async_fifo.xpm_fifo_base_inst/gen_cdc_pntr.rd_pntr_cdc_inst/dest_graysync_ff_reg[0][0]} \
          {uav_sar_i/zynq_ultra_pl/ad9269_sample_ctrl/inst/ad9269_sample_v1_0_S00_AXI_inst/sample_inst/xpm_fifo_async_inst/gnuram_async_fifo.xpm_fifo_base_inst/gen_cdc_pntr.rd_pntr_cdc_inst/dest_graysync_ff_reg[0][10]} \
          {uav_sar_i/zynq_ultra_pl/ad9269_sample_ctrl/inst/ad9269_sample_v1_0_S00_AXI_inst/sample_inst/xpm_fifo_async_inst/gnuram_async_fifo.xpm_fifo_base_inst/gen_cdc_pntr.rd_pntr_cdc_inst/dest_graysync_ff_reg[0][11]} \
          {uav_sar_i/zynq_ultra_pl/ad9269_sample_ctrl/inst/ad9269_sample_v1_0_S00_AXI_inst/sample_inst/xpm_fifo_async_inst/gnuram_async_fifo.xpm_fifo_base_inst/gen_cdc_pntr.rd_pntr_cdc_inst/dest_graysync_ff_reg[0][12]} \
          {uav_sar_i/zynq_ultra_pl/ad9269_sample_ctrl/inst/ad9269_sample_v1_0_S00_AXI_inst/sample_inst/xpm_fifo_async_inst/gnuram_async_fifo.xpm_fifo_base_inst/gen_cdc_pntr.rd_pntr_cdc_inst/dest_graysync_ff_reg[0][13]} \
          {uav_sar_i/zynq_ultra_pl/ad9269_sample_ctrl/inst/ad9269_sample_v1_0_S00_AXI_inst/sample_inst/xpm_fifo_async_inst/gnuram_async_fifo.xpm_fifo_base_inst/gen_cdc_pntr.rd_pntr_cdc_inst/dest_graysync_ff_reg[0][14]} \
          {uav_sar_i/zynq_ultra_pl/ad9269_sample_ctrl/inst/ad9269_sample_v1_0_S00_AXI_inst/sample_inst/xpm_fifo_async_inst/gnuram_async_fifo.xpm_fifo_base_inst/gen_cdc_pntr.rd_pntr_cdc_inst/dest_graysync_ff_reg[0][15]} \
          {uav_sar_i/zynq_ultra_pl/ad9269_sample_ctrl/inst/ad9269_sample_v1_0_S00_AXI_inst/sample_inst/xpm_fifo_async_inst/gnuram_async_fifo.xpm_fifo_base_inst/gen_cdc_pntr.rd_pntr_cdc_inst/dest_graysync_ff_reg[0][16]} \
          {uav_sar_i/zynq_ultra_pl/ad9269_sample_ctrl/inst/ad9269_sample_v1_0_S00_AXI_inst/sample_inst/xpm_fifo_async_inst/gnuram_async_fifo.xpm_fifo_base_inst/gen_cdc_pntr.rd_pntr_cdc_inst/dest_graysync_ff_reg[0][1]} \
          {uav_sar_i/zynq_ultra_pl/ad9269_sample_ctrl/inst/ad9269_sample_v1_0_S00_AXI_inst/sample_inst/xpm_fifo_async_inst/gnuram_async_fifo.xpm_fifo_base_inst/gen_cdc_pntr.rd_pntr_cdc_inst/dest_graysync_ff_reg[0][2]} \
          {uav_sar_i/zynq_ultra_pl/ad9269_sample_ctrl/inst/ad9269_sample_v1_0_S00_AXI_inst/sample_inst/xpm_fifo_async_inst/gnuram_async_fifo.xpm_fifo_base_inst/gen_cdc_pntr.rd_pntr_cdc_inst/dest_graysync_ff_reg[0][3]} \
          {uav_sar_i/zynq_ultra_pl/ad9269_sample_ctrl/inst/ad9269_sample_v1_0_S00_AXI_inst/sample_inst/xpm_fifo_async_inst/gnuram_async_fifo.xpm_fifo_base_inst/gen_cdc_pntr.rd_pntr_cdc_inst/dest_graysync_ff_reg[0][4]} \
          {uav_sar_i/zynq_ultra_pl/ad9269_sample_ctrl/inst/ad9269_sample_v1_0_S00_AXI_inst/sample_inst/xpm_fifo_async_inst/gnuram_async_fifo.xpm_fifo_base_inst/gen_cdc_pntr.rd_pntr_cdc_inst/dest_graysync_ff_reg[0][5]} \
          {uav_sar_i/zynq_ultra_pl/ad9269_sample_ctrl/inst/ad9269_sample_v1_0_S00_AXI_inst/sample_inst/xpm_fifo_async_inst/gnuram_async_fifo.xpm_fifo_base_inst/gen_cdc_pntr.rd_pntr_cdc_inst/dest_graysync_ff_reg[0][6]} \
          {uav_sar_i/zynq_ultra_pl/ad9269_sample_ctrl/inst/ad9269_sample_v1_0_S00_AXI_inst/sample_inst/xpm_fifo_async_inst/gnuram_async_fifo.xpm_fifo_base_inst/gen_cdc_pntr.rd_pntr_cdc_inst/dest_graysync_ff_reg[0][7]} \
          {uav_sar_i/zynq_ultra_pl/ad9269_sample_ctrl/inst/ad9269_sample_v1_0_S00_AXI_inst/sample_inst/xpm_fifo_async_inst/gnuram_async_fifo.xpm_fifo_base_inst/gen_cdc_pntr.rd_pntr_cdc_inst/dest_graysync_ff_reg[0][8]} \
          {uav_sar_i/zynq_ultra_pl/ad9269_sample_ctrl/inst/ad9269_sample_v1_0_S00_AXI_inst/sample_inst/xpm_fifo_async_inst/gnuram_async_fifo.xpm_fifo_base_inst/gen_cdc_pntr.rd_pntr_cdc_inst/dest_graysync_ff_reg[0][9]}]] 20.000
Requirement: 20.000ns
Endpoints: 17

From Clock            To Clock              Endpoint Pin                    Reference Pin                   Corner  Actual(ns)  Slack(ns)
--------------------  --------------------  ------------------------------  ------------------------------  ------  ----------  ---------
clk_out1_uav_sar_clk_wiz_0_0
                      adc_clk[0]            uav_sar_i/zynq_ultra_pl/ad9269_sample_ctrl/inst/ad9269_sample_v1_0_S00_AXI_inst/sample_inst/xpm_fifo_async_inst/gnuram_async_fifo.xpm_fifo_base_inst/gen_cdc_pntr.rd_pntr_cdc_inst/dest_graysync_ff_reg[0][5]/D
                                                                            uav_sar_i/zynq_ultra_pl/ad9269_sample_ctrl/inst/ad9269_sample_v1_0_S00_AXI_inst/sample_inst/xpm_fifo_async_inst/gnuram_async_fifo.xpm_fifo_base_inst/gen_cdc_pntr.rd_pntr_cdc_inst/dest_graysync_ff_reg[0][10]/D
                                                                                                            Slow         0.991     19.009


Slack (MET) :             19.009ns  (requirement - actual skew)
  Endpoint Source:        uav_sar_i/zynq_ultra_pl/ad9269_sample_ctrl/inst/ad9269_sample_v1_0_S00_AXI_inst/sample_inst/xpm_fifo_async_inst/gnuram_async_fifo.xpm_fifo_base_inst/gen_cdc_pntr.rd_pntr_cdc_inst/src_gray_ff_reg[5]/C
                            (rising edge-triggered cell FDRE clocked by clk_out1_uav_sar_clk_wiz_0_0)
  Endpoint Destination:   uav_sar_i/zynq_ultra_pl/ad9269_sample_ctrl/inst/ad9269_sample_v1_0_S00_AXI_inst/sample_inst/xpm_fifo_async_inst/gnuram_async_fifo.xpm_fifo_base_inst/gen_cdc_pntr.rd_pntr_cdc_inst/dest_graysync_ff_reg[0][5]/D
                            (rising edge-triggered cell FDRE clocked by adc_clk[0])
  Reference Source:       uav_sar_i/zynq_ultra_pl/ad9269_sample_ctrl/inst/ad9269_sample_v1_0_S00_AXI_inst/sample_inst/xpm_fifo_async_inst/gnuram_async_fifo.xpm_fifo_base_inst/gen_cdc_pntr.rd_pntr_cdc_inst/src_gray_ff_reg[10]/C
                            (rising edge-triggered cell FDRE clocked by clk_out1_uav_sar_clk_wiz_0_0)
  Reference Destination:  uav_sar_i/zynq_ultra_pl/ad9269_sample_ctrl/inst/ad9269_sample_v1_0_S00_AXI_inst/sample_inst/xpm_fifo_async_inst/gnuram_async_fifo.xpm_fifo_base_inst/gen_cdc_pntr.rd_pntr_cdc_inst/dest_graysync_ff_reg[0][10]/D
                            (rising edge-triggered cell FDRE clocked by adc_clk[0])
  Path Type:              Bus Skew (Max at Slow Process Corner)
  Requirement:            20.000ns
  Endpoint Relative Delay:    2.021ns
  Reference Relative Delay:   0.790ns
  Relative CRPR:              0.445ns
  Uncertainty:                0.205ns
  Actual Bus Skew:            0.991ns  (Endpoint Relative Delay - Reference Relative Delay - Relative CRPR + Uncertainty)

Endpoint path:
    Location             Delay type                Incr(ns)  Path(ns)    Netlist Resource(s)
  -------------------------------------------------------------------    -------------------
                         (clock clk_out1_uav_sar_clk_wiz_0_0 rise edge)
                                                      0.000     0.000 r  
    BUFG_PS_X0Y51        BUFG_PS                      0.000     0.000 r  uav_sar_i/zynq_ultra_ps/inst/buffer_pl_clk_0.PL_CLK_0_BUFG/O
                         net (fo=1, routed)           1.282     1.282    uav_sar_i/zynq_ultra_pl/clk_wiz/inst/clk_in1
    PLL_X0Y5             PLLE4_ADV (Prop_PLL_CLKIN_CLKOUT0)
                                                      0.054     1.336 r  uav_sar_i/zynq_ultra_pl/clk_wiz/inst/plle4_adv_inst/CLKOUT0
                         net (fo=1, routed)           0.280     1.616    uav_sar_i/zynq_ultra_pl/clk_wiz/inst/clk_out1_uav_sar_clk_wiz_0_0
    BUFGCE_X0Y50         BUFGCE (Prop_BUFCE_BUFGCE_I_O)
                                                      0.028     1.644 r  uav_sar_i/zynq_ultra_pl/clk_wiz/inst/clkout1_buf/O
    X0Y1 (CLOCK_ROOT)    net (fo=25882, routed)       2.404     4.048    uav_sar_i/zynq_ultra_pl/ad9269_sample_ctrl/inst/ad9269_sample_v1_0_S00_AXI_inst/sample_inst/xpm_fifo_async_inst/gnuram_async_fifo.xpm_fifo_base_inst/gen_cdc_pntr.rd_pntr_cdc_inst/src_clk
    SLICE_X33Y78         FDRE                                         r  uav_sar_i/zynq_ultra_pl/ad9269_sample_ctrl/inst/ad9269_sample_v1_0_S00_AXI_inst/sample_inst/xpm_fifo_async_inst/gnuram_async_fifo.xpm_fifo_base_inst/gen_cdc_pntr.rd_pntr_cdc_inst/src_gray_ff_reg[5]/C
  -------------------------------------------------------------------    -------------------
    SLICE_X33Y78         FDRE (Prop_DFF2_SLICEL_C_Q)
                                                      0.098     4.146 r  uav_sar_i/zynq_ultra_pl/ad9269_sample_ctrl/inst/ad9269_sample_v1_0_S00_AXI_inst/sample_inst/xpm_fifo_async_inst/gnuram_async_fifo.xpm_fifo_base_inst/gen_cdc_pntr.rd_pntr_cdc_inst/src_gray_ff_reg[5]/Q
                         net (fo=1, routed)           0.604     4.750    uav_sar_i/zynq_ultra_pl/ad9269_sample_ctrl/inst/ad9269_sample_v1_0_S00_AXI_inst/sample_inst/xpm_fifo_async_inst/gnuram_async_fifo.xpm_fifo_base_inst/gen_cdc_pntr.rd_pntr_cdc_inst/async_path[5]
    SLICE_X33Y78         FDRE                                         r  uav_sar_i/zynq_ultra_pl/ad9269_sample_ctrl/inst/ad9269_sample_v1_0_S00_AXI_inst/sample_inst/xpm_fifo_async_inst/gnuram_async_fifo.xpm_fifo_base_inst/gen_cdc_pntr.rd_pntr_cdc_inst/dest_graysync_ff_reg[0][5]/D
  -------------------------------------------------------------------    -------------------

                         (clock adc_clk[0] rise edge)
                                                      0.000     0.000 r  
    D7                                                0.000     0.000 r  adc_clk[0] (IN)
                         net (fo=0)                   0.000     0.000    adc_clk_IBUF[0]_inst/I
    D7                   INBUF (Prop_INBUF_HPIOB_M_PAD_O)
                                                      0.268     0.268 r  adc_clk_IBUF[0]_inst/INBUF_INST/O
                         net (fo=1, routed)           0.000     0.268    adc_clk_IBUF[0]_inst/OUT
    D7                   IBUFCTRL (Prop_IBUFCTRL_HPIOB_M_I_O)
                                                      0.000     0.268 r  adc_clk_IBUF[0]_inst/IBUFCTRL_INST/O
                         net (fo=1, routed)           0.290     0.558    uav_sar_i/zynq_ultra_pl/util_ds_buf/U0/BUFG_I[0]
    BUFGCE_X0Y56         BUFGCE (Prop_BUFCE_BUFGCE_I_O)
                                                      0.024     0.582 r  uav_sar_i/zynq_ultra_pl/util_ds_buf/U0/USE_BUFG.GEN_BUFG[0].BUFG_U/O
    X0Y1 (CLOCK_ROOT)    net (fo=730, routed)         2.120     2.702    uav_sar_i/zynq_ultra_pl/ad9269_sample_ctrl/inst/ad9269_sample_v1_0_S00_AXI_inst/sample_inst/xpm_fifo_async_inst/gnuram_async_fifo.xpm_fifo_base_inst/gen_cdc_pntr.rd_pntr_cdc_inst/dest_clk
    SLICE_X33Y78         FDRE                                         r  uav_sar_i/zynq_ultra_pl/ad9269_sample_ctrl/inst/ad9269_sample_v1_0_S00_AXI_inst/sample_inst/xpm_fifo_async_inst/gnuram_async_fifo.xpm_fifo_base_inst/gen_cdc_pntr.rd_pntr_cdc_inst/dest_graysync_ff_reg[0][5]/C
                         clock pessimism              0.000     2.702    
    SLICE_X33Y78         FDRE (Setup_GFF2_SLICEL_C_D)
                                                      0.027     2.729    uav_sar_i/zynq_ultra_pl/ad9269_sample_ctrl/inst/ad9269_sample_v1_0_S00_AXI_inst/sample_inst/xpm_fifo_async_inst/gnuram_async_fifo.xpm_fifo_base_inst/gen_cdc_pntr.rd_pntr_cdc_inst/dest_graysync_ff_reg[0][5]
  -------------------------------------------------------------------
                         data arrival                           4.750    
                         clock arrival                          2.729    
  -------------------------------------------------------------------
                         relative delay                         2.021    

Reference path:
    Location             Delay type                Incr(ns)  Path(ns)    Netlist Resource(s)
  -------------------------------------------------------------------    -------------------
                         (clock clk_out1_uav_sar_clk_wiz_0_0 rise edge)
                                                      0.000     0.000 r  
    BUFG_PS_X0Y51        BUFG_PS                      0.000     0.000 r  uav_sar_i/zynq_ultra_ps/inst/buffer_pl_clk_0.PL_CLK_0_BUFG/O
                         net (fo=1, routed)           1.139     1.139    uav_sar_i/zynq_ultra_pl/clk_wiz/inst/clk_in1
    PLL_X0Y5             PLLE4_ADV (Prop_PLL_CLKIN_CLKOUT0)
                                                      0.444     1.583 r  uav_sar_i/zynq_ultra_pl/clk_wiz/inst/plle4_adv_inst/CLKOUT0
                         net (fo=1, routed)           0.244     1.827    uav_sar_i/zynq_ultra_pl/clk_wiz/inst/clk_out1_uav_sar_clk_wiz_0_0
    BUFGCE_X0Y50         BUFGCE (Prop_BUFCE_BUFGCE_I_O)
                                                      0.024     1.851 r  uav_sar_i/zynq_ultra_pl/clk_wiz/inst/clkout1_buf/O
    X0Y1 (CLOCK_ROOT)    net (fo=25882, routed)       2.141     3.992    uav_sar_i/zynq_ultra_pl/ad9269_sample_ctrl/inst/ad9269_sample_v1_0_S00_AXI_inst/sample_inst/xpm_fifo_async_inst/gnuram_async_fifo.xpm_fifo_base_inst/gen_cdc_pntr.rd_pntr_cdc_inst/src_clk
    SLICE_X31Y76         FDRE                                         r  uav_sar_i/zynq_ultra_pl/ad9269_sample_ctrl/inst/ad9269_sample_v1_0_S00_AXI_inst/sample_inst/xpm_fifo_async_inst/gnuram_async_fifo.xpm_fifo_base_inst/gen_cdc_pntr.rd_pntr_cdc_inst/src_gray_ff_reg[10]/C
  -------------------------------------------------------------------    -------------------
    SLICE_X31Y76         FDRE (Prop_DFF_SLICEM_C_Q)
                                                      0.070     4.062 r  uav_sar_i/zynq_ultra_pl/ad9269_sample_ctrl/inst/ad9269_sample_v1_0_S00_AXI_inst/sample_inst/xpm_fifo_async_inst/gnuram_async_fifo.xpm_fifo_base_inst/gen_cdc_pntr.rd_pntr_cdc_inst/src_gray_ff_reg[10]/Q
                         net (fo=1, routed)           0.088     4.150    uav_sar_i/zynq_ultra_pl/ad9269_sample_ctrl/inst/ad9269_sample_v1_0_S00_AXI_inst/sample_inst/xpm_fifo_async_inst/gnuram_async_fifo.xpm_fifo_base_inst/gen_cdc_pntr.rd_pntr_cdc_inst/async_path[10]
    SLICE_X31Y75         FDRE                                         r  uav_sar_i/zynq_ultra_pl/ad9269_sample_ctrl/inst/ad9269_sample_v1_0_S00_AXI_inst/sample_inst/xpm_fifo_async_inst/gnuram_async_fifo.xpm_fifo_base_inst/gen_cdc_pntr.rd_pntr_cdc_inst/dest_graysync_ff_reg[0][10]/D
  -------------------------------------------------------------------    -------------------

                         (clock adc_clk[0] rise edge)
                                                      0.000     0.000 r  
    D7                                                0.000     0.000 r  adc_clk[0] (IN)
                         net (fo=0)                   0.000     0.000    adc_clk_IBUF[0]_inst/I
    D7                   INBUF (Prop_INBUF_HPIOB_M_PAD_O)
                                                      0.535     0.535 r  adc_clk_IBUF[0]_inst/INBUF_INST/O
                         net (fo=1, routed)           0.000     0.535    adc_clk_IBUF[0]_inst/OUT
    D7                   IBUFCTRL (Prop_IBUFCTRL_HPIOB_M_I_O)
                                                      0.000     0.535 r  adc_clk_IBUF[0]_inst/IBUFCTRL_INST/O
                         net (fo=1, routed)           0.329     0.864    uav_sar_i/zynq_ultra_pl/util_ds_buf/U0/BUFG_I[0]
    BUFGCE_X0Y56         BUFGCE (Prop_BUFCE_BUFGCE_I_O)
                                                      0.028     0.892 r  uav_sar_i/zynq_ultra_pl/util_ds_buf/U0/USE_BUFG.GEN_BUFG[0].BUFG_U/O
    X0Y1 (CLOCK_ROOT)    net (fo=730, routed)         2.413     3.305    uav_sar_i/zynq_ultra_pl/ad9269_sample_ctrl/inst/ad9269_sample_v1_0_S00_AXI_inst/sample_inst/xpm_fifo_async_inst/gnuram_async_fifo.xpm_fifo_base_inst/gen_cdc_pntr.rd_pntr_cdc_inst/dest_clk
    SLICE_X31Y75         FDRE                                         r  uav_sar_i/zynq_ultra_pl/ad9269_sample_ctrl/inst/ad9269_sample_v1_0_S00_AXI_inst/sample_inst/xpm_fifo_async_inst/gnuram_async_fifo.xpm_fifo_base_inst/gen_cdc_pntr.rd_pntr_cdc_inst/dest_graysync_ff_reg[0][10]/C
                         clock pessimism              0.000     3.305    
    SLICE_X31Y75         FDRE (Hold_HFF2_SLICEM_C_D)
                                                      0.055     3.360    uav_sar_i/zynq_ultra_pl/ad9269_sample_ctrl/inst/ad9269_sample_v1_0_S00_AXI_inst/sample_inst/xpm_fifo_async_inst/gnuram_async_fifo.xpm_fifo_base_inst/gen_cdc_pntr.rd_pntr_cdc_inst/dest_graysync_ff_reg[0][10]
  -------------------------------------------------------------------
                         data arrival                           4.150    
                         clock arrival                          3.360    
  -------------------------------------------------------------------
                         relative delay                         0.790    



Id: 2
set_bus_skew -from [get_cells [list {uav_sar_i/zynq_ultra_pl/ad9269_sample_ctrl/inst/ad9269_sample_v1_0_S00_AXI_inst/sample_inst/xpm_fifo_async_inst/gnuram_async_fifo.xpm_fifo_base_inst/gen_cdc_pntr.wr_pntr_cdc_inst/src_gray_ff_reg[0]} \
          {uav_sar_i/zynq_ultra_pl/ad9269_sample_ctrl/inst/ad9269_sample_v1_0_S00_AXI_inst/sample_inst/xpm_fifo_async_inst/gnuram_async_fifo.xpm_fifo_base_inst/gen_cdc_pntr.wr_pntr_cdc_inst/src_gray_ff_reg[10]} \
          {uav_sar_i/zynq_ultra_pl/ad9269_sample_ctrl/inst/ad9269_sample_v1_0_S00_AXI_inst/sample_inst/xpm_fifo_async_inst/gnuram_async_fifo.xpm_fifo_base_inst/gen_cdc_pntr.wr_pntr_cdc_inst/src_gray_ff_reg[11]} \
          {uav_sar_i/zynq_ultra_pl/ad9269_sample_ctrl/inst/ad9269_sample_v1_0_S00_AXI_inst/sample_inst/xpm_fifo_async_inst/gnuram_async_fifo.xpm_fifo_base_inst/gen_cdc_pntr.wr_pntr_cdc_inst/src_gray_ff_reg[12]} \
          {uav_sar_i/zynq_ultra_pl/ad9269_sample_ctrl/inst/ad9269_sample_v1_0_S00_AXI_inst/sample_inst/xpm_fifo_async_inst/gnuram_async_fifo.xpm_fifo_base_inst/gen_cdc_pntr.wr_pntr_cdc_inst/src_gray_ff_reg[13]} \
          {uav_sar_i/zynq_ultra_pl/ad9269_sample_ctrl/inst/ad9269_sample_v1_0_S00_AXI_inst/sample_inst/xpm_fifo_async_inst/gnuram_async_fifo.xpm_fifo_base_inst/gen_cdc_pntr.wr_pntr_cdc_inst/src_gray_ff_reg[14]} \
          {uav_sar_i/zynq_ultra_pl/ad9269_sample_ctrl/inst/ad9269_sample_v1_0_S00_AXI_inst/sample_inst/xpm_fifo_async_inst/gnuram_async_fifo.xpm_fifo_base_inst/gen_cdc_pntr.wr_pntr_cdc_inst/src_gray_ff_reg[15]} \
          {uav_sar_i/zynq_ultra_pl/ad9269_sample_ctrl/inst/ad9269_sample_v1_0_S00_AXI_inst/sample_inst/xpm_fifo_async_inst/gnuram_async_fifo.xpm_fifo_base_inst/gen_cdc_pntr.wr_pntr_cdc_inst/src_gray_ff_reg[16]} \
          {uav_sar_i/zynq_ultra_pl/ad9269_sample_ctrl/inst/ad9269_sample_v1_0_S00_AXI_inst/sample_inst/xpm_fifo_async_inst/gnuram_async_fifo.xpm_fifo_base_inst/gen_cdc_pntr.wr_pntr_cdc_inst/src_gray_ff_reg[1]} \
          {uav_sar_i/zynq_ultra_pl/ad9269_sample_ctrl/inst/ad9269_sample_v1_0_S00_AXI_inst/sample_inst/xpm_fifo_async_inst/gnuram_async_fifo.xpm_fifo_base_inst/gen_cdc_pntr.wr_pntr_cdc_inst/src_gray_ff_reg[2]} \
          {uav_sar_i/zynq_ultra_pl/ad9269_sample_ctrl/inst/ad9269_sample_v1_0_S00_AXI_inst/sample_inst/xpm_fifo_async_inst/gnuram_async_fifo.xpm_fifo_base_inst/gen_cdc_pntr.wr_pntr_cdc_inst/src_gray_ff_reg[3]} \
          {uav_sar_i/zynq_ultra_pl/ad9269_sample_ctrl/inst/ad9269_sample_v1_0_S00_AXI_inst/sample_inst/xpm_fifo_async_inst/gnuram_async_fifo.xpm_fifo_base_inst/gen_cdc_pntr.wr_pntr_cdc_inst/src_gray_ff_reg[4]} \
          {uav_sar_i/zynq_ultra_pl/ad9269_sample_ctrl/inst/ad9269_sample_v1_0_S00_AXI_inst/sample_inst/xpm_fifo_async_inst/gnuram_async_fifo.xpm_fifo_base_inst/gen_cdc_pntr.wr_pntr_cdc_inst/src_gray_ff_reg[5]} \
          {uav_sar_i/zynq_ultra_pl/ad9269_sample_ctrl/inst/ad9269_sample_v1_0_S00_AXI_inst/sample_inst/xpm_fifo_async_inst/gnuram_async_fifo.xpm_fifo_base_inst/gen_cdc_pntr.wr_pntr_cdc_inst/src_gray_ff_reg[6]} \
          {uav_sar_i/zynq_ultra_pl/ad9269_sample_ctrl/inst/ad9269_sample_v1_0_S00_AXI_inst/sample_inst/xpm_fifo_async_inst/gnuram_async_fifo.xpm_fifo_base_inst/gen_cdc_pntr.wr_pntr_cdc_inst/src_gray_ff_reg[7]} \
          {uav_sar_i/zynq_ultra_pl/ad9269_sample_ctrl/inst/ad9269_sample_v1_0_S00_AXI_inst/sample_inst/xpm_fifo_async_inst/gnuram_async_fifo.xpm_fifo_base_inst/gen_cdc_pntr.wr_pntr_cdc_inst/src_gray_ff_reg[8]} \
          {uav_sar_i/zynq_ultra_pl/ad9269_sample_ctrl/inst/ad9269_sample_v1_0_S00_AXI_inst/sample_inst/xpm_fifo_async_inst/gnuram_async_fifo.xpm_fifo_base_inst/gen_cdc_pntr.wr_pntr_cdc_inst/src_gray_ff_reg[9]}]] -to [get_cells [list {uav_sar_i/zynq_ultra_pl/ad9269_sample_ctrl/inst/ad9269_sample_v1_0_S00_AXI_inst/sample_inst/xpm_fifo_async_inst/gnuram_async_fifo.xpm_fifo_base_inst/gen_cdc_pntr.wr_pntr_cdc_inst/dest_graysync_ff_reg[0][0]} \
          {uav_sar_i/zynq_ultra_pl/ad9269_sample_ctrl/inst/ad9269_sample_v1_0_S00_AXI_inst/sample_inst/xpm_fifo_async_inst/gnuram_async_fifo.xpm_fifo_base_inst/gen_cdc_pntr.wr_pntr_cdc_inst/dest_graysync_ff_reg[0][10]} \
          {uav_sar_i/zynq_ultra_pl/ad9269_sample_ctrl/inst/ad9269_sample_v1_0_S00_AXI_inst/sample_inst/xpm_fifo_async_inst/gnuram_async_fifo.xpm_fifo_base_inst/gen_cdc_pntr.wr_pntr_cdc_inst/dest_graysync_ff_reg[0][11]} \
          {uav_sar_i/zynq_ultra_pl/ad9269_sample_ctrl/inst/ad9269_sample_v1_0_S00_AXI_inst/sample_inst/xpm_fifo_async_inst/gnuram_async_fifo.xpm_fifo_base_inst/gen_cdc_pntr.wr_pntr_cdc_inst/dest_graysync_ff_reg[0][12]} \
          {uav_sar_i/zynq_ultra_pl/ad9269_sample_ctrl/inst/ad9269_sample_v1_0_S00_AXI_inst/sample_inst/xpm_fifo_async_inst/gnuram_async_fifo.xpm_fifo_base_inst/gen_cdc_pntr.wr_pntr_cdc_inst/dest_graysync_ff_reg[0][13]} \
          {uav_sar_i/zynq_ultra_pl/ad9269_sample_ctrl/inst/ad9269_sample_v1_0_S00_AXI_inst/sample_inst/xpm_fifo_async_inst/gnuram_async_fifo.xpm_fifo_base_inst/gen_cdc_pntr.wr_pntr_cdc_inst/dest_graysync_ff_reg[0][14]} \
          {uav_sar_i/zynq_ultra_pl/ad9269_sample_ctrl/inst/ad9269_sample_v1_0_S00_AXI_inst/sample_inst/xpm_fifo_async_inst/gnuram_async_fifo.xpm_fifo_base_inst/gen_cdc_pntr.wr_pntr_cdc_inst/dest_graysync_ff_reg[0][15]} \
          {uav_sar_i/zynq_ultra_pl/ad9269_sample_ctrl/inst/ad9269_sample_v1_0_S00_AXI_inst/sample_inst/xpm_fifo_async_inst/gnuram_async_fifo.xpm_fifo_base_inst/gen_cdc_pntr.wr_pntr_cdc_inst/dest_graysync_ff_reg[0][16]} \
          {uav_sar_i/zynq_ultra_pl/ad9269_sample_ctrl/inst/ad9269_sample_v1_0_S00_AXI_inst/sample_inst/xpm_fifo_async_inst/gnuram_async_fifo.xpm_fifo_base_inst/gen_cdc_pntr.wr_pntr_cdc_inst/dest_graysync_ff_reg[0][1]} \
          {uav_sar_i/zynq_ultra_pl/ad9269_sample_ctrl/inst/ad9269_sample_v1_0_S00_AXI_inst/sample_inst/xpm_fifo_async_inst/gnuram_async_fifo.xpm_fifo_base_inst/gen_cdc_pntr.wr_pntr_cdc_inst/dest_graysync_ff_reg[0][2]} \
          {uav_sar_i/zynq_ultra_pl/ad9269_sample_ctrl/inst/ad9269_sample_v1_0_S00_AXI_inst/sample_inst/xpm_fifo_async_inst/gnuram_async_fifo.xpm_fifo_base_inst/gen_cdc_pntr.wr_pntr_cdc_inst/dest_graysync_ff_reg[0][3]} \
          {uav_sar_i/zynq_ultra_pl/ad9269_sample_ctrl/inst/ad9269_sample_v1_0_S00_AXI_inst/sample_inst/xpm_fifo_async_inst/gnuram_async_fifo.xpm_fifo_base_inst/gen_cdc_pntr.wr_pntr_cdc_inst/dest_graysync_ff_reg[0][4]} \
          {uav_sar_i/zynq_ultra_pl/ad9269_sample_ctrl/inst/ad9269_sample_v1_0_S00_AXI_inst/sample_inst/xpm_fifo_async_inst/gnuram_async_fifo.xpm_fifo_base_inst/gen_cdc_pntr.wr_pntr_cdc_inst/dest_graysync_ff_reg[0][5]} \
          {uav_sar_i/zynq_ultra_pl/ad9269_sample_ctrl/inst/ad9269_sample_v1_0_S00_AXI_inst/sample_inst/xpm_fifo_async_inst/gnuram_async_fifo.xpm_fifo_base_inst/gen_cdc_pntr.wr_pntr_cdc_inst/dest_graysync_ff_reg[0][6]} \
          {uav_sar_i/zynq_ultra_pl/ad9269_sample_ctrl/inst/ad9269_sample_v1_0_S00_AXI_inst/sample_inst/xpm_fifo_async_inst/gnuram_async_fifo.xpm_fifo_base_inst/gen_cdc_pntr.wr_pntr_cdc_inst/dest_graysync_ff_reg[0][7]} \
          {uav_sar_i/zynq_ultra_pl/ad9269_sample_ctrl/inst/ad9269_sample_v1_0_S00_AXI_inst/sample_inst/xpm_fifo_async_inst/gnuram_async_fifo.xpm_fifo_base_inst/gen_cdc_pntr.wr_pntr_cdc_inst/dest_graysync_ff_reg[0][8]} \
          {uav_sar_i/zynq_ultra_pl/ad9269_sample_ctrl/inst/ad9269_sample_v1_0_S00_AXI_inst/sample_inst/xpm_fifo_async_inst/gnuram_async_fifo.xpm_fifo_base_inst/gen_cdc_pntr.wr_pntr_cdc_inst/dest_graysync_ff_reg[0][9]}]] 20.000
Requirement: 20.000ns
Endpoints: 17

From Clock            To Clock              Endpoint Pin                    Reference Pin                   Corner  Actual(ns)  Slack(ns)
--------------------  --------------------  ------------------------------  ------------------------------  ------  ----------  ---------
adc_clk[0]            clk_out1_uav_sar_clk_wiz_0_0
                                            uav_sar_i/zynq_ultra_pl/ad9269_sample_ctrl/inst/ad9269_sample_v1_0_S00_AXI_inst/sample_inst/xpm_fifo_async_inst/gnuram_async_fifo.xpm_fifo_base_inst/gen_cdc_pntr.wr_pntr_cdc_inst/dest_graysync_ff_reg[0][13]/D
                                                                            uav_sar_i/zynq_ultra_pl/ad9269_sample_ctrl/inst/ad9269_sample_v1_0_S00_AXI_inst/sample_inst/xpm_fifo_async_inst/gnuram_async_fifo.xpm_fifo_base_inst/gen_cdc_pntr.wr_pntr_cdc_inst/dest_graysync_ff_reg[0][3]/D
                                                                                                            Slow         0.862     19.138


Slack (MET) :             19.138ns  (requirement - actual skew)
  Endpoint Source:        uav_sar_i/zynq_ultra_pl/ad9269_sample_ctrl/inst/ad9269_sample_v1_0_S00_AXI_inst/sample_inst/xpm_fifo_async_inst/gnuram_async_fifo.xpm_fifo_base_inst/gen_cdc_pntr.wr_pntr_cdc_inst/src_gray_ff_reg[13]/C
                            (rising edge-triggered cell FDRE clocked by adc_clk[0])
  Endpoint Destination:   uav_sar_i/zynq_ultra_pl/ad9269_sample_ctrl/inst/ad9269_sample_v1_0_S00_AXI_inst/sample_inst/xpm_fifo_async_inst/gnuram_async_fifo.xpm_fifo_base_inst/gen_cdc_pntr.wr_pntr_cdc_inst/dest_graysync_ff_reg[0][13]/D
                            (rising edge-triggered cell FDRE clocked by clk_out1_uav_sar_clk_wiz_0_0)
  Reference Source:       uav_sar_i/zynq_ultra_pl/ad9269_sample_ctrl/inst/ad9269_sample_v1_0_S00_AXI_inst/sample_inst/xpm_fifo_async_inst/gnuram_async_fifo.xpm_fifo_base_inst/gen_cdc_pntr.wr_pntr_cdc_inst/src_gray_ff_reg[3]/C
                            (rising edge-triggered cell FDRE clocked by adc_clk[0])
  Reference Destination:  uav_sar_i/zynq_ultra_pl/ad9269_sample_ctrl/inst/ad9269_sample_v1_0_S00_AXI_inst/sample_inst/xpm_fifo_async_inst/gnuram_async_fifo.xpm_fifo_base_inst/gen_cdc_pntr.wr_pntr_cdc_inst/dest_graysync_ff_reg[0][3]/D
                            (rising edge-triggered cell FDRE clocked by clk_out1_uav_sar_clk_wiz_0_0)
  Path Type:              Bus Skew (Max at Slow Process Corner)
  Requirement:            20.000ns
  Endpoint Relative Delay:   -0.166ns
  Reference Relative Delay:  -1.251ns
  Relative CRPR:              0.428ns
  Uncertainty:                0.205ns
  Actual Bus Skew:            0.862ns  (Endpoint Relative Delay - Reference Relative Delay - Relative CRPR + Uncertainty)

Endpoint path:
    Location             Delay type                Incr(ns)  Path(ns)    Netlist Resource(s)
  -------------------------------------------------------------------    -------------------
                         (clock adc_clk[0] rise edge)
                                                      0.000     0.000 r  
    D7                                                0.000     0.000 r  adc_clk[0] (IN)
                         net (fo=0)                   0.000     0.000    adc_clk_IBUF[0]_inst/I
    D7                   INBUF (Prop_INBUF_HPIOB_M_PAD_O)
                                                      0.535     0.535 r  adc_clk_IBUF[0]_inst/INBUF_INST/O
                         net (fo=1, routed)           0.000     0.535    adc_clk_IBUF[0]_inst/OUT
    D7                   IBUFCTRL (Prop_IBUFCTRL_HPIOB_M_I_O)
                                                      0.000     0.535 r  adc_clk_IBUF[0]_inst/IBUFCTRL_INST/O
                         net (fo=1, routed)           0.329     0.864    uav_sar_i/zynq_ultra_pl/util_ds_buf/U0/BUFG_I[0]
    BUFGCE_X0Y56         BUFGCE (Prop_BUFCE_BUFGCE_I_O)
                                                      0.028     0.892 r  uav_sar_i/zynq_ultra_pl/util_ds_buf/U0/USE_BUFG.GEN_BUFG[0].BUFG_U/O
    X0Y1 (CLOCK_ROOT)    net (fo=730, routed)         2.303     3.195    uav_sar_i/zynq_ultra_pl/ad9269_sample_ctrl/inst/ad9269_sample_v1_0_S00_AXI_inst/sample_inst/xpm_fifo_async_inst/gnuram_async_fifo.xpm_fifo_base_inst/gen_cdc_pntr.wr_pntr_cdc_inst/src_clk
    SLICE_X25Y76         FDRE                                         r  uav_sar_i/zynq_ultra_pl/ad9269_sample_ctrl/inst/ad9269_sample_v1_0_S00_AXI_inst/sample_inst/xpm_fifo_async_inst/gnuram_async_fifo.xpm_fifo_base_inst/gen_cdc_pntr.wr_pntr_cdc_inst/src_gray_ff_reg[13]/C
  -------------------------------------------------------------------    -------------------
    SLICE_X25Y76         FDRE (Prop_DFF2_SLICEL_C_Q)
                                                      0.098     3.293 r  uav_sar_i/zynq_ultra_pl/ad9269_sample_ctrl/inst/ad9269_sample_v1_0_S00_AXI_inst/sample_inst/xpm_fifo_async_inst/gnuram_async_fifo.xpm_fifo_base_inst/gen_cdc_pntr.wr_pntr_cdc_inst/src_gray_ff_reg[13]/Q
                         net (fo=1, routed)           0.489     3.782    uav_sar_i/zynq_ultra_pl/ad9269_sample_ctrl/inst/ad9269_sample_v1_0_S00_AXI_inst/sample_inst/xpm_fifo_async_inst/gnuram_async_fifo.xpm_fifo_base_inst/gen_cdc_pntr.wr_pntr_cdc_inst/async_path[13]
    SLICE_X25Y76         FDRE                                         r  uav_sar_i/zynq_ultra_pl/ad9269_sample_ctrl/inst/ad9269_sample_v1_0_S00_AXI_inst/sample_inst/xpm_fifo_async_inst/gnuram_async_fifo.xpm_fifo_base_inst/gen_cdc_pntr.wr_pntr_cdc_inst/dest_graysync_ff_reg[0][13]/D
  -------------------------------------------------------------------    -------------------

                         (clock clk_out1_uav_sar_clk_wiz_0_0 rise edge)
                                                      0.000     0.000 r  
    BUFG_PS_X0Y51        BUFG_PS                      0.000     0.000 r  uav_sar_i/zynq_ultra_ps/inst/buffer_pl_clk_0.PL_CLK_0_BUFG/O
                         net (fo=1, routed)           1.139     1.139    uav_sar_i/zynq_ultra_pl/clk_wiz/inst/clk_in1
    PLL_X0Y5             PLLE4_ADV (Prop_PLL_CLKIN_CLKOUT0)
                                                      0.444     1.583 r  uav_sar_i/zynq_ultra_pl/clk_wiz/inst/plle4_adv_inst/CLKOUT0
                         net (fo=1, routed)           0.244     1.827    uav_sar_i/zynq_ultra_pl/clk_wiz/inst/clk_out1_uav_sar_clk_wiz_0_0
    BUFGCE_X0Y50         BUFGCE (Prop_BUFCE_BUFGCE_I_O)
                                                      0.024     1.851 r  uav_sar_i/zynq_ultra_pl/clk_wiz/inst/clkout1_buf/O
    X0Y1 (CLOCK_ROOT)    net (fo=25882, routed)       2.070     3.921    uav_sar_i/zynq_ultra_pl/ad9269_sample_ctrl/inst/ad9269_sample_v1_0_S00_AXI_inst/sample_inst/xpm_fifo_async_inst/gnuram_async_fifo.xpm_fifo_base_inst/gen_cdc_pntr.wr_pntr_cdc_inst/dest_clk
    SLICE_X25Y76         FDRE                                         r  uav_sar_i/zynq_ultra_pl/ad9269_sample_ctrl/inst/ad9269_sample_v1_0_S00_AXI_inst/sample_inst/xpm_fifo_async_inst/gnuram_async_fifo.xpm_fifo_base_inst/gen_cdc_pntr.wr_pntr_cdc_inst/dest_graysync_ff_reg[0][13]/C
                         clock pessimism              0.000     3.921    
    SLICE_X25Y76         FDRE (Setup_GFF2_SLICEL_C_D)
                                                      0.027     3.948    uav_sar_i/zynq_ultra_pl/ad9269_sample_ctrl/inst/ad9269_sample_v1_0_S00_AXI_inst/sample_inst/xpm_fifo_async_inst/gnuram_async_fifo.xpm_fifo_base_inst/gen_cdc_pntr.wr_pntr_cdc_inst/dest_graysync_ff_reg[0][13]
  -------------------------------------------------------------------
                         data arrival                           3.782    
                         clock arrival                          3.948    
  -------------------------------------------------------------------
                         relative delay                        -0.166    

Reference path:
    Location             Delay type                Incr(ns)  Path(ns)    Netlist Resource(s)
  -------------------------------------------------------------------    -------------------
                         (clock adc_clk[0] rise edge)
                                                      0.000     0.000 r  
    D7                                                0.000     0.000 r  adc_clk[0] (IN)
                         net (fo=0)                   0.000     0.000    adc_clk_IBUF[0]_inst/I
    D7                   INBUF (Prop_INBUF_HPIOB_M_PAD_O)
                                                      0.268     0.268 r  adc_clk_IBUF[0]_inst/INBUF_INST/O
                         net (fo=1, routed)           0.000     0.268    adc_clk_IBUF[0]_inst/OUT
    D7                   IBUFCTRL (Prop_IBUFCTRL_HPIOB_M_I_O)
                                                      0.000     0.268 r  adc_clk_IBUF[0]_inst/IBUFCTRL_INST/O
                         net (fo=1, routed)           0.290     0.558    uav_sar_i/zynq_ultra_pl/util_ds_buf/U0/BUFG_I[0]
    BUFGCE_X0Y56         BUFGCE (Prop_BUFCE_BUFGCE_I_O)
                                                      0.024     0.582 r  uav_sar_i/zynq_ultra_pl/util_ds_buf/U0/USE_BUFG.GEN_BUFG[0].BUFG_U/O
    X0Y1 (CLOCK_ROOT)    net (fo=730, routed)         2.056     2.638    uav_sar_i/zynq_ultra_pl/ad9269_sample_ctrl/inst/ad9269_sample_v1_0_S00_AXI_inst/sample_inst/xpm_fifo_async_inst/gnuram_async_fifo.xpm_fifo_base_inst/gen_cdc_pntr.wr_pntr_cdc_inst/src_clk
    SLICE_X28Y76         FDRE                                         r  uav_sar_i/zynq_ultra_pl/ad9269_sample_ctrl/inst/ad9269_sample_v1_0_S00_AXI_inst/sample_inst/xpm_fifo_async_inst/gnuram_async_fifo.xpm_fifo_base_inst/gen_cdc_pntr.wr_pntr_cdc_inst/src_gray_ff_reg[3]/C
  -------------------------------------------------------------------    -------------------
    SLICE_X28Y76         FDRE (Prop_CFF2_SLICEM_C_Q)
                                                      0.071     2.709 r  uav_sar_i/zynq_ultra_pl/ad9269_sample_ctrl/inst/ad9269_sample_v1_0_S00_AXI_inst/sample_inst/xpm_fifo_async_inst/gnuram_async_fifo.xpm_fifo_base_inst/gen_cdc_pntr.wr_pntr_cdc_inst/src_gray_ff_reg[3]/Q
                         net (fo=1, routed)           0.091     2.800    uav_sar_i/zynq_ultra_pl/ad9269_sample_ctrl/inst/ad9269_sample_v1_0_S00_AXI_inst/sample_inst/xpm_fifo_async_inst/gnuram_async_fifo.xpm_fifo_base_inst/gen_cdc_pntr.wr_pntr_cdc_inst/async_path[3]
    SLICE_X27Y76         FDRE                                         r  uav_sar_i/zynq_ultra_pl/ad9269_sample_ctrl/inst/ad9269_sample_v1_0_S00_AXI_inst/sample_inst/xpm_fifo_async_inst/gnuram_async_fifo.xpm_fifo_base_inst/gen_cdc_pntr.wr_pntr_cdc_inst/dest_graysync_ff_reg[0][3]/D
  -------------------------------------------------------------------    -------------------

                         (clock clk_out1_uav_sar_clk_wiz_0_0 rise edge)
                                                      0.000     0.000 r  
    BUFG_PS_X0Y51        BUFG_PS                      0.000     0.000 r  uav_sar_i/zynq_ultra_ps/inst/buffer_pl_clk_0.PL_CLK_0_BUFG/O
                         net (fo=1, routed)           1.282     1.282    uav_sar_i/zynq_ultra_pl/clk_wiz/inst/clk_in1
    PLL_X0Y5             PLLE4_ADV (Prop_PLL_CLKIN_CLKOUT0)
                                                      0.054     1.336 r  uav_sar_i/zynq_ultra_pl/clk_wiz/inst/plle4_adv_inst/CLKOUT0
                         net (fo=1, routed)           0.280     1.616    uav_sar_i/zynq_ultra_pl/clk_wiz/inst/clk_out1_uav_sar_clk_wiz_0_0
    BUFGCE_X0Y50         BUFGCE (Prop_BUFCE_BUFGCE_I_O)
                                                      0.028     1.644 r  uav_sar_i/zynq_ultra_pl/clk_wiz/inst/clkout1_buf/O
    X0Y1 (CLOCK_ROOT)    net (fo=25882, routed)       2.352     3.996    uav_sar_i/zynq_ultra_pl/ad9269_sample_ctrl/inst/ad9269_sample_v1_0_S00_AXI_inst/sample_inst/xpm_fifo_async_inst/gnuram_async_fifo.xpm_fifo_base_inst/gen_cdc_pntr.wr_pntr_cdc_inst/dest_clk
    SLICE_X27Y76         FDRE                                         r  uav_sar_i/zynq_ultra_pl/ad9269_sample_ctrl/inst/ad9269_sample_v1_0_S00_AXI_inst/sample_inst/xpm_fifo_async_inst/gnuram_async_fifo.xpm_fifo_base_inst/gen_cdc_pntr.wr_pntr_cdc_inst/dest_graysync_ff_reg[0][3]/C
                         clock pessimism              0.000     3.996    
    SLICE_X27Y76         FDRE (Hold_HFF2_SLICEL_C_D)
                                                      0.055     4.051    uav_sar_i/zynq_ultra_pl/ad9269_sample_ctrl/inst/ad9269_sample_v1_0_S00_AXI_inst/sample_inst/xpm_fifo_async_inst/gnuram_async_fifo.xpm_fifo_base_inst/gen_cdc_pntr.wr_pntr_cdc_inst/dest_graysync_ff_reg[0][3]
  -------------------------------------------------------------------
                         data arrival                           2.800    
                         clock arrival                          4.051    
  -------------------------------------------------------------------
                         relative delay                        -1.251    



Id: 3
set_bus_skew -from [get_cells [list {uav_sar_i/zynq_ultra_pl/ad9269_sample_ctrl/inst/ad9269_sample_v1_0_S00_AXI_inst/sample_inst/xpm_fifo_async_inst/gnuram_async_fifo.xpm_fifo_base_inst/gen_cdc_pntr.rd_pntr_cdc_dc_inst/src_gray_ff_reg[0]} \
          {uav_sar_i/zynq_ultra_pl/ad9269_sample_ctrl/inst/ad9269_sample_v1_0_S00_AXI_inst/sample_inst/xpm_fifo_async_inst/gnuram_async_fifo.xpm_fifo_base_inst/gen_cdc_pntr.rd_pntr_cdc_dc_inst/src_gray_ff_reg[10]} \
          {uav_sar_i/zynq_ultra_pl/ad9269_sample_ctrl/inst/ad9269_sample_v1_0_S00_AXI_inst/sample_inst/xpm_fifo_async_inst/gnuram_async_fifo.xpm_fifo_base_inst/gen_cdc_pntr.rd_pntr_cdc_dc_inst/src_gray_ff_reg[11]} \
          {uav_sar_i/zynq_ultra_pl/ad9269_sample_ctrl/inst/ad9269_sample_v1_0_S00_AXI_inst/sample_inst/xpm_fifo_async_inst/gnuram_async_fifo.xpm_fifo_base_inst/gen_cdc_pntr.rd_pntr_cdc_dc_inst/src_gray_ff_reg[12]} \
          {uav_sar_i/zynq_ultra_pl/ad9269_sample_ctrl/inst/ad9269_sample_v1_0_S00_AXI_inst/sample_inst/xpm_fifo_async_inst/gnuram_async_fifo.xpm_fifo_base_inst/gen_cdc_pntr.rd_pntr_cdc_dc_inst/src_gray_ff_reg[13]} \
          {uav_sar_i/zynq_ultra_pl/ad9269_sample_ctrl/inst/ad9269_sample_v1_0_S00_AXI_inst/sample_inst/xpm_fifo_async_inst/gnuram_async_fifo.xpm_fifo_base_inst/gen_cdc_pntr.rd_pntr_cdc_dc_inst/src_gray_ff_reg[14]} \
          {uav_sar_i/zynq_ultra_pl/ad9269_sample_ctrl/inst/ad9269_sample_v1_0_S00_AXI_inst/sample_inst/xpm_fifo_async_inst/gnuram_async_fifo.xpm_fifo_base_inst/gen_cdc_pntr.rd_pntr_cdc_dc_inst/src_gray_ff_reg[15]} \
          {uav_sar_i/zynq_ultra_pl/ad9269_sample_ctrl/inst/ad9269_sample_v1_0_S00_AXI_inst/sample_inst/xpm_fifo_async_inst/gnuram_async_fifo.xpm_fifo_base_inst/gen_cdc_pntr.rd_pntr_cdc_dc_inst/src_gray_ff_reg[16]} \
          {uav_sar_i/zynq_ultra_pl/ad9269_sample_ctrl/inst/ad9269_sample_v1_0_S00_AXI_inst/sample_inst/xpm_fifo_async_inst/gnuram_async_fifo.xpm_fifo_base_inst/gen_cdc_pntr.rd_pntr_cdc_dc_inst/src_gray_ff_reg[17]} \
          {uav_sar_i/zynq_ultra_pl/ad9269_sample_ctrl/inst/ad9269_sample_v1_0_S00_AXI_inst/sample_inst/xpm_fifo_async_inst/gnuram_async_fifo.xpm_fifo_base_inst/gen_cdc_pntr.rd_pntr_cdc_dc_inst/src_gray_ff_reg[1]} \
          {uav_sar_i/zynq_ultra_pl/ad9269_sample_ctrl/inst/ad9269_sample_v1_0_S00_AXI_inst/sample_inst/xpm_fifo_async_inst/gnuram_async_fifo.xpm_fifo_base_inst/gen_cdc_pntr.rd_pntr_cdc_dc_inst/src_gray_ff_reg[2]} \
          {uav_sar_i/zynq_ultra_pl/ad9269_sample_ctrl/inst/ad9269_sample_v1_0_S00_AXI_inst/sample_inst/xpm_fifo_async_inst/gnuram_async_fifo.xpm_fifo_base_inst/gen_cdc_pntr.rd_pntr_cdc_dc_inst/src_gray_ff_reg[3]} \
          {uav_sar_i/zynq_ultra_pl/ad9269_sample_ctrl/inst/ad9269_sample_v1_0_S00_AXI_inst/sample_inst/xpm_fifo_async_inst/gnuram_async_fifo.xpm_fifo_base_inst/gen_cdc_pntr.rd_pntr_cdc_dc_inst/src_gray_ff_reg[4]} \
          {uav_sar_i/zynq_ultra_pl/ad9269_sample_ctrl/inst/ad9269_sample_v1_0_S00_AXI_inst/sample_inst/xpm_fifo_async_inst/gnuram_async_fifo.xpm_fifo_base_inst/gen_cdc_pntr.rd_pntr_cdc_dc_inst/src_gray_ff_reg[5]} \
          {uav_sar_i/zynq_ultra_pl/ad9269_sample_ctrl/inst/ad9269_sample_v1_0_S00_AXI_inst/sample_inst/xpm_fifo_async_inst/gnuram_async_fifo.xpm_fifo_base_inst/gen_cdc_pntr.rd_pntr_cdc_dc_inst/src_gray_ff_reg[6]} \
          {uav_sar_i/zynq_ultra_pl/ad9269_sample_ctrl/inst/ad9269_sample_v1_0_S00_AXI_inst/sample_inst/xpm_fifo_async_inst/gnuram_async_fifo.xpm_fifo_base_inst/gen_cdc_pntr.rd_pntr_cdc_dc_inst/src_gray_ff_reg[7]} \
          {uav_sar_i/zynq_ultra_pl/ad9269_sample_ctrl/inst/ad9269_sample_v1_0_S00_AXI_inst/sample_inst/xpm_fifo_async_inst/gnuram_async_fifo.xpm_fifo_base_inst/gen_cdc_pntr.rd_pntr_cdc_dc_inst/src_gray_ff_reg[8]} \
          {uav_sar_i/zynq_ultra_pl/ad9269_sample_ctrl/inst/ad9269_sample_v1_0_S00_AXI_inst/sample_inst/xpm_fifo_async_inst/gnuram_async_fifo.xpm_fifo_base_inst/gen_cdc_pntr.rd_pntr_cdc_dc_inst/src_gray_ff_reg[9]}]] -to [get_cells [list {uav_sar_i/zynq_ultra_pl/ad9269_sample_ctrl/inst/ad9269_sample_v1_0_S00_AXI_inst/sample_inst/xpm_fifo_async_inst/gnuram_async_fifo.xpm_fifo_base_inst/gen_cdc_pntr.rd_pntr_cdc_dc_inst/dest_graysync_ff_reg[0][0]} \
          {uav_sar_i/zynq_ultra_pl/ad9269_sample_ctrl/inst/ad9269_sample_v1_0_S00_AXI_inst/sample_inst/xpm_fifo_async_inst/gnuram_async_fifo.xpm_fifo_base_inst/gen_cdc_pntr.rd_pntr_cdc_dc_inst/dest_graysync_ff_reg[0][10]} \
          {uav_sar_i/zynq_ultra_pl/ad9269_sample_ctrl/inst/ad9269_sample_v1_0_S00_AXI_inst/sample_inst/xpm_fifo_async_inst/gnuram_async_fifo.xpm_fifo_base_inst/gen_cdc_pntr.rd_pntr_cdc_dc_inst/dest_graysync_ff_reg[0][11]} \
          {uav_sar_i/zynq_ultra_pl/ad9269_sample_ctrl/inst/ad9269_sample_v1_0_S00_AXI_inst/sample_inst/xpm_fifo_async_inst/gnuram_async_fifo.xpm_fifo_base_inst/gen_cdc_pntr.rd_pntr_cdc_dc_inst/dest_graysync_ff_reg[0][12]} \
          {uav_sar_i/zynq_ultra_pl/ad9269_sample_ctrl/inst/ad9269_sample_v1_0_S00_AXI_inst/sample_inst/xpm_fifo_async_inst/gnuram_async_fifo.xpm_fifo_base_inst/gen_cdc_pntr.rd_pntr_cdc_dc_inst/dest_graysync_ff_reg[0][13]} \
          {uav_sar_i/zynq_ultra_pl/ad9269_sample_ctrl/inst/ad9269_sample_v1_0_S00_AXI_inst/sample_inst/xpm_fifo_async_inst/gnuram_async_fifo.xpm_fifo_base_inst/gen_cdc_pntr.rd_pntr_cdc_dc_inst/dest_graysync_ff_reg[0][14]} \
          {uav_sar_i/zynq_ultra_pl/ad9269_sample_ctrl/inst/ad9269_sample_v1_0_S00_AXI_inst/sample_inst/xpm_fifo_async_inst/gnuram_async_fifo.xpm_fifo_base_inst/gen_cdc_pntr.rd_pntr_cdc_dc_inst/dest_graysync_ff_reg[0][15]} \
          {uav_sar_i/zynq_ultra_pl/ad9269_sample_ctrl/inst/ad9269_sample_v1_0_S00_AXI_inst/sample_inst/xpm_fifo_async_inst/gnuram_async_fifo.xpm_fifo_base_inst/gen_cdc_pntr.rd_pntr_cdc_dc_inst/dest_graysync_ff_reg[0][16]} \
          {uav_sar_i/zynq_ultra_pl/ad9269_sample_ctrl/inst/ad9269_sample_v1_0_S00_AXI_inst/sample_inst/xpm_fifo_async_inst/gnuram_async_fifo.xpm_fifo_base_inst/gen_cdc_pntr.rd_pntr_cdc_dc_inst/dest_graysync_ff_reg[0][17]} \
          {uav_sar_i/zynq_ultra_pl/ad9269_sample_ctrl/inst/ad9269_sample_v1_0_S00_AXI_inst/sample_inst/xpm_fifo_async_inst/gnuram_async_fifo.xpm_fifo_base_inst/gen_cdc_pntr.rd_pntr_cdc_dc_inst/dest_graysync_ff_reg[0][1]} \
          {uav_sar_i/zynq_ultra_pl/ad9269_sample_ctrl/inst/ad9269_sample_v1_0_S00_AXI_inst/sample_inst/xpm_fifo_async_inst/gnuram_async_fifo.xpm_fifo_base_inst/gen_cdc_pntr.rd_pntr_cdc_dc_inst/dest_graysync_ff_reg[0][2]} \
          {uav_sar_i/zynq_ultra_pl/ad9269_sample_ctrl/inst/ad9269_sample_v1_0_S00_AXI_inst/sample_inst/xpm_fifo_async_inst/gnuram_async_fifo.xpm_fifo_base_inst/gen_cdc_pntr.rd_pntr_cdc_dc_inst/dest_graysync_ff_reg[0][3]} \
          {uav_sar_i/zynq_ultra_pl/ad9269_sample_ctrl/inst/ad9269_sample_v1_0_S00_AXI_inst/sample_inst/xpm_fifo_async_inst/gnuram_async_fifo.xpm_fifo_base_inst/gen_cdc_pntr.rd_pntr_cdc_dc_inst/dest_graysync_ff_reg[0][4]} \
          {uav_sar_i/zynq_ultra_pl/ad9269_sample_ctrl/inst/ad9269_sample_v1_0_S00_AXI_inst/sample_inst/xpm_fifo_async_inst/gnuram_async_fifo.xpm_fifo_base_inst/gen_cdc_pntr.rd_pntr_cdc_dc_inst/dest_graysync_ff_reg[0][5]} \
          {uav_sar_i/zynq_ultra_pl/ad9269_sample_ctrl/inst/ad9269_sample_v1_0_S00_AXI_inst/sample_inst/xpm_fifo_async_inst/gnuram_async_fifo.xpm_fifo_base_inst/gen_cdc_pntr.rd_pntr_cdc_dc_inst/dest_graysync_ff_reg[0][6]} \
          {uav_sar_i/zynq_ultra_pl/ad9269_sample_ctrl/inst/ad9269_sample_v1_0_S00_AXI_inst/sample_inst/xpm_fifo_async_inst/gnuram_async_fifo.xpm_fifo_base_inst/gen_cdc_pntr.rd_pntr_cdc_dc_inst/dest_graysync_ff_reg[0][7]} \
          {uav_sar_i/zynq_ultra_pl/ad9269_sample_ctrl/inst/ad9269_sample_v1_0_S00_AXI_inst/sample_inst/xpm_fifo_async_inst/gnuram_async_fifo.xpm_fifo_base_inst/gen_cdc_pntr.rd_pntr_cdc_dc_inst/dest_graysync_ff_reg[0][8]} \
          {uav_sar_i/zynq_ultra_pl/ad9269_sample_ctrl/inst/ad9269_sample_v1_0_S00_AXI_inst/sample_inst/xpm_fifo_async_inst/gnuram_async_fifo.xpm_fifo_base_inst/gen_cdc_pntr.rd_pntr_cdc_dc_inst/dest_graysync_ff_reg[0][9]}]] 20.000
Requirement: 20.000ns
Endpoints: 18

From Clock            To Clock              Endpoint Pin                    Reference Pin                   Corner  Actual(ns)  Slack(ns)
--------------------  --------------------  ------------------------------  ------------------------------  ------  ----------  ---------
clk_out1_uav_sar_clk_wiz_0_0
                      adc_clk[0]            uav_sar_i/zynq_ultra_pl/ad9269_sample_ctrl/inst/ad9269_sample_v1_0_S00_AXI_inst/sample_inst/xpm_fifo_async_inst/gnuram_async_fifo.xpm_fifo_base_inst/gen_cdc_pntr.rd_pntr_cdc_dc_inst/dest_graysync_ff_reg[0][5]/D
                                                                            uav_sar_i/zynq_ultra_pl/ad9269_sample_ctrl/inst/ad9269_sample_v1_0_S00_AXI_inst/sample_inst/xpm_fifo_async_inst/gnuram_async_fifo.xpm_fifo_base_inst/gen_cdc_pntr.rd_pntr_cdc_dc_inst/dest_graysync_ff_reg[0][11]/D
                                                                                                            Slow         0.964     19.036


Slack (MET) :             19.036ns  (requirement - actual skew)
  Endpoint Source:        uav_sar_i/zynq_ultra_pl/ad9269_sample_ctrl/inst/ad9269_sample_v1_0_S00_AXI_inst/sample_inst/xpm_fifo_async_inst/gnuram_async_fifo.xpm_fifo_base_inst/gen_cdc_pntr.rd_pntr_cdc_dc_inst/src_gray_ff_reg[5]/C
                            (rising edge-triggered cell FDRE clocked by clk_out1_uav_sar_clk_wiz_0_0)
  Endpoint Destination:   uav_sar_i/zynq_ultra_pl/ad9269_sample_ctrl/inst/ad9269_sample_v1_0_S00_AXI_inst/sample_inst/xpm_fifo_async_inst/gnuram_async_fifo.xpm_fifo_base_inst/gen_cdc_pntr.rd_pntr_cdc_dc_inst/dest_graysync_ff_reg[0][5]/D
                            (rising edge-triggered cell FDRE clocked by adc_clk[0])
  Reference Source:       uav_sar_i/zynq_ultra_pl/ad9269_sample_ctrl/inst/ad9269_sample_v1_0_S00_AXI_inst/sample_inst/xpm_fifo_async_inst/gnuram_async_fifo.xpm_fifo_base_inst/gen_cdc_pntr.rd_pntr_cdc_dc_inst/src_gray_ff_reg[11]/C
                            (rising edge-triggered cell FDRE clocked by clk_out1_uav_sar_clk_wiz_0_0)
  Reference Destination:  uav_sar_i/zynq_ultra_pl/ad9269_sample_ctrl/inst/ad9269_sample_v1_0_S00_AXI_inst/sample_inst/xpm_fifo_async_inst/gnuram_async_fifo.xpm_fifo_base_inst/gen_cdc_pntr.rd_pntr_cdc_dc_inst/dest_graysync_ff_reg[0][11]/D
                            (rising edge-triggered cell FDRE clocked by adc_clk[0])
  Path Type:              Bus Skew (Max at Slow Process Corner)
  Requirement:            20.000ns
  Endpoint Relative Delay:    2.028ns
  Reference Relative Delay:   0.824ns
  Relative CRPR:              0.445ns
  Uncertainty:                0.205ns
  Actual Bus Skew:            0.964ns  (Endpoint Relative Delay - Reference Relative Delay - Relative CRPR + Uncertainty)

Endpoint path:
    Location             Delay type                Incr(ns)  Path(ns)    Netlist Resource(s)
  -------------------------------------------------------------------    -------------------
                         (clock clk_out1_uav_sar_clk_wiz_0_0 rise edge)
                                                      0.000     0.000 r  
    BUFG_PS_X0Y51        BUFG_PS                      0.000     0.000 r  uav_sar_i/zynq_ultra_ps/inst/buffer_pl_clk_0.PL_CLK_0_BUFG/O
                         net (fo=1, routed)           1.282     1.282    uav_sar_i/zynq_ultra_pl/clk_wiz/inst/clk_in1
    PLL_X0Y5             PLLE4_ADV (Prop_PLL_CLKIN_CLKOUT0)
                                                      0.054     1.336 r  uav_sar_i/zynq_ultra_pl/clk_wiz/inst/plle4_adv_inst/CLKOUT0
                         net (fo=1, routed)           0.280     1.616    uav_sar_i/zynq_ultra_pl/clk_wiz/inst/clk_out1_uav_sar_clk_wiz_0_0
    BUFGCE_X0Y50         BUFGCE (Prop_BUFCE_BUFGCE_I_O)
                                                      0.028     1.644 r  uav_sar_i/zynq_ultra_pl/clk_wiz/inst/clkout1_buf/O
    X0Y1 (CLOCK_ROOT)    net (fo=25882, routed)       2.400     4.044    uav_sar_i/zynq_ultra_pl/ad9269_sample_ctrl/inst/ad9269_sample_v1_0_S00_AXI_inst/sample_inst/xpm_fifo_async_inst/gnuram_async_fifo.xpm_fifo_base_inst/gen_cdc_pntr.rd_pntr_cdc_dc_inst/src_clk
    SLICE_X35Y90         FDRE                                         r  uav_sar_i/zynq_ultra_pl/ad9269_sample_ctrl/inst/ad9269_sample_v1_0_S00_AXI_inst/sample_inst/xpm_fifo_async_inst/gnuram_async_fifo.xpm_fifo_base_inst/gen_cdc_pntr.rd_pntr_cdc_dc_inst/src_gray_ff_reg[5]/C
  -------------------------------------------------------------------    -------------------
    SLICE_X35Y90         FDRE (Prop_DFF2_SLICEL_C_Q)
                                                      0.098     4.142 r  uav_sar_i/zynq_ultra_pl/ad9269_sample_ctrl/inst/ad9269_sample_v1_0_S00_AXI_inst/sample_inst/xpm_fifo_async_inst/gnuram_async_fifo.xpm_fifo_base_inst/gen_cdc_pntr.rd_pntr_cdc_dc_inst/src_gray_ff_reg[5]/Q
                         net (fo=1, routed)           0.603     4.745    uav_sar_i/zynq_ultra_pl/ad9269_sample_ctrl/inst/ad9269_sample_v1_0_S00_AXI_inst/sample_inst/xpm_fifo_async_inst/gnuram_async_fifo.xpm_fifo_base_inst/gen_cdc_pntr.rd_pntr_cdc_dc_inst/async_path[5]
    SLICE_X35Y90         FDRE                                         r  uav_sar_i/zynq_ultra_pl/ad9269_sample_ctrl/inst/ad9269_sample_v1_0_S00_AXI_inst/sample_inst/xpm_fifo_async_inst/gnuram_async_fifo.xpm_fifo_base_inst/gen_cdc_pntr.rd_pntr_cdc_dc_inst/dest_graysync_ff_reg[0][5]/D
  -------------------------------------------------------------------    -------------------

                         (clock adc_clk[0] rise edge)
                                                      0.000     0.000 r  
    D7                                                0.000     0.000 r  adc_clk[0] (IN)
                         net (fo=0)                   0.000     0.000    adc_clk_IBUF[0]_inst/I
    D7                   INBUF (Prop_INBUF_HPIOB_M_PAD_O)
                                                      0.268     0.268 r  adc_clk_IBUF[0]_inst/INBUF_INST/O
                         net (fo=1, routed)           0.000     0.268    adc_clk_IBUF[0]_inst/OUT
    D7                   IBUFCTRL (Prop_IBUFCTRL_HPIOB_M_I_O)
                                                      0.000     0.268 r  adc_clk_IBUF[0]_inst/IBUFCTRL_INST/O
                         net (fo=1, routed)           0.290     0.558    uav_sar_i/zynq_ultra_pl/util_ds_buf/U0/BUFG_I[0]
    BUFGCE_X0Y56         BUFGCE (Prop_BUFCE_BUFGCE_I_O)
                                                      0.024     0.582 r  uav_sar_i/zynq_ultra_pl/util_ds_buf/U0/USE_BUFG.GEN_BUFG[0].BUFG_U/O
    X0Y1 (CLOCK_ROOT)    net (fo=730, routed)         2.108     2.690    uav_sar_i/zynq_ultra_pl/ad9269_sample_ctrl/inst/ad9269_sample_v1_0_S00_AXI_inst/sample_inst/xpm_fifo_async_inst/gnuram_async_fifo.xpm_fifo_base_inst/gen_cdc_pntr.rd_pntr_cdc_dc_inst/dest_clk
    SLICE_X35Y90         FDRE                                         r  uav_sar_i/zynq_ultra_pl/ad9269_sample_ctrl/inst/ad9269_sample_v1_0_S00_AXI_inst/sample_inst/xpm_fifo_async_inst/gnuram_async_fifo.xpm_fifo_base_inst/gen_cdc_pntr.rd_pntr_cdc_dc_inst/dest_graysync_ff_reg[0][5]/C
                         clock pessimism              0.000     2.690    
    SLICE_X35Y90         FDRE (Setup_GFF2_SLICEL_C_D)
                                                      0.027     2.717    uav_sar_i/zynq_ultra_pl/ad9269_sample_ctrl/inst/ad9269_sample_v1_0_S00_AXI_inst/sample_inst/xpm_fifo_async_inst/gnuram_async_fifo.xpm_fifo_base_inst/gen_cdc_pntr.rd_pntr_cdc_dc_inst/dest_graysync_ff_reg[0][5]
  -------------------------------------------------------------------
                         data arrival                           4.745    
                         clock arrival                          2.717    
  -------------------------------------------------------------------
                         relative delay                         2.028    

Reference path:
    Location             Delay type                Incr(ns)  Path(ns)    Netlist Resource(s)
  -------------------------------------------------------------------    -------------------
                         (clock clk_out1_uav_sar_clk_wiz_0_0 rise edge)
                                                      0.000     0.000 r  
    BUFG_PS_X0Y51        BUFG_PS                      0.000     0.000 r  uav_sar_i/zynq_ultra_ps/inst/buffer_pl_clk_0.PL_CLK_0_BUFG/O
                         net (fo=1, routed)           1.139     1.139    uav_sar_i/zynq_ultra_pl/clk_wiz/inst/clk_in1
    PLL_X0Y5             PLLE4_ADV (Prop_PLL_CLKIN_CLKOUT0)
                                                      0.444     1.583 r  uav_sar_i/zynq_ultra_pl/clk_wiz/inst/plle4_adv_inst/CLKOUT0
                         net (fo=1, routed)           0.244     1.827    uav_sar_i/zynq_ultra_pl/clk_wiz/inst/clk_out1_uav_sar_clk_wiz_0_0
    BUFGCE_X0Y50         BUFGCE (Prop_BUFCE_BUFGCE_I_O)
                                                      0.024     1.851 r  uav_sar_i/zynq_ultra_pl/clk_wiz/inst/clkout1_buf/O
    X0Y1 (CLOCK_ROOT)    net (fo=25882, routed)       2.138     3.989    uav_sar_i/zynq_ultra_pl/ad9269_sample_ctrl/inst/ad9269_sample_v1_0_S00_AXI_inst/sample_inst/xpm_fifo_async_inst/gnuram_async_fifo.xpm_fifo_base_inst/gen_cdc_pntr.rd_pntr_cdc_dc_inst/src_clk
    SLICE_X35Y86         FDRE                                         r  uav_sar_i/zynq_ultra_pl/ad9269_sample_ctrl/inst/ad9269_sample_v1_0_S00_AXI_inst/sample_inst/xpm_fifo_async_inst/gnuram_async_fifo.xpm_fifo_base_inst/gen_cdc_pntr.rd_pntr_cdc_dc_inst/src_gray_ff_reg[11]/C
  -------------------------------------------------------------------    -------------------
    SLICE_X35Y86         FDRE (Prop_DFF_SLICEL_C_Q)
                                                      0.070     4.059 r  uav_sar_i/zynq_ultra_pl/ad9269_sample_ctrl/inst/ad9269_sample_v1_0_S00_AXI_inst/sample_inst/xpm_fifo_async_inst/gnuram_async_fifo.xpm_fifo_base_inst/gen_cdc_pntr.rd_pntr_cdc_dc_inst/src_gray_ff_reg[11]/Q
                         net (fo=1, routed)           0.103     4.162    uav_sar_i/zynq_ultra_pl/ad9269_sample_ctrl/inst/ad9269_sample_v1_0_S00_AXI_inst/sample_inst/xpm_fifo_async_inst/gnuram_async_fifo.xpm_fifo_base_inst/gen_cdc_pntr.rd_pntr_cdc_dc_inst/async_path[11]
    SLICE_X35Y86         FDRE                                         r  uav_sar_i/zynq_ultra_pl/ad9269_sample_ctrl/inst/ad9269_sample_v1_0_S00_AXI_inst/sample_inst/xpm_fifo_async_inst/gnuram_async_fifo.xpm_fifo_base_inst/gen_cdc_pntr.rd_pntr_cdc_dc_inst/dest_graysync_ff_reg[0][11]/D
  -------------------------------------------------------------------    -------------------

                         (clock adc_clk[0] rise edge)
                                                      0.000     0.000 r  
    D7                                                0.000     0.000 r  adc_clk[0] (IN)
                         net (fo=0)                   0.000     0.000    adc_clk_IBUF[0]_inst/I
    D7                   INBUF (Prop_INBUF_HPIOB_M_PAD_O)
                                                      0.535     0.535 r  adc_clk_IBUF[0]_inst/INBUF_INST/O
                         net (fo=1, routed)           0.000     0.535    adc_clk_IBUF[0]_inst/OUT
    D7                   IBUFCTRL (Prop_IBUFCTRL_HPIOB_M_I_O)
                                                      0.000     0.535 r  adc_clk_IBUF[0]_inst/IBUFCTRL_INST/O
                         net (fo=1, routed)           0.329     0.864    uav_sar_i/zynq_ultra_pl/util_ds_buf/U0/BUFG_I[0]
    BUFGCE_X0Y56         BUFGCE (Prop_BUFCE_BUFGCE_I_O)
                                                      0.028     0.892 r  uav_sar_i/zynq_ultra_pl/util_ds_buf/U0/USE_BUFG.GEN_BUFG[0].BUFG_U/O
    X0Y1 (CLOCK_ROOT)    net (fo=730, routed)         2.391     3.283    uav_sar_i/zynq_ultra_pl/ad9269_sample_ctrl/inst/ad9269_sample_v1_0_S00_AXI_inst/sample_inst/xpm_fifo_async_inst/gnuram_async_fifo.xpm_fifo_base_inst/gen_cdc_pntr.rd_pntr_cdc_dc_inst/dest_clk
    SLICE_X35Y86         FDRE                                         r  uav_sar_i/zynq_ultra_pl/ad9269_sample_ctrl/inst/ad9269_sample_v1_0_S00_AXI_inst/sample_inst/xpm_fifo_async_inst/gnuram_async_fifo.xpm_fifo_base_inst/gen_cdc_pntr.rd_pntr_cdc_dc_inst/dest_graysync_ff_reg[0][11]/C
                         clock pessimism              0.000     3.283    
    SLICE_X35Y86         FDRE (Hold_HFF2_SLICEL_C_D)
                                                      0.055     3.338    uav_sar_i/zynq_ultra_pl/ad9269_sample_ctrl/inst/ad9269_sample_v1_0_S00_AXI_inst/sample_inst/xpm_fifo_async_inst/gnuram_async_fifo.xpm_fifo_base_inst/gen_cdc_pntr.rd_pntr_cdc_dc_inst/dest_graysync_ff_reg[0][11]
  -------------------------------------------------------------------
                         data arrival                           4.162    
                         clock arrival                          3.338    
  -------------------------------------------------------------------
                         relative delay                         0.824    



Id: 4
set_bus_skew -from [get_cells [list {uav_sar_i/zynq_ultra_pl/ad9269_sample_ctrl/inst/ad9269_sample_v1_0_S00_AXI_inst/sample_inst/xpm_fifo_async_inst/gnuram_async_fifo.xpm_fifo_base_inst/gen_cdc_pntr.wr_pntr_cdc_dc_inst/src_gray_ff_reg[0]} \
          {uav_sar_i/zynq_ultra_pl/ad9269_sample_ctrl/inst/ad9269_sample_v1_0_S00_AXI_inst/sample_inst/xpm_fifo_async_inst/gnuram_async_fifo.xpm_fifo_base_inst/gen_cdc_pntr.wr_pntr_cdc_dc_inst/src_gray_ff_reg[10]} \
          {uav_sar_i/zynq_ultra_pl/ad9269_sample_ctrl/inst/ad9269_sample_v1_0_S00_AXI_inst/sample_inst/xpm_fifo_async_inst/gnuram_async_fifo.xpm_fifo_base_inst/gen_cdc_pntr.wr_pntr_cdc_dc_inst/src_gray_ff_reg[11]} \
          {uav_sar_i/zynq_ultra_pl/ad9269_sample_ctrl/inst/ad9269_sample_v1_0_S00_AXI_inst/sample_inst/xpm_fifo_async_inst/gnuram_async_fifo.xpm_fifo_base_inst/gen_cdc_pntr.wr_pntr_cdc_dc_inst/src_gray_ff_reg[12]} \
          {uav_sar_i/zynq_ultra_pl/ad9269_sample_ctrl/inst/ad9269_sample_v1_0_S00_AXI_inst/sample_inst/xpm_fifo_async_inst/gnuram_async_fifo.xpm_fifo_base_inst/gen_cdc_pntr.wr_pntr_cdc_dc_inst/src_gray_ff_reg[13]} \
          {uav_sar_i/zynq_ultra_pl/ad9269_sample_ctrl/inst/ad9269_sample_v1_0_S00_AXI_inst/sample_inst/xpm_fifo_async_inst/gnuram_async_fifo.xpm_fifo_base_inst/gen_cdc_pntr.wr_pntr_cdc_dc_inst/src_gray_ff_reg[14]} \
          {uav_sar_i/zynq_ultra_pl/ad9269_sample_ctrl/inst/ad9269_sample_v1_0_S00_AXI_inst/sample_inst/xpm_fifo_async_inst/gnuram_async_fifo.xpm_fifo_base_inst/gen_cdc_pntr.wr_pntr_cdc_dc_inst/src_gray_ff_reg[15]} \
          {uav_sar_i/zynq_ultra_pl/ad9269_sample_ctrl/inst/ad9269_sample_v1_0_S00_AXI_inst/sample_inst/xpm_fifo_async_inst/gnuram_async_fifo.xpm_fifo_base_inst/gen_cdc_pntr.wr_pntr_cdc_dc_inst/src_gray_ff_reg[16]} \
          {uav_sar_i/zynq_ultra_pl/ad9269_sample_ctrl/inst/ad9269_sample_v1_0_S00_AXI_inst/sample_inst/xpm_fifo_async_inst/gnuram_async_fifo.xpm_fifo_base_inst/gen_cdc_pntr.wr_pntr_cdc_dc_inst/src_gray_ff_reg[17]} \
          {uav_sar_i/zynq_ultra_pl/ad9269_sample_ctrl/inst/ad9269_sample_v1_0_S00_AXI_inst/sample_inst/xpm_fifo_async_inst/gnuram_async_fifo.xpm_fifo_base_inst/gen_cdc_pntr.wr_pntr_cdc_dc_inst/src_gray_ff_reg[1]} \
          {uav_sar_i/zynq_ultra_pl/ad9269_sample_ctrl/inst/ad9269_sample_v1_0_S00_AXI_inst/sample_inst/xpm_fifo_async_inst/gnuram_async_fifo.xpm_fifo_base_inst/gen_cdc_pntr.wr_pntr_cdc_dc_inst/src_gray_ff_reg[2]} \
          {uav_sar_i/zynq_ultra_pl/ad9269_sample_ctrl/inst/ad9269_sample_v1_0_S00_AXI_inst/sample_inst/xpm_fifo_async_inst/gnuram_async_fifo.xpm_fifo_base_inst/gen_cdc_pntr.wr_pntr_cdc_dc_inst/src_gray_ff_reg[3]} \
          {uav_sar_i/zynq_ultra_pl/ad9269_sample_ctrl/inst/ad9269_sample_v1_0_S00_AXI_inst/sample_inst/xpm_fifo_async_inst/gnuram_async_fifo.xpm_fifo_base_inst/gen_cdc_pntr.wr_pntr_cdc_dc_inst/src_gray_ff_reg[4]} \
          {uav_sar_i/zynq_ultra_pl/ad9269_sample_ctrl/inst/ad9269_sample_v1_0_S00_AXI_inst/sample_inst/xpm_fifo_async_inst/gnuram_async_fifo.xpm_fifo_base_inst/gen_cdc_pntr.wr_pntr_cdc_dc_inst/src_gray_ff_reg[5]} \
          {uav_sar_i/zynq_ultra_pl/ad9269_sample_ctrl/inst/ad9269_sample_v1_0_S00_AXI_inst/sample_inst/xpm_fifo_async_inst/gnuram_async_fifo.xpm_fifo_base_inst/gen_cdc_pntr.wr_pntr_cdc_dc_inst/src_gray_ff_reg[6]} \
          {uav_sar_i/zynq_ultra_pl/ad9269_sample_ctrl/inst/ad9269_sample_v1_0_S00_AXI_inst/sample_inst/xpm_fifo_async_inst/gnuram_async_fifo.xpm_fifo_base_inst/gen_cdc_pntr.wr_pntr_cdc_dc_inst/src_gray_ff_reg[7]} \
          {uav_sar_i/zynq_ultra_pl/ad9269_sample_ctrl/inst/ad9269_sample_v1_0_S00_AXI_inst/sample_inst/xpm_fifo_async_inst/gnuram_async_fifo.xpm_fifo_base_inst/gen_cdc_pntr.wr_pntr_cdc_dc_inst/src_gray_ff_reg[8]} \
          {uav_sar_i/zynq_ultra_pl/ad9269_sample_ctrl/inst/ad9269_sample_v1_0_S00_AXI_inst/sample_inst/xpm_fifo_async_inst/gnuram_async_fifo.xpm_fifo_base_inst/gen_cdc_pntr.wr_pntr_cdc_dc_inst/src_gray_ff_reg[9]}]] -to [get_cells [list {uav_sar_i/zynq_ultra_pl/ad9269_sample_ctrl/inst/ad9269_sample_v1_0_S00_AXI_inst/sample_inst/xpm_fifo_async_inst/gnuram_async_fifo.xpm_fifo_base_inst/gen_cdc_pntr.wr_pntr_cdc_dc_inst/dest_graysync_ff_reg[0][0]} \
          {uav_sar_i/zynq_ultra_pl/ad9269_sample_ctrl/inst/ad9269_sample_v1_0_S00_AXI_inst/sample_inst/xpm_fifo_async_inst/gnuram_async_fifo.xpm_fifo_base_inst/gen_cdc_pntr.wr_pntr_cdc_dc_inst/dest_graysync_ff_reg[0][10]} \
          {uav_sar_i/zynq_ultra_pl/ad9269_sample_ctrl/inst/ad9269_sample_v1_0_S00_AXI_inst/sample_inst/xpm_fifo_async_inst/gnuram_async_fifo.xpm_fifo_base_inst/gen_cdc_pntr.wr_pntr_cdc_dc_inst/dest_graysync_ff_reg[0][11]} \
          {uav_sar_i/zynq_ultra_pl/ad9269_sample_ctrl/inst/ad9269_sample_v1_0_S00_AXI_inst/sample_inst/xpm_fifo_async_inst/gnuram_async_fifo.xpm_fifo_base_inst/gen_cdc_pntr.wr_pntr_cdc_dc_inst/dest_graysync_ff_reg[0][12]} \
          {uav_sar_i/zynq_ultra_pl/ad9269_sample_ctrl/inst/ad9269_sample_v1_0_S00_AXI_inst/sample_inst/xpm_fifo_async_inst/gnuram_async_fifo.xpm_fifo_base_inst/gen_cdc_pntr.wr_pntr_cdc_dc_inst/dest_graysync_ff_reg[0][13]} \
          {uav_sar_i/zynq_ultra_pl/ad9269_sample_ctrl/inst/ad9269_sample_v1_0_S00_AXI_inst/sample_inst/xpm_fifo_async_inst/gnuram_async_fifo.xpm_fifo_base_inst/gen_cdc_pntr.wr_pntr_cdc_dc_inst/dest_graysync_ff_reg[0][14]} \
          {uav_sar_i/zynq_ultra_pl/ad9269_sample_ctrl/inst/ad9269_sample_v1_0_S00_AXI_inst/sample_inst/xpm_fifo_async_inst/gnuram_async_fifo.xpm_fifo_base_inst/gen_cdc_pntr.wr_pntr_cdc_dc_inst/dest_graysync_ff_reg[0][15]} \
          {uav_sar_i/zynq_ultra_pl/ad9269_sample_ctrl/inst/ad9269_sample_v1_0_S00_AXI_inst/sample_inst/xpm_fifo_async_inst/gnuram_async_fifo.xpm_fifo_base_inst/gen_cdc_pntr.wr_pntr_cdc_dc_inst/dest_graysync_ff_reg[0][16]} \
          {uav_sar_i/zynq_ultra_pl/ad9269_sample_ctrl/inst/ad9269_sample_v1_0_S00_AXI_inst/sample_inst/xpm_fifo_async_inst/gnuram_async_fifo.xpm_fifo_base_inst/gen_cdc_pntr.wr_pntr_cdc_dc_inst/dest_graysync_ff_reg[0][17]} \
          {uav_sar_i/zynq_ultra_pl/ad9269_sample_ctrl/inst/ad9269_sample_v1_0_S00_AXI_inst/sample_inst/xpm_fifo_async_inst/gnuram_async_fifo.xpm_fifo_base_inst/gen_cdc_pntr.wr_pntr_cdc_dc_inst/dest_graysync_ff_reg[0][1]} \
          {uav_sar_i/zynq_ultra_pl/ad9269_sample_ctrl/inst/ad9269_sample_v1_0_S00_AXI_inst/sample_inst/xpm_fifo_async_inst/gnuram_async_fifo.xpm_fifo_base_inst/gen_cdc_pntr.wr_pntr_cdc_dc_inst/dest_graysync_ff_reg[0][2]} \
          {uav_sar_i/zynq_ultra_pl/ad9269_sample_ctrl/inst/ad9269_sample_v1_0_S00_AXI_inst/sample_inst/xpm_fifo_async_inst/gnuram_async_fifo.xpm_fifo_base_inst/gen_cdc_pntr.wr_pntr_cdc_dc_inst/dest_graysync_ff_reg[0][3]} \
          {uav_sar_i/zynq_ultra_pl/ad9269_sample_ctrl/inst/ad9269_sample_v1_0_S00_AXI_inst/sample_inst/xpm_fifo_async_inst/gnuram_async_fifo.xpm_fifo_base_inst/gen_cdc_pntr.wr_pntr_cdc_dc_inst/dest_graysync_ff_reg[0][4]} \
          {uav_sar_i/zynq_ultra_pl/ad9269_sample_ctrl/inst/ad9269_sample_v1_0_S00_AXI_inst/sample_inst/xpm_fifo_async_inst/gnuram_async_fifo.xpm_fifo_base_inst/gen_cdc_pntr.wr_pntr_cdc_dc_inst/dest_graysync_ff_reg[0][5]} \
          {uav_sar_i/zynq_ultra_pl/ad9269_sample_ctrl/inst/ad9269_sample_v1_0_S00_AXI_inst/sample_inst/xpm_fifo_async_inst/gnuram_async_fifo.xpm_fifo_base_inst/gen_cdc_pntr.wr_pntr_cdc_dc_inst/dest_graysync_ff_reg[0][6]} \
          {uav_sar_i/zynq_ultra_pl/ad9269_sample_ctrl/inst/ad9269_sample_v1_0_S00_AXI_inst/sample_inst/xpm_fifo_async_inst/gnuram_async_fifo.xpm_fifo_base_inst/gen_cdc_pntr.wr_pntr_cdc_dc_inst/dest_graysync_ff_reg[0][7]} \
          {uav_sar_i/zynq_ultra_pl/ad9269_sample_ctrl/inst/ad9269_sample_v1_0_S00_AXI_inst/sample_inst/xpm_fifo_async_inst/gnuram_async_fifo.xpm_fifo_base_inst/gen_cdc_pntr.wr_pntr_cdc_dc_inst/dest_graysync_ff_reg[0][8]} \
          {uav_sar_i/zynq_ultra_pl/ad9269_sample_ctrl/inst/ad9269_sample_v1_0_S00_AXI_inst/sample_inst/xpm_fifo_async_inst/gnuram_async_fifo.xpm_fifo_base_inst/gen_cdc_pntr.wr_pntr_cdc_dc_inst/dest_graysync_ff_reg[0][9]}]] 20.000
Requirement: 20.000ns
Endpoints: 18

From Clock            To Clock              Endpoint Pin                    Reference Pin                   Corner  Actual(ns)  Slack(ns)
--------------------  --------------------  ------------------------------  ------------------------------  ------  ----------  ---------
adc_clk[0]            clk_out1_uav_sar_clk_wiz_0_0
                                            uav_sar_i/zynq_ultra_pl/ad9269_sample_ctrl/inst/ad9269_sample_v1_0_S00_AXI_inst/sample_inst/xpm_fifo_async_inst/gnuram_async_fifo.xpm_fifo_base_inst/gen_cdc_pntr.wr_pntr_cdc_dc_inst/dest_graysync_ff_reg[0][3]/D
                                                                            uav_sar_i/zynq_ultra_pl/ad9269_sample_ctrl/inst/ad9269_sample_v1_0_S00_AXI_inst/sample_inst/xpm_fifo_async_inst/gnuram_async_fifo.xpm_fifo_base_inst/gen_cdc_pntr.wr_pntr_cdc_dc_inst/dest_graysync_ff_reg[0][13]/D
                                                                                                            Slow         0.959     19.041


Slack (MET) :             19.041ns  (requirement - actual skew)
  Endpoint Source:        uav_sar_i/zynq_ultra_pl/ad9269_sample_ctrl/inst/ad9269_sample_v1_0_S00_AXI_inst/sample_inst/xpm_fifo_async_inst/gnuram_async_fifo.xpm_fifo_base_inst/gen_cdc_pntr.wr_pntr_cdc_dc_inst/src_gray_ff_reg[3]/C
                            (rising edge-triggered cell FDRE clocked by adc_clk[0])
  Endpoint Destination:   uav_sar_i/zynq_ultra_pl/ad9269_sample_ctrl/inst/ad9269_sample_v1_0_S00_AXI_inst/sample_inst/xpm_fifo_async_inst/gnuram_async_fifo.xpm_fifo_base_inst/gen_cdc_pntr.wr_pntr_cdc_dc_inst/dest_graysync_ff_reg[0][3]/D
                            (rising edge-triggered cell FDRE clocked by clk_out1_uav_sar_clk_wiz_0_0)
  Reference Source:       uav_sar_i/zynq_ultra_pl/ad9269_sample_ctrl/inst/ad9269_sample_v1_0_S00_AXI_inst/sample_inst/xpm_fifo_async_inst/gnuram_async_fifo.xpm_fifo_base_inst/gen_cdc_pntr.wr_pntr_cdc_dc_inst/src_gray_ff_reg[13]/C
                            (rising edge-triggered cell FDRE clocked by adc_clk[0])
  Reference Destination:  uav_sar_i/zynq_ultra_pl/ad9269_sample_ctrl/inst/ad9269_sample_v1_0_S00_AXI_inst/sample_inst/xpm_fifo_async_inst/gnuram_async_fifo.xpm_fifo_base_inst/gen_cdc_pntr.wr_pntr_cdc_dc_inst/dest_graysync_ff_reg[0][13]/D
                            (rising edge-triggered cell FDRE clocked by clk_out1_uav_sar_clk_wiz_0_0)
  Path Type:              Bus Skew (Max at Slow Process Corner)
  Requirement:            20.000ns
  Endpoint Relative Delay:   -0.045ns
  Reference Relative Delay:  -1.244ns
  Relative CRPR:              0.445ns
  Uncertainty:                0.205ns
  Actual Bus Skew:            0.959ns  (Endpoint Relative Delay - Reference Relative Delay - Relative CRPR + Uncertainty)

Endpoint path:
    Location             Delay type                Incr(ns)  Path(ns)    Netlist Resource(s)
  -------------------------------------------------------------------    -------------------
                         (clock adc_clk[0] rise edge)
                                                      0.000     0.000 r  
    D7                                                0.000     0.000 r  adc_clk[0] (IN)
                         net (fo=0)                   0.000     0.000    adc_clk_IBUF[0]_inst/I
    D7                   INBUF (Prop_INBUF_HPIOB_M_PAD_O)
                                                      0.535     0.535 r  adc_clk_IBUF[0]_inst/INBUF_INST/O
                         net (fo=1, routed)           0.000     0.535    adc_clk_IBUF[0]_inst/OUT
    D7                   IBUFCTRL (Prop_IBUFCTRL_HPIOB_M_I_O)
                                                      0.000     0.535 r  adc_clk_IBUF[0]_inst/IBUFCTRL_INST/O
                         net (fo=1, routed)           0.329     0.864    uav_sar_i/zynq_ultra_pl/util_ds_buf/U0/BUFG_I[0]
    BUFGCE_X0Y56         BUFGCE (Prop_BUFCE_BUFGCE_I_O)
                                                      0.028     0.892 r  uav_sar_i/zynq_ultra_pl/util_ds_buf/U0/USE_BUFG.GEN_BUFG[0].BUFG_U/O
    X0Y1 (CLOCK_ROOT)    net (fo=730, routed)         2.374     3.266    uav_sar_i/zynq_ultra_pl/ad9269_sample_ctrl/inst/ad9269_sample_v1_0_S00_AXI_inst/sample_inst/xpm_fifo_async_inst/gnuram_async_fifo.xpm_fifo_base_inst/gen_cdc_pntr.wr_pntr_cdc_dc_inst/src_clk
    SLICE_X32Y81         FDRE                                         r  uav_sar_i/zynq_ultra_pl/ad9269_sample_ctrl/inst/ad9269_sample_v1_0_S00_AXI_inst/sample_inst/xpm_fifo_async_inst/gnuram_async_fifo.xpm_fifo_base_inst/gen_cdc_pntr.wr_pntr_cdc_dc_inst/src_gray_ff_reg[3]/C
  -------------------------------------------------------------------    -------------------
    SLICE_X32Y81         FDRE (Prop_DFF2_SLICEL_C_Q)
                                                      0.098     3.364 r  uav_sar_i/zynq_ultra_pl/ad9269_sample_ctrl/inst/ad9269_sample_v1_0_S00_AXI_inst/sample_inst/xpm_fifo_async_inst/gnuram_async_fifo.xpm_fifo_base_inst/gen_cdc_pntr.wr_pntr_cdc_dc_inst/src_gray_ff_reg[3]/Q
                         net (fo=1, routed)           0.604     3.968    uav_sar_i/zynq_ultra_pl/ad9269_sample_ctrl/inst/ad9269_sample_v1_0_S00_AXI_inst/sample_inst/xpm_fifo_async_inst/gnuram_async_fifo.xpm_fifo_base_inst/gen_cdc_pntr.wr_pntr_cdc_dc_inst/async_path[3]
    SLICE_X32Y81         FDRE                                         r  uav_sar_i/zynq_ultra_pl/ad9269_sample_ctrl/inst/ad9269_sample_v1_0_S00_AXI_inst/sample_inst/xpm_fifo_async_inst/gnuram_async_fifo.xpm_fifo_base_inst/gen_cdc_pntr.wr_pntr_cdc_dc_inst/dest_graysync_ff_reg[0][3]/D
  -------------------------------------------------------------------    -------------------

                         (clock clk_out1_uav_sar_clk_wiz_0_0 rise edge)
                                                      0.000     0.000 r  
    BUFG_PS_X0Y51        BUFG_PS                      0.000     0.000 r  uav_sar_i/zynq_ultra_ps/inst/buffer_pl_clk_0.PL_CLK_0_BUFG/O
                         net (fo=1, routed)           1.139     1.139    uav_sar_i/zynq_ultra_pl/clk_wiz/inst/clk_in1
    PLL_X0Y5             PLLE4_ADV (Prop_PLL_CLKIN_CLKOUT0)
                                                      0.444     1.583 r  uav_sar_i/zynq_ultra_pl/clk_wiz/inst/plle4_adv_inst/CLKOUT0
                         net (fo=1, routed)           0.244     1.827    uav_sar_i/zynq_ultra_pl/clk_wiz/inst/clk_out1_uav_sar_clk_wiz_0_0
    BUFGCE_X0Y50         BUFGCE (Prop_BUFCE_BUFGCE_I_O)
                                                      0.024     1.851 r  uav_sar_i/zynq_ultra_pl/clk_wiz/inst/clkout1_buf/O
    X0Y1 (CLOCK_ROOT)    net (fo=25882, routed)       2.135     3.986    uav_sar_i/zynq_ultra_pl/ad9269_sample_ctrl/inst/ad9269_sample_v1_0_S00_AXI_inst/sample_inst/xpm_fifo_async_inst/gnuram_async_fifo.xpm_fifo_base_inst/gen_cdc_pntr.wr_pntr_cdc_dc_inst/dest_clk
    SLICE_X32Y81         FDRE                                         r  uav_sar_i/zynq_ultra_pl/ad9269_sample_ctrl/inst/ad9269_sample_v1_0_S00_AXI_inst/sample_inst/xpm_fifo_async_inst/gnuram_async_fifo.xpm_fifo_base_inst/gen_cdc_pntr.wr_pntr_cdc_dc_inst/dest_graysync_ff_reg[0][3]/C
                         clock pessimism              0.000     3.986    
    SLICE_X32Y81         FDRE (Setup_GFF2_SLICEL_C_D)
                                                      0.027     4.013    uav_sar_i/zynq_ultra_pl/ad9269_sample_ctrl/inst/ad9269_sample_v1_0_S00_AXI_inst/sample_inst/xpm_fifo_async_inst/gnuram_async_fifo.xpm_fifo_base_inst/gen_cdc_pntr.wr_pntr_cdc_dc_inst/dest_graysync_ff_reg[0][3]
  -------------------------------------------------------------------
                         data arrival                           3.968    
                         clock arrival                          4.013    
  -------------------------------------------------------------------
                         relative delay                        -0.045    

Reference path:
    Location             Delay type                Incr(ns)  Path(ns)    Netlist Resource(s)
  -------------------------------------------------------------------    -------------------
                         (clock adc_clk[0] rise edge)
                                                      0.000     0.000 r  
    D7                                                0.000     0.000 r  adc_clk[0] (IN)
                         net (fo=0)                   0.000     0.000    adc_clk_IBUF[0]_inst/I
    D7                   INBUF (Prop_INBUF_HPIOB_M_PAD_O)
                                                      0.268     0.268 r  adc_clk_IBUF[0]_inst/INBUF_INST/O
                         net (fo=1, routed)           0.000     0.268    adc_clk_IBUF[0]_inst/OUT
    D7                   IBUFCTRL (Prop_IBUFCTRL_HPIOB_M_I_O)
                                                      0.000     0.268 r  adc_clk_IBUF[0]_inst/IBUFCTRL_INST/O
                         net (fo=1, routed)           0.290     0.558    uav_sar_i/zynq_ultra_pl/util_ds_buf/U0/BUFG_I[0]
    BUFGCE_X0Y56         BUFGCE (Prop_BUFCE_BUFGCE_I_O)
                                                      0.024     0.582 r  uav_sar_i/zynq_ultra_pl/util_ds_buf/U0/USE_BUFG.GEN_BUFG[0].BUFG_U/O
    X0Y1 (CLOCK_ROOT)    net (fo=730, routed)         2.105     2.687    uav_sar_i/zynq_ultra_pl/ad9269_sample_ctrl/inst/ad9269_sample_v1_0_S00_AXI_inst/sample_inst/xpm_fifo_async_inst/gnuram_async_fifo.xpm_fifo_base_inst/gen_cdc_pntr.wr_pntr_cdc_dc_inst/src_clk
    SLICE_X29Y83         FDRE                                         r  uav_sar_i/zynq_ultra_pl/ad9269_sample_ctrl/inst/ad9269_sample_v1_0_S00_AXI_inst/sample_inst/xpm_fifo_async_inst/gnuram_async_fifo.xpm_fifo_base_inst/gen_cdc_pntr.wr_pntr_cdc_dc_inst/src_gray_ff_reg[13]/C
  -------------------------------------------------------------------    -------------------
    SLICE_X29Y83         FDRE (Prop_DFF2_SLICEM_C_Q)
                                                      0.073     2.760 r  uav_sar_i/zynq_ultra_pl/ad9269_sample_ctrl/inst/ad9269_sample_v1_0_S00_AXI_inst/sample_inst/xpm_fifo_async_inst/gnuram_async_fifo.xpm_fifo_base_inst/gen_cdc_pntr.wr_pntr_cdc_dc_inst/src_gray_ff_reg[13]/Q
                         net (fo=1, routed)           0.108     2.868    uav_sar_i/zynq_ultra_pl/ad9269_sample_ctrl/inst/ad9269_sample_v1_0_S00_AXI_inst/sample_inst/xpm_fifo_async_inst/gnuram_async_fifo.xpm_fifo_base_inst/gen_cdc_pntr.wr_pntr_cdc_dc_inst/async_path[13]
    SLICE_X29Y83         FDRE                                         r  uav_sar_i/zynq_ultra_pl/ad9269_sample_ctrl/inst/ad9269_sample_v1_0_S00_AXI_inst/sample_inst/xpm_fifo_async_inst/gnuram_async_fifo.xpm_fifo_base_inst/gen_cdc_pntr.wr_pntr_cdc_dc_inst/dest_graysync_ff_reg[0][13]/D
  -------------------------------------------------------------------    -------------------

                         (clock clk_out1_uav_sar_clk_wiz_0_0 rise edge)
                                                      0.000     0.000 r  
    BUFG_PS_X0Y51        BUFG_PS                      0.000     0.000 r  uav_sar_i/zynq_ultra_ps/inst/buffer_pl_clk_0.PL_CLK_0_BUFG/O
                         net (fo=1, routed)           1.282     1.282    uav_sar_i/zynq_ultra_pl/clk_wiz/inst/clk_in1
    PLL_X0Y5             PLLE4_ADV (Prop_PLL_CLKIN_CLKOUT0)
                                                      0.054     1.336 r  uav_sar_i/zynq_ultra_pl/clk_wiz/inst/plle4_adv_inst/CLKOUT0
                         net (fo=1, routed)           0.280     1.616    uav_sar_i/zynq_ultra_pl/clk_wiz/inst/clk_out1_uav_sar_clk_wiz_0_0
    BUFGCE_X0Y50         BUFGCE (Prop_BUFCE_BUFGCE_I_O)
                                                      0.028     1.644 r  uav_sar_i/zynq_ultra_pl/clk_wiz/inst/clkout1_buf/O
    X0Y1 (CLOCK_ROOT)    net (fo=25882, routed)       2.413     4.057    uav_sar_i/zynq_ultra_pl/ad9269_sample_ctrl/inst/ad9269_sample_v1_0_S00_AXI_inst/sample_inst/xpm_fifo_async_inst/gnuram_async_fifo.xpm_fifo_base_inst/gen_cdc_pntr.wr_pntr_cdc_dc_inst/dest_clk
    SLICE_X29Y83         FDRE                                         r  uav_sar_i/zynq_ultra_pl/ad9269_sample_ctrl/inst/ad9269_sample_v1_0_S00_AXI_inst/sample_inst/xpm_fifo_async_inst/gnuram_async_fifo.xpm_fifo_base_inst/gen_cdc_pntr.wr_pntr_cdc_dc_inst/dest_graysync_ff_reg[0][13]/C
                         clock pessimism              0.000     4.057    
    SLICE_X29Y83         FDRE (Hold_GFF2_SLICEM_C_D)
                                                      0.055     4.112    uav_sar_i/zynq_ultra_pl/ad9269_sample_ctrl/inst/ad9269_sample_v1_0_S00_AXI_inst/sample_inst/xpm_fifo_async_inst/gnuram_async_fifo.xpm_fifo_base_inst/gen_cdc_pntr.wr_pntr_cdc_dc_inst/dest_graysync_ff_reg[0][13]
  -------------------------------------------------------------------
                         data arrival                           2.868    
                         clock arrival                          4.112    
  -------------------------------------------------------------------
                         relative delay                        -1.244    



Id: 5
set_bus_skew -from [get_cells [list {dbg_hub/inst/BSCANID.u_xsdbm_id/CORE_XSDB.UUT_MASTER/U_ICON_INTERFACE/U_CMD6_RD/U_RD_FIFO/SUBCORE_FIFO.xsdbm_v3_0_0_rdfifo_inst/inst_fifo_gen/gconvfifo.rf/grf.rf/gntv_or_sync_fifo.gcx.clkx/gnxpm_cdc.rd_pntr_gc_reg[0]} {dbg_hub/inst/BSCANID.u_xsdbm_id/CORE_XSDB.UUT_MASTER/U_ICON_INTERFACE/U_CMD6_RD/U_RD_FIFO/SUBCORE_FIFO.xsdbm_v3_0_0_rdfifo_inst/inst_fifo_gen/gconvfifo.rf/grf.rf/gntv_or_sync_fifo.gcx.clkx/gnxpm_cdc.rd_pntr_gc_reg[1]} {dbg_hub/inst/BSCANID.u_xsdbm_id/CORE_XSDB.UUT_MASTER/U_ICON_INTERFACE/U_CMD6_RD/U_RD_FIFO/SUBCORE_FIFO.xsdbm_v3_0_0_rdfifo_inst/inst_fifo_gen/gconvfifo.rf/grf.rf/gntv_or_sync_fifo.gcx.clkx/gnxpm_cdc.rd_pntr_gc_reg[2]} {dbg_hub/inst/BSCANID.u_xsdbm_id/CORE_XSDB.UUT_MASTER/U_ICON_INTERFACE/U_CMD6_RD/U_RD_FIFO/SUBCORE_FIFO.xsdbm_v3_0_0_rdfifo_inst/inst_fifo_gen/gconvfifo.rf/grf.rf/gntv_or_sync_fifo.gcx.clkx/gnxpm_cdc.rd_pntr_gc_reg[3]}]] -to [get_cells [list {dbg_hub/inst/BSCANID.u_xsdbm_id/CORE_XSDB.UUT_MASTER/U_ICON_INTERFACE/U_CMD6_RD/U_RD_FIFO/SUBCORE_FIFO.xsdbm_v3_0_0_rdfifo_inst/inst_fifo_gen/gconvfifo.rf/grf.rf/gntv_or_sync_fifo.gcx.clkx/gnxpm_cdc.gsync_stage[1].wr_stg_inst/Q_reg_reg[0]} {dbg_hub/inst/BSCANID.u_xsdbm_id/CORE_XSDB.UUT_MASTER/U_ICON_INTERFACE/U_CMD6_RD/U_RD_FIFO/SUBCORE_FIFO.xsdbm_v3_0_0_rdfifo_inst/inst_fifo_gen/gconvfifo.rf/grf.rf/gntv_or_sync_fifo.gcx.clkx/gnxpm_cdc.gsync_stage[1].wr_stg_inst/Q_reg_reg[1]} {dbg_hub/inst/BSCANID.u_xsdbm_id/CORE_XSDB.UUT_MASTER/U_ICON_INTERFACE/U_CMD6_RD/U_RD_FIFO/SUBCORE_FIFO.xsdbm_v3_0_0_rdfifo_inst/inst_fifo_gen/gconvfifo.rf/grf.rf/gntv_or_sync_fifo.gcx.clkx/gnxpm_cdc.gsync_stage[1].wr_stg_inst/Q_reg_reg[2]} {dbg_hub/inst/BSCANID.u_xsdbm_id/CORE_XSDB.UUT_MASTER/U_ICON_INTERFACE/U_CMD6_RD/U_RD_FIFO/SUBCORE_FIFO.xsdbm_v3_0_0_rdfifo_inst/inst_fifo_gen/gconvfifo.rf/grf.rf/gntv_or_sync_fifo.gcx.clkx/gnxpm_cdc.gsync_stage[1].wr_stg_inst/Q_reg_reg[3]}]] 20.000
Requirement: 20.000ns
Endpoints: 4

From Clock            To Clock              Endpoint Pin                    Reference Pin                   Corner  Actual(ns)  Slack(ns)
--------------------  --------------------  ------------------------------  ------------------------------  ------  ----------  ---------
dbg_hub/inst/BSCANID.u_xsdbm_id/SWITCH_N_EXT_BSCAN.bscan_inst/SERIES7_BSCAN.bscan_inst/INTERNAL_TCK
                      clk_out1_uav_sar_clk_wiz_0_0
                                            dbg_hub/inst/BSCANID.u_xsdbm_id/CORE_XSDB.UUT_MASTER/U_ICON_INTERFACE/U_CMD6_RD/U_RD_FIFO/SUBCORE_FIFO.xsdbm_v3_0_0_rdfifo_inst/inst_fifo_gen/gconvfifo.rf/grf.rf/gntv_or_sync_fifo.gcx.clkx/gnxpm_cdc.gsync_stage[1].wr_stg_inst/Q_reg_reg[3]/D
                                                                            dbg_hub/inst/BSCANID.u_xsdbm_id/CORE_XSDB.UUT_MASTER/U_ICON_INTERFACE/U_CMD6_RD/U_RD_FIFO/SUBCORE_FIFO.xsdbm_v3_0_0_rdfifo_inst/inst_fifo_gen/gconvfifo.rf/grf.rf/gntv_or_sync_fifo.gcx.clkx/gnxpm_cdc.gsync_stage[1].wr_stg_inst/Q_reg_reg[1]/D
                                                                                                            Slow         0.776     19.224


Slack (MET) :             19.224ns  (requirement - actual skew)
  Endpoint Source:        dbg_hub/inst/BSCANID.u_xsdbm_id/CORE_XSDB.UUT_MASTER/U_ICON_INTERFACE/U_CMD6_RD/U_RD_FIFO/SUBCORE_FIFO.xsdbm_v3_0_0_rdfifo_inst/inst_fifo_gen/gconvfifo.rf/grf.rf/gntv_or_sync_fifo.gcx.clkx/gnxpm_cdc.rd_pntr_gc_reg[3]/C
                            (rising edge-triggered cell FDCE clocked by dbg_hub/inst/BSCANID.u_xsdbm_id/SWITCH_N_EXT_BSCAN.bscan_inst/SERIES7_BSCAN.bscan_inst/INTERNAL_TCK)
  Endpoint Destination:   dbg_hub/inst/BSCANID.u_xsdbm_id/CORE_XSDB.UUT_MASTER/U_ICON_INTERFACE/U_CMD6_RD/U_RD_FIFO/SUBCORE_FIFO.xsdbm_v3_0_0_rdfifo_inst/inst_fifo_gen/gconvfifo.rf/grf.rf/gntv_or_sync_fifo.gcx.clkx/gnxpm_cdc.gsync_stage[1].wr_stg_inst/Q_reg_reg[3]/D
                            (rising edge-triggered cell FDCE clocked by clk_out1_uav_sar_clk_wiz_0_0)
  Reference Source:       dbg_hub/inst/BSCANID.u_xsdbm_id/CORE_XSDB.UUT_MASTER/U_ICON_INTERFACE/U_CMD6_RD/U_RD_FIFO/SUBCORE_FIFO.xsdbm_v3_0_0_rdfifo_inst/inst_fifo_gen/gconvfifo.rf/grf.rf/gntv_or_sync_fifo.gcx.clkx/gnxpm_cdc.rd_pntr_gc_reg[1]/C
                            (rising edge-triggered cell FDCE clocked by dbg_hub/inst/BSCANID.u_xsdbm_id/SWITCH_N_EXT_BSCAN.bscan_inst/SERIES7_BSCAN.bscan_inst/INTERNAL_TCK)
  Reference Destination:  dbg_hub/inst/BSCANID.u_xsdbm_id/CORE_XSDB.UUT_MASTER/U_ICON_INTERFACE/U_CMD6_RD/U_RD_FIFO/SUBCORE_FIFO.xsdbm_v3_0_0_rdfifo_inst/inst_fifo_gen/gconvfifo.rf/grf.rf/gntv_or_sync_fifo.gcx.clkx/gnxpm_cdc.gsync_stage[1].wr_stg_inst/Q_reg_reg[1]/D
                            (rising edge-triggered cell FDCE clocked by clk_out1_uav_sar_clk_wiz_0_0)
  Path Type:              Bus Skew (Max at Slow Process Corner)
  Requirement:            20.000ns
  Endpoint Relative Delay:    4.333ns
  Reference Relative Delay:  -0.814ns
  Relative CRPR:              4.576ns
  Uncertainty:                0.205ns
  Actual Bus Skew:            0.776ns  (Endpoint Relative Delay - Reference Relative Delay - Relative CRPR + Uncertainty)

Endpoint path:
    Location             Delay type                Incr(ns)  Path(ns)    Netlist Resource(s)
  -------------------------------------------------------------------    -------------------
                         (clock dbg_hub/inst/BSCANID.u_xsdbm_id/SWITCH_N_EXT_BSCAN.bscan_inst/SERIES7_BSCAN.bscan_inst/INTERNAL_TCK rise edge)
                                                      0.000     0.000 r  
    CONFIG_SITE_X0Y0     BSCANE2                      0.000     0.000 r  dbg_hub/inst/BSCANID.u_xsdbm_id/SWITCH_N_EXT_BSCAN.bscan_inst/SERIES7_BSCAN.bscan_inst/INTERNAL_TCK
    CONFIG_SITE_X0Y0     BSCANE2 (Prop_BSCAN1_CONFIG_SITE_INTERNAL_TCK_TCK)
                                                      4.300     4.300 r  dbg_hub/inst/BSCANID.u_xsdbm_id/SWITCH_N_EXT_BSCAN.bscan_inst/SERIES7_BSCAN.bscan_inst/TCK
                         net (fo=1, routed)           1.537     5.837    dbg_hub/inst/BSCANID.u_xsdbm_id/tck_bs
    BUFGCE_X0Y14         BUFGCE (Prop_BUFCE_BUFGCE_I_O)
                                                      0.028     5.865 r  dbg_hub/inst/BSCANID.u_xsdbm_id/SWITCH_N_EXT_BSCAN.u_bufg_icon_tck/O
    X0Y1 (CLOCK_ROOT)    net (fo=494, routed)         1.823     7.688    dbg_hub/inst/BSCANID.u_xsdbm_id/CORE_XSDB.UUT_MASTER/U_ICON_INTERFACE/U_CMD6_RD/U_RD_FIFO/SUBCORE_FIFO.xsdbm_v3_0_0_rdfifo_inst/inst_fifo_gen/gconvfifo.rf/grf.rf/gntv_or_sync_fifo.gcx.clkx/rd_clk
    SLICE_X21Y102        FDCE                                         r  dbg_hub/inst/BSCANID.u_xsdbm_id/CORE_XSDB.UUT_MASTER/U_ICON_INTERFACE/U_CMD6_RD/U_RD_FIFO/SUBCORE_FIFO.xsdbm_v3_0_0_rdfifo_inst/inst_fifo_gen/gconvfifo.rf/grf.rf/gntv_or_sync_fifo.gcx.clkx/gnxpm_cdc.rd_pntr_gc_reg[3]/C
  -------------------------------------------------------------------    -------------------
    SLICE_X21Y102        FDCE (Prop_FFF_SLICEL_C_Q)
                                                      0.096     7.784 r  dbg_hub/inst/BSCANID.u_xsdbm_id/CORE_XSDB.UUT_MASTER/U_ICON_INTERFACE/U_CMD6_RD/U_RD_FIFO/SUBCORE_FIFO.xsdbm_v3_0_0_rdfifo_inst/inst_fifo_gen/gconvfifo.rf/grf.rf/gntv_or_sync_fifo.gcx.clkx/gnxpm_cdc.rd_pntr_gc_reg[3]/Q
                         net (fo=1, routed)           0.493     8.277    dbg_hub/inst/BSCANID.u_xsdbm_id/CORE_XSDB.UUT_MASTER/U_ICON_INTERFACE/U_CMD6_RD/U_RD_FIFO/SUBCORE_FIFO.xsdbm_v3_0_0_rdfifo_inst/inst_fifo_gen/gconvfifo.rf/grf.rf/gntv_or_sync_fifo.gcx.clkx/gnxpm_cdc.gsync_stage[1].wr_stg_inst/Q[3]
    SLICE_X19Y101        FDCE                                         r  dbg_hub/inst/BSCANID.u_xsdbm_id/CORE_XSDB.UUT_MASTER/U_ICON_INTERFACE/U_CMD6_RD/U_RD_FIFO/SUBCORE_FIFO.xsdbm_v3_0_0_rdfifo_inst/inst_fifo_gen/gconvfifo.rf/grf.rf/gntv_or_sync_fifo.gcx.clkx/gnxpm_cdc.gsync_stage[1].wr_stg_inst/Q_reg_reg[3]/D
  -------------------------------------------------------------------    -------------------

                         (clock clk_out1_uav_sar_clk_wiz_0_0 rise edge)
                                                      0.000     0.000 r  
    BUFG_PS_X0Y51        BUFG_PS                      0.000     0.000 r  uav_sar_i/zynq_ultra_ps/inst/buffer_pl_clk_0.PL_CLK_0_BUFG/O
                         net (fo=1, routed)           1.139     1.139    uav_sar_i/zynq_ultra_pl/clk_wiz/inst/clk_in1
    PLL_X0Y5             PLLE4_ADV (Prop_PLL_CLKIN_CLKOUT0)
                                                      0.444     1.583 r  uav_sar_i/zynq_ultra_pl/clk_wiz/inst/plle4_adv_inst/CLKOUT0
                         net (fo=1, routed)           0.244     1.827    uav_sar_i/zynq_ultra_pl/clk_wiz/inst/clk_out1_uav_sar_clk_wiz_0_0
    BUFGCE_X0Y50         BUFGCE (Prop_BUFCE_BUFGCE_I_O)
                                                      0.024     1.851 r  uav_sar_i/zynq_ultra_pl/clk_wiz/inst/clkout1_buf/O
    X0Y1 (CLOCK_ROOT)    net (fo=25882, routed)       2.066     3.917    dbg_hub/inst/BSCANID.u_xsdbm_id/CORE_XSDB.UUT_MASTER/U_ICON_INTERFACE/U_CMD6_RD/U_RD_FIFO/SUBCORE_FIFO.xsdbm_v3_0_0_rdfifo_inst/inst_fifo_gen/gconvfifo.rf/grf.rf/gntv_or_sync_fifo.gcx.clkx/gnxpm_cdc.gsync_stage[1].wr_stg_inst/wr_clk
    SLICE_X19Y101        FDCE                                         r  dbg_hub/inst/BSCANID.u_xsdbm_id/CORE_XSDB.UUT_MASTER/U_ICON_INTERFACE/U_CMD6_RD/U_RD_FIFO/SUBCORE_FIFO.xsdbm_v3_0_0_rdfifo_inst/inst_fifo_gen/gconvfifo.rf/grf.rf/gntv_or_sync_fifo.gcx.clkx/gnxpm_cdc.gsync_stage[1].wr_stg_inst/Q_reg_reg[3]/C
                         clock pessimism              0.000     3.917    
    SLICE_X19Y101        FDCE (Setup_DFF2_SLICEM_C_D)
                                                      0.027     3.944    dbg_hub/inst/BSCANID.u_xsdbm_id/CORE_XSDB.UUT_MASTER/U_ICON_INTERFACE/U_CMD6_RD/U_RD_FIFO/SUBCORE_FIFO.xsdbm_v3_0_0_rdfifo_inst/inst_fifo_gen/gconvfifo.rf/grf.rf/gntv_or_sync_fifo.gcx.clkx/gnxpm_cdc.gsync_stage[1].wr_stg_inst/Q_reg_reg[3]
  -------------------------------------------------------------------
                         data arrival                           8.277    
                         clock arrival                          3.944    
  -------------------------------------------------------------------
                         relative delay                         4.333    

Reference path:
    Location             Delay type                Incr(ns)  Path(ns)    Netlist Resource(s)
  -------------------------------------------------------------------    -------------------
                         (clock dbg_hub/inst/BSCANID.u_xsdbm_id/SWITCH_N_EXT_BSCAN.bscan_inst/SERIES7_BSCAN.bscan_inst/INTERNAL_TCK rise edge)
                                                      0.000     0.000 r  
    CONFIG_SITE_X0Y0     BSCANE2                      0.000     0.000 r  dbg_hub/inst/BSCANID.u_xsdbm_id/SWITCH_N_EXT_BSCAN.bscan_inst/SERIES7_BSCAN.bscan_inst/INTERNAL_TCK
    CONFIG_SITE_X0Y0     BSCANE2 (Prop_BSCAN1_CONFIG_SITE_INTERNAL_TCK_TCK)
                                                      0.465     0.465 r  dbg_hub/inst/BSCANID.u_xsdbm_id/SWITCH_N_EXT_BSCAN.bscan_inst/SERIES7_BSCAN.bscan_inst/TCK
                         net (fo=1, routed)           0.963     1.428    dbg_hub/inst/BSCANID.u_xsdbm_id/tck_bs
    BUFGCE_X0Y14         BUFGCE (Prop_BUFCE_BUFGCE_I_O)
                                                      0.024     1.452 r  dbg_hub/inst/BSCANID.u_xsdbm_id/SWITCH_N_EXT_BSCAN.u_bufg_icon_tck/O
    X0Y1 (CLOCK_ROOT)    net (fo=494, routed)         1.606     3.058    dbg_hub/inst/BSCANID.u_xsdbm_id/CORE_XSDB.UUT_MASTER/U_ICON_INTERFACE/U_CMD6_RD/U_RD_FIFO/SUBCORE_FIFO.xsdbm_v3_0_0_rdfifo_inst/inst_fifo_gen/gconvfifo.rf/grf.rf/gntv_or_sync_fifo.gcx.clkx/rd_clk
    SLICE_X21Y102        FDCE                                         r  dbg_hub/inst/BSCANID.u_xsdbm_id/CORE_XSDB.UUT_MASTER/U_ICON_INTERFACE/U_CMD6_RD/U_RD_FIFO/SUBCORE_FIFO.xsdbm_v3_0_0_rdfifo_inst/inst_fifo_gen/gconvfifo.rf/grf.rf/gntv_or_sync_fifo.gcx.clkx/gnxpm_cdc.rd_pntr_gc_reg[1]/C
  -------------------------------------------------------------------    -------------------
    SLICE_X21Y102        FDCE (Prop_HFF2_SLICEL_C_Q)
                                                      0.071     3.129 r  dbg_hub/inst/BSCANID.u_xsdbm_id/CORE_XSDB.UUT_MASTER/U_ICON_INTERFACE/U_CMD6_RD/U_RD_FIFO/SUBCORE_FIFO.xsdbm_v3_0_0_rdfifo_inst/inst_fifo_gen/gconvfifo.rf/grf.rf/gntv_or_sync_fifo.gcx.clkx/gnxpm_cdc.rd_pntr_gc_reg[1]/Q
                         net (fo=1, routed)           0.098     3.227    dbg_hub/inst/BSCANID.u_xsdbm_id/CORE_XSDB.UUT_MASTER/U_ICON_INTERFACE/U_CMD6_RD/U_RD_FIFO/SUBCORE_FIFO.xsdbm_v3_0_0_rdfifo_inst/inst_fifo_gen/gconvfifo.rf/grf.rf/gntv_or_sync_fifo.gcx.clkx/gnxpm_cdc.gsync_stage[1].wr_stg_inst/Q[1]
    SLICE_X21Y101        FDCE                                         r  dbg_hub/inst/BSCANID.u_xsdbm_id/CORE_XSDB.UUT_MASTER/U_ICON_INTERFACE/U_CMD6_RD/U_RD_FIFO/SUBCORE_FIFO.xsdbm_v3_0_0_rdfifo_inst/inst_fifo_gen/gconvfifo.rf/grf.rf/gntv_or_sync_fifo.gcx.clkx/gnxpm_cdc.gsync_stage[1].wr_stg_inst/Q_reg_reg[1]/D
  -------------------------------------------------------------------    -------------------

                         (clock clk_out1_uav_sar_clk_wiz_0_0 rise edge)
                                                      0.000     0.000 r  
    BUFG_PS_X0Y51        BUFG_PS                      0.000     0.000 r  uav_sar_i/zynq_ultra_ps/inst/buffer_pl_clk_0.PL_CLK_0_BUFG/O
                         net (fo=1, routed)           1.282     1.282    uav_sar_i/zynq_ultra_pl/clk_wiz/inst/clk_in1
    PLL_X0Y5             PLLE4_ADV (Prop_PLL_CLKIN_CLKOUT0)
                                                      0.054     1.336 r  uav_sar_i/zynq_ultra_pl/clk_wiz/inst/plle4_adv_inst/CLKOUT0
                         net (fo=1, routed)           0.280     1.616    uav_sar_i/zynq_ultra_pl/clk_wiz/inst/clk_out1_uav_sar_clk_wiz_0_0
    BUFGCE_X0Y50         BUFGCE (Prop_BUFCE_BUFGCE_I_O)
                                                      0.028     1.644 r  uav_sar_i/zynq_ultra_pl/clk_wiz/inst/clkout1_buf/O
    X0Y1 (CLOCK_ROOT)    net (fo=25882, routed)       2.342     3.986    dbg_hub/inst/BSCANID.u_xsdbm_id/CORE_XSDB.UUT_MASTER/U_ICON_INTERFACE/U_CMD6_RD/U_RD_FIFO/SUBCORE_FIFO.xsdbm_v3_0_0_rdfifo_inst/inst_fifo_gen/gconvfifo.rf/grf.rf/gntv_or_sync_fifo.gcx.clkx/gnxpm_cdc.gsync_stage[1].wr_stg_inst/wr_clk
    SLICE_X21Y101        FDCE                                         r  dbg_hub/inst/BSCANID.u_xsdbm_id/CORE_XSDB.UUT_MASTER/U_ICON_INTERFACE/U_CMD6_RD/U_RD_FIFO/SUBCORE_FIFO.xsdbm_v3_0_0_rdfifo_inst/inst_fifo_gen/gconvfifo.rf/grf.rf/gntv_or_sync_fifo.gcx.clkx/gnxpm_cdc.gsync_stage[1].wr_stg_inst/Q_reg_reg[1]/C
                         clock pessimism              0.000     3.986    
    SLICE_X21Y101        FDCE (Hold_GFF2_SLICEL_C_D)
                                                      0.055     4.041    dbg_hub/inst/BSCANID.u_xsdbm_id/CORE_XSDB.UUT_MASTER/U_ICON_INTERFACE/U_CMD6_RD/U_RD_FIFO/SUBCORE_FIFO.xsdbm_v3_0_0_rdfifo_inst/inst_fifo_gen/gconvfifo.rf/grf.rf/gntv_or_sync_fifo.gcx.clkx/gnxpm_cdc.gsync_stage[1].wr_stg_inst/Q_reg_reg[1]
  -------------------------------------------------------------------
                         data arrival                           3.227    
                         clock arrival                          4.041    
  -------------------------------------------------------------------
                         relative delay                        -0.814    



Id: 6
set_bus_skew -from [get_cells [list {dbg_hub/inst/BSCANID.u_xsdbm_id/CORE_XSDB.UUT_MASTER/U_ICON_INTERFACE/U_CMD6_RD/U_RD_FIFO/SUBCORE_FIFO.xsdbm_v3_0_0_rdfifo_inst/inst_fifo_gen/gconvfifo.rf/grf.rf/gntv_or_sync_fifo.gcx.clkx/gnxpm_cdc.wr_pntr_gc_reg[0]} {dbg_hub/inst/BSCANID.u_xsdbm_id/CORE_XSDB.UUT_MASTER/U_ICON_INTERFACE/U_CMD6_RD/U_RD_FIFO/SUBCORE_FIFO.xsdbm_v3_0_0_rdfifo_inst/inst_fifo_gen/gconvfifo.rf/grf.rf/gntv_or_sync_fifo.gcx.clkx/gnxpm_cdc.wr_pntr_gc_reg[1]} {dbg_hub/inst/BSCANID.u_xsdbm_id/CORE_XSDB.UUT_MASTER/U_ICON_INTERFACE/U_CMD6_RD/U_RD_FIFO/SUBCORE_FIFO.xsdbm_v3_0_0_rdfifo_inst/inst_fifo_gen/gconvfifo.rf/grf.rf/gntv_or_sync_fifo.gcx.clkx/gnxpm_cdc.wr_pntr_gc_reg[2]} {dbg_hub/inst/BSCANID.u_xsdbm_id/CORE_XSDB.UUT_MASTER/U_ICON_INTERFACE/U_CMD6_RD/U_RD_FIFO/SUBCORE_FIFO.xsdbm_v3_0_0_rdfifo_inst/inst_fifo_gen/gconvfifo.rf/grf.rf/gntv_or_sync_fifo.gcx.clkx/gnxpm_cdc.wr_pntr_gc_reg[3]}]] -to [get_cells [list {dbg_hub/inst/BSCANID.u_xsdbm_id/CORE_XSDB.UUT_MASTER/U_ICON_INTERFACE/U_CMD6_RD/U_RD_FIFO/SUBCORE_FIFO.xsdbm_v3_0_0_rdfifo_inst/inst_fifo_gen/gconvfifo.rf/grf.rf/gntv_or_sync_fifo.gcx.clkx/gnxpm_cdc.gsync_stage[1].rd_stg_inst/Q_reg_reg[0]} {dbg_hub/inst/BSCANID.u_xsdbm_id/CORE_XSDB.UUT_MASTER/U_ICON_INTERFACE/U_CMD6_RD/U_RD_FIFO/SUBCORE_FIFO.xsdbm_v3_0_0_rdfifo_inst/inst_fifo_gen/gconvfifo.rf/grf.rf/gntv_or_sync_fifo.gcx.clkx/gnxpm_cdc.gsync_stage[1].rd_stg_inst/Q_reg_reg[1]} {dbg_hub/inst/BSCANID.u_xsdbm_id/CORE_XSDB.UUT_MASTER/U_ICON_INTERFACE/U_CMD6_RD/U_RD_FIFO/SUBCORE_FIFO.xsdbm_v3_0_0_rdfifo_inst/inst_fifo_gen/gconvfifo.rf/grf.rf/gntv_or_sync_fifo.gcx.clkx/gnxpm_cdc.gsync_stage[1].rd_stg_inst/Q_reg_reg[2]} {dbg_hub/inst/BSCANID.u_xsdbm_id/CORE_XSDB.UUT_MASTER/U_ICON_INTERFACE/U_CMD6_RD/U_RD_FIFO/SUBCORE_FIFO.xsdbm_v3_0_0_rdfifo_inst/inst_fifo_gen/gconvfifo.rf/grf.rf/gntv_or_sync_fifo.gcx.clkx/gnxpm_cdc.gsync_stage[1].rd_stg_inst/Q_reg_reg[3]}]] 20.000
Requirement: 20.000ns
Endpoints: 4

From Clock            To Clock              Endpoint Pin                    Reference Pin                   Corner  Actual(ns)  Slack(ns)
--------------------  --------------------  ------------------------------  ------------------------------  ------  ----------  ---------
clk_out1_uav_sar_clk_wiz_0_0
                      dbg_hub/inst/BSCANID.u_xsdbm_id/SWITCH_N_EXT_BSCAN.bscan_inst/SERIES7_BSCAN.bscan_inst/INTERNAL_TCK
                                            dbg_hub/inst/BSCANID.u_xsdbm_id/CORE_XSDB.UUT_MASTER/U_ICON_INTERFACE/U_CMD6_RD/U_RD_FIFO/SUBCORE_FIFO.xsdbm_v3_0_0_rdfifo_inst/inst_fifo_gen/gconvfifo.rf/grf.rf/gntv_or_sync_fifo.gcx.clkx/gnxpm_cdc.gsync_stage[1].rd_stg_inst/Q_reg_reg[1]/D
                                                                            dbg_hub/inst/BSCANID.u_xsdbm_id/CORE_XSDB.UUT_MASTER/U_ICON_INTERFACE/U_CMD6_RD/U_RD_FIFO/SUBCORE_FIFO.xsdbm_v3_0_0_rdfifo_inst/inst_fifo_gen/gconvfifo.rf/grf.rf/gntv_or_sync_fifo.gcx.clkx/gnxpm_cdc.gsync_stage[1].rd_stg_inst/Q_reg_reg[2]/D
                                                                                                            Slow         0.544     19.456


Slack (MET) :             19.456ns  (requirement - actual skew)
  Endpoint Source:        dbg_hub/inst/BSCANID.u_xsdbm_id/CORE_XSDB.UUT_MASTER/U_ICON_INTERFACE/U_CMD6_RD/U_RD_FIFO/SUBCORE_FIFO.xsdbm_v3_0_0_rdfifo_inst/inst_fifo_gen/gconvfifo.rf/grf.rf/gntv_or_sync_fifo.gcx.clkx/gnxpm_cdc.wr_pntr_gc_reg[1]/C
                            (rising edge-triggered cell FDCE clocked by clk_out1_uav_sar_clk_wiz_0_0)
  Endpoint Destination:   dbg_hub/inst/BSCANID.u_xsdbm_id/CORE_XSDB.UUT_MASTER/U_ICON_INTERFACE/U_CMD6_RD/U_RD_FIFO/SUBCORE_FIFO.xsdbm_v3_0_0_rdfifo_inst/inst_fifo_gen/gconvfifo.rf/grf.rf/gntv_or_sync_fifo.gcx.clkx/gnxpm_cdc.gsync_stage[1].rd_stg_inst/Q_reg_reg[1]/D
                            (rising edge-triggered cell FDCE clocked by dbg_hub/inst/BSCANID.u_xsdbm_id/SWITCH_N_EXT_BSCAN.bscan_inst/SERIES7_BSCAN.bscan_inst/INTERNAL_TCK)
  Reference Source:       dbg_hub/inst/BSCANID.u_xsdbm_id/CORE_XSDB.UUT_MASTER/U_ICON_INTERFACE/U_CMD6_RD/U_RD_FIFO/SUBCORE_FIFO.xsdbm_v3_0_0_rdfifo_inst/inst_fifo_gen/gconvfifo.rf/grf.rf/gntv_or_sync_fifo.gcx.clkx/gnxpm_cdc.wr_pntr_gc_reg[2]/C
                            (rising edge-triggered cell FDCE clocked by clk_out1_uav_sar_clk_wiz_0_0)
  Reference Destination:  dbg_hub/inst/BSCANID.u_xsdbm_id/CORE_XSDB.UUT_MASTER/U_ICON_INTERFACE/U_CMD6_RD/U_RD_FIFO/SUBCORE_FIFO.xsdbm_v3_0_0_rdfifo_inst/inst_fifo_gen/gconvfifo.rf/grf.rf/gntv_or_sync_fifo.gcx.clkx/gnxpm_cdc.gsync_stage[1].rd_stg_inst/Q_reg_reg[2]/D
                            (rising edge-triggered cell FDCE clocked by dbg_hub/inst/BSCANID.u_xsdbm_id/SWITCH_N_EXT_BSCAN.bscan_inst/SERIES7_BSCAN.bscan_inst/INTERNAL_TCK)
  Path Type:              Bus Skew (Max at Slow Process Corner)
  Requirement:            20.000ns
  Endpoint Relative Delay:    1.294ns
  Reference Relative Delay:  -3.659ns
  Relative CRPR:              4.614ns
  Uncertainty:                0.205ns
  Actual Bus Skew:            0.544ns  (Endpoint Relative Delay - Reference Relative Delay - Relative CRPR + Uncertainty)

Endpoint path:
    Location             Delay type                Incr(ns)  Path(ns)    Netlist Resource(s)
  -------------------------------------------------------------------    -------------------
                         (clock clk_out1_uav_sar_clk_wiz_0_0 rise edge)
                                                      0.000     0.000 r  
    BUFG_PS_X0Y51        BUFG_PS                      0.000     0.000 r  uav_sar_i/zynq_ultra_ps/inst/buffer_pl_clk_0.PL_CLK_0_BUFG/O
                         net (fo=1, routed)           1.282     1.282    uav_sar_i/zynq_ultra_pl/clk_wiz/inst/clk_in1
    PLL_X0Y5             PLLE4_ADV (Prop_PLL_CLKIN_CLKOUT0)
                                                      0.054     1.336 r  uav_sar_i/zynq_ultra_pl/clk_wiz/inst/plle4_adv_inst/CLKOUT0
                         net (fo=1, routed)           0.280     1.616    uav_sar_i/zynq_ultra_pl/clk_wiz/inst/clk_out1_uav_sar_clk_wiz_0_0
    BUFGCE_X0Y50         BUFGCE (Prop_BUFCE_BUFGCE_I_O)
                                                      0.028     1.644 r  uav_sar_i/zynq_ultra_pl/clk_wiz/inst/clkout1_buf/O
    X0Y1 (CLOCK_ROOT)    net (fo=25882, routed)       2.336     3.980    dbg_hub/inst/BSCANID.u_xsdbm_id/CORE_XSDB.UUT_MASTER/U_ICON_INTERFACE/U_CMD6_RD/U_RD_FIFO/SUBCORE_FIFO.xsdbm_v3_0_0_rdfifo_inst/inst_fifo_gen/gconvfifo.rf/grf.rf/gntv_or_sync_fifo.gcx.clkx/wr_clk
    SLICE_X20Y103        FDCE                                         r  dbg_hub/inst/BSCANID.u_xsdbm_id/CORE_XSDB.UUT_MASTER/U_ICON_INTERFACE/U_CMD6_RD/U_RD_FIFO/SUBCORE_FIFO.xsdbm_v3_0_0_rdfifo_inst/inst_fifo_gen/gconvfifo.rf/grf.rf/gntv_or_sync_fifo.gcx.clkx/gnxpm_cdc.wr_pntr_gc_reg[1]/C
  -------------------------------------------------------------------    -------------------
    SLICE_X20Y103        FDCE (Prop_DFF2_SLICEM_C_Q)
                                                      0.098     4.078 r  dbg_hub/inst/BSCANID.u_xsdbm_id/CORE_XSDB.UUT_MASTER/U_ICON_INTERFACE/U_CMD6_RD/U_RD_FIFO/SUBCORE_FIFO.xsdbm_v3_0_0_rdfifo_inst/inst_fifo_gen/gconvfifo.rf/grf.rf/gntv_or_sync_fifo.gcx.clkx/gnxpm_cdc.wr_pntr_gc_reg[1]/Q
                         net (fo=1, routed)           0.301     4.379    dbg_hub/inst/BSCANID.u_xsdbm_id/CORE_XSDB.UUT_MASTER/U_ICON_INTERFACE/U_CMD6_RD/U_RD_FIFO/SUBCORE_FIFO.xsdbm_v3_0_0_rdfifo_inst/inst_fifo_gen/gconvfifo.rf/grf.rf/gntv_or_sync_fifo.gcx.clkx/gnxpm_cdc.gsync_stage[1].rd_stg_inst/Q[1]
    SLICE_X21Y102        FDCE                                         r  dbg_hub/inst/BSCANID.u_xsdbm_id/CORE_XSDB.UUT_MASTER/U_ICON_INTERFACE/U_CMD6_RD/U_RD_FIFO/SUBCORE_FIFO.xsdbm_v3_0_0_rdfifo_inst/inst_fifo_gen/gconvfifo.rf/grf.rf/gntv_or_sync_fifo.gcx.clkx/gnxpm_cdc.gsync_stage[1].rd_stg_inst/Q_reg_reg[1]/D
  -------------------------------------------------------------------    -------------------

                         (clock dbg_hub/inst/BSCANID.u_xsdbm_id/SWITCH_N_EXT_BSCAN.bscan_inst/SERIES7_BSCAN.bscan_inst/INTERNAL_TCK rise edge)
                                                      0.000     0.000 r  
    CONFIG_SITE_X0Y0     BSCANE2                      0.000     0.000 r  dbg_hub/inst/BSCANID.u_xsdbm_id/SWITCH_N_EXT_BSCAN.bscan_inst/SERIES7_BSCAN.bscan_inst/INTERNAL_TCK
    CONFIG_SITE_X0Y0     BSCANE2 (Prop_BSCAN1_CONFIG_SITE_INTERNAL_TCK_TCK)
                                                      0.465     0.465 r  dbg_hub/inst/BSCANID.u_xsdbm_id/SWITCH_N_EXT_BSCAN.bscan_inst/SERIES7_BSCAN.bscan_inst/TCK
                         net (fo=1, routed)           0.963     1.428    dbg_hub/inst/BSCANID.u_xsdbm_id/tck_bs
    BUFGCE_X0Y14         BUFGCE (Prop_BUFCE_BUFGCE_I_O)
                                                      0.024     1.452 r  dbg_hub/inst/BSCANID.u_xsdbm_id/SWITCH_N_EXT_BSCAN.u_bufg_icon_tck/O
    X0Y1 (CLOCK_ROOT)    net (fo=494, routed)         1.606     3.058    dbg_hub/inst/BSCANID.u_xsdbm_id/CORE_XSDB.UUT_MASTER/U_ICON_INTERFACE/U_CMD6_RD/U_RD_FIFO/SUBCORE_FIFO.xsdbm_v3_0_0_rdfifo_inst/inst_fifo_gen/gconvfifo.rf/grf.rf/gntv_or_sync_fifo.gcx.clkx/gnxpm_cdc.gsync_stage[1].rd_stg_inst/rd_clk
    SLICE_X21Y102        FDCE                                         r  dbg_hub/inst/BSCANID.u_xsdbm_id/CORE_XSDB.UUT_MASTER/U_ICON_INTERFACE/U_CMD6_RD/U_RD_FIFO/SUBCORE_FIFO.xsdbm_v3_0_0_rdfifo_inst/inst_fifo_gen/gconvfifo.rf/grf.rf/gntv_or_sync_fifo.gcx.clkx/gnxpm_cdc.gsync_stage[1].rd_stg_inst/Q_reg_reg[1]/C
                         clock pessimism              0.000     3.058    
    SLICE_X21Y102        FDCE (Setup_GFF2_SLICEL_C_D)
                                                      0.027     3.085    dbg_hub/inst/BSCANID.u_xsdbm_id/CORE_XSDB.UUT_MASTER/U_ICON_INTERFACE/U_CMD6_RD/U_RD_FIFO/SUBCORE_FIFO.xsdbm_v3_0_0_rdfifo_inst/inst_fifo_gen/gconvfifo.rf/grf.rf/gntv_or_sync_fifo.gcx.clkx/gnxpm_cdc.gsync_stage[1].rd_stg_inst/Q_reg_reg[1]
  -------------------------------------------------------------------
                         data arrival                           4.379    
                         clock arrival                          3.085    
  -------------------------------------------------------------------
                         relative delay                         1.294    

Reference path:
    Location             Delay type                Incr(ns)  Path(ns)    Netlist Resource(s)
  -------------------------------------------------------------------    -------------------
                         (clock clk_out1_uav_sar_clk_wiz_0_0 rise edge)
                                                      0.000     0.000 r  
    BUFG_PS_X0Y51        BUFG_PS                      0.000     0.000 r  uav_sar_i/zynq_ultra_ps/inst/buffer_pl_clk_0.PL_CLK_0_BUFG/O
                         net (fo=1, routed)           1.139     1.139    uav_sar_i/zynq_ultra_pl/clk_wiz/inst/clk_in1
    PLL_X0Y5             PLLE4_ADV (Prop_PLL_CLKIN_CLKOUT0)
                                                      0.444     1.583 r  uav_sar_i/zynq_ultra_pl/clk_wiz/inst/plle4_adv_inst/CLKOUT0
                         net (fo=1, routed)           0.244     1.827    uav_sar_i/zynq_ultra_pl/clk_wiz/inst/clk_out1_uav_sar_clk_wiz_0_0
    BUFGCE_X0Y50         BUFGCE (Prop_BUFCE_BUFGCE_I_O)
                                                      0.024     1.851 r  uav_sar_i/zynq_ultra_pl/clk_wiz/inst/clkout1_buf/O
    X0Y1 (CLOCK_ROOT)    net (fo=25882, routed)       2.066     3.917    dbg_hub/inst/BSCANID.u_xsdbm_id/CORE_XSDB.UUT_MASTER/U_ICON_INTERFACE/U_CMD6_RD/U_RD_FIFO/SUBCORE_FIFO.xsdbm_v3_0_0_rdfifo_inst/inst_fifo_gen/gconvfifo.rf/grf.rf/gntv_or_sync_fifo.gcx.clkx/wr_clk
    SLICE_X20Y105        FDCE                                         r  dbg_hub/inst/BSCANID.u_xsdbm_id/CORE_XSDB.UUT_MASTER/U_ICON_INTERFACE/U_CMD6_RD/U_RD_FIFO/SUBCORE_FIFO.xsdbm_v3_0_0_rdfifo_inst/inst_fifo_gen/gconvfifo.rf/grf.rf/gntv_or_sync_fifo.gcx.clkx/gnxpm_cdc.wr_pntr_gc_reg[2]/C
  -------------------------------------------------------------------    -------------------
    SLICE_X20Y105        FDCE (Prop_DFF_SLICEM_C_Q)
                                                      0.070     3.987 r  dbg_hub/inst/BSCANID.u_xsdbm_id/CORE_XSDB.UUT_MASTER/U_ICON_INTERFACE/U_CMD6_RD/U_RD_FIFO/SUBCORE_FIFO.xsdbm_v3_0_0_rdfifo_inst/inst_fifo_gen/gconvfifo.rf/grf.rf/gntv_or_sync_fifo.gcx.clkx/gnxpm_cdc.wr_pntr_gc_reg[2]/Q
                         net (fo=1, routed)           0.111     4.098    dbg_hub/inst/BSCANID.u_xsdbm_id/CORE_XSDB.UUT_MASTER/U_ICON_INTERFACE/U_CMD6_RD/U_RD_FIFO/SUBCORE_FIFO.xsdbm_v3_0_0_rdfifo_inst/inst_fifo_gen/gconvfifo.rf/grf.rf/gntv_or_sync_fifo.gcx.clkx/gnxpm_cdc.gsync_stage[1].rd_stg_inst/Q[2]
    SLICE_X20Y105        FDCE                                         r  dbg_hub/inst/BSCANID.u_xsdbm_id/CORE_XSDB.UUT_MASTER/U_ICON_INTERFACE/U_CMD6_RD/U_RD_FIFO/SUBCORE_FIFO.xsdbm_v3_0_0_rdfifo_inst/inst_fifo_gen/gconvfifo.rf/grf.rf/gntv_or_sync_fifo.gcx.clkx/gnxpm_cdc.gsync_stage[1].rd_stg_inst/Q_reg_reg[2]/D
  -------------------------------------------------------------------    -------------------

                         (clock dbg_hub/inst/BSCANID.u_xsdbm_id/SWITCH_N_EXT_BSCAN.bscan_inst/SERIES7_BSCAN.bscan_inst/INTERNAL_TCK rise edge)
                                                      0.000     0.000 r  
    CONFIG_SITE_X0Y0     BSCANE2                      0.000     0.000 r  dbg_hub/inst/BSCANID.u_xsdbm_id/SWITCH_N_EXT_BSCAN.bscan_inst/SERIES7_BSCAN.bscan_inst/INTERNAL_TCK
    CONFIG_SITE_X0Y0     BSCANE2 (Prop_BSCAN1_CONFIG_SITE_INTERNAL_TCK_TCK)
                                                      4.300     4.300 r  dbg_hub/inst/BSCANID.u_xsdbm_id/SWITCH_N_EXT_BSCAN.bscan_inst/SERIES7_BSCAN.bscan_inst/TCK
                         net (fo=1, routed)           1.537     5.837    dbg_hub/inst/BSCANID.u_xsdbm_id/tck_bs
    BUFGCE_X0Y14         BUFGCE (Prop_BUFCE_BUFGCE_I_O)
                                                      0.028     5.865 r  dbg_hub/inst/BSCANID.u_xsdbm_id/SWITCH_N_EXT_BSCAN.u_bufg_icon_tck/O
    X0Y1 (CLOCK_ROOT)    net (fo=494, routed)         1.837     7.702    dbg_hub/inst/BSCANID.u_xsdbm_id/CORE_XSDB.UUT_MASTER/U_ICON_INTERFACE/U_CMD6_RD/U_RD_FIFO/SUBCORE_FIFO.xsdbm_v3_0_0_rdfifo_inst/inst_fifo_gen/gconvfifo.rf/grf.rf/gntv_or_sync_fifo.gcx.clkx/gnxpm_cdc.gsync_stage[1].rd_stg_inst/rd_clk
    SLICE_X20Y105        FDCE                                         r  dbg_hub/inst/BSCANID.u_xsdbm_id/CORE_XSDB.UUT_MASTER/U_ICON_INTERFACE/U_CMD6_RD/U_RD_FIFO/SUBCORE_FIFO.xsdbm_v3_0_0_rdfifo_inst/inst_fifo_gen/gconvfifo.rf/grf.rf/gntv_or_sync_fifo.gcx.clkx/gnxpm_cdc.gsync_stage[1].rd_stg_inst/Q_reg_reg[2]/C
                         clock pessimism              0.000     7.702    
    SLICE_X20Y105        FDCE (Hold_HFF2_SLICEM_C_D)
                                                      0.055     7.757    dbg_hub/inst/BSCANID.u_xsdbm_id/CORE_XSDB.UUT_MASTER/U_ICON_INTERFACE/U_CMD6_RD/U_RD_FIFO/SUBCORE_FIFO.xsdbm_v3_0_0_rdfifo_inst/inst_fifo_gen/gconvfifo.rf/grf.rf/gntv_or_sync_fifo.gcx.clkx/gnxpm_cdc.gsync_stage[1].rd_stg_inst/Q_reg_reg[2]
  -------------------------------------------------------------------
                         data arrival                           4.098    
                         clock arrival                          7.757    
  -------------------------------------------------------------------
                         relative delay                        -3.659    



Id: 7
set_bus_skew -from [get_cells [list {dbg_hub/inst/BSCANID.u_xsdbm_id/CORE_XSDB.UUT_MASTER/U_ICON_INTERFACE/U_CMD6_WR/U_WR_FIFO/SUBCORE_FIFO.xsdbm_v3_0_0_wrfifo_inst/inst_fifo_gen/gconvfifo.rf/grf.rf/gntv_or_sync_fifo.gcx.clkx/gnxpm_cdc.rd_pntr_gc_reg[0]} {dbg_hub/inst/BSCANID.u_xsdbm_id/CORE_XSDB.UUT_MASTER/U_ICON_INTERFACE/U_CMD6_WR/U_WR_FIFO/SUBCORE_FIFO.xsdbm_v3_0_0_wrfifo_inst/inst_fifo_gen/gconvfifo.rf/grf.rf/gntv_or_sync_fifo.gcx.clkx/gnxpm_cdc.rd_pntr_gc_reg[1]} {dbg_hub/inst/BSCANID.u_xsdbm_id/CORE_XSDB.UUT_MASTER/U_ICON_INTERFACE/U_CMD6_WR/U_WR_FIFO/SUBCORE_FIFO.xsdbm_v3_0_0_wrfifo_inst/inst_fifo_gen/gconvfifo.rf/grf.rf/gntv_or_sync_fifo.gcx.clkx/gnxpm_cdc.rd_pntr_gc_reg[2]} {dbg_hub/inst/BSCANID.u_xsdbm_id/CORE_XSDB.UUT_MASTER/U_ICON_INTERFACE/U_CMD6_WR/U_WR_FIFO/SUBCORE_FIFO.xsdbm_v3_0_0_wrfifo_inst/inst_fifo_gen/gconvfifo.rf/grf.rf/gntv_or_sync_fifo.gcx.clkx/gnxpm_cdc.rd_pntr_gc_reg[3]}]] -to [get_cells [list {dbg_hub/inst/BSCANID.u_xsdbm_id/CORE_XSDB.UUT_MASTER/U_ICON_INTERFACE/U_CMD6_WR/U_WR_FIFO/SUBCORE_FIFO.xsdbm_v3_0_0_wrfifo_inst/inst_fifo_gen/gconvfifo.rf/grf.rf/gntv_or_sync_fifo.gcx.clkx/gnxpm_cdc.gsync_stage[1].wr_stg_inst/Q_reg_reg[0]} {dbg_hub/inst/BSCANID.u_xsdbm_id/CORE_XSDB.UUT_MASTER/U_ICON_INTERFACE/U_CMD6_WR/U_WR_FIFO/SUBCORE_FIFO.xsdbm_v3_0_0_wrfifo_inst/inst_fifo_gen/gconvfifo.rf/grf.rf/gntv_or_sync_fifo.gcx.clkx/gnxpm_cdc.gsync_stage[1].wr_stg_inst/Q_reg_reg[1]} {dbg_hub/inst/BSCANID.u_xsdbm_id/CORE_XSDB.UUT_MASTER/U_ICON_INTERFACE/U_CMD6_WR/U_WR_FIFO/SUBCORE_FIFO.xsdbm_v3_0_0_wrfifo_inst/inst_fifo_gen/gconvfifo.rf/grf.rf/gntv_or_sync_fifo.gcx.clkx/gnxpm_cdc.gsync_stage[1].wr_stg_inst/Q_reg_reg[2]} {dbg_hub/inst/BSCANID.u_xsdbm_id/CORE_XSDB.UUT_MASTER/U_ICON_INTERFACE/U_CMD6_WR/U_WR_FIFO/SUBCORE_FIFO.xsdbm_v3_0_0_wrfifo_inst/inst_fifo_gen/gconvfifo.rf/grf.rf/gntv_or_sync_fifo.gcx.clkx/gnxpm_cdc.gsync_stage[1].wr_stg_inst/Q_reg_reg[3]}]] 20.000
Requirement: 20.000ns
Endpoints: 4

From Clock            To Clock              Endpoint Pin                    Reference Pin                   Corner  Actual(ns)  Slack(ns)
--------------------  --------------------  ------------------------------  ------------------------------  ------  ----------  ---------
clk_out1_uav_sar_clk_wiz_0_0
                      dbg_hub/inst/BSCANID.u_xsdbm_id/SWITCH_N_EXT_BSCAN.bscan_inst/SERIES7_BSCAN.bscan_inst/INTERNAL_TCK
                                            dbg_hub/inst/BSCANID.u_xsdbm_id/CORE_XSDB.UUT_MASTER/U_ICON_INTERFACE/U_CMD6_WR/U_WR_FIFO/SUBCORE_FIFO.xsdbm_v3_0_0_wrfifo_inst/inst_fifo_gen/gconvfifo.rf/grf.rf/gntv_or_sync_fifo.gcx.clkx/gnxpm_cdc.gsync_stage[1].wr_stg_inst/Q_reg_reg[0]/D
                                                                            dbg_hub/inst/BSCANID.u_xsdbm_id/CORE_XSDB.UUT_MASTER/U_ICON_INTERFACE/U_CMD6_WR/U_WR_FIFO/SUBCORE_FIFO.xsdbm_v3_0_0_wrfifo_inst/inst_fifo_gen/gconvfifo.rf/grf.rf/gntv_or_sync_fifo.gcx.clkx/gnxpm_cdc.gsync_stage[1].wr_stg_inst/Q_reg_reg[3]/D
                                                                                                            Slow         0.859     19.141


Slack (MET) :             19.141ns  (requirement - actual skew)
  Endpoint Source:        dbg_hub/inst/BSCANID.u_xsdbm_id/CORE_XSDB.UUT_MASTER/U_ICON_INTERFACE/U_CMD6_WR/U_WR_FIFO/SUBCORE_FIFO.xsdbm_v3_0_0_wrfifo_inst/inst_fifo_gen/gconvfifo.rf/grf.rf/gntv_or_sync_fifo.gcx.clkx/gnxpm_cdc.rd_pntr_gc_reg[0]/C
                            (rising edge-triggered cell FDCE clocked by clk_out1_uav_sar_clk_wiz_0_0)
  Endpoint Destination:   dbg_hub/inst/BSCANID.u_xsdbm_id/CORE_XSDB.UUT_MASTER/U_ICON_INTERFACE/U_CMD6_WR/U_WR_FIFO/SUBCORE_FIFO.xsdbm_v3_0_0_wrfifo_inst/inst_fifo_gen/gconvfifo.rf/grf.rf/gntv_or_sync_fifo.gcx.clkx/gnxpm_cdc.gsync_stage[1].wr_stg_inst/Q_reg_reg[0]/D
                            (rising edge-triggered cell FDCE clocked by dbg_hub/inst/BSCANID.u_xsdbm_id/SWITCH_N_EXT_BSCAN.bscan_inst/SERIES7_BSCAN.bscan_inst/INTERNAL_TCK)
  Reference Source:       dbg_hub/inst/BSCANID.u_xsdbm_id/CORE_XSDB.UUT_MASTER/U_ICON_INTERFACE/U_CMD6_WR/U_WR_FIFO/SUBCORE_FIFO.xsdbm_v3_0_0_wrfifo_inst/inst_fifo_gen/gconvfifo.rf/grf.rf/gntv_or_sync_fifo.gcx.clkx/gnxpm_cdc.rd_pntr_gc_reg[3]/C
                            (rising edge-triggered cell FDCE clocked by clk_out1_uav_sar_clk_wiz_0_0)
  Reference Destination:  dbg_hub/inst/BSCANID.u_xsdbm_id/CORE_XSDB.UUT_MASTER/U_ICON_INTERFACE/U_CMD6_WR/U_WR_FIFO/SUBCORE_FIFO.xsdbm_v3_0_0_wrfifo_inst/inst_fifo_gen/gconvfifo.rf/grf.rf/gntv_or_sync_fifo.gcx.clkx/gnxpm_cdc.gsync_stage[1].wr_stg_inst/Q_reg_reg[3]/D
                            (rising edge-triggered cell FDCE clocked by dbg_hub/inst/BSCANID.u_xsdbm_id/SWITCH_N_EXT_BSCAN.bscan_inst/SERIES7_BSCAN.bscan_inst/INTERNAL_TCK)
  Path Type:              Bus Skew (Max at Slow Process Corner)
  Requirement:            20.000ns
  Endpoint Relative Delay:    1.538ns
  Reference Relative Delay:  -3.668ns
  Relative CRPR:              4.551ns
  Uncertainty:                0.205ns
  Actual Bus Skew:            0.859ns  (Endpoint Relative Delay - Reference Relative Delay - Relative CRPR + Uncertainty)

Endpoint path:
    Location             Delay type                Incr(ns)  Path(ns)    Netlist Resource(s)
  -------------------------------------------------------------------    -------------------
                         (clock clk_out1_uav_sar_clk_wiz_0_0 rise edge)
                                                      0.000     0.000 r  
    BUFG_PS_X0Y51        BUFG_PS                      0.000     0.000 r  uav_sar_i/zynq_ultra_ps/inst/buffer_pl_clk_0.PL_CLK_0_BUFG/O
                         net (fo=1, routed)           1.282     1.282    uav_sar_i/zynq_ultra_pl/clk_wiz/inst/clk_in1
    PLL_X0Y5             PLLE4_ADV (Prop_PLL_CLKIN_CLKOUT0)
                                                      0.054     1.336 r  uav_sar_i/zynq_ultra_pl/clk_wiz/inst/plle4_adv_inst/CLKOUT0
                         net (fo=1, routed)           0.280     1.616    uav_sar_i/zynq_ultra_pl/clk_wiz/inst/clk_out1_uav_sar_clk_wiz_0_0
    BUFGCE_X0Y50         BUFGCE (Prop_BUFCE_BUFGCE_I_O)
                                                      0.028     1.644 r  uav_sar_i/zynq_ultra_pl/clk_wiz/inst/clkout1_buf/O
    X0Y1 (CLOCK_ROOT)    net (fo=25882, routed)       2.324     3.968    dbg_hub/inst/BSCANID.u_xsdbm_id/CORE_XSDB.UUT_MASTER/U_ICON_INTERFACE/U_CMD6_WR/U_WR_FIFO/SUBCORE_FIFO.xsdbm_v3_0_0_wrfifo_inst/inst_fifo_gen/gconvfifo.rf/grf.rf/gntv_or_sync_fifo.gcx.clkx/rd_clk
    SLICE_X16Y99         FDCE                                         r  dbg_hub/inst/BSCANID.u_xsdbm_id/CORE_XSDB.UUT_MASTER/U_ICON_INTERFACE/U_CMD6_WR/U_WR_FIFO/SUBCORE_FIFO.xsdbm_v3_0_0_wrfifo_inst/inst_fifo_gen/gconvfifo.rf/grf.rf/gntv_or_sync_fifo.gcx.clkx/gnxpm_cdc.rd_pntr_gc_reg[0]/C
  -------------------------------------------------------------------    -------------------
    SLICE_X16Y99         FDCE (Prop_FFF_SLICEM_C_Q)
                                                      0.094     4.062 r  dbg_hub/inst/BSCANID.u_xsdbm_id/CORE_XSDB.UUT_MASTER/U_ICON_INTERFACE/U_CMD6_WR/U_WR_FIFO/SUBCORE_FIFO.xsdbm_v3_0_0_wrfifo_inst/inst_fifo_gen/gconvfifo.rf/grf.rf/gntv_or_sync_fifo.gcx.clkx/gnxpm_cdc.rd_pntr_gc_reg[0]/Q
                         net (fo=1, routed)           0.573     4.635    dbg_hub/inst/BSCANID.u_xsdbm_id/CORE_XSDB.UUT_MASTER/U_ICON_INTERFACE/U_CMD6_WR/U_WR_FIFO/SUBCORE_FIFO.xsdbm_v3_0_0_wrfifo_inst/inst_fifo_gen/gconvfifo.rf/grf.rf/gntv_or_sync_fifo.gcx.clkx/gnxpm_cdc.gsync_stage[1].wr_stg_inst/Q[0]
    SLICE_X14Y100        FDCE                                         r  dbg_hub/inst/BSCANID.u_xsdbm_id/CORE_XSDB.UUT_MASTER/U_ICON_INTERFACE/U_CMD6_WR/U_WR_FIFO/SUBCORE_FIFO.xsdbm_v3_0_0_wrfifo_inst/inst_fifo_gen/gconvfifo.rf/grf.rf/gntv_or_sync_fifo.gcx.clkx/gnxpm_cdc.gsync_stage[1].wr_stg_inst/Q_reg_reg[0]/D
  -------------------------------------------------------------------    -------------------

                         (clock dbg_hub/inst/BSCANID.u_xsdbm_id/SWITCH_N_EXT_BSCAN.bscan_inst/SERIES7_BSCAN.bscan_inst/INTERNAL_TCK rise edge)
                                                      0.000     0.000 r  
    CONFIG_SITE_X0Y0     BSCANE2                      0.000     0.000 r  dbg_hub/inst/BSCANID.u_xsdbm_id/SWITCH_N_EXT_BSCAN.bscan_inst/SERIES7_BSCAN.bscan_inst/INTERNAL_TCK
    CONFIG_SITE_X0Y0     BSCANE2 (Prop_BSCAN1_CONFIG_SITE_INTERNAL_TCK_TCK)
                                                      0.465     0.465 r  dbg_hub/inst/BSCANID.u_xsdbm_id/SWITCH_N_EXT_BSCAN.bscan_inst/SERIES7_BSCAN.bscan_inst/TCK
                         net (fo=1, routed)           0.963     1.428    dbg_hub/inst/BSCANID.u_xsdbm_id/tck_bs
    BUFGCE_X0Y14         BUFGCE (Prop_BUFCE_BUFGCE_I_O)
                                                      0.024     1.452 r  dbg_hub/inst/BSCANID.u_xsdbm_id/SWITCH_N_EXT_BSCAN.u_bufg_icon_tck/O
    X0Y1 (CLOCK_ROOT)    net (fo=494, routed)         1.618     3.070    dbg_hub/inst/BSCANID.u_xsdbm_id/CORE_XSDB.UUT_MASTER/U_ICON_INTERFACE/U_CMD6_WR/U_WR_FIFO/SUBCORE_FIFO.xsdbm_v3_0_0_wrfifo_inst/inst_fifo_gen/gconvfifo.rf/grf.rf/gntv_or_sync_fifo.gcx.clkx/gnxpm_cdc.gsync_stage[1].wr_stg_inst/wr_clk
    SLICE_X14Y100        FDCE                                         r  dbg_hub/inst/BSCANID.u_xsdbm_id/CORE_XSDB.UUT_MASTER/U_ICON_INTERFACE/U_CMD6_WR/U_WR_FIFO/SUBCORE_FIFO.xsdbm_v3_0_0_wrfifo_inst/inst_fifo_gen/gconvfifo.rf/grf.rf/gntv_or_sync_fifo.gcx.clkx/gnxpm_cdc.gsync_stage[1].wr_stg_inst/Q_reg_reg[0]/C
                         clock pessimism              0.000     3.070    
    SLICE_X14Y100        FDCE (Setup_BFF2_SLICEM_C_D)
                                                      0.027     3.097    dbg_hub/inst/BSCANID.u_xsdbm_id/CORE_XSDB.UUT_MASTER/U_ICON_INTERFACE/U_CMD6_WR/U_WR_FIFO/SUBCORE_FIFO.xsdbm_v3_0_0_wrfifo_inst/inst_fifo_gen/gconvfifo.rf/grf.rf/gntv_or_sync_fifo.gcx.clkx/gnxpm_cdc.gsync_stage[1].wr_stg_inst/Q_reg_reg[0]
  -------------------------------------------------------------------
                         data arrival                           4.635    
                         clock arrival                          3.097    
  -------------------------------------------------------------------
                         relative delay                         1.538    

Reference path:
    Location             Delay type                Incr(ns)  Path(ns)    Netlist Resource(s)
  -------------------------------------------------------------------    -------------------
                         (clock clk_out1_uav_sar_clk_wiz_0_0 rise edge)
                                                      0.000     0.000 r  
    BUFG_PS_X0Y51        BUFG_PS                      0.000     0.000 r  uav_sar_i/zynq_ultra_ps/inst/buffer_pl_clk_0.PL_CLK_0_BUFG/O
                         net (fo=1, routed)           1.139     1.139    uav_sar_i/zynq_ultra_pl/clk_wiz/inst/clk_in1
    PLL_X0Y5             PLLE4_ADV (Prop_PLL_CLKIN_CLKOUT0)
                                                      0.444     1.583 r  uav_sar_i/zynq_ultra_pl/clk_wiz/inst/plle4_adv_inst/CLKOUT0
                         net (fo=1, routed)           0.244     1.827    uav_sar_i/zynq_ultra_pl/clk_wiz/inst/clk_out1_uav_sar_clk_wiz_0_0
    BUFGCE_X0Y50         BUFGCE (Prop_BUFCE_BUFGCE_I_O)
                                                      0.024     1.851 r  uav_sar_i/zynq_ultra_pl/clk_wiz/inst/clkout1_buf/O
    X0Y1 (CLOCK_ROOT)    net (fo=25882, routed)       2.036     3.887    dbg_hub/inst/BSCANID.u_xsdbm_id/CORE_XSDB.UUT_MASTER/U_ICON_INTERFACE/U_CMD6_WR/U_WR_FIFO/SUBCORE_FIFO.xsdbm_v3_0_0_wrfifo_inst/inst_fifo_gen/gconvfifo.rf/grf.rf/gntv_or_sync_fifo.gcx.clkx/rd_clk
    SLICE_X14Y99         FDCE                                         r  dbg_hub/inst/BSCANID.u_xsdbm_id/CORE_XSDB.UUT_MASTER/U_ICON_INTERFACE/U_CMD6_WR/U_WR_FIFO/SUBCORE_FIFO.xsdbm_v3_0_0_wrfifo_inst/inst_fifo_gen/gconvfifo.rf/grf.rf/gntv_or_sync_fifo.gcx.clkx/gnxpm_cdc.rd_pntr_gc_reg[3]/C
  -------------------------------------------------------------------    -------------------
    SLICE_X14Y99         FDCE (Prop_EFF_SLICEM_C_Q)
                                                      0.069     3.956 r  dbg_hub/inst/BSCANID.u_xsdbm_id/CORE_XSDB.UUT_MASTER/U_ICON_INTERFACE/U_CMD6_WR/U_WR_FIFO/SUBCORE_FIFO.xsdbm_v3_0_0_wrfifo_inst/inst_fifo_gen/gconvfifo.rf/grf.rf/gntv_or_sync_fifo.gcx.clkx/gnxpm_cdc.rd_pntr_gc_reg[3]/Q
                         net (fo=1, routed)           0.121     4.077    dbg_hub/inst/BSCANID.u_xsdbm_id/CORE_XSDB.UUT_MASTER/U_ICON_INTERFACE/U_CMD6_WR/U_WR_FIFO/SUBCORE_FIFO.xsdbm_v3_0_0_wrfifo_inst/inst_fifo_gen/gconvfifo.rf/grf.rf/gntv_or_sync_fifo.gcx.clkx/gnxpm_cdc.gsync_stage[1].wr_stg_inst/Q[3]
    SLICE_X14Y99         FDCE                                         r  dbg_hub/inst/BSCANID.u_xsdbm_id/CORE_XSDB.UUT_MASTER/U_ICON_INTERFACE/U_CMD6_WR/U_WR_FIFO/SUBCORE_FIFO.xsdbm_v3_0_0_wrfifo_inst/inst_fifo_gen/gconvfifo.rf/grf.rf/gntv_or_sync_fifo.gcx.clkx/gnxpm_cdc.gsync_stage[1].wr_stg_inst/Q_reg_reg[3]/D
  -------------------------------------------------------------------    -------------------

                         (clock dbg_hub/inst/BSCANID.u_xsdbm_id/SWITCH_N_EXT_BSCAN.bscan_inst/SERIES7_BSCAN.bscan_inst/INTERNAL_TCK rise edge)
                                                      0.000     0.000 r  
    CONFIG_SITE_X0Y0     BSCANE2                      0.000     0.000 r  dbg_hub/inst/BSCANID.u_xsdbm_id/SWITCH_N_EXT_BSCAN.bscan_inst/SERIES7_BSCAN.bscan_inst/INTERNAL_TCK
    CONFIG_SITE_X0Y0     BSCANE2 (Prop_BSCAN1_CONFIG_SITE_INTERNAL_TCK_TCK)
                                                      4.300     4.300 r  dbg_hub/inst/BSCANID.u_xsdbm_id/SWITCH_N_EXT_BSCAN.bscan_inst/SERIES7_BSCAN.bscan_inst/TCK
                         net (fo=1, routed)           1.537     5.837    dbg_hub/inst/BSCANID.u_xsdbm_id/tck_bs
    BUFGCE_X0Y14         BUFGCE (Prop_BUFCE_BUFGCE_I_O)
                                                      0.028     5.865 r  dbg_hub/inst/BSCANID.u_xsdbm_id/SWITCH_N_EXT_BSCAN.u_bufg_icon_tck/O
    X0Y1 (CLOCK_ROOT)    net (fo=494, routed)         1.826     7.691    dbg_hub/inst/BSCANID.u_xsdbm_id/CORE_XSDB.UUT_MASTER/U_ICON_INTERFACE/U_CMD6_WR/U_WR_FIFO/SUBCORE_FIFO.xsdbm_v3_0_0_wrfifo_inst/inst_fifo_gen/gconvfifo.rf/grf.rf/gntv_or_sync_fifo.gcx.clkx/gnxpm_cdc.gsync_stage[1].wr_stg_inst/wr_clk
    SLICE_X14Y99         FDCE                                         r  dbg_hub/inst/BSCANID.u_xsdbm_id/CORE_XSDB.UUT_MASTER/U_ICON_INTERFACE/U_CMD6_WR/U_WR_FIFO/SUBCORE_FIFO.xsdbm_v3_0_0_wrfifo_inst/inst_fifo_gen/gconvfifo.rf/grf.rf/gntv_or_sync_fifo.gcx.clkx/gnxpm_cdc.gsync_stage[1].wr_stg_inst/Q_reg_reg[3]/C
                         clock pessimism              0.000     7.691    
    SLICE_X14Y99         FDCE (Hold_CFF2_SLICEM_C_D)
                                                      0.054     7.745    dbg_hub/inst/BSCANID.u_xsdbm_id/CORE_XSDB.UUT_MASTER/U_ICON_INTERFACE/U_CMD6_WR/U_WR_FIFO/SUBCORE_FIFO.xsdbm_v3_0_0_wrfifo_inst/inst_fifo_gen/gconvfifo.rf/grf.rf/gntv_or_sync_fifo.gcx.clkx/gnxpm_cdc.gsync_stage[1].wr_stg_inst/Q_reg_reg[3]
  -------------------------------------------------------------------
                         data arrival                           4.077    
                         clock arrival                          7.745    
  -------------------------------------------------------------------
                         relative delay                        -3.668    



Id: 8
set_bus_skew -from [get_cells [list {dbg_hub/inst/BSCANID.u_xsdbm_id/CORE_XSDB.UUT_MASTER/U_ICON_INTERFACE/U_CMD6_WR/U_WR_FIFO/SUBCORE_FIFO.xsdbm_v3_0_0_wrfifo_inst/inst_fifo_gen/gconvfifo.rf/grf.rf/gntv_or_sync_fifo.gcx.clkx/gnxpm_cdc.wr_pntr_gc_reg[0]} {dbg_hub/inst/BSCANID.u_xsdbm_id/CORE_XSDB.UUT_MASTER/U_ICON_INTERFACE/U_CMD6_WR/U_WR_FIFO/SUBCORE_FIFO.xsdbm_v3_0_0_wrfifo_inst/inst_fifo_gen/gconvfifo.rf/grf.rf/gntv_or_sync_fifo.gcx.clkx/gnxpm_cdc.wr_pntr_gc_reg[1]} {dbg_hub/inst/BSCANID.u_xsdbm_id/CORE_XSDB.UUT_MASTER/U_ICON_INTERFACE/U_CMD6_WR/U_WR_FIFO/SUBCORE_FIFO.xsdbm_v3_0_0_wrfifo_inst/inst_fifo_gen/gconvfifo.rf/grf.rf/gntv_or_sync_fifo.gcx.clkx/gnxpm_cdc.wr_pntr_gc_reg[2]} {dbg_hub/inst/BSCANID.u_xsdbm_id/CORE_XSDB.UUT_MASTER/U_ICON_INTERFACE/U_CMD6_WR/U_WR_FIFO/SUBCORE_FIFO.xsdbm_v3_0_0_wrfifo_inst/inst_fifo_gen/gconvfifo.rf/grf.rf/gntv_or_sync_fifo.gcx.clkx/gnxpm_cdc.wr_pntr_gc_reg[3]}]] -to [get_cells [list {dbg_hub/inst/BSCANID.u_xsdbm_id/CORE_XSDB.UUT_MASTER/U_ICON_INTERFACE/U_CMD6_WR/U_WR_FIFO/SUBCORE_FIFO.xsdbm_v3_0_0_wrfifo_inst/inst_fifo_gen/gconvfifo.rf/grf.rf/gntv_or_sync_fifo.gcx.clkx/gnxpm_cdc.gsync_stage[1].rd_stg_inst/Q_reg_reg[0]} {dbg_hub/inst/BSCANID.u_xsdbm_id/CORE_XSDB.UUT_MASTER/U_ICON_INTERFACE/U_CMD6_WR/U_WR_FIFO/SUBCORE_FIFO.xsdbm_v3_0_0_wrfifo_inst/inst_fifo_gen/gconvfifo.rf/grf.rf/gntv_or_sync_fifo.gcx.clkx/gnxpm_cdc.gsync_stage[1].rd_stg_inst/Q_reg_reg[1]} {dbg_hub/inst/BSCANID.u_xsdbm_id/CORE_XSDB.UUT_MASTER/U_ICON_INTERFACE/U_CMD6_WR/U_WR_FIFO/SUBCORE_FIFO.xsdbm_v3_0_0_wrfifo_inst/inst_fifo_gen/gconvfifo.rf/grf.rf/gntv_or_sync_fifo.gcx.clkx/gnxpm_cdc.gsync_stage[1].rd_stg_inst/Q_reg_reg[2]} {dbg_hub/inst/BSCANID.u_xsdbm_id/CORE_XSDB.UUT_MASTER/U_ICON_INTERFACE/U_CMD6_WR/U_WR_FIFO/SUBCORE_FIFO.xsdbm_v3_0_0_wrfifo_inst/inst_fifo_gen/gconvfifo.rf/grf.rf/gntv_or_sync_fifo.gcx.clkx/gnxpm_cdc.gsync_stage[1].rd_stg_inst/Q_reg_reg[3]}]] 20.000
Requirement: 20.000ns
Endpoints: 4

From Clock            To Clock              Endpoint Pin                    Reference Pin                   Corner  Actual(ns)  Slack(ns)
--------------------  --------------------  ------------------------------  ------------------------------  ------  ----------  ---------
dbg_hub/inst/BSCANID.u_xsdbm_id/SWITCH_N_EXT_BSCAN.bscan_inst/SERIES7_BSCAN.bscan_inst/INTERNAL_TCK
                      clk_out1_uav_sar_clk_wiz_0_0
                                            dbg_hub/inst/BSCANID.u_xsdbm_id/CORE_XSDB.UUT_MASTER/U_ICON_INTERFACE/U_CMD6_WR/U_WR_FIFO/SUBCORE_FIFO.xsdbm_v3_0_0_wrfifo_inst/inst_fifo_gen/gconvfifo.rf/grf.rf/gntv_or_sync_fifo.gcx.clkx/gnxpm_cdc.gsync_stage[1].rd_stg_inst/Q_reg_reg[0]/D
                                                                            dbg_hub/inst/BSCANID.u_xsdbm_id/CORE_XSDB.UUT_MASTER/U_ICON_INTERFACE/U_CMD6_WR/U_WR_FIFO/SUBCORE_FIFO.xsdbm_v3_0_0_wrfifo_inst/inst_fifo_gen/gconvfifo.rf/grf.rf/gntv_or_sync_fifo.gcx.clkx/gnxpm_cdc.gsync_stage[1].rd_stg_inst/Q_reg_reg[3]/D
                                                                                                            Slow         0.618     19.382


Slack (MET) :             19.382ns  (requirement - actual skew)
  Endpoint Source:        dbg_hub/inst/BSCANID.u_xsdbm_id/CORE_XSDB.UUT_MASTER/U_ICON_INTERFACE/U_CMD6_WR/U_WR_FIFO/SUBCORE_FIFO.xsdbm_v3_0_0_wrfifo_inst/inst_fifo_gen/gconvfifo.rf/grf.rf/gntv_or_sync_fifo.gcx.clkx/gnxpm_cdc.wr_pntr_gc_reg[0]/C
                            (rising edge-triggered cell FDCE clocked by dbg_hub/inst/BSCANID.u_xsdbm_id/SWITCH_N_EXT_BSCAN.bscan_inst/SERIES7_BSCAN.bscan_inst/INTERNAL_TCK)
  Endpoint Destination:   dbg_hub/inst/BSCANID.u_xsdbm_id/CORE_XSDB.UUT_MASTER/U_ICON_INTERFACE/U_CMD6_WR/U_WR_FIFO/SUBCORE_FIFO.xsdbm_v3_0_0_wrfifo_inst/inst_fifo_gen/gconvfifo.rf/grf.rf/gntv_or_sync_fifo.gcx.clkx/gnxpm_cdc.gsync_stage[1].rd_stg_inst/Q_reg_reg[0]/D
                            (rising edge-triggered cell FDCE clocked by clk_out1_uav_sar_clk_wiz_0_0)
  Reference Source:       dbg_hub/inst/BSCANID.u_xsdbm_id/CORE_XSDB.UUT_MASTER/U_ICON_INTERFACE/U_CMD6_WR/U_WR_FIFO/SUBCORE_FIFO.xsdbm_v3_0_0_wrfifo_inst/inst_fifo_gen/gconvfifo.rf/grf.rf/gntv_or_sync_fifo.gcx.clkx/gnxpm_cdc.wr_pntr_gc_reg[3]/C
                            (rising edge-triggered cell FDCE clocked by dbg_hub/inst/BSCANID.u_xsdbm_id/SWITCH_N_EXT_BSCAN.bscan_inst/SERIES7_BSCAN.bscan_inst/INTERNAL_TCK)
  Reference Destination:  dbg_hub/inst/BSCANID.u_xsdbm_id/CORE_XSDB.UUT_MASTER/U_ICON_INTERFACE/U_CMD6_WR/U_WR_FIFO/SUBCORE_FIFO.xsdbm_v3_0_0_wrfifo_inst/inst_fifo_gen/gconvfifo.rf/grf.rf/gntv_or_sync_fifo.gcx.clkx/gnxpm_cdc.gsync_stage[1].rd_stg_inst/Q_reg_reg[3]/D
                            (rising edge-triggered cell FDCE clocked by clk_out1_uav_sar_clk_wiz_0_0)
  Path Type:              Bus Skew (Max at Slow Process Corner)
  Requirement:            20.000ns
  Endpoint Relative Delay:    4.153ns
  Reference Relative Delay:  -0.749ns
  Relative CRPR:              4.489ns
  Uncertainty:                0.205ns
  Actual Bus Skew:            0.618ns  (Endpoint Relative Delay - Reference Relative Delay - Relative CRPR + Uncertainty)

Endpoint path:
    Location             Delay type                Incr(ns)  Path(ns)    Netlist Resource(s)
  -------------------------------------------------------------------    -------------------
                         (clock dbg_hub/inst/BSCANID.u_xsdbm_id/SWITCH_N_EXT_BSCAN.bscan_inst/SERIES7_BSCAN.bscan_inst/INTERNAL_TCK rise edge)
                                                      0.000     0.000 r  
    CONFIG_SITE_X0Y0     BSCANE2                      0.000     0.000 r  dbg_hub/inst/BSCANID.u_xsdbm_id/SWITCH_N_EXT_BSCAN.bscan_inst/SERIES7_BSCAN.bscan_inst/INTERNAL_TCK
    CONFIG_SITE_X0Y0     BSCANE2 (Prop_BSCAN1_CONFIG_SITE_INTERNAL_TCK_TCK)
                                                      4.300     4.300 r  dbg_hub/inst/BSCANID.u_xsdbm_id/SWITCH_N_EXT_BSCAN.bscan_inst/SERIES7_BSCAN.bscan_inst/TCK
                         net (fo=1, routed)           1.537     5.837    dbg_hub/inst/BSCANID.u_xsdbm_id/tck_bs
    BUFGCE_X0Y14         BUFGCE (Prop_BUFCE_BUFGCE_I_O)
                                                      0.028     5.865 r  dbg_hub/inst/BSCANID.u_xsdbm_id/SWITCH_N_EXT_BSCAN.u_bufg_icon_tck/O
    X0Y1 (CLOCK_ROOT)    net (fo=494, routed)         1.821     7.686    dbg_hub/inst/BSCANID.u_xsdbm_id/CORE_XSDB.UUT_MASTER/U_ICON_INTERFACE/U_CMD6_WR/U_WR_FIFO/SUBCORE_FIFO.xsdbm_v3_0_0_wrfifo_inst/inst_fifo_gen/gconvfifo.rf/grf.rf/gntv_or_sync_fifo.gcx.clkx/wr_clk
    SLICE_X16Y99         FDCE                                         r  dbg_hub/inst/BSCANID.u_xsdbm_id/CORE_XSDB.UUT_MASTER/U_ICON_INTERFACE/U_CMD6_WR/U_WR_FIFO/SUBCORE_FIFO.xsdbm_v3_0_0_wrfifo_inst/inst_fifo_gen/gconvfifo.rf/grf.rf/gntv_or_sync_fifo.gcx.clkx/gnxpm_cdc.wr_pntr_gc_reg[0]/C
  -------------------------------------------------------------------    -------------------
    SLICE_X16Y99         FDCE (Prop_DFF_SLICEM_C_Q)
                                                      0.096     7.782 r  dbg_hub/inst/BSCANID.u_xsdbm_id/CORE_XSDB.UUT_MASTER/U_ICON_INTERFACE/U_CMD6_WR/U_WR_FIFO/SUBCORE_FIFO.xsdbm_v3_0_0_wrfifo_inst/inst_fifo_gen/gconvfifo.rf/grf.rf/gntv_or_sync_fifo.gcx.clkx/gnxpm_cdc.wr_pntr_gc_reg[0]/Q
                         net (fo=1, routed)           0.308     8.090    dbg_hub/inst/BSCANID.u_xsdbm_id/CORE_XSDB.UUT_MASTER/U_ICON_INTERFACE/U_CMD6_WR/U_WR_FIFO/SUBCORE_FIFO.xsdbm_v3_0_0_wrfifo_inst/inst_fifo_gen/gconvfifo.rf/grf.rf/gntv_or_sync_fifo.gcx.clkx/gnxpm_cdc.gsync_stage[1].rd_stg_inst/Q[0]
    SLICE_X16Y99         FDCE                                         r  dbg_hub/inst/BSCANID.u_xsdbm_id/CORE_XSDB.UUT_MASTER/U_ICON_INTERFACE/U_CMD6_WR/U_WR_FIFO/SUBCORE_FIFO.xsdbm_v3_0_0_wrfifo_inst/inst_fifo_gen/gconvfifo.rf/grf.rf/gntv_or_sync_fifo.gcx.clkx/gnxpm_cdc.gsync_stage[1].rd_stg_inst/Q_reg_reg[0]/D
  -------------------------------------------------------------------    -------------------

                         (clock clk_out1_uav_sar_clk_wiz_0_0 rise edge)
                                                      0.000     0.000 r  
    BUFG_PS_X0Y51        BUFG_PS                      0.000     0.000 r  uav_sar_i/zynq_ultra_ps/inst/buffer_pl_clk_0.PL_CLK_0_BUFG/O
                         net (fo=1, routed)           1.139     1.139    uav_sar_i/zynq_ultra_pl/clk_wiz/inst/clk_in1
    PLL_X0Y5             PLLE4_ADV (Prop_PLL_CLKIN_CLKOUT0)
                                                      0.444     1.583 r  uav_sar_i/zynq_ultra_pl/clk_wiz/inst/plle4_adv_inst/CLKOUT0
                         net (fo=1, routed)           0.244     1.827    uav_sar_i/zynq_ultra_pl/clk_wiz/inst/clk_out1_uav_sar_clk_wiz_0_0
    BUFGCE_X0Y50         BUFGCE (Prop_BUFCE_BUFGCE_I_O)
                                                      0.024     1.851 r  uav_sar_i/zynq_ultra_pl/clk_wiz/inst/clkout1_buf/O
    X0Y1 (CLOCK_ROOT)    net (fo=25882, routed)       2.059     3.910    dbg_hub/inst/BSCANID.u_xsdbm_id/CORE_XSDB.UUT_MASTER/U_ICON_INTERFACE/U_CMD6_WR/U_WR_FIFO/SUBCORE_FIFO.xsdbm_v3_0_0_wrfifo_inst/inst_fifo_gen/gconvfifo.rf/grf.rf/gntv_or_sync_fifo.gcx.clkx/gnxpm_cdc.gsync_stage[1].rd_stg_inst/rd_clk
    SLICE_X16Y99         FDCE                                         r  dbg_hub/inst/BSCANID.u_xsdbm_id/CORE_XSDB.UUT_MASTER/U_ICON_INTERFACE/U_CMD6_WR/U_WR_FIFO/SUBCORE_FIFO.xsdbm_v3_0_0_wrfifo_inst/inst_fifo_gen/gconvfifo.rf/grf.rf/gntv_or_sync_fifo.gcx.clkx/gnxpm_cdc.gsync_stage[1].rd_stg_inst/Q_reg_reg[0]/C
                         clock pessimism              0.000     3.910    
    SLICE_X16Y99         FDCE (Setup_GFF2_SLICEM_C_D)
                                                      0.027     3.937    dbg_hub/inst/BSCANID.u_xsdbm_id/CORE_XSDB.UUT_MASTER/U_ICON_INTERFACE/U_CMD6_WR/U_WR_FIFO/SUBCORE_FIFO.xsdbm_v3_0_0_wrfifo_inst/inst_fifo_gen/gconvfifo.rf/grf.rf/gntv_or_sync_fifo.gcx.clkx/gnxpm_cdc.gsync_stage[1].rd_stg_inst/Q_reg_reg[0]
  -------------------------------------------------------------------
                         data arrival                           8.090    
                         clock arrival                          3.937    
  -------------------------------------------------------------------
                         relative delay                         4.153    

Reference path:
    Location             Delay type                Incr(ns)  Path(ns)    Netlist Resource(s)
  -------------------------------------------------------------------    -------------------
                         (clock dbg_hub/inst/BSCANID.u_xsdbm_id/SWITCH_N_EXT_BSCAN.bscan_inst/SERIES7_BSCAN.bscan_inst/INTERNAL_TCK rise edge)
                                                      0.000     0.000 r  
    CONFIG_SITE_X0Y0     BSCANE2                      0.000     0.000 r  dbg_hub/inst/BSCANID.u_xsdbm_id/SWITCH_N_EXT_BSCAN.bscan_inst/SERIES7_BSCAN.bscan_inst/INTERNAL_TCK
    CONFIG_SITE_X0Y0     BSCANE2 (Prop_BSCAN1_CONFIG_SITE_INTERNAL_TCK_TCK)
                                                      0.465     0.465 r  dbg_hub/inst/BSCANID.u_xsdbm_id/SWITCH_N_EXT_BSCAN.bscan_inst/SERIES7_BSCAN.bscan_inst/TCK
                         net (fo=1, routed)           0.963     1.428    dbg_hub/inst/BSCANID.u_xsdbm_id/tck_bs
    BUFGCE_X0Y14         BUFGCE (Prop_BUFCE_BUFGCE_I_O)
                                                      0.024     1.452 r  dbg_hub/inst/BSCANID.u_xsdbm_id/SWITCH_N_EXT_BSCAN.u_bufg_icon_tck/O
    X0Y1 (CLOCK_ROOT)    net (fo=494, routed)         1.612     3.064    dbg_hub/inst/BSCANID.u_xsdbm_id/CORE_XSDB.UUT_MASTER/U_ICON_INTERFACE/U_CMD6_WR/U_WR_FIFO/SUBCORE_FIFO.xsdbm_v3_0_0_wrfifo_inst/inst_fifo_gen/gconvfifo.rf/grf.rf/gntv_or_sync_fifo.gcx.clkx/wr_clk
    SLICE_X14Y99         FDCE                                         r  dbg_hub/inst/BSCANID.u_xsdbm_id/CORE_XSDB.UUT_MASTER/U_ICON_INTERFACE/U_CMD6_WR/U_WR_FIFO/SUBCORE_FIFO.xsdbm_v3_0_0_wrfifo_inst/inst_fifo_gen/gconvfifo.rf/grf.rf/gntv_or_sync_fifo.gcx.clkx/gnxpm_cdc.wr_pntr_gc_reg[3]/C
  -------------------------------------------------------------------    -------------------
    SLICE_X14Y99         FDCE (Prop_AFF_SLICEM_C_Q)
                                                      0.069     3.133 r  dbg_hub/inst/BSCANID.u_xsdbm_id/CORE_XSDB.UUT_MASTER/U_ICON_INTERFACE/U_CMD6_WR/U_WR_FIFO/SUBCORE_FIFO.xsdbm_v3_0_0_wrfifo_inst/inst_fifo_gen/gconvfifo.rf/grf.rf/gntv_or_sync_fifo.gcx.clkx/gnxpm_cdc.wr_pntr_gc_reg[3]/Q
                         net (fo=1, routed)           0.111     3.244    dbg_hub/inst/BSCANID.u_xsdbm_id/CORE_XSDB.UUT_MASTER/U_ICON_INTERFACE/U_CMD6_WR/U_WR_FIFO/SUBCORE_FIFO.xsdbm_v3_0_0_wrfifo_inst/inst_fifo_gen/gconvfifo.rf/grf.rf/gntv_or_sync_fifo.gcx.clkx/gnxpm_cdc.gsync_stage[1].rd_stg_inst/Q[3]
    SLICE_X14Y99         FDCE                                         r  dbg_hub/inst/BSCANID.u_xsdbm_id/CORE_XSDB.UUT_MASTER/U_ICON_INTERFACE/U_CMD6_WR/U_WR_FIFO/SUBCORE_FIFO.xsdbm_v3_0_0_wrfifo_inst/inst_fifo_gen/gconvfifo.rf/grf.rf/gntv_or_sync_fifo.gcx.clkx/gnxpm_cdc.gsync_stage[1].rd_stg_inst/Q_reg_reg[3]/D
  -------------------------------------------------------------------    -------------------

                         (clock clk_out1_uav_sar_clk_wiz_0_0 rise edge)
                                                      0.000     0.000 r  
    BUFG_PS_X0Y51        BUFG_PS                      0.000     0.000 r  uav_sar_i/zynq_ultra_ps/inst/buffer_pl_clk_0.PL_CLK_0_BUFG/O
                         net (fo=1, routed)           1.282     1.282    uav_sar_i/zynq_ultra_pl/clk_wiz/inst/clk_in1
    PLL_X0Y5             PLLE4_ADV (Prop_PLL_CLKIN_CLKOUT0)
                                                      0.054     1.336 r  uav_sar_i/zynq_ultra_pl/clk_wiz/inst/plle4_adv_inst/CLKOUT0
                         net (fo=1, routed)           0.280     1.616    uav_sar_i/zynq_ultra_pl/clk_wiz/inst/clk_out1_uav_sar_clk_wiz_0_0
    BUFGCE_X0Y50         BUFGCE (Prop_BUFCE_BUFGCE_I_O)
                                                      0.028     1.644 r  uav_sar_i/zynq_ultra_pl/clk_wiz/inst/clkout1_buf/O
    X0Y1 (CLOCK_ROOT)    net (fo=25882, routed)       2.294     3.938    dbg_hub/inst/BSCANID.u_xsdbm_id/CORE_XSDB.UUT_MASTER/U_ICON_INTERFACE/U_CMD6_WR/U_WR_FIFO/SUBCORE_FIFO.xsdbm_v3_0_0_wrfifo_inst/inst_fifo_gen/gconvfifo.rf/grf.rf/gntv_or_sync_fifo.gcx.clkx/gnxpm_cdc.gsync_stage[1].rd_stg_inst/rd_clk
    SLICE_X14Y99         FDCE                                         r  dbg_hub/inst/BSCANID.u_xsdbm_id/CORE_XSDB.UUT_MASTER/U_ICON_INTERFACE/U_CMD6_WR/U_WR_FIFO/SUBCORE_FIFO.xsdbm_v3_0_0_wrfifo_inst/inst_fifo_gen/gconvfifo.rf/grf.rf/gntv_or_sync_fifo.gcx.clkx/gnxpm_cdc.gsync_stage[1].rd_stg_inst/Q_reg_reg[3]/C
                         clock pessimism              0.000     3.938    
    SLICE_X14Y99         FDCE (Hold_HFF2_SLICEM_C_D)
                                                      0.055     3.993    dbg_hub/inst/BSCANID.u_xsdbm_id/CORE_XSDB.UUT_MASTER/U_ICON_INTERFACE/U_CMD6_WR/U_WR_FIFO/SUBCORE_FIFO.xsdbm_v3_0_0_wrfifo_inst/inst_fifo_gen/gconvfifo.rf/grf.rf/gntv_or_sync_fifo.gcx.clkx/gnxpm_cdc.gsync_stage[1].rd_stg_inst/Q_reg_reg[3]
  -------------------------------------------------------------------
                         data arrival                           3.244    
                         clock arrival                          3.993    
  -------------------------------------------------------------------
                         relative delay                        -0.749    



