Sample in Buffer,Sample in Window,TRIGGER,uav_sar_i/zynq_ultra_pl/ad9269_sample_ctrl/inst/ad9269_sample_v1_0_S00_AXI_inst/clk_div_inst/clk_cnt[63:0],uav_sar_i/zynq_ultra_pl/ad9269_sample_ctrl/inst/ad9269_sample_v1_0_S00_AXI_inst/clk_div_inst/count[31:0],uav_sar_i/zynq_ultra_pl/ad9269_sample_ctrl/inst/ad9269_sample_v1_0_S00_AXI_inst/reg_data_out[31:0],uav_sar_i/zynq_ultra_pl/ad9269_sample_ctrl/inst/ad9269_sample_v1_0_S00_AXI_inst/slv_reg0[31:0],uav_sar_i/zynq_ultra_pl/ad9269_sample_ctrl/inst/ad9269_sample_v1_0_S00_AXI_inst/slv_reg4[31:0],uav_sar_i/zynq_ultra_pl/ad9269_sample_ctrl/inst/ad9269_sample_v1_0_S00_AXI_inst/slv_reg1[31:0],uav_sar_i/zynq_ultra_pl/ad9269_sample_ctrl/inst/ad9269_sample_v1_0_S00_AXI_inst/slv_reg3[31:0],uav_sar_i/zynq_ultra_pl/ad9269_sample_ctrl/inst/ad9269_sample_v1_0_S00_AXI_inst/slv_reg5[31:0],uav_sar_i/zynq_ultra_pl/ad9269_sample_ctrl/inst/ad9269_sample_v1_0_S00_AXI_inst/slv_reg2[31:0],uav_sar_i/zynq_ultra_pl/ad9269_sample_ctrl/inst/ad9269_sample_v1_0_S00_AXI_inst/sample_inst/sample_len_dly2[31:0],uav_sar_i/zynq_ultra_pl/ad9269_sample_ctrl/inst/ad9269_sample_v1_0_S00_AXI_inst/sample_inst/state[2:0],uav_sar_i/zynq_ultra_pl/ad9269_sample_ctrl/inst/ad9269_sample_v1_0_S00_AXI_inst/sample_inst/sample_cnt[31:0],uav_sar_i/zynq_ultra_pl/ad9269_sample_ctrl/inst/ad9269_sample_v1_0_S00_AXI_inst/sample_inst/dma_len_dly2[31:0],uav_sar_i/zynq_ultra_pl/ad9269_sample_ctrl/inst/ad9269_sample_v1_0_S00_AXI_inst/sample_inst/sample_len[31:0],uav_sar_i/zynq_ultra_pl/ad9269_sample_ctrl/inst/m00_axis_tdata[15:0],uav_sar_i/zynq_ultra_pl/ad9269_sample_ctrl/inst/adc_data[15:0],uav_sar_i/zynq_ultra_pl/uart_uav_data_0/inst/uart_uav_data_v1_0_S00_AXI_inst/slv_reg0[31:0],uav_sar_i/zynq_ultra_pl/uart_uav_data_0/inst/uart_uav_data_v1_0_S00_AXI_inst/reg_data_out[31:0],uav_sar_i/zynq_ultra_pl/uart_uav_data_0/inst/uart_uav_data_v1_0_S00_AXI_inst/slv_reg2[31:0],uav_sar_i/zynq_ultra_pl/uart_uav_data_0/inst/uart_uav_data_v1_0_S00_AXI_inst/slv_reg1[31:0],uav_sar_i/zynq_ultra_pl/uart_uav_data_0/inst/uart_uav_data_v1_0_S00_AXI_inst/slv_reg3[31:0],uav_sar_i/zynq_ultra_pl/uart_uav_data_0/inst/uart_uav_data_v1_0_S00_AXI_inst/u_utc_time/clk_cnt_reg[63:0],uav_sar_i/zynq_ultra_pl/uart_uav_data_0/inst/uart_uav_data_v1_0_S00_AXI_inst/u_utc_time/char_buffer[3][7:0],uav_sar_i/zynq_ultra_pl/uart_uav_data_0/inst/uart_uav_data_v1_0_S00_AXI_inst/u_utc_time/char_buffer[0][7:0],uav_sar_i/zynq_ultra_pl/uart_uav_data_0/inst/uart_uav_data_v1_0_S00_AXI_inst/u_utc_time/align_state[1:0],uav_sar_i/zynq_ultra_pl/uart_uav_data_0/inst/uart_uav_data_v1_0_S00_AXI_inst/u_utc_time/char_buffer[6][7:0],uav_sar_i/zynq_ultra_pl/uart_uav_data_0/inst/uart_uav_data_v1_0_S00_AXI_inst/u_utc_time/char_buffer[5][7:0],uav_sar_i/zynq_ultra_pl/uart_uav_data_0/inst/uart_uav_data_v1_0_S00_AXI_inst/u_utc_time/char_buffer[2][7:0],uav_sar_i/zynq_ultra_pl/uart_uav_data_0/inst/uart_uav_data_v1_0_S00_AXI_inst/u_utc_time/char_buffer[1][7:0],uav_sar_i/zynq_ultra_pl/uart_uav_data_0/inst/uart_uav_data_v1_0_S00_AXI_inst/u_utc_time/char_buffer[4][7:0],uav_sar_i/zynq_ultra_pl/uart_uav_data_0/inst/uart_uav_data_v1_0_S00_AXI_inst/u_utc_time/clk_cnt[63:0],uav_sar_i/zynq_ultra_pl/uart_uav_data_0/inst/uart_uav_data_v1_0_S00_AXI_inst/u_utc_time/align_time[79:0],uav_sar_i/zynq_ultra_pl/uart_uav_data_0/inst/uart_uav_data_v1_0_S00_AXI_inst/u_utc_time/hh[31:0],uav_sar_i/zynq_ultra_pl/uart_uav_data_0/inst/uart_uav_data_v1_0_S00_AXI_inst/u_utc_time/ss[31:0],uav_sar_i/zynq_ultra_pl/uart_uav_data_0/inst/uart_uav_data_v1_0_S00_AXI_inst/u_utc_time/time_aligned_ms[32:0],uav_sar_i/zynq_ultra_pl/uart_uav_data_0/inst/uart_uav_data_v1_0_S00_AXI_inst/u_utc_time/ss_frac[31:0],uav_sar_i/zynq_ultra_pl/uart_uav_data_0/inst/uart_uav_data_v1_0_S00_AXI_inst/u_utc_time/mm[31:0],uav_sar_i/zynq_ultra_pl/uart_uav_data_0/inst/uart_uav_data_v1_0_S00_AXI_inst/u_utc_time/state[2:0],uav_sar_i/zynq_ultra_pl/uart_uav_data_0/inst/uart_uav_data_v1_0_S00_AXI_inst/u_uart_rx/M_AXIS_tkeep[3:0],uav_sar_i/zynq_ultra_pl/uart_uav_data_0/inst/uart_uav_data_v1_0_S00_AXI_inst/u_uart_rx/baud_cnt[15:0],uav_sar_i/zynq_ultra_pl/uart_uav_data_0/inst/uart_uav_data_v1_0_S00_AXI_inst/u_uart_rx/rx_data_t[7:0],uav_sar_i/zynq_ultra_pl/uart_uav_data_0/inst/uart_uav_data_v1_0_S00_AXI_inst/u_uart_rx/uart_rx_data[7:0],uav_sar_i/zynq_ultra_pl/uart_uav_data_0/inst/uart_uav_data_v1_0_S00_AXI_inst/u_uart_rx/dma_cnt[31:0],uav_sar_i/zynq_ultra_pl/uart_uav_data_0/inst/uart_uav_data_v1_0_S00_AXI_inst/u_uart_rx/fifo_wr_cnt[31:0],uav_sar_i/zynq_ultra_pl/uart_uav_data_0/inst/uart_uav_data_v1_0_S00_AXI_inst/u_uart_rx/uart_buf_data[31:0],uav_sar_i/zynq_ultra_pl/uart_uav_data_0/inst/uart_uav_data_v1_0_S00_AXI_inst/u_uart_rx/rx_cnt[3:0],uav_sar_i/zynq_ultra_pl/uart_uav_data_0/inst/uart_uav_data_v1_0_S00_AXI_inst/u_uart_rx/byte_cnt[1:0],uav_sar_i/zynq_ultra_pl/uart_uav_data_0/inst/uart_uav_data_v1_0_S00_AXI_inst/u_uart_rx/M_AXIS_tdata[31:0],uav_sar_i/zynq_ultra_pl/uart_uav_data_0/inst/uart_uav_data_v1_0_S00_AXI_inst/u_utc_time/time_cnt[3:0],uav_sar_i/zynq_ultra_pl/uart_uav_data_0/inst/uart_uav_data_v1_0_S00_AXI_inst/u_utc_time/time_offset[31:0],uav_sar_i/zynq_ultra_pl/uart_uav_data_0/inst/uart_uav_data_v1_0_S00_AXI_inst/u_utc_time/time_buffer[71:0],uav_sar_i/zynq_ultra_pl/uart_uav_data_0/inst/uart_uav_data_v1_0_S00_AXI_inst/u_utc_time/utc_time[71:0],uav_sar_i/zynq_ultra_pl/uart_uav_data_0/inst/uart_uav_data_v1_0_S00_AXI_inst/u_utc_time/uart_rx_data[7:0],uav_sar_i/zynq_ultra_pl/axi_dma_M_AXI_S2MM_AWBURST[1:0],uav_sar_i/zynq_ultra_pl/axi_dma_0_M_AXI_S2MM_AWBURST[0:0],uav_sar_i/zynq_ultra_pl/axi_dma_M_AXI_S2MM_WSTRB[3:0],uav_sar_i/zynq_ultra_pl/axi_dma_M_AXI_S2MM_AWADDR[63:0],uav_sar_i/zynq_ultra_pl/axi_dma_M_AXI_S2MM_WDATA[31:0],uav_sar_i/zynq_ultra_pl/axi_dma_M_AXI_S2MM_BRESP[1:0],uav_sar_i/zynq_ultra_pl/uart_uav_data_0/inst/uart_uav_data_v1_0_S00_AXI_inst/axi_rdata[31:0],uav_sar_i/zynq_ultra_pl/ad9269_sample_ctrl/inst/ad9269_sample_v1_0_S00_AXI_inst/sample_inst/adc_buf_rd,uav_sar_i/zynq_ultra_pl/ad9269_sample_ctrl/inst/ad9269_sample_v1_0_S00_AXI_inst/sample_inst/adc_buf_rd_dly0,uav_sar_i/zynq_ultra_pl/ad9269_sample_ctrl/adc_rst_n,uav_sar_i/zynq_ultra_pl/axi_dma_M_AXI_S2MM_AWREADY,uav_sar_i/zynq_ultra_pl/axi_dma_M_AXI_S2MM_AWVALID,uav_sar_i/zynq_ultra_pl/axi_dma_M_AXI_S2MM_BREADY,uav_sar_i/zynq_ultra_pl/axi_dma_M_AXI_S2MM_BVALID,uav_sar_i/zynq_ultra_pl/axi_dma_M_AXI_S2MM_WLAST,uav_sar_i/zynq_ultra_pl/axi_dma_M_AXI_S2MM_WREADY,uav_sar_i/zynq_ultra_pl/axi_dma_M_AXI_S2MM_WVALID,uav_sar_i/zynq_ultra_pl/ad9269_sample_ctrl/inst/ad9269_sample_v1_0_S00_AXI_inst/clk_div_inst/clk_cnt_flag,uav_sar_i/zynq_ultra_pl/ad9269_sample_ctrl/inst/ad9269_sample_v1_0_S00_AXI_inst/sample_inst/empty,uav_sar_i/zynq_ultra_pl/uart_uav_data_0/inst/uart_uav_data_v1_0_S00_AXI_inst/u_uart_rx/empty,uav_sar_i/zynq_ultra_pl/ad9269_sample_ctrl/inst/ad9269_sample_v1_0_S00_AXI_inst/clk_div_inst/first_pulse_flag,uav_sar_i/zynq_ultra_pl/uart_uav_data_0/inst/uart_uav_data_v1_0_S00_AXI_inst/u_utc_time/first_pulse_flag,uav_sar_i/zynq_ultra_pl/ad9269_sample_ctrl/inst/ad9269_sample_v1_0_S00_AXI_inst/clk_div_inst/first_pulse_out_flag,uav_sar_i/zynq_ultra_pl/ad9269_sample_ctrl/inst/ad9269_sample_v1_0_S00_AXI_inst/clk_div_inst/first_pulse_out_flag_t,uav_sar_i/zynq_ultra_pl/uart_uav_data_0/inst/uart_uav_data_v1_0_S00_AXI_inst/u_uart_rx/full,uav_sar_i/zynq_ultra_pl/uart_uav_data_0/inst/uart_uav_data_v1_0_S00_AXI_inst/u_uart_rx/full_flag,uav_sar_i/zynq_ultra_pl/ad9269_sample_ctrl/inst/m00_axis_tready,uav_sar_i/zynq_ultra_pl/ad9269_sample_ctrl/inst/m00_axis_tvalid,uav_sar_i/zynq_ultra_pl/uart_uav_data_0/inst/uart_uav_data_v1_0_S00_AXI_inst/u_uart_rx/M_AXIS_tlast,uav_sar_i/zynq_ultra_pl/uart_uav_data_0/inst/uart_uav_data_v1_0_S00_AXI_inst/u_uart_rx/M_AXIS_tready,uav_sar_i/zynq_ultra_pl/uart_uav_data_0/inst/uart_uav_data_v1_0_S00_AXI_inst/u_uart_rx/M_AXIS_tvalid,uav_sar_i/zynq_ultra_pl/ad9269_sample_ctrl/inst/ad9269_sample_v1_0_S00_AXI_inst/clk_div_inst/module_en,uav_sar_i/zynq_ultra_pl/ad9269_sample_ctrl/inst/ad9269_sample_v1_0_S00_AXI_inst/clk_div_inst/module_en_flg,uav_sar_i/zynq_ultra_pl/ad9269_sample_ctrl/inst/ad9269_sample_v1_0_S00_AXI_inst/clk_div_inst/module_en_nedge,uav_sar_i/zynq_ultra_pl/ad9269_sample_ctrl/inst/ad9269_sample_v1_0_S00_AXI_inst/clk_div_inst/module_en_pedge,uav_sar_i/zynq_ultra_pl/uart_uav_data_0/inst/uart_uav_data_v1_0_S00_AXI_inst/u_uart_rx/prog_full,uav_sar_i/zynq_ultra_pl/uart_uav_data_0/inst/uart_uav_data_v1_0_S00_AXI_inst/u_uart_rx/rx_flag,uav_sar_i/zynq_ultra_pl/ad9269_sample_ctrl/inst/ad9269_sample_v1_0_S00_AXI_inst/sample_en,uav_sar_i/zynq_ultra_pl/ad9269_sample_ctrl/inst/ad9269_sample_v1_0_S00_AXI_inst/clk_div_inst/sample_en1,uav_sar_i/zynq_ultra_pl/ad9269_sample_ctrl/inst/ad9269_sample_v1_0_S00_AXI_inst/sample_inst/sample_start,uav_sar_i/zynq_ultra_pl/ad9269_sample_ctrl/inst/ad9269_sample_v1_0_S00_AXI_inst/sample_inst/sample_start_dly2,uav_sar_i/zynq_ultra_pl/ad9269_sample_ctrl/inst/ad9269_sample_v1_0_S00_AXI_inst/start_clr,uav_sar_i/zynq_ultra_pl/ad9269_sample_ctrl/inst/ad9269_sample_v1_0_S00_AXI_inst/start_clr_ack,uav_sar_i/zynq_ultra_pl/ad9269_sample_ctrl/inst/ad9269_sample_v1_0_S00_AXI_inst/sample_inst/start_clr_ack_dly2,uav_sar_i/zynq_ultra_pl/ad9269_sample_ctrl/inst/ad9269_sample_v1_0_S00_AXI_inst/start_clr_d0,uav_sar_i/zynq_ultra_pl/ad9269_sample_ctrl/inst/ad9269_sample_v1_0_S00_AXI_inst/start_clr_d1,uav_sar_i/zynq_ultra_pl/uart_uav_data_0/inst/uart_uav_data_v1_0_S00_AXI_inst/u_uart_rx/start_en,uav_sar_i/zynq_ultra_pl/uart_uav_data_0/inst/uart_uav_data_v1_0_S00_AXI_inst/u_utc_time/time_aligned_done,uav_sar_i/zynq_ultra_pl/uart_uav_data_0/inst/uart_uav_data_v1_0_S00_AXI_inst/u_utc_time/time_aligned_done_flag,uav_sar_i/zynq_ultra_pl/uart_uav_data_0/inst/uart_uav_data_v1_0_S00_AXI_inst/u_utc_time/time_aligned_done_flag_t,uav_sar_i/zynq_ultra_pl/ad9269_sample_ctrl/inst/ad9269_sample_v1_0_S00_AXI_inst/clk_div_inst/triggle1,uav_sar_i/zynq_ultra_pl/uart_uav_data_0/inst/uart_uav_data_v1_0_S00_AXI_inst/u_uart_rx/tvalid_en,uav_sar_i/zynq_ultra_pl/ad9269_sample_ctrl/inst/ad9269_sample_v1_0_S00_AXI_inst/sample_inst/tvalid_en,uav_sar_i/zynq_ultra_pl/uart_uav_data_0/inst/uart_uav_data_v1_0_S00_AXI_inst/u_uart_rx/uart_buf_rd,uav_sar_i/zynq_ultra_pl/uart_uav_data_0/inst/uart_uav_data_v1_0_S00_AXI_inst/u_uart_rx/uart_buf_rd_dly0,uav_sar_i/zynq_ultra_pl/uart_uav_data_0/inst/uart_uav_data_v1_0_S00_AXI_inst/u_uart_rx/uart_buf_wr,uav_sar_i/zynq_ultra_pl/uart_uav_data_0/inst/uart_uav_data_v1_0_S00_AXI_inst/u_utc_time/uart_rx_done,uav_sar_i/zynq_ultra_pl/uart_uav_data_0/inst/uart_uav_data_v1_0_S00_AXI_inst/u_uart_rx/uart_rx_done,uav_sar_i/zynq_ultra_pl/uart_uav_data_0/inst/uart_uav_data_v1_0_S00_AXI_inst/u_uart_rx/uart_rxd,uav_sar_i/zynq_ultra_pl/uart_uav_data_0/inst/uart_uav_data_v1_0_S00_AXI_inst/u_uart_rx/uart_rxd_d0,uav_sar_i/zynq_ultra_pl/uart_uav_data_0/inst/uart_uav_data_v1_0_S00_AXI_inst/u_uart_rx/uart_rxd_d1,uav_sar_i/zynq_ultra_pl/uart_uav_data_0/inst/uart_uav_data_v1_0_S00_AXI_inst/u_uart_rx/uart_rxd_d2,uav_sar_i/zynq_ultra_pl/ad9269_sample_ctrl/inst/ad9269_sample_v1_0_S00_AXI_inst/clk_div_inst/utc_done,uav_sar_i/zynq_ultra_pl/uart_uav_data_0/inst/uart_uav_data_v1_0_S00_AXI_inst/u_utc_time/utc_done,uav_sar_i/zynq_ultra_pl/uart_uav_data_0/inst/uart_uav_data_v1_0_S00_AXI_inst/u_utc_time/utc_done_t
Radix - UNSIGNED,UNSIGNED,UNSIGNED,UNSIGNED,UNSIGNED,HEX,UNSIGNED,UNSIGNED,UNSIGNED,UNSIGNED,UNSIGNED,UNSIGNED,UNSIGNED,HEX,UNSIGNED,UNSIGNED,UNSIGNED,UNSIGNED,UNSIGNED,ASCII,BINARY,ASCII,ASCII,UNSIGNED,UNSIGNED,HEX,HEX,HEX,HEX,HEX,HEX,HEX,HEX,UNSIGNED,ASCII,UNSIGNED,UNSIGNED,UNSIGNED,HEX,UNSIGNED,HEX,BINARY,HEX,HEX,ASCII,UNSIGNED,HEX,ASCII,HEX,HEX,ASCII,HEX,UNSIGNED,HEX,ASCII,ASCII,HEX,HEX,HEX,HEX,HEX,HEX,HEX,HEX,HEX,HEX,HEX,HEX,HEX,HEX,HEX,HEX,HEX,HEX,HEX,HEX,HEX,HEX,HEX,HEX,HEX,HEX,HEX,HEX,HEX,HEX,HEX,HEX,HEX,HEX,HEX,HEX,HEX,HEX,HEX,HEX,HEX,HEX,HEX,HEX,HEX,HEX,HEX,HEX,HEX,HEX,HEX,HEX,HEX,HEX,HEX,HEX,HEX,HEX,HEX,HEX,HEX,HEX,HEX,HEX,HEX
0,0,0,12896962456,0,00000000,0,0,2000000,4000,1,20000,2000000,"S_SAMPLE",0,2000000,2000000,21845,21845,"",00000000000000000000000000000000,"","",0,0,00,00,"S_WAIT_UTC",00,00,00,00,00,12896962456,"2",2394167296,4294439296,6656921312,ffffeb60,4263287296,0,1111,0000,00,"",0,00000000,"",0,1,"",0,0,000000000000000000,"","",0,0,f,0000000000000000,5555aaaa,0,00000000,0,0,1,1,0,1,0,0,0,0,1,1,1,0,0,1,1,0,0,1,0,0,1,0,1,1,0,0,0,0,0,0,0,0,0,0,0,0,0,0,0,0,0,0,0,0,0,0,0,0,0,0,0,0,0,0,0,0
1,1,0,12896962457,0,00000000,0,0,2000000,4000,1,20000,2000000,"S_SAMPLE",0,2000000,2000000,21845,21845,"",00000000000000000000000000000000,"","",0,0,00,00,"S_WAIT_UTC",00,00,00,00,00,12896962457,"2",2394167296,4294439296,6656921312,ffffeb60,4263287296,0,1111,0000,00,"",0,00000000,"",0,1,"",0,0,000000000000000000,"","",0,0,f,0000000000000000,5555aaaa,0,00000000,0,0,1,1,0,1,0,0,0,0,1,1,1,0,0,1,1,0,0,1,0,0,1,0,1,1,0,0,0,0,0,0,0,0,0,0,0,0,0,0,0,0,0,0,0,0,0,0,0,0,0,0,0,0,0,0,0,0
2,2,0,12896962458,0,00000000,0,0,2000000,4000,1,20000,2000000,"S_SAMPLE",0,2000000,2000000,21845,21845,"",00000000000000000000000000000000,"","",0,0,00,00,"S_WAIT_UTC",00,00,00,00,00,12896962458,"2",2394167296,4294439296,6656921312,ffffeb60,4263287296,0,1111,0000,00,"",0,00000000,"",0,1,"",0,0,000000000000000000,"","",0,0,f,0000000000000000,5555aaaa,0,00000000,0,0,1,1,0,1,0,0,0,0,1,1,1,0,0,1,1,0,0,1,0,0,1,0,1,1,0,0,0,0,0,0,0,0,0,0,0,0,0,0,0,0,0,0,0,0,0,0,0,0,0,0,0,0,0,0,0,0
3,3,0,12896962459,0,00000000,0,0,2000000,4000,1,20000,2000000,"S_SAMPLE",0,2000000,2000000,21845,21845,"",00000000000000000000000000000000,"","",0,0,00,00,"S_WAIT_UTC",00,00,00,00,00,12896962459,"2",2394167296,4294439296,6656921312,ffffeb60,4263287296,0,1111,0000,00,"",0,00000000,"",0,1,"",0,0,000000000000000000,"","",0,0,f,0000000000000000,5555aaaa,0,00000000,0,0,1,1,0,1,0,0,0,0,1,1,1,0,0,1,1,0,0,1,0,0,1,0,1,1,0,0,0,0,0,0,0,0,0,0,0,0,0,0,0,0,0,0,0,0,0,0,0,0,0,0,0,0,0,0,0,0
4,4,0,12896962460,0,00000000,0,0,2000000,4000,1,20000,2000000,"S_SAMPLE",0,2000000,2000000,21845,21845,"",00000000000000000000000000000000,"","",0,0,00,00,"S_WAIT_UTC",00,00,00,00,00,12896962460,"2",2394167296,4294439296,6656921312,ffffeb60,4263287296,0,1111,0000,00,"",0,00000000,"",0,1,"",0,0,000000000000000000,"","",0,0,f,0000000000000000,5555aaaa,0,00000000,0,0,1,1,0,1,0,0,0,0,1,1,1,0,0,1,1,0,0,1,0,0,1,0,1,1,0,0,0,0,0,0,0,0,0,0,0,0,0,0,0,0,0,0,0,0,0,0,0,0,0,0,0,0,0,0,0,0
5,5,0,12896962461,0,00000000,0,0,2000000,4000,1,20000,2000000,"S_SAMPLE",0,2000000,2000000,21845,21845,"",00000000000000000000000000000000,"","",0,0,00,00,"S_WAIT_UTC",00,00,00,00,00,12896962461,"2",2394167296,4294439296,6656921312,ffffeb60,4263287296,0,1111,0000,00,"",0,00000000,"",0,1,"",0,0,000000000000000000,"","",0,0,f,0000000000000000,5555aaaa,0,00000000,0,0,1,1,0,1,0,0,0,0,1,1,1,0,0,1,1,0,0,1,0,0,1,0,1,1,0,0,0,0,0,0,0,0,0,0,0,0,0,0,0,0,0,0,0,0,0,0,0,0,0,0,0,0,0,0,0,0
6,6,0,12896962462,0,00000000,0,0,2000000,4000,1,20000,2000000,"S_SAMPLE",0,2000000,2000000,21845,21845,"",00000000000000000000000000000000,"","",0,0,00,00,"S_WAIT_UTC",00,00,00,00,00,12896962462,"2",2394167296,4294439296,6656921312,ffffeb60,4263287296,0,1111,0000,00,"",0,00000000,"",0,1,"",0,0,000000000000000000,"","",0,0,f,0000000000000000,5555aaaa,0,00000000,0,0,1,1,0,1,0,0,0,0,1,1,1,0,0,1,1,0,0,1,0,0,1,0,1,1,0,0,0,0,0,0,0,0,0,0,0,0,0,0,0,0,0,0,0,0,0,0,0,0,0,0,0,0,0,0,0,0
7,7,0,12896962463,0,00000000,0,0,2000000,4000,1,20000,2000000,"S_SAMPLE",0,2000000,2000000,21845,21845,"",00000000000000000000000000000000,"","",0,0,00,00,"S_WAIT_UTC",00,00,00,00,00,12896962463,"2",2394167296,4294439296,6656921312,ffffeb60,4263287296,0,1111,0000,00,"",0,00000000,"",0,1,"",0,0,000000000000000000,"","",0,0,f,0000000000000000,5555aaaa,0,00000000,0,0,1,1,0,1,0,0,0,0,1,1,1,0,0,1,1,0,0,1,0,0,1,0,1,1,0,0,0,0,0,0,0,0,0,0,0,0,0,0,0,0,0,0,0,0,0,0,0,0,0,0,0,0,0,0,0,0
8,8,0,12896962464,0,00000000,0,0,2000000,4000,1,20000,2000000,"S_SAMPLE",0,2000000,2000000,21845,21845,"",00000000000000000000000000000000,"","",0,0,00,00,"S_WAIT_UTC",00,00,00,00,00,12896962464,"2",2394167296,4294439296,6656921312,ffffeb60,4263287296,0,1111,0000,00,"",0,00000000,"",0,1,"",0,0,000000000000000000,"","",0,0,f,0000000000000000,5555aaaa,0,00000000,0,0,1,1,0,1,0,0,0,0,1,1,1,0,0,1,1,0,0,1,0,0,1,0,1,1,0,0,0,0,0,0,0,0,0,0,0,0,0,0,0,0,0,0,0,0,0,0,0,0,0,0,0,0,0,0,0,0
9,9,0,12896962465,0,00000000,0,0,2000000,4000,1,20000,2000000,"S_SAMPLE",0,2000000,2000000,21845,21845,"",00000000000000000000000000000000,"","",0,0,00,00,"S_WAIT_UTC",00,00,00,00,00,12896962465,"2",2394167296,4294439296,6656921312,ffffeb60,4263287296,0,1111,0000,00,"",0,00000000,"",0,1,"",0,0,000000000000000000,"","",0,0,f,0000000000000000,5555aaaa,0,00000000,0,0,1,1,0,1,0,0,0,0,1,1,1,0,0,1,1,0,0,1,0,0,1,0,1,1,0,0,0,0,0,0,0,0,0,0,0,0,0,0,0,0,0,0,0,0,0,0,0,0,0,0,0,0,0,0,0,0
10,10,0,12896962466,0,00000000,0,0,2000000,4000,1,20000,2000000,"S_SAMPLE",0,2000000,2000000,21845,43690,"",00000000000000000000000000000000,"","",0,0,00,00,"S_WAIT_UTC",00,00,00,00,00,12896962466,"2",2394167296,4294439296,6656921312,ffffeb60,4263287296,0,1111,0000,00,"",0,00000000,"",0,1,"",0,0,000000000000000000,"","",0,0,f,0000000000000000,5555aaaa,0,00000000,0,0,1,1,0,1,0,0,0,0,1,1,1,0,0,1,1,0,0,1,0,0,1,0,1,1,0,0,0,0,0,0,0,0,0,0,0,0,0,0,0,0,0,0,0,0,0,0,0,0,0,0,0,0,0,0,0,0
11,11,0,12896962467,0,00000000,0,0,2000000,4000,1,20000,2000000,"S_SAMPLE",0,2000000,2000000,21845,43690,"",00000000000000000000000000000000,"","",0,0,00,00,"S_WAIT_UTC",00,00,00,00,00,12896962467,"2",2394167296,4294439296,6656921312,ffffeb60,4263287296,0,1111,0000,00,"",0,00000000,"",0,1,"",0,0,000000000000000000,"","",0,0,f,0000000000000000,5555aaaa,0,00000000,0,0,1,1,0,1,0,0,0,0,1,1,1,0,0,1,1,0,0,1,0,0,1,0,1,1,0,0,0,0,0,0,0,0,0,0,0,0,0,0,0,0,0,0,0,0,0,0,0,0,0,0,0,0,0,0,0,0
12,12,0,12896962468,0,00000000,0,0,2000000,4000,1,20000,2000000,"S_SAMPLE",0,2000000,2000000,21845,43690,"",00000000000000000000000000000000,"","",0,0,00,00,"S_WAIT_UTC",00,00,00,00,00,12896962468,"2",2394167296,4294439296,6656921312,ffffeb60,4263287296,0,1111,0000,00,"",0,00000000,"",0,1,"",0,0,000000000000000000,"","",0,0,f,0000000000000000,5555aaaa,0,00000000,0,0,1,1,0,1,0,0,0,0,1,1,1,0,0,1,1,0,0,1,0,0,1,0,1,1,0,0,0,0,0,0,0,0,0,0,0,0,0,0,0,0,0,0,0,0,0,0,0,0,0,0,0,0,0,0,0,0
13,13,0,12896962469,0,00000000,0,0,2000000,4000,1,20000,2000000,"S_SAMPLE",0,2000000,2000000,21845,43690,"",00000000000000000000000000000000,"","",0,0,00,00,"S_WAIT_UTC",00,00,00,00,00,12896962469,"2",2394167296,4294439296,6656921312,ffffeb60,4263287296,0,1111,0000,00,"",0,00000000,"",0,1,"",0,0,000000000000000000,"","",0,0,f,0000000000000000,5555aaaa,0,00000000,0,0,1,1,0,1,0,0,0,0,1,1,1,0,0,1,1,0,0,1,0,0,1,0,1,1,0,0,0,0,0,0,0,0,0,0,0,0,0,0,0,0,0,0,0,0,0,0,0,0,0,0,0,0,0,0,0,0
14,14,0,12896962470,0,00000000,0,0,2000000,4000,1,20000,2000000,"S_SAMPLE",0,2000000,2000000,21845,43690,"",00000000000000000000000000000000,"","",0,0,00,00,"S_WAIT_UTC",00,00,00,00,00,12896962470,"2",2394167296,4294439296,6656921312,ffffeb60,4263287296,0,1111,0000,00,"",0,00000000,"",0,1,"",0,0,000000000000000000,"","",0,0,f,0000000000000000,5555aaaa,0,00000000,0,0,1,1,0,1,0,0,0,0,1,1,1,0,0,1,1,0,0,1,0,0,1,0,1,1,0,0,0,0,0,0,0,0,0,0,0,0,0,0,0,0,0,0,0,0,0,0,0,0,0,0,0,0,0,0,0,0
15,15,0,12896962471,0,00000000,0,0,2000000,4000,1,20000,2000000,"S_SAMPLE",0,2000000,2000000,21845,43690,"",00000000000000000000000000000000,"","",0,0,00,00,"S_WAIT_UTC",00,00,00,00,00,12896962471,"2",2394167296,4294439296,6656921312,ffffeb60,4263287296,0,1111,0000,00,"",0,00000000,"",0,1,"",0,0,000000000000000000,"","",0,0,f,0000000000000000,5555aaaa,0,00000000,0,0,1,1,0,1,0,0,0,0,1,1,1,0,0,1,1,0,0,1,0,0,1,0,1,1,0,0,0,0,0,0,0,0,0,0,0,0,0,0,0,0,0,0,0,0,0,0,0,0,0,0,0,0,0,0,0,0
16,16,0,12896962472,0,00000000,0,0,2000000,4000,1,20000,2000000,"S_SAMPLE",0,2000000,2000000,21845,43690,"",00000000000000000000000000000000,"","",0,0,00,00,"S_WAIT_UTC",00,00,00,00,00,12896962472,"2",2394167296,4294439296,6656921312,ffffeb60,4263287296,0,1111,0000,00,"",0,00000000,"",0,1,"",0,0,000000000000000000,"","",0,0,f,0000000000000000,5555aaaa,0,00000000,0,0,1,1,0,1,0,0,0,0,1,1,1,0,0,1,1,0,0,1,0,0,1,0,1,1,0,0,0,0,0,0,0,0,0,0,0,0,0,0,0,0,0,0,0,0,0,0,0,0,0,0,0,0,0,0,0,0
17,17,0,12896962473,0,00000000,0,0,2000000,4000,1,20000,2000000,"S_SAMPLE",0,2000000,2000000,21845,43690,"",00000000000000000000000000000000,"","",0,0,00,00,"S_WAIT_UTC",00,00,00,00,00,12896962473,"2",2394167296,4294439296,6656921312,ffffeb60,4263287296,0,1111,0000,00,"",0,00000000,"",0,1,"",0,0,000000000000000000,"","",0,0,f,0000000000000000,5555aaaa,0,00000000,0,0,1,1,0,1,0,0,0,0,1,1,1,0,0,1,1,0,0,1,0,0,1,0,1,1,0,0,0,0,0,0,0,0,0,0,0,0,0,0,0,0,0,0,0,0,0,0,0,0,0,0,0,0,0,0,0,0
18,18,0,12896962474,0,00000000,0,0,2000000,4000,1,20000,2000000,"S_SAMPLE",0,2000000,2000000,21845,43690,"",00000000000000000000000000000000,"","",0,0,00,00,"S_WAIT_UTC",00,00,00,00,00,12896962474,"2",2394167296,4294439296,6656921312,ffffeb60,4263287296,0,1111,0000,00,"",0,00000000,"",0,1,"",0,0,000000000000000000,"","",0,0,f,0000000000000000,5555aaaa,0,00000000,0,0,1,1,0,1,0,0,0,0,1,1,1,0,0,1,1,0,0,1,0,0,1,0,1,1,0,0,0,0,0,0,0,0,0,0,0,0,0,0,0,0,0,0,0,0,0,0,0,0,0,0,0,0,0,0,0,0
19,19,0,12896962475,0,00000000,0,0,2000000,4000,1,20000,2000000,"S_SAMPLE",0,2000000,2000000,21845,43690,"",00000000000000000000000000000000,"","",0,0,00,00,"S_WAIT_UTC",00,00,00,00,00,12896962475,"2",2394167296,4294439296,6656921312,ffffeb60,4263287296,0,1111,0000,00,"",0,00000000,"",0,1,"",0,0,000000000000000000,"","",0,0,f,0000000000000000,5555aaaa,0,00000000,0,0,1,1,0,1,0,0,0,0,1,1,1,0,0,1,1,0,0,1,0,0,1,0,1,1,0,0,0,0,0,0,0,0,0,0,0,0,0,0,0,0,0,0,0,0,0,0,0,0,0,0,0,0,0,0,0,0
20,20,0,12896962476,0,00000000,0,0,2000000,4000,1,20000,2000000,"S_SAMPLE",0,2000000,2000000,21845,43690,"",00000000000000000000000000000000,"","",0,0,00,00,"S_WAIT_UTC",00,00,00,00,00,12896962476,"2",2394167296,4294439296,6656921312,ffffeb60,4263287296,0,1111,0000,00,"",0,00000000,"",0,1,"",0,0,000000000000000000,"","",0,0,f,0000000000000000,5555aaaa,0,00000000,0,0,1,1,0,1,0,0,0,0,1,1,1,0,0,1,1,0,0,1,0,0,1,0,1,1,0,0,0,0,0,0,0,0,0,0,0,0,0,0,0,0,0,0,0,0,0,0,0,0,0,0,0,0,0,0,0,0
21,21,0,12896962477,0,00000000,0,0,2000000,4000,1,20000,2000000,"S_SAMPLE",0,2000000,2000000,21845,43690,"",00000000000000000000000000000000,"","",0,0,00,00,"S_WAIT_UTC",00,00,00,00,00,12896962477,"2",2394167296,4294439296,6656921312,ffffeb60,4263287296,0,1111,0000,00,"",0,00000000,"",0,1,"",0,0,000000000000000000,"","",0,0,f,0000000000000000,5555aaaa,0,00000000,0,0,1,1,0,1,0,0,0,0,1,1,1,0,0,1,1,0,0,1,0,0,1,0,1,1,0,0,0,0,0,0,0,0,0,0,0,0,0,0,0,0,0,0,0,0,0,0,0,0,0,0,0,0,0,0,0,0
22,22,0,12896962478,0,00000000,0,0,2000000,4000,1,20000,2000000,"S_SAMPLE",0,2000000,2000000,21845,43690,"",00000000000000000000000000000000,"","",0,0,00,00,"S_WAIT_UTC",00,00,00,00,00,12896962478,"2",2394167296,4294439296,6656921312,ffffeb60,4263287296,0,1111,0000,00,"",0,00000000,"",0,1,"",0,0,000000000000000000,"","",0,0,f,0000000000000000,5555aaaa,0,00000000,0,0,1,1,0,1,0,0,0,0,1,1,1,0,0,1,1,0,0,1,0,0,1,0,1,1,0,0,0,0,0,0,0,0,0,0,0,0,0,0,0,0,0,0,0,0,0,0,0,0,0,0,0,0,0,0,0,0
23,23,0,12896962479,0,00000000,0,0,2000000,4000,1,20000,2000000,"S_SAMPLE",0,2000000,2000000,21845,43690,"",00000000000000000000000000000000,"","",0,0,00,00,"S_WAIT_UTC",00,00,00,00,00,12896962479,"2",2394167296,4294439296,6656921312,ffffeb60,4263287296,0,1111,0000,00,"",0,00000000,"",0,1,"",0,0,000000000000000000,"","",0,0,f,0000000000000000,5555aaaa,0,00000000,0,0,1,1,0,1,0,0,0,0,1,1,1,0,0,1,1,0,0,1,0,0,1,0,1,1,0,0,0,0,0,0,0,0,0,0,0,0,0,0,0,0,0,0,0,0,0,0,0,0,0,0,0,0,0,0,0,0
24,24,0,12896962480,0,00000000,0,0,2000000,4000,1,20000,2000000,"S_SAMPLE",0,2000000,2000000,21845,43690,"",00000000000000000000000000000000,"","",0,0,00,00,"S_WAIT_UTC",00,00,00,00,00,12896962480,"2",2394167296,4294439296,6656921312,ffffeb60,4263287296,0,1111,0000,00,"",0,00000000,"",0,1,"",0,0,000000000000000000,"","",0,0,f,0000000000000000,5555aaaa,0,00000000,0,0,1,1,0,1,0,0,0,0,1,1,1,0,0,1,1,0,0,1,0,0,1,0,1,1,0,0,0,0,0,0,0,0,0,0,0,0,0,0,0,0,0,0,0,0,0,0,0,0,0,0,0,0,0,0,0,0
25,25,0,12896962481,0,00000000,0,0,2000000,4000,1,20000,2000000,"S_SAMPLE",0,2000000,2000000,21845,43690,"",00000000000000000000000000000000,"","",0,0,00,00,"S_WAIT_UTC",00,00,00,00,00,12896962481,"2",2394167296,4294439296,6656921312,ffffeb60,4263287296,0,1111,0000,00,"",0,00000000,"",0,1,"",0,0,000000000000000000,"","",0,0,f,0000000000000000,5555aaaa,0,00000000,0,0,1,1,0,1,0,0,0,0,1,1,1,0,0,1,1,0,0,1,0,0,1,0,1,1,0,0,0,0,0,0,0,0,0,0,0,0,0,0,0,0,0,0,0,0,0,0,0,0,0,0,0,0,0,0,0,0
26,26,0,12896962482,0,00000000,0,0,2000000,4000,1,20000,2000000,"S_SAMPLE",0,2000000,2000000,21845,43690,"",00000000000000000000000000000000,"","",0,0,00,00,"S_WAIT_UTC",00,00,00,00,00,12896962482,"2",2394167296,4294439296,6656921312,ffffeb60,4263287296,0,1111,0000,00,"",0,00000000,"",0,1,"",0,0,000000000000000000,"","",0,0,f,0000000000000000,5555aaaa,0,00000000,0,0,1,1,0,1,0,0,0,0,1,1,1,0,0,1,1,0,0,1,0,0,1,0,1,1,0,0,0,0,0,0,0,0,0,0,0,0,0,0,0,0,0,0,0,0,0,0,0,0,0,0,0,0,0,0,0,0
27,27,0,12896962483,0,00000000,0,0,2000000,4000,1,20000,2000000,"S_SAMPLE",0,2000000,2000000,21845,43690,"",00000000000000000000000000000000,"","",0,0,00,00,"S_WAIT_UTC",00,00,00,00,00,12896962483,"2",2394167296,4294439296,6656921312,ffffeb60,4263287296,0,1111,0000,00,"",0,00000000,"",0,1,"",0,0,000000000000000000,"","",0,0,f,0000000000000000,5555aaaa,0,00000000,0,0,1,1,0,1,0,0,0,0,1,1,1,0,0,1,1,0,0,1,0,0,1,0,1,1,0,0,0,0,0,0,0,0,0,0,0,0,0,0,0,0,0,0,0,0,0,0,0,0,0,0,0,0,0,0,0,0
28,28,0,12896962484,0,00000000,0,0,2000000,4000,1,20000,2000000,"S_SAMPLE",0,2000000,2000000,21845,43690,"",00000000000000000000000000000000,"","",0,0,00,00,"S_WAIT_UTC",00,00,00,00,00,12896962484,"2",2394167296,4294439296,6656921312,ffffeb60,4263287296,0,1111,0000,00,"",0,00000000,"",0,1,"",0,0,000000000000000000,"","",0,0,f,0000000000000000,5555aaaa,0,00000000,0,0,1,1,0,1,0,0,0,0,1,1,1,0,0,1,1,0,0,1,0,0,1,0,1,1,0,0,0,0,0,0,0,0,0,0,0,0,0,0,0,0,0,0,0,0,0,0,0,0,0,0,0,0,0,0,0,0
29,29,0,12896962485,0,00000000,0,0,2000000,4000,1,20000,2000000,"S_SAMPLE",0,2000000,2000000,21845,43690,"",00000000000000000000000000000000,"","",0,0,00,00,"S_WAIT_UTC",00,00,00,00,00,12896962485,"2",2394167296,4294439296,6656921312,ffffeb60,4263287296,0,1111,0000,00,"",0,00000000,"",0,1,"",0,0,000000000000000000,"","",0,0,f,0000000000000000,5555aaaa,0,00000000,0,0,1,1,0,1,0,0,0,0,1,1,1,0,0,1,1,0,0,1,0,0,1,0,1,1,0,0,0,0,0,0,0,0,0,0,0,0,0,0,0,0,0,0,0,0,0,0,0,0,0,0,0,0,0,0,0,0
30,30,0,12896962486,0,00000000,0,0,2000000,4000,1,20000,2000000,"S_SAMPLE",0,2000000,2000000,21845,43690,"",00000000000000000000000000000000,"","",0,0,00,00,"S_WAIT_UTC",00,00,00,00,00,12896962486,"2",2394167296,4294439296,6656921312,ffffeb60,4263287296,0,1111,0000,00,"",0,00000000,"",0,1,"",0,0,000000000000000000,"","",0,0,f,0000000000000000,5555aaaa,0,00000000,0,0,1,1,0,1,0,0,0,0,1,1,1,0,0,1,1,0,0,1,0,0,1,0,1,1,0,0,0,0,0,0,0,0,0,0,0,0,0,0,0,0,0,0,0,0,0,0,0,0,0,0,0,0,0,0,0,0
31,31,0,12896962487,0,00000000,0,0,2000000,4000,1,20000,2000000,"S_SAMPLE",0,2000000,2000000,21845,43690,"",00000000000000000000000000000000,"","",0,0,00,00,"S_WAIT_UTC",00,00,00,00,00,12896962487,"2",2394167296,4294439296,6656921312,ffffeb60,4263287296,0,1111,0000,00,"",0,00000000,"",0,1,"",0,0,000000000000000000,"","",0,0,f,0000000000000000,5555aaaa,0,00000000,0,0,1,1,0,1,0,0,0,0,1,1,1,0,0,1,1,0,0,1,0,0,1,0,1,1,0,0,0,0,0,0,0,0,0,0,0,0,0,0,0,0,0,0,0,0,0,0,0,0,0,0,0,0,0,0,0,0
32,32,0,12896962488,0,00000000,0,0,2000000,4000,1,20000,2000000,"S_SAMPLE",0,2000000,2000000,21845,43690,"",00000000000000000000000000000000,"","",0,0,00,00,"S_WAIT_UTC",00,00,00,00,00,12896962488,"2",2394167296,4294439296,6656921312,ffffeb60,4263287296,0,1111,0000,00,"",0,00000000,"",0,1,"",0,0,000000000000000000,"","",0,0,f,0000000000000000,5555aaaa,0,00000000,0,0,1,1,0,1,0,0,0,0,1,1,1,0,0,1,1,0,0,1,0,0,1,0,1,1,0,0,0,0,0,0,0,0,0,0,0,0,0,0,0,0,0,0,0,0,0,0,0,0,0,0,0,0,0,0,0,0
33,33,0,12896962489,0,00000000,0,0,2000000,4000,1,20000,2000000,"S_SAMPLE",0,2000000,2000000,21845,43690,"",00000000000000000000000000000000,"","",0,0,00,00,"S_WAIT_UTC",00,00,00,00,00,12896962489,"2",2394167296,4294439296,6656921312,ffffeb60,4263287296,0,1111,0000,00,"",0,00000000,"",0,1,"",0,0,000000000000000000,"","",0,0,f,0000000000000000,5555aaaa,0,00000000,0,0,1,1,0,1,0,0,0,0,1,1,1,0,0,1,1,0,0,1,0,0,1,0,1,1,0,0,0,0,0,0,0,0,0,0,0,0,0,0,0,0,0,0,0,0,0,0,0,0,0,0,0,0,0,0,0,0
34,34,0,12896962490,0,00000000,0,0,2000000,4000,1,20000,2000000,"S_SAMPLE",0,2000000,2000000,21845,43690,"",00000000000000000000000000000000,"","",0,0,00,00,"S_WAIT_UTC",00,00,00,00,00,12896962490,"2",2394167296,4294439296,6656921312,ffffeb60,4263287296,0,1111,0000,00,"",0,00000000,"",0,1,"",0,0,000000000000000000,"","",0,0,f,0000000000000000,5555aaaa,0,00000000,0,0,1,1,0,1,0,0,0,0,1,1,1,0,0,1,1,0,0,1,0,0,1,0,1,1,0,0,0,0,0,0,0,0,0,0,0,0,0,0,0,0,0,0,0,0,0,0,0,0,0,0,0,0,0,0,0,0
35,35,0,12896962491,0,00000000,0,0,2000000,4000,1,20000,2000000,"S_SAMPLE",0,2000000,2000000,21845,21845,"",00000000000000000000000000000000,"","",0,0,00,00,"S_WAIT_UTC",00,00,00,00,00,12896962491,"2",2394167296,4294439296,6656921312,ffffeb60,4263287296,0,1111,0000,00,"",0,00000000,"",0,1,"",0,0,000000000000000000,"","",0,0,f,0000000000000000,5555aaaa,0,00000000,0,0,1,1,0,1,0,0,0,0,1,1,1,0,0,1,1,0,0,1,0,0,1,0,1,1,0,0,0,0,0,0,0,0,0,0,0,0,0,0,0,0,0,0,0,0,0,0,0,0,0,0,0,0,0,0,0,0
36,36,0,12896962492,0,00000000,0,0,2000000,4000,1,20000,2000000,"S_SAMPLE",0,2000000,2000000,21845,21845,"",00000000000000000000000000000000,"","",0,0,00,00,"S_WAIT_UTC",00,00,00,00,00,12896962492,"2",2394167296,4294439296,6656921312,ffffeb60,4263287296,0,1111,0000,00,"",0,00000000,"",0,1,"",0,0,000000000000000000,"","",0,0,f,0000000000000000,5555aaaa,0,00000000,0,0,1,1,0,1,0,0,0,0,1,1,1,0,0,1,1,0,0,1,0,0,1,0,1,1,0,0,0,0,0,0,0,0,0,0,0,0,0,0,0,0,0,0,0,0,0,0,0,0,0,0,0,0,0,0,0,0
37,37,0,12896962493,0,00000000,0,0,2000000,4000,1,20000,2000000,"S_SAMPLE",0,2000000,2000000,21845,21845,"",00000000000000000000000000000000,"","",0,0,00,00,"S_WAIT_UTC",00,00,00,00,00,12896962493,"2",2394167296,4294439296,6656921312,ffffeb60,4263287296,0,1111,0000,00,"",0,00000000,"",0,1,"",0,0,000000000000000000,"","",0,0,f,0000000000000000,5555aaaa,0,00000000,0,0,1,1,0,1,0,0,0,0,1,1,1,0,0,1,1,0,0,1,0,0,1,0,1,1,0,0,0,0,0,0,0,0,0,0,0,0,0,0,0,0,0,0,0,0,0,0,0,0,0,0,0,0,0,0,0,0
38,38,0,12896962494,0,00000000,0,0,2000000,4000,1,20000,2000000,"S_SAMPLE",0,2000000,2000000,21845,21845,"",00000000000000000000000000000000,"","",0,0,00,00,"S_WAIT_UTC",00,00,00,00,00,12896962494,"2",2394167296,4294439296,6656921312,ffffeb60,4263287296,0,1111,0000,00,"",0,00000000,"",0,1,"",0,0,000000000000000000,"","",0,0,f,0000000000000000,5555aaaa,0,00000000,0,0,1,1,0,1,0,0,0,0,1,1,1,0,0,1,1,0,0,1,0,0,1,0,1,1,0,0,0,0,0,0,0,0,0,0,0,0,0,0,0,0,0,0,0,0,0,0,0,0,0,0,0,0,0,0,0,0
39,39,0,12896962495,0,00000000,0,0,2000000,4000,1,20000,2000000,"S_SAMPLE",0,2000000,2000000,21845,21845,"",00000000000000000000000000000000,"","",0,0,00,00,"S_WAIT_UTC",00,00,00,00,00,12896962495,"2",2394167296,4294439296,6656921312,ffffeb60,4263287296,0,1111,0000,00,"",0,00000000,"",0,1,"",0,0,000000000000000000,"","",0,0,f,0000000000000000,5555aaaa,0,00000000,0,0,1,1,0,1,0,0,0,0,1,1,1,0,0,1,1,0,0,1,0,0,1,0,1,1,0,0,0,0,0,0,0,0,0,0,0,0,0,0,0,0,0,0,0,0,0,0,0,0,0,0,0,0,0,0,0,0
40,40,0,12896962496,0,00000000,0,0,2000000,4000,1,20000,2000000,"S_SAMPLE",0,2000000,2000000,21845,21845,"",00000000000000000000000000000000,"","",0,0,00,00,"S_WAIT_UTC",00,00,00,00,00,12896962496,"2",2394167296,4294439296,6656921312,ffffeb60,4263287296,0,1111,0000,00,"",0,00000000,"",0,1,"",0,0,000000000000000000,"","",0,0,f,0000000000000000,5555aaaa,0,00000000,0,0,1,1,0,1,0,0,0,0,1,1,1,0,0,1,1,0,0,1,0,0,1,0,1,1,0,0,0,0,0,0,0,0,0,0,0,0,0,0,0,0,0,0,0,0,0,0,0,0,0,0,0,0,0,0,0,0
41,41,0,12896962497,0,00000000,0,0,2000000,4000,1,20000,2000000,"S_SAMPLE",0,2000000,2000000,21845,21845,"",00000000000000000000000000000000,"","",0,0,00,00,"S_WAIT_UTC",00,00,00,00,00,12896962497,"2",2394167296,4294439296,6656921312,ffffeb60,4263287296,0,1111,0000,00,"",0,00000000,"",0,1,"",0,0,000000000000000000,"","",0,0,f,0000000000000000,5555aaaa,0,00000000,0,0,1,1,0,1,0,0,0,0,1,1,1,0,0,1,1,0,0,1,0,0,1,0,1,1,0,0,0,0,0,0,0,0,0,0,0,0,0,0,0,0,0,0,0,0,0,0,0,0,0,0,0,0,0,0,0,0
42,42,0,12896962498,0,00000000,0,0,2000000,4000,1,20000,2000000,"S_SAMPLE",0,2000000,2000000,21845,21845,"",00000000000000000000000000000000,"","",0,0,00,00,"S_WAIT_UTC",00,00,00,00,00,12896962498,"2",2394167296,4294439296,6656921312,ffffeb60,4263287296,0,1111,0000,00,"",0,00000000,"",0,1,"",0,0,000000000000000000,"","",0,0,f,0000000000000000,5555aaaa,0,00000000,0,0,1,1,0,1,0,0,0,0,1,1,1,0,0,1,1,0,0,1,0,0,1,0,1,1,0,0,0,0,0,0,0,0,0,0,0,0,0,0,0,0,0,0,0,0,0,0,0,0,0,0,0,0,0,0,0,0
43,43,0,12896962499,0,00000000,0,0,2000000,4000,1,20000,2000000,"S_SAMPLE",0,2000000,2000000,21845,21845,"",00000000000000000000000000000000,"","",0,0,00,00,"S_WAIT_UTC",00,00,00,00,00,12896962499,"2",2394167296,4294439296,6656921312,ffffeb60,4263287296,0,1111,0000,00,"",0,00000000,"",0,1,"",0,0,000000000000000000,"","",0,0,f,0000000000000000,5555aaaa,0,00000000,0,0,1,1,0,1,0,0,0,0,1,1,1,0,0,1,1,0,0,1,0,0,1,0,1,1,0,0,0,0,0,0,0,0,0,0,0,0,0,0,0,0,0,0,0,0,0,0,0,0,0,0,0,0,0,0,0,0
44,44,0,12896962500,0,00000000,0,0,2000000,4000,1,20000,2000000,"S_SAMPLE",0,2000000,2000000,21845,21845,"",00000000000000000000000000000000,"","",0,0,00,00,"S_WAIT_UTC",00,00,00,00,00,12896962500,"2",2394167296,4294439296,6656921312,ffffeb60,4263287296,0,1111,0000,00,"",0,00000000,"",0,1,"",0,0,000000000000000000,"","",0,0,f,0000000000000000,5555aaaa,0,00000000,0,0,1,1,0,1,0,0,0,0,1,1,1,0,0,1,1,0,0,1,0,0,1,0,1,1,0,0,0,0,0,0,0,0,0,0,0,0,0,0,0,0,0,0,0,0,0,0,0,0,0,0,0,0,0,0,0,0
45,45,0,12896962501,0,00000000,0,0,2000000,4000,1,20000,2000000,"S_SAMPLE",0,2000000,2000000,21845,21845,"",00000000000000000000000000000000,"","",0,0,00,00,"S_WAIT_UTC",00,00,00,00,00,12896962501,"2",2394167296,4294439296,6656921312,ffffeb60,4263287296,0,1111,0000,00,"",0,00000000,"",0,1,"",0,0,000000000000000000,"","",0,0,f,0000000000000000,5555aaaa,0,00000000,0,0,1,1,0,1,0,0,0,0,1,1,1,0,0,1,1,0,0,1,0,0,1,0,1,1,0,0,0,0,0,0,0,0,0,0,0,0,0,0,0,0,0,0,0,0,0,0,0,0,0,0,0,0,0,0,0,0
46,46,0,12896962502,0,00000000,0,0,2000000,4000,1,20000,2000000,"S_SAMPLE",0,2000000,2000000,21845,21845,"",00000000000000000000000000000000,"","",0,0,00,00,"S_WAIT_UTC",00,00,00,00,00,12896962502,"2",2394167296,4294439296,6656921312,ffffeb60,4263287296,0,1111,0000,00,"",0,00000000,"",0,1,"",0,0,000000000000000000,"","",0,0,f,0000000000000000,5555aaaa,0,00000000,0,0,1,1,0,1,0,0,0,0,1,1,1,0,0,1,1,0,0,1,0,0,1,0,1,1,0,0,0,0,0,0,0,0,0,0,0,0,0,0,0,0,0,0,0,0,0,0,0,0,0,0,0,0,0,0,0,0
47,47,0,12896962503,0,00000000,0,0,2000000,4000,1,20000,2000000,"S_SAMPLE",0,2000000,2000000,21845,21845,"",00000000000000000000000000000000,"","",0,0,00,00,"S_WAIT_UTC",00,00,00,00,00,12896962503,"2",2394167296,4294439296,6656921312,ffffeb60,4263287296,0,1111,0000,00,"",0,00000000,"",0,1,"",0,0,000000000000000000,"","",0,0,f,0000000000000000,5555aaaa,0,00000000,0,0,1,1,0,1,0,0,0,0,1,1,1,0,0,1,1,0,0,1,0,0,1,0,1,1,0,0,0,0,0,0,0,0,0,0,0,0,0,0,0,0,0,0,0,0,0,0,0,0,0,0,0,0,0,0,0,0
48,48,0,12896962504,1,00000000,0,0,2000000,4000,1,20000,2000000,"S_SAMPLE",0,2000000,2000000,21845,21845,"",00000000000000000000000000000000,"","",0,0,00,00,"S_WAIT_UTC",00,00,00,00,00,12896962504,"2",2394167296,4294439296,6656921312,ffffeb60,4263287296,0,1111,0000,00,"",0,00000000,"",0,1,"",0,0,000000000000000000,"","",0,0,f,0000000000000000,5555aaaa,0,00000000,0,0,1,1,0,1,0,0,0,0,1,1,1,0,0,1,1,0,0,1,0,0,1,0,1,1,0,0,0,0,1,0,0,0,0,0,0,0,0,0,0,0,0,0,0,0,0,0,0,0,0,0,0,0,0,0,0,0
49,49,0,12896962505,1,00000000,0,0,2000000,4000,1,20000,2000000,"S_SAMPLE",0,2000000,2000000,21845,21845,"",00000000000000000000000000000000,"","",0,0,00,00,"S_WAIT_UTC",00,00,00,00,00,12896962505,"2",2394167296,4294439296,6656921312,ffffeb60,4263287296,0,1111,0000,00,"",0,00000000,"",0,1,"",0,0,000000000000000000,"","",0,0,f,0000000000000000,5555aaaa,0,00000000,0,0,1,1,0,1,0,0,0,0,1,1,1,0,0,1,1,0,0,1,0,0,1,0,1,1,0,0,0,0,1,0,0,0,0,0,0,0,0,0,0,0,0,0,0,0,0,0,0,0,0,0,0,0,0,0,0,0
50,50,0,12896962506,1,00000000,0,0,2000000,4000,1,20000,2000000,"S_SAMPLE",0,2000000,2000000,21845,21845,"",00000000000000000000000000000000,"","",0,0,00,00,"S_WAIT_UTC",00,00,00,00,00,12896962506,"2",2394167296,4294439296,6656921312,ffffeb60,4263287296,0,1111,0000,00,"",0,00000000,"",0,1,"",0,0,000000000000000000,"","",0,0,f,0000000000000000,5555aaaa,0,00000000,0,0,1,1,0,1,0,0,0,0,1,1,1,0,0,1,1,0,0,1,0,0,1,0,1,1,0,0,0,0,1,0,0,0,0,0,0,0,0,0,0,0,0,0,0,0,0,0,0,0,0,0,0,0,0,0,0,0
51,51,0,12896962507,1,00000000,0,0,2000000,4000,1,20000,2000000,"S_SAMPLE",0,2000000,2000000,21845,21845,"",00000000000000000000000000000000,"","",0,0,00,00,"S_WAIT_UTC",00,00,00,00,00,12896962507,"2",2394167296,4294439296,6656921312,ffffeb60,4263287296,0,1111,0000,00,"",0,00000000,"",0,1,"",0,0,000000000000000000,"","",0,0,f,0000000000000000,5555aaaa,0,00000000,0,0,1,1,0,1,0,0,0,0,1,1,1,0,0,1,1,0,0,1,0,0,1,0,1,1,0,0,0,0,1,0,0,0,0,0,0,0,0,0,0,0,0,0,0,0,0,0,0,0,0,0,0,0,0,0,0,0
52,52,0,12896962508,1,00000000,0,0,2000000,4000,1,20000,2000000,"S_SAMPLE",0,2000000,2000000,21845,21845,"",00000000000000000000000000000000,"","",0,0,00,00,"S_WAIT_UTC",00,00,00,00,00,12896962508,"2",2394167296,4294439296,6656921312,ffffeb60,4263287296,0,1111,0000,00,"",0,00000000,"",0,1,"",0,0,000000000000000000,"","",0,0,f,0000000000000000,5555aaaa,0,00000000,0,0,1,1,0,1,0,0,0,0,1,1,1,0,0,1,1,0,0,1,0,0,1,0,1,1,0,0,0,0,1,0,0,0,0,0,0,0,0,0,0,0,0,0,0,0,0,0,0,0,0,0,0,0,0,0,0,0
53,53,0,12896962509,1,00000000,0,0,2000000,4000,1,20000,2000000,"S_SAMPLE",0,2000000,2000000,21845,21845,"",00000000000000000000000000000000,"","",0,0,00,00,"S_WAIT_UTC",00,00,00,00,00,12896962509,"2",2394167296,4294439296,6656921312,ffffeb60,4263287296,0,1111,0000,00,"",0,00000000,"",0,1,"",0,0,000000000000000000,"","",0,0,f,0000000000000000,5555aaaa,0,00000000,0,0,1,1,0,1,0,0,0,0,1,1,1,0,0,1,1,0,0,1,0,0,1,0,1,1,0,0,0,0,1,0,0,0,0,0,0,0,0,0,0,0,0,0,0,0,0,0,0,0,0,0,0,0,0,0,0,0
54,54,0,12896962510,1,00000000,0,0,2000000,4000,1,20000,2000000,"S_SAMPLE",0,2000000,2000000,21845,21845,"",00000000000000000000000000000000,"","",0,0,00,00,"S_WAIT_UTC",00,00,00,00,00,12896962510,"2",2394167296,4294439296,6656921312,ffffeb60,4263287296,0,1111,0000,00,"",0,00000000,"",0,1,"",0,0,000000000000000000,"","",0,0,f,0000000000000000,5555aaaa,0,00000000,0,0,1,1,0,1,0,0,0,0,1,1,1,0,0,1,1,0,0,1,0,0,1,0,1,1,0,0,0,0,1,0,0,0,0,0,0,0,0,0,0,0,0,0,0,0,0,0,0,0,0,0,0,0,0,0,0,0
55,55,0,12896962511,1,00000000,0,0,2000000,4000,1,20000,2000000,"S_SAMPLE",0,2000000,2000000,21845,21845,"",00000000000000000000000000000000,"","",0,0,00,00,"S_WAIT_UTC",00,00,00,00,00,12896962511,"2",2394167296,4294439296,6656921312,ffffeb60,4263287296,0,1111,0000,00,"",0,00000000,"",0,1,"",0,0,000000000000000000,"","",0,0,f,0000000000000000,5555aaaa,0,00000000,0,0,1,1,0,1,0,0,0,0,1,1,1,0,0,1,1,0,0,1,0,0,1,0,1,1,0,0,0,0,1,0,0,0,0,0,0,0,0,0,0,0,0,0,0,0,0,0,0,0,0,0,0,0,0,0,0,0
56,56,0,12896962512,1,00000000,0,0,2000000,4000,1,20000,2000000,"S_SAMPLE",0,2000000,2000000,21845,21845,"",00000000000000000000000000000000,"","",0,0,00,00,"S_WAIT_UTC",00,00,00,00,00,12896962512,"2",2394167296,4294439296,6656921312,ffffeb60,4263287296,0,1111,0000,00,"",0,00000000,"",0,1,"",0,0,000000000000000000,"","",0,0,f,0000000000000000,5555aaaa,0,00000000,0,0,1,1,0,1,0,0,0,0,1,1,1,0,0,1,1,0,0,1,0,0,1,0,1,1,0,0,0,0,1,0,0,0,0,0,0,0,0,0,0,0,0,0,0,0,0,0,0,0,0,0,0,0,0,0,0,0
57,57,0,12896962513,1,00000000,0,0,2000000,4000,1,20000,2000000,"S_SAMPLE",0,2000000,2000000,21845,21845,"",00000000000000000000000000000000,"","",0,0,00,00,"S_WAIT_UTC",00,00,00,00,00,12896962513,"2",2394167296,4294439296,6656921312,ffffeb60,4263287296,0,1111,0000,00,"",0,00000000,"",0,1,"",0,0,000000000000000000,"","",0,0,f,0000000000000000,5555aaaa,0,00000000,0,0,1,1,0,1,0,0,0,0,1,1,1,0,0,1,1,0,0,1,0,0,1,0,1,1,0,0,0,0,1,0,0,0,0,0,0,0,0,0,0,0,0,0,0,0,0,0,0,0,0,0,0,0,0,0,0,0
58,58,0,12896962514,1,00000000,0,0,2000000,4000,1,20000,2000000,"S_SAMPLE",0,2000000,2000000,21845,21845,"",00000000000000000000000000000000,"","",0,0,00,00,"S_WAIT_UTC",00,00,00,00,00,12896962514,"2",2394167296,4294439296,6656921312,ffffeb60,4263287296,0,1111,0000,00,"",0,00000000,"",0,1,"",0,0,000000000000000000,"","",0,0,f,0000000000000000,5555aaaa,0,00000000,0,0,1,1,0,1,0,0,0,0,1,1,1,0,0,1,1,0,0,1,0,0,1,0,1,1,0,0,0,0,1,0,0,0,0,0,0,0,0,0,0,0,0,0,0,0,0,0,0,0,0,0,0,0,0,0,0,0
59,59,0,12896962515,1,00000000,0,0,2000000,4000,1,20000,2000000,"S_SAMPLE",0,2000000,2000000,21845,21845,"",00000000000000000000000000000000,"","",0,0,00,00,"S_WAIT_UTC",00,00,00,00,00,12896962515,"2",2394167296,4294439296,6656921312,ffffeb60,4263287296,0,1111,0000,00,"",0,00000000,"",0,1,"",0,0,000000000000000000,"","",0,0,f,0000000000000000,5555aaaa,0,00000000,0,0,1,1,0,1,0,0,0,0,1,1,1,0,0,1,1,0,0,1,0,0,1,0,1,1,0,0,0,0,1,0,0,0,0,0,0,0,0,0,0,0,0,0,0,0,0,0,0,0,0,0,0,0,0,0,0,0
60,60,0,12896962516,1,00000000,0,0,2000000,4000,1,20000,2000000,"S_SAMPLE",0,2000000,2000000,21845,43690,"",00000000000000000000000000000000,"","",0,0,00,00,"S_WAIT_UTC",00,00,00,00,00,12896962516,"2",2394167296,4294439296,6656921312,ffffeb60,4263287296,0,1111,0000,00,"",0,00000000,"",0,1,"",0,0,000000000000000000,"","",0,0,f,0000000000000000,5555aaaa,0,00000000,0,0,1,1,0,1,0,0,0,0,1,1,1,0,0,1,1,0,0,1,0,0,1,0,1,1,0,0,0,0,1,0,0,0,0,0,0,0,0,0,0,0,0,0,0,0,0,0,0,0,0,0,0,0,0,0,0,0
61,61,0,12896962517,1,00000000,0,0,2000000,4000,1,20000,2000000,"S_SAMPLE",0,2000000,2000000,21845,43690,"",00000000000000000000000000000000,"","",0,0,00,00,"S_WAIT_UTC",00,00,00,00,00,12896962517,"2",2394167296,4294439296,6656921312,ffffeb60,4263287296,0,1111,0000,00,"",0,00000000,"",0,1,"",0,0,000000000000000000,"","",0,0,f,0000000000000000,5555aaaa,0,00000000,0,0,1,1,0,1,0,0,0,0,1,1,1,0,0,1,1,0,0,1,0,0,1,0,1,1,0,0,0,0,1,0,0,0,0,0,0,0,0,0,0,0,0,0,0,0,0,0,0,0,0,0,0,0,0,0,0,0
62,62,0,12896962518,1,00000000,0,0,2000000,4000,1,20000,2000000,"S_SAMPLE",0,2000000,2000000,21845,43690,"",00000000000000000000000000000000,"","",0,0,00,00,"S_WAIT_UTC",00,00,00,00,00,12896962518,"2",2394167296,4294439296,6656921312,ffffeb60,4263287296,0,1111,0000,00,"",0,00000000,"",0,1,"",0,0,000000000000000000,"","",0,0,f,0000000000000000,5555aaaa,0,00000000,0,0,1,1,0,1,0,0,0,0,1,1,1,0,0,1,1,0,0,1,0,0,1,0,1,1,0,0,0,0,1,0,0,0,0,0,0,0,0,0,0,0,0,0,0,0,0,0,0,0,0,0,0,0,0,0,0,0
63,63,0,12896962519,1,00000000,0,0,2000000,4000,1,20000,2000000,"S_SAMPLE",0,2000000,2000000,21845,43690,"",00000000000000000000000000000000,"","",0,0,00,00,"S_WAIT_UTC",00,00,00,00,00,12896962519,"2",2394167296,4294439296,6656921312,ffffeb60,4263287296,0,1111,0000,00,"",0,00000000,"",0,1,"",0,0,000000000000000000,"","",0,0,f,0000000000000000,5555aaaa,0,00000000,0,0,1,1,0,1,0,0,0,0,1,1,1,0,0,1,1,0,0,1,0,0,1,0,1,1,0,0,0,0,1,0,0,0,0,0,0,0,0,0,0,0,0,0,0,0,0,0,0,0,0,0,0,0,0,0,0,0
64,64,0,12896962520,1,00000000,0,0,2000000,4000,1,20000,2000000,"S_SAMPLE",0,2000000,2000000,21845,43690,"",00000000000000000000000000000000,"","",0,0,00,00,"S_WAIT_UTC",00,00,00,00,00,12896962520,"2",2394167296,4294439296,6656921312,ffffeb60,4263287296,0,1111,0000,00,"",0,00000000,"",0,1,"",0,0,000000000000000000,"","",0,0,f,0000000000000000,5555aaaa,0,00000000,0,0,1,1,0,1,0,0,0,0,1,1,1,0,0,1,1,0,0,1,0,0,1,0,1,1,0,0,0,0,1,0,0,0,0,0,0,0,0,0,0,0,0,0,0,0,0,0,0,0,0,0,0,0,0,0,0,0
65,65,0,12896962521,1,00000000,0,0,2000000,4000,1,20000,2000000,"S_SAMPLE",0,2000000,2000000,21845,43690,"",00000000000000000000000000000000,"","",0,0,00,00,"S_WAIT_UTC",00,00,00,00,00,12896962521,"2",2394167296,4294439296,6656921312,ffffeb60,4263287296,0,1111,0000,00,"",0,00000000,"",0,1,"",0,0,000000000000000000,"","",0,0,f,0000000000000000,5555aaaa,0,00000000,0,0,1,1,0,1,0,0,0,0,1,1,1,0,0,1,1,0,0,1,0,0,1,0,1,1,0,0,0,0,1,0,0,0,0,0,0,0,0,0,0,0,0,0,0,0,0,0,0,0,0,0,0,0,0,0,0,0
66,66,0,12896962522,1,00000000,0,0,2000000,4000,1,20000,2000000,"S_SAMPLE",0,2000000,2000000,21845,43690,"",00000000000000000000000000000000,"","",0,0,00,00,"S_WAIT_UTC",00,00,00,00,00,12896962522,"2",2394167296,4294439296,6656921312,ffffeb60,4263287296,0,1111,0000,00,"",0,00000000,"",0,1,"",0,0,000000000000000000,"","",0,0,f,0000000000000000,5555aaaa,0,00000000,0,0,1,1,0,1,0,0,0,0,1,1,1,0,0,1,1,0,0,1,0,0,1,0,1,1,0,0,0,0,1,0,0,0,0,0,0,0,0,0,0,0,0,0,0,0,0,0,0,0,0,0,0,0,0,0,0,0
67,67,0,12896962523,1,00000000,0,0,2000000,4000,1,20000,2000000,"S_SAMPLE",0,2000000,2000000,21845,43690,"",00000000000000000000000000000000,"","",0,0,00,00,"S_WAIT_UTC",00,00,00,00,00,12896962523,"2",2394167296,4294439296,6656921312,ffffeb60,4263287296,0,1111,0000,00,"",0,00000000,"",0,1,"",0,0,000000000000000000,"","",0,0,f,0000000000000000,5555aaaa,0,00000000,0,0,1,1,0,1,0,0,0,0,1,1,1,0,0,1,1,0,0,1,0,0,1,0,1,1,0,0,0,0,1,0,0,0,0,0,0,0,0,0,0,0,0,0,0,0,0,0,0,0,0,0,0,0,0,0,0,0
68,68,0,12896962524,1,00000000,0,0,2000000,4000,1,20000,2000000,"S_SAMPLE",0,2000000,2000000,21845,43690,"",00000000000000000000000000000000,"","",0,0,00,00,"S_WAIT_UTC",00,00,00,00,00,12896962524,"2",2394167296,4294439296,6656921312,ffffeb60,4263287296,0,1111,0000,00,"",0,00000000,"",0,1,"",0,0,000000000000000000,"","",0,0,f,0000000000000000,5555aaaa,0,00000000,0,0,1,1,0,1,0,0,0,0,1,1,1,0,0,1,1,0,0,1,0,0,1,0,1,1,0,0,0,0,1,0,0,0,0,0,0,0,0,0,0,0,0,0,0,0,0,0,0,0,0,0,0,0,0,0,0,0
69,69,0,12896962525,1,00000000,0,0,2000000,4000,1,20000,2000000,"S_SAMPLE",0,2000000,2000000,21845,43690,"",00000000000000000000000000000000,"","",0,0,00,00,"S_WAIT_UTC",00,00,00,00,00,12896962525,"2",2394167296,4294439296,6656921312,ffffeb60,4263287296,0,1111,0000,00,"",0,00000000,"",0,1,"",0,0,000000000000000000,"","",0,0,f,0000000000000000,5555aaaa,0,00000000,0,0,1,1,0,1,0,0,0,0,1,1,1,0,0,1,1,0,0,1,0,0,1,0,1,1,0,0,0,0,1,0,0,0,0,0,0,0,0,0,0,0,0,0,0,0,0,0,0,0,0,0,0,0,0,0,0,0
70,70,0,12896962526,1,00000000,0,0,2000000,4000,1,20000,2000000,"S_SAMPLE",0,2000000,2000000,21845,43690,"",00000000000000000000000000000000,"","",0,0,00,00,"S_WAIT_UTC",00,00,00,00,00,12896962526,"2",2394167296,4294439296,6656921312,ffffeb60,4263287296,0,1111,0000,00,"",0,00000000,"",0,1,"",0,0,000000000000000000,"","",0,0,f,0000000000000000,5555aaaa,0,00000000,0,0,1,1,0,1,0,0,0,0,1,1,1,0,0,1,1,0,0,1,0,0,1,0,1,1,0,0,0,0,1,0,0,0,0,0,0,0,0,0,0,0,0,0,0,0,0,0,0,0,0,0,0,0,0,0,0,0
71,71,0,12896962527,1,00000000,0,0,2000000,4000,1,20000,2000000,"S_SAMPLE",0,2000000,2000000,21845,43690,"",00000000000000000000000000000000,"","",0,0,00,00,"S_WAIT_UTC",00,00,00,00,00,12896962527,"2",2394167296,4294439296,6656921312,ffffeb60,4263287296,0,1111,0000,00,"",0,00000000,"",0,1,"",0,0,000000000000000000,"","",0,0,f,0000000000000000,5555aaaa,0,00000000,0,0,1,1,0,1,0,0,0,0,1,1,1,0,0,1,1,0,0,1,0,0,1,0,1,1,0,0,0,0,1,0,0,0,0,0,0,0,0,0,0,0,0,0,0,0,0,0,0,0,0,0,0,0,0,0,0,0
72,72,0,12896962528,1,00000000,0,0,2000000,4000,1,20000,2000000,"S_SAMPLE",0,2000000,2000000,21845,43690,"",00000000000000000000000000000000,"","",0,0,00,00,"S_WAIT_UTC",00,00,00,00,00,12896962528,"2",2394167296,4294439296,6656921312,ffffeb60,4263287296,0,1111,0000,00,"",0,00000000,"",0,1,"",0,0,000000000000000000,"","",0,0,f,0000000000000000,5555aaaa,0,00000000,0,0,1,1,0,1,0,0,0,0,1,1,1,0,0,1,1,0,0,1,0,0,1,0,1,1,0,0,0,0,1,0,0,0,0,0,0,0,0,0,0,0,0,0,0,0,0,0,0,0,0,0,0,0,0,0,0,0
73,73,0,12896962529,2,00000000,0,0,2000000,4000,1,20000,2000000,"S_SAMPLE",1,2000000,2000000,21845,43690,"",00000000000000000000000000000000,"","",0,0,00,00,"S_WAIT_UTC",00,00,00,00,00,12896962529,"2",2394167296,4294439296,6656921312,ffffeb60,4263287296,0,1111,0000,00,"",0,00000000,"",0,1,"",0,0,000000000000000000,"","",0,0,f,0000000000000000,5555aaaa,0,00000000,0,0,1,1,0,1,0,0,0,0,1,1,1,0,0,1,1,0,0,1,0,0,1,0,1,1,0,0,0,0,1,0,0,0,0,0,0,0,0,0,0,0,0,0,0,0,0,0,0,0,0,0,0,0,0,0,0,0
74,74,0,12896962530,2,00000000,0,0,2000000,4000,1,20000,2000000,"S_SAMPLE",1,2000000,2000000,21845,43690,"",00000000000000000000000000000000,"","",0,0,00,00,"S_WAIT_UTC",00,00,00,00,00,12896962530,"2",2394167296,4294439296,6656921312,ffffeb60,4263287296,0,1111,0000,00,"",0,00000000,"",0,1,"",0,0,000000000000000000,"","",0,0,f,0000000000000000,5555aaaa,0,00000000,0,0,1,1,0,1,0,0,0,0,1,1,1,0,0,1,1,0,0,1,0,0,1,0,1,1,0,0,0,0,1,0,0,0,0,0,0,0,0,0,0,0,0,0,0,0,0,0,0,0,0,0,0,0,0,0,0,0
75,75,0,12896962531,2,00000000,0,0,2000000,4000,1,20000,2000000,"S_SAMPLE",1,2000000,2000000,21845,43690,"",00000000000000000000000000000000,"","",0,0,00,00,"S_WAIT_UTC",00,00,00,00,00,12896962531,"2",2394167296,4294439296,6656921312,ffffeb60,4263287296,0,1111,0000,00,"",0,00000000,"",0,1,"",0,0,000000000000000000,"","",0,0,f,0000000000000000,5555aaaa,0,00000000,0,0,1,1,0,1,0,0,0,0,1,1,1,0,0,1,1,0,0,1,0,0,1,0,1,1,0,0,0,0,1,0,0,0,0,0,0,0,0,0,0,0,0,0,0,0,0,0,0,0,0,0,0,0,0,0,0,0
76,76,0,12896962532,2,00000000,0,0,2000000,4000,1,20000,2000000,"S_SAMPLE",1,2000000,2000000,21845,43690,"",00000000000000000000000000000000,"","",0,0,00,00,"S_WAIT_UTC",00,00,00,00,00,12896962532,"2",2394167296,4294439296,6656921312,ffffeb60,4263287296,0,1111,0000,00,"",0,00000000,"",0,1,"",0,0,000000000000000000,"","",0,0,f,0000000000000000,5555aaaa,0,00000000,0,0,1,1,0,1,0,0,0,0,1,1,1,0,0,1,1,0,0,1,0,0,1,0,1,1,0,0,0,0,1,0,0,0,0,0,0,0,0,0,0,0,0,0,0,0,0,0,0,0,0,0,0,0,0,0,0,0
77,77,0,12896962533,2,00000000,0,0,2000000,4000,1,20000,2000000,"S_SAMPLE",1,2000000,2000000,21845,43690,"",00000000000000000000000000000000,"","",0,0,00,00,"S_WAIT_UTC",00,00,00,00,00,12896962533,"2",2394167296,4294439296,6656921312,ffffeb60,4263287296,0,1111,0000,00,"",0,00000000,"",0,1,"",0,0,000000000000000000,"","",0,0,f,0000000000000000,5555aaaa,0,00000000,0,0,1,1,0,1,0,0,0,0,1,1,1,0,0,1,1,0,0,1,0,0,1,0,1,1,0,0,0,0,1,0,0,0,0,0,0,0,0,0,0,0,0,0,0,0,0,0,0,0,0,0,0,0,0,0,0,0
78,78,0,12896962534,2,00000000,0,0,2000000,4000,1,20000,2000000,"S_SAMPLE",1,2000000,2000000,21845,43690,"",00000000000000000000000000000000,"","",0,0,00,00,"S_WAIT_UTC",00,00,00,00,00,12896962534,"2",2394167296,4294439296,6656921312,ffffeb60,4263287296,0,1111,0000,00,"",0,00000000,"",0,1,"",0,0,000000000000000000,"","",0,0,f,0000000000000000,5555aaaa,0,00000000,0,0,1,1,0,1,0,0,0,0,1,1,1,0,0,1,1,0,0,1,0,0,1,0,1,1,0,0,0,0,1,0,0,0,0,0,0,0,0,0,0,0,0,0,0,0,0,0,0,0,0,0,0,0,0,0,0,0
79,79,0,12896962535,2,00000000,0,0,2000000,4000,1,20000,2000000,"S_SAMPLE",1,2000000,2000000,21845,43690,"",00000000000000000000000000000000,"","",0,0,00,00,"S_WAIT_UTC",00,00,00,00,00,12896962535,"2",2394167296,4294439296,6656921312,ffffeb60,4263287296,0,1111,0000,00,"",0,00000000,"",0,1,"",0,0,000000000000000000,"","",0,0,f,0000000000000000,5555aaaa,0,00000000,0,0,1,1,0,1,0,0,0,0,1,1,1,0,0,1,1,0,0,1,0,0,1,0,1,1,0,0,0,0,1,0,0,0,0,0,0,0,0,0,0,0,0,0,0,0,0,0,0,0,0,0,0,0,0,0,0,0
80,80,0,12896962536,2,00000000,0,0,2000000,4000,1,20000,2000000,"S_SAMPLE",1,2000000,2000000,21845,43690,"",00000000000000000000000000000000,"","",0,0,00,00,"S_WAIT_UTC",00,00,00,00,00,12896962536,"2",2394167296,4294439296,6656921312,ffffeb60,4263287296,0,1111,0000,00,"",0,00000000,"",0,1,"",0,0,000000000000000000,"","",0,0,f,0000000000000000,5555aaaa,0,00000000,0,0,1,1,0,1,0,0,0,0,1,1,1,0,0,1,1,0,0,1,0,0,1,0,1,1,0,0,0,0,1,0,0,0,0,0,0,0,0,0,0,0,0,0,0,0,0,0,0,0,0,0,0,0,0,0,0,0
81,81,0,12896962537,2,00000000,0,0,2000000,4000,1,20000,2000000,"S_SAMPLE",1,2000000,2000000,21845,43690,"",00000000000000000000000000000000,"","",0,0,00,00,"S_WAIT_UTC",00,00,00,00,00,12896962537,"2",2394167296,4294439296,6656921312,ffffeb60,4263287296,0,1111,0000,00,"",0,00000000,"",0,1,"",0,0,000000000000000000,"","",0,0,f,0000000000000000,5555aaaa,0,00000000,0,0,1,1,0,1,0,0,0,0,1,1,1,0,0,1,1,0,0,1,0,0,1,0,1,1,0,0,0,0,1,0,0,0,0,0,0,0,0,0,0,0,0,0,0,0,0,0,0,0,0,0,0,0,0,0,0,0
82,82,0,12896962538,2,00000000,0,0,2000000,4000,1,20000,2000000,"S_SAMPLE",1,2000000,2000000,21845,43690,"",00000000000000000000000000000000,"","",0,0,00,00,"S_WAIT_UTC",00,00,00,00,00,12896962538,"2",2394167296,4294439296,6656921312,ffffeb60,4263287296,0,1111,0000,00,"",0,00000000,"",0,1,"",0,0,000000000000000000,"","",0,0,f,0000000000000000,5555aaaa,0,00000000,0,0,1,1,0,1,0,0,0,0,1,1,1,0,0,1,1,0,0,1,0,0,1,0,1,1,0,0,0,0,1,0,0,0,0,0,0,0,0,0,0,0,0,0,0,0,0,0,0,0,0,0,0,0,0,0,0,0
83,83,0,12896962539,2,00000000,0,0,2000000,4000,1,20000,2000000,"S_SAMPLE",1,2000000,2000000,21845,43690,"",00000000000000000000000000000000,"","",0,0,00,00,"S_WAIT_UTC",00,00,00,00,00,12896962539,"2",2394167296,4294439296,6656921312,ffffeb60,4263287296,0,1111,0000,00,"",0,00000000,"",0,1,"",0,0,000000000000000000,"","",0,0,f,0000000000000000,5555aaaa,0,00000000,0,0,1,1,0,1,0,0,0,0,1,1,1,0,0,1,1,0,0,1,0,0,1,0,1,1,0,0,0,0,1,0,0,0,0,0,0,0,0,0,0,0,0,0,0,0,0,0,0,0,0,0,0,0,0,0,0,0
84,84,0,12896962540,2,00000000,0,0,2000000,4000,1,20000,2000000,"S_SAMPLE",1,2000000,2000000,21845,43690,"",00000000000000000000000000000000,"","",0,0,00,00,"S_WAIT_UTC",00,00,00,00,00,12896962540,"2",2394167296,4294439296,6656921312,ffffeb60,4263287296,0,1111,0000,00,"",0,00000000,"",0,1,"",0,0,000000000000000000,"","",0,0,f,0000000000000000,5555aaaa,0,00000000,0,0,1,1,0,1,0,0,0,0,1,1,1,0,0,1,1,0,0,1,0,0,1,0,1,1,0,0,0,0,1,0,0,0,0,0,0,0,0,0,0,0,0,0,0,0,0,0,0,0,0,0,0,0,0,0,0,0
85,85,0,12896962541,2,00000000,0,0,2000000,4000,1,20000,2000000,"S_SAMPLE",1,2000000,2000000,21845,21845,"",00000000000000000000000000000000,"","",0,0,00,00,"S_WAIT_UTC",00,00,00,00,00,12896962541,"2",2394167296,4294439296,6656921312,ffffeb60,4263287296,0,1111,0000,00,"",0,00000000,"",0,1,"",0,0,000000000000000000,"","",0,0,f,0000000000000000,5555aaaa,0,00000000,0,0,1,1,0,1,0,0,0,0,1,1,1,0,0,1,1,0,0,1,0,0,1,0,1,1,0,0,0,0,1,0,0,0,0,0,0,0,0,0,0,0,0,0,0,0,0,0,0,0,0,0,0,0,0,0,0,0
86,86,0,12896962542,2,00000000,0,0,2000000,4000,1,20000,2000000,"S_SAMPLE",1,2000000,2000000,21845,21845,"",00000000000000000000000000000000,"","",0,0,00,00,"S_WAIT_UTC",00,00,00,00,00,12896962542,"2",2394167296,4294439296,6656921312,ffffeb60,4263287296,0,1111,0000,00,"",0,00000000,"",0,1,"",0,0,000000000000000000,"","",0,0,f,0000000000000000,5555aaaa,0,00000000,0,0,1,1,0,1,0,0,0,0,1,1,1,0,0,1,1,0,0,1,0,0,1,0,1,1,0,0,0,0,1,0,0,0,0,0,0,0,0,0,0,0,0,0,0,0,0,0,0,0,0,0,0,0,0,0,0,0
87,87,0,12896962543,2,00000000,0,0,2000000,4000,1,20000,2000000,"S_SAMPLE",1,2000000,2000000,21845,21845,"",00000000000000000000000000000000,"","",0,0,00,00,"S_WAIT_UTC",00,00,00,00,00,12896962543,"2",2394167296,4294439296,6656921312,ffffeb60,4263287296,0,1111,0000,00,"",0,00000000,"",0,1,"",0,0,000000000000000000,"","",0,0,f,0000000000000000,5555aaaa,0,00000000,0,0,1,1,0,1,0,0,0,0,1,1,1,0,0,1,1,0,0,1,0,0,1,0,1,1,0,0,0,0,1,0,0,0,0,0,0,0,0,0,0,0,0,0,0,0,0,0,0,0,0,0,0,0,0,0,0,0
88,88,0,12896962544,2,00000000,0,0,2000000,4000,1,20000,2000000,"S_SAMPLE",1,2000000,2000000,21845,21845,"",00000000000000000000000000000000,"","",0,0,00,00,"S_WAIT_UTC",00,00,00,00,00,12896962544,"2",2394167296,4294439296,6656921312,ffffeb60,4263287296,0,1111,0000,00,"",0,00000000,"",0,1,"",0,0,000000000000000000,"","",0,0,f,0000000000000000,5555aaaa,0,00000000,0,0,1,1,0,1,0,0,0,0,1,1,1,0,0,1,1,0,0,1,0,0,1,0,1,1,0,0,0,0,1,0,0,0,0,0,0,0,0,0,0,0,0,0,0,0,0,0,0,0,0,0,0,0,0,0,0,0
89,89,0,12896962545,2,00000000,0,0,2000000,4000,1,20000,2000000,"S_SAMPLE",1,2000000,2000000,21845,21845,"",00000000000000000000000000000000,"","",0,0,00,00,"S_WAIT_UTC",00,00,00,00,00,12896962545,"2",2394167296,4294439296,6656921312,ffffeb60,4263287296,0,1111,0000,00,"",0,00000000,"",0,1,"",0,0,000000000000000000,"","",0,0,f,0000000000000000,5555aaaa,0,00000000,0,0,1,1,0,1,0,0,0,0,1,1,1,0,0,1,1,0,0,1,0,0,1,0,1,1,0,0,0,0,1,0,0,0,0,0,0,0,0,0,0,0,0,0,0,0,0,0,0,0,0,0,0,0,0,0,0,0
90,90,0,12896962546,2,00000000,0,0,2000000,4000,1,20000,2000000,"S_SAMPLE",1,2000000,2000000,21845,21845,"",00000000000000000000000000000000,"","",0,0,00,00,"S_WAIT_UTC",00,00,00,00,00,12896962546,"2",2394167296,4294439296,6656921312,ffffeb60,4263287296,0,1111,0000,00,"",0,00000000,"",0,1,"",0,0,000000000000000000,"","",0,0,f,0000000000000000,5555aaaa,0,00000000,0,0,1,1,0,1,0,0,0,0,1,1,1,0,0,1,1,0,0,1,0,0,1,0,1,1,0,0,0,0,1,0,0,0,0,0,0,0,0,0,0,0,0,0,0,0,0,0,0,0,0,0,0,0,0,0,0,0
91,91,0,12896962547,2,00000000,0,0,2000000,4000,1,20000,2000000,"S_SAMPLE",1,2000000,2000000,21845,21845,"",00000000000000000000000000000000,"","",0,0,00,00,"S_WAIT_UTC",00,00,00,00,00,12896962547,"2",2394167296,4294439296,6656921312,ffffeb60,4263287296,0,1111,0000,00,"",0,00000000,"",0,1,"",0,0,000000000000000000,"","",0,0,f,0000000000000000,5555aaaa,0,00000000,0,0,1,1,0,1,0,0,0,0,1,1,1,0,0,1,1,0,0,1,0,0,1,0,1,1,0,0,0,0,1,0,0,0,0,0,0,0,0,0,0,0,0,0,0,0,0,0,0,0,0,0,0,0,0,0,0,0
92,92,0,12896962548,2,00000000,0,0,2000000,4000,1,20000,2000000,"S_SAMPLE",1,2000000,2000000,21845,21845,"",00000000000000000000000000000000,"","",0,0,00,00,"S_WAIT_UTC",00,00,00,00,00,12896962548,"2",2394167296,4294439296,6656921312,ffffeb60,4263287296,0,1111,0000,00,"",0,00000000,"",0,1,"",0,0,000000000000000000,"","",0,0,f,0000000000000000,5555aaaa,0,00000000,0,0,1,1,0,1,0,0,0,0,1,1,1,0,0,1,1,0,0,1,0,0,1,0,1,1,0,0,0,0,1,0,0,0,0,0,0,0,0,0,0,0,0,0,0,0,0,0,0,0,0,0,0,0,0,0,0,0
93,93,0,12896962549,2,00000000,0,0,2000000,4000,1,20000,2000000,"S_SAMPLE",1,2000000,2000000,21845,21845,"",00000000000000000000000000000000,"","",0,0,00,00,"S_WAIT_UTC",00,00,00,00,00,12896962549,"2",2394167296,4294439296,6656921312,ffffeb60,4263287296,0,1111,0000,00,"",0,00000000,"",0,1,"",0,0,000000000000000000,"","",0,0,f,0000000000000000,5555aaaa,0,00000000,0,0,1,1,0,1,0,0,0,0,1,1,1,0,0,1,1,0,0,1,0,0,1,0,1,1,0,0,0,0,1,0,0,0,0,0,0,0,0,0,0,0,0,0,0,0,0,0,0,0,0,0,0,0,0,0,0,0
94,94,0,12896962550,2,00000000,0,0,2000000,4000,1,20000,2000000,"S_SAMPLE",1,2000000,2000000,21845,21845,"",00000000000000000000000000000000,"","",0,0,00,00,"S_WAIT_UTC",00,00,00,00,00,12896962550,"2",2394167296,4294439296,6656921312,ffffeb60,4263287296,0,1111,0000,00,"",0,00000000,"",0,1,"",0,0,000000000000000000,"","",0,0,f,0000000000000000,5555aaaa,0,00000000,0,0,1,1,0,1,0,0,0,0,1,1,1,0,0,1,1,0,0,1,0,0,1,0,1,1,0,0,0,0,1,0,0,0,0,0,0,0,0,0,0,0,0,0,0,0,0,0,0,0,0,0,0,0,0,0,0,0
95,95,0,12896962551,2,00000000,0,0,2000000,4000,1,20000,2000000,"S_SAMPLE",1,2000000,2000000,21845,21845,"",00000000000000000000000000000000,"","",0,0,00,00,"S_WAIT_UTC",00,00,00,00,00,12896962551,"2",2394167296,4294439296,6656921312,ffffeb60,4263287296,0,1111,0000,00,"",0,00000000,"",0,1,"",0,0,000000000000000000,"","",0,0,f,0000000000000000,5555aaaa,0,00000000,0,0,1,1,0,1,0,0,0,0,1,1,1,0,0,1,1,0,0,1,0,0,1,0,1,1,0,0,0,0,1,0,0,0,0,0,0,0,0,0,0,0,0,0,0,0,0,0,0,0,0,0,0,0,0,0,0,0
96,96,0,12896962552,2,00000000,0,0,2000000,4000,1,20000,2000000,"S_SAMPLE",1,2000000,2000000,21845,21845,"",00000000000000000000000000000000,"","",0,0,00,00,"S_WAIT_UTC",00,00,00,00,00,12896962552,"2",2394167296,4294439296,6656921312,ffffeb60,4263287296,0,1111,0000,00,"",0,00000000,"",0,1,"",0,0,000000000000000000,"","",0,0,f,0000000000000000,5555aaaa,0,00000000,0,0,1,1,0,1,0,0,0,0,1,1,1,0,0,1,1,0,0,1,0,0,1,0,1,1,0,0,0,0,1,0,0,0,0,0,0,0,0,0,0,0,0,0,0,0,0,0,0,0,0,0,0,0,0,0,0,0
97,97,0,12896962553,2,00000000,0,0,2000000,4000,1,20000,2000000,"S_SAMPLE",1,2000000,2000000,21845,21845,"",00000000000000000000000000000000,"","",0,0,00,00,"S_WAIT_UTC",00,00,00,00,00,12896962553,"2",2394167296,4294439296,6656921312,ffffeb60,4263287296,0,1111,0000,00,"",0,00000000,"",0,1,"",0,0,000000000000000000,"","",0,0,f,0000000000000000,5555aaaa,0,00000000,0,0,1,1,0,1,0,0,0,0,1,1,1,0,0,1,1,0,0,1,0,0,1,0,1,1,0,0,0,0,1,0,0,0,0,0,0,0,0,0,0,0,0,0,0,0,0,0,0,0,0,0,0,0,0,0,0,0
98,98,0,12896962554,3,00000000,0,0,2000000,4000,1,20000,2000000,"S_SAMPLE",2,2000000,2000000,21845,21845,"",00000000000000000000000000000000,"","",0,0,00,00,"S_WAIT_UTC",00,00,00,00,00,12896962554,"2",2394167296,4294439296,6656921312,ffffeb60,4263287296,0,1111,0000,00,"",0,00000000,"",0,1,"",0,0,000000000000000000,"","",0,0,f,0000000000000000,5555aaaa,0,00000000,0,0,1,1,0,1,0,0,0,0,1,1,1,0,0,1,1,0,0,1,0,0,1,0,1,1,0,0,0,0,1,0,0,0,0,0,0,0,0,0,0,0,0,0,0,0,0,0,0,0,0,0,0,0,0,0,0,0
99,99,0,12896962555,3,00000000,0,0,2000000,4000,1,20000,2000000,"S_SAMPLE",2,2000000,2000000,21845,21845,"",00000000000000000000000000000000,"","",0,0,00,00,"S_WAIT_UTC",00,00,00,00,00,12896962555,"2",2394167296,4294439296,6656921312,ffffeb60,4263287296,0,1111,0000,00,"",0,00000000,"",0,1,"",0,0,000000000000000000,"","",0,0,f,0000000000000000,5555aaaa,0,00000000,0,0,1,1,0,1,0,0,0,0,1,1,1,0,0,1,1,0,0,1,0,0,1,0,1,1,0,0,0,0,1,0,0,0,0,0,0,0,0,0,0,0,0,0,0,0,0,0,0,0,0,0,0,0,0,0,0,0
100,100,0,12896962556,3,00000000,0,0,2000000,4000,1,20000,2000000,"S_SAMPLE",2,2000000,2000000,21845,21845,"",00000000000000000000000000000000,"","",0,0,00,00,"S_WAIT_UTC",00,00,00,00,00,12896962556,"2",2394167296,4294439296,6656921312,ffffeb60,4263287296,0,1111,0000,00,"",0,00000000,"",0,1,"",0,0,000000000000000000,"","",0,0,f,0000000000000000,5555aaaa,0,00000000,0,0,1,1,0,1,0,0,0,0,1,1,1,0,0,1,1,0,0,1,0,0,1,0,1,1,0,0,0,0,1,0,0,0,0,0,0,0,0,0,0,0,0,0,0,0,0,0,0,0,0,0,0,0,0,0,0,0
101,101,0,12896962557,3,00000000,0,0,2000000,4000,1,20000,2000000,"S_SAMPLE",2,2000000,2000000,21845,21845,"",00000000000000000000000000000000,"","",0,0,00,00,"S_WAIT_UTC",00,00,00,00,00,12896962557,"2",2394167296,4294439296,6656921312,ffffeb60,4263287296,0,1111,0000,00,"",0,00000000,"",0,1,"",0,0,000000000000000000,"","",0,0,f,0000000000000000,5555aaaa,0,00000000,0,0,1,1,0,1,0,0,0,0,1,1,1,0,0,1,1,0,0,1,0,0,1,0,1,1,0,0,0,0,1,0,0,0,0,0,0,0,0,0,0,0,0,0,0,0,0,0,0,0,0,0,0,0,0,0,0,0
102,102,0,12896962558,3,00000000,0,0,2000000,4000,1,20000,2000000,"S_SAMPLE",2,2000000,2000000,21845,21845,"",00000000000000000000000000000000,"","",0,0,00,00,"S_WAIT_UTC",00,00,00,00,00,12896962558,"2",2394167296,4294439296,6656921312,ffffeb60,4263287296,0,1111,0000,00,"",0,00000000,"",0,1,"",0,0,000000000000000000,"","",0,0,f,0000000000000000,5555aaaa,0,00000000,0,0,1,1,0,1,0,0,0,0,1,1,1,0,0,1,1,0,0,1,0,0,1,0,1,1,0,0,0,0,1,0,0,0,0,0,0,0,0,0,0,0,0,0,0,0,0,0,0,0,0,0,0,0,0,0,0,0
103,103,0,12896962559,3,00000000,0,0,2000000,4000,1,20000,2000000,"S_SAMPLE",2,2000000,2000000,21845,21845,"",00000000000000000000000000000000,"","",0,0,00,00,"S_WAIT_UTC",00,00,00,00,00,12896962559,"2",2394167296,4294439296,6656921312,ffffeb60,4263287296,0,1111,0000,00,"",0,00000000,"",0,1,"",0,0,000000000000000000,"","",0,0,f,0000000000000000,5555aaaa,0,00000000,0,0,1,1,0,1,0,0,0,0,1,1,1,0,0,1,1,0,0,1,0,0,1,0,1,1,0,0,0,0,1,0,0,0,0,0,0,0,0,0,0,0,0,0,0,0,0,0,0,0,0,0,0,0,0,0,0,0
104,104,0,12896962560,3,00000000,0,0,2000000,4000,1,20000,2000000,"S_SAMPLE",2,2000000,2000000,21845,21845,"",00000000000000000000000000000000,"","",0,0,00,00,"S_WAIT_UTC",00,00,00,00,00,12896962560,"2",2394167296,4294439296,6656921312,ffffeb60,4263287296,0,1111,0000,00,"",0,00000000,"",0,1,"",0,0,000000000000000000,"","",0,0,f,0000000000000000,5555aaaa,0,00000000,0,0,1,1,0,1,0,0,0,0,1,1,1,0,0,1,1,0,0,1,0,0,1,0,1,1,0,0,0,0,1,0,0,0,0,0,0,0,0,0,0,0,0,0,0,0,0,0,0,0,0,0,0,0,0,0,0,0
105,105,0,12896962561,3,00000000,0,0,2000000,4000,1,20000,2000000,"S_SAMPLE",2,2000000,2000000,21845,21845,"",00000000000000000000000000000000,"","",0,0,00,00,"S_WAIT_UTC",00,00,00,00,00,12896962561,"2",2394167296,4294439296,6656921312,ffffeb60,4263287296,0,1111,0000,00,"",0,00000000,"",0,1,"",0,0,000000000000000000,"","",0,0,f,0000000000000000,5555aaaa,0,00000000,0,0,1,1,0,1,0,0,0,0,1,1,1,0,0,1,1,0,0,1,0,0,1,0,1,1,0,0,0,0,1,0,0,0,0,0,0,0,0,0,0,0,0,0,0,0,0,0,0,0,0,0,0,0,0,0,0,0
106,106,0,12896962562,3,00000000,0,0,2000000,4000,1,20000,2000000,"S_SAMPLE",2,2000000,2000000,21845,21845,"",00000000000000000000000000000000,"","",0,0,00,00,"S_WAIT_UTC",00,00,00,00,00,12896962562,"2",2394167296,4294439296,6656921312,ffffeb60,4263287296,0,1111,0000,00,"",0,00000000,"",0,1,"",0,0,000000000000000000,"","",0,0,f,0000000000000000,5555aaaa,0,00000000,0,0,1,1,0,1,0,0,0,0,1,1,1,0,0,1,1,0,0,1,0,0,1,0,1,1,0,0,0,0,1,0,0,0,0,0,0,0,0,0,0,0,0,0,0,0,0,0,0,0,0,0,0,0,0,0,0,0
107,107,0,12896962563,3,00000000,0,0,2000000,4000,1,20000,2000000,"S_SAMPLE",2,2000000,2000000,21845,21845,"",00000000000000000000000000000000,"","",0,0,00,00,"S_WAIT_UTC",00,00,00,00,00,12896962563,"2",2394167296,4294439296,6656921312,ffffeb60,4263287296,0,1111,0000,00,"",0,00000000,"",0,1,"",0,0,000000000000000000,"","",0,0,f,0000000000000000,5555aaaa,0,00000000,0,0,1,1,0,1,0,0,0,0,1,1,1,0,0,1,1,0,0,1,0,0,1,0,1,1,0,0,0,0,1,0,0,0,0,0,0,0,0,0,0,0,0,0,0,0,0,0,0,0,0,0,0,0,0,0,0,0
108,108,0,12896962564,3,00000000,0,0,2000000,4000,1,20000,2000000,"S_SAMPLE",2,2000000,2000000,21845,21845,"",00000000000000000000000000000000,"","",0,0,00,00,"S_WAIT_UTC",00,00,00,00,00,12896962564,"2",2394167296,4294439296,6656921312,ffffeb60,4263287296,0,1111,0000,00,"",0,00000000,"",0,1,"",0,0,000000000000000000,"","",0,0,f,0000000000000000,5555aaaa,0,00000000,0,0,1,1,0,1,0,0,0,0,1,1,1,0,0,1,1,0,0,1,0,0,1,0,1,1,0,0,0,0,1,0,0,0,0,0,0,0,0,0,0,0,0,0,0,0,0,0,0,0,0,0,0,0,0,0,0,0
109,109,0,12896962565,3,00000000,0,0,2000000,4000,1,20000,2000000,"S_SAMPLE",2,2000000,2000000,21845,21845,"",00000000000000000000000000000000,"","",0,0,00,00,"S_WAIT_UTC",00,00,00,00,00,12896962565,"2",2394167296,4294439296,6656921312,ffffeb60,4263287296,0,1111,0000,00,"",0,00000000,"",0,1,"",0,0,000000000000000000,"","",0,0,f,0000000000000000,5555aaaa,0,00000000,0,0,1,1,0,1,0,0,0,0,1,1,1,0,0,1,1,0,0,1,0,0,1,0,1,1,0,0,0,0,1,0,0,0,0,0,0,0,0,0,0,0,0,0,0,0,0,0,0,0,0,0,0,0,0,0,0,0
110,110,0,12896962566,3,00000000,0,0,2000000,4000,1,20000,2000000,"S_SAMPLE",2,2000000,2000000,21845,43690,"",00000000000000000000000000000000,"","",0,0,00,00,"S_WAIT_UTC",00,00,00,00,00,12896962566,"2",2394167296,4294439296,6656921312,ffffeb60,4263287296,0,1111,0000,00,"",0,00000000,"",0,1,"",0,0,000000000000000000,"","",0,0,f,0000000000000000,5555aaaa,0,00000000,0,0,1,1,0,1,0,0,0,0,1,1,1,0,0,1,1,0,0,1,0,0,1,0,1,1,0,0,0,0,1,0,0,0,0,0,0,0,0,0,0,0,0,0,0,0,0,0,0,0,0,0,0,0,0,0,0,0
111,111,0,12896962567,3,00000000,0,0,2000000,4000,1,20000,2000000,"S_SAMPLE",2,2000000,2000000,21845,43690,"",00000000000000000000000000000000,"","",0,0,00,00,"S_WAIT_UTC",00,00,00,00,00,12896962567,"2",2394167296,4294439296,6656921312,ffffeb60,4263287296,0,1111,0000,00,"",0,00000000,"",0,1,"",0,0,000000000000000000,"","",0,0,f,0000000000000000,5555aaaa,0,00000000,0,0,1,1,0,1,0,0,0,0,1,1,1,0,0,1,1,0,0,1,0,0,1,0,1,1,0,0,0,0,1,0,0,0,0,0,0,0,0,0,0,0,0,0,0,0,0,0,0,0,0,0,0,0,0,0,0,0
112,112,0,12896962568,3,00000000,0,0,2000000,4000,1,20000,2000000,"S_SAMPLE",2,2000000,2000000,21845,43690,"",00000000000000000000000000000000,"","",0,0,00,00,"S_WAIT_UTC",00,00,00,00,00,12896962568,"2",2394167296,4294439296,6656921312,ffffeb60,4263287296,0,1111,0000,00,"",0,00000000,"",0,1,"",0,0,000000000000000000,"","",0,0,f,0000000000000000,5555aaaa,0,00000000,0,0,1,1,0,1,0,0,0,0,1,1,1,0,0,1,1,0,0,1,0,0,1,0,1,1,0,0,0,0,1,0,0,0,0,0,0,0,0,0,0,0,0,0,0,0,0,0,0,0,0,0,0,0,0,0,0,0
113,113,0,12896962569,3,00000000,0,0,2000000,4000,1,20000,2000000,"S_SAMPLE",2,2000000,2000000,21845,43690,"",00000000000000000000000000000000,"","",0,0,00,00,"S_WAIT_UTC",00,00,00,00,00,12896962569,"2",2394167296,4294439296,6656921312,ffffeb60,4263287296,0,1111,0000,00,"",0,00000000,"",0,1,"",0,0,000000000000000000,"","",0,0,f,0000000000000000,5555aaaa,0,00000000,0,0,1,1,0,1,0,0,0,0,1,1,1,0,0,1,1,0,0,1,0,0,1,0,1,1,0,0,0,0,1,0,0,0,0,0,0,0,0,0,0,0,0,0,0,0,0,0,0,0,0,0,0,0,0,0,0,0
114,114,0,12896962570,3,00000000,0,0,2000000,4000,1,20000,2000000,"S_SAMPLE",2,2000000,2000000,21845,43690,"",00000000000000000000000000000000,"","",0,0,00,00,"S_WAIT_UTC",00,00,00,00,00,12896962570,"2",2394167296,4294439296,6656921312,ffffeb60,4263287296,0,1111,0000,00,"",0,00000000,"",0,1,"",0,0,000000000000000000,"","",0,0,f,0000000000000000,5555aaaa,0,00000000,0,0,1,1,0,1,0,0,0,0,1,1,1,0,0,1,1,0,0,1,0,0,1,0,1,1,0,0,0,0,1,0,0,0,0,0,0,0,0,0,0,0,0,0,0,0,0,0,0,0,0,0,0,0,0,0,0,0
115,115,0,12896962571,3,00000000,0,0,2000000,4000,1,20000,2000000,"S_SAMPLE",2,2000000,2000000,21845,43690,"",00000000000000000000000000000000,"","",0,0,00,00,"S_WAIT_UTC",00,00,00,00,00,12896962571,"2",2394167296,4294439296,6656921312,ffffeb60,4263287296,0,1111,0000,00,"",0,00000000,"",0,1,"",0,0,000000000000000000,"","",0,0,f,0000000000000000,5555aaaa,0,00000000,0,0,1,1,0,1,0,0,0,0,1,1,1,0,0,1,1,0,0,1,0,0,1,0,1,1,0,0,0,0,1,0,0,0,0,0,0,0,0,0,0,0,0,0,0,0,0,0,0,0,0,0,0,0,0,0,0,0
116,116,0,12896962572,3,00000000,0,0,2000000,4000,1,20000,2000000,"S_SAMPLE",2,2000000,2000000,21845,43690,"",00000000000000000000000000000000,"","",0,0,00,00,"S_WAIT_UTC",00,00,00,00,00,12896962572,"2",2394167296,4294439296,6656921312,ffffeb60,4263287296,0,1111,0000,00,"",0,00000000,"",0,1,"",0,0,000000000000000000,"","",0,0,f,0000000000000000,5555aaaa,0,00000000,0,0,1,1,0,1,0,0,0,0,1,1,1,0,0,1,1,0,0,1,0,0,1,0,1,1,0,0,0,0,1,0,0,0,0,0,0,0,0,0,0,0,0,0,0,0,0,0,0,0,0,0,0,0,0,0,0,0
117,117,0,12896962573,3,00000000,0,0,2000000,4000,1,20000,2000000,"S_SAMPLE",2,2000000,2000000,21845,43690,"",00000000000000000000000000000000,"","",0,0,00,00,"S_WAIT_UTC",00,00,00,00,00,12896962573,"2",2394167296,4294439296,6656921312,ffffeb60,4263287296,0,1111,0000,00,"",0,00000000,"",0,1,"",0,0,000000000000000000,"","",0,0,f,0000000000000000,5555aaaa,0,00000000,0,0,1,1,0,1,0,0,0,0,1,1,1,0,0,1,1,0,0,1,0,0,1,0,1,1,0,0,0,0,1,0,0,0,0,0,0,0,0,0,0,0,0,0,0,0,0,0,0,0,0,0,0,0,0,0,0,0
118,118,0,12896962574,3,00000000,0,0,2000000,4000,1,20000,2000000,"S_SAMPLE",2,2000000,2000000,21845,43690,"",00000000000000000000000000000000,"","",0,0,00,00,"S_WAIT_UTC",00,00,00,00,00,12896962574,"2",2394167296,4294439296,6656921312,ffffeb60,4263287296,0,1111,0000,00,"",0,00000000,"",0,1,"",0,0,000000000000000000,"","",0,0,f,0000000000000000,5555aaaa,0,00000000,0,0,1,1,0,1,0,0,0,0,1,1,1,0,0,1,1,0,0,1,0,0,1,0,1,1,0,0,0,0,1,0,0,0,0,0,0,0,0,0,0,0,0,0,0,0,0,0,0,0,0,0,0,0,0,0,0,0
119,119,0,12896962575,3,00000000,0,0,2000000,4000,1,20000,2000000,"S_SAMPLE",2,2000000,2000000,21845,43690,"",00000000000000000000000000000000,"","",0,0,00,00,"S_WAIT_UTC",00,00,00,00,00,12896962575,"2",2394167296,4294439296,6656921312,ffffeb60,4263287296,0,1111,0000,00,"",0,00000000,"",0,1,"",0,0,000000000000000000,"","",0,0,f,0000000000000000,5555aaaa,0,00000000,0,0,1,1,0,1,0,0,0,0,1,1,1,0,0,1,1,0,0,1,0,0,1,0,1,1,0,0,0,0,1,0,0,0,0,0,0,0,0,0,0,0,0,0,0,0,0,0,0,0,0,0,0,0,0,0,0,0
120,120,0,12896962576,3,00000000,0,0,2000000,4000,1,20000,2000000,"S_SAMPLE",2,2000000,2000000,21845,43690,"",00000000000000000000000000000000,"","",0,0,00,00,"S_WAIT_UTC",00,00,00,00,00,12896962576,"2",2394167296,4294439296,6656921312,ffffeb60,4263287296,0,1111,0000,00,"",0,00000000,"",0,1,"",0,0,000000000000000000,"","",0,0,f,0000000000000000,5555aaaa,0,00000000,0,0,1,1,0,1,0,0,0,0,1,1,1,0,0,1,1,0,0,1,0,0,1,0,1,1,0,0,0,0,1,0,0,0,0,0,0,0,0,0,0,0,0,0,0,0,0,0,0,0,0,0,0,0,0,0,0,0
121,121,0,12896962577,3,00000000,0,0,2000000,4000,1,20000,2000000,"S_SAMPLE",2,2000000,2000000,21845,43690,"",00000000000000000000000000000000,"","",0,0,00,00,"S_WAIT_UTC",00,00,00,00,00,12896962577,"2",2394167296,4294439296,6656921312,ffffeb60,4263287296,0,1111,0000,00,"",0,00000000,"",0,1,"",0,0,000000000000000000,"","",0,0,f,0000000000000000,5555aaaa,0,00000000,0,0,1,1,0,1,0,0,0,0,1,1,1,0,0,1,1,0,0,1,0,0,1,0,1,1,0,0,0,0,1,0,0,0,0,0,0,0,0,0,0,0,0,0,0,0,0,0,0,0,0,0,0,0,0,0,0,0
122,122,0,12896962578,3,00000000,0,0,2000000,4000,1,20000,2000000,"S_SAMPLE",2,2000000,2000000,21845,43690,"",00000000000000000000000000000000,"","",0,0,00,00,"S_WAIT_UTC",00,00,00,00,00,12896962578,"2",2394167296,4294439296,6656921312,ffffeb60,4263287296,0,1111,0000,00,"",0,00000000,"",0,1,"",0,0,000000000000000000,"","",0,0,f,0000000000000000,5555aaaa,0,00000000,0,0,1,1,0,1,0,0,0,0,1,1,1,0,0,1,1,0,0,1,0,0,1,0,1,1,0,0,0,0,1,0,0,0,0,0,0,0,0,0,0,0,0,0,0,0,0,0,0,0,0,0,0,0,0,0,0,0
123,123,0,12896962579,4,00000000,0,0,2000000,4000,1,20000,2000000,"S_SAMPLE",3,2000000,2000000,21845,43690,"",00000000000000000000000000000000,"","",0,0,00,00,"S_WAIT_UTC",00,00,00,00,00,12896962579,"2",2394167296,4294439296,6656921312,ffffeb60,4263287296,0,1111,0000,00,"",0,00000000,"",0,1,"",0,0,000000000000000000,"","",0,0,f,0000000000000000,5555aaaa,0,00000000,0,0,1,1,0,1,0,0,0,0,1,1,1,0,0,1,1,0,0,1,0,0,1,0,1,1,0,0,0,0,1,0,0,0,0,0,0,0,0,0,0,0,0,0,0,0,0,0,0,0,0,0,0,0,0,0,0,0
124,124,0,12896962580,4,00000000,0,0,2000000,4000,1,20000,2000000,"S_SAMPLE",3,2000000,2000000,21845,43690,"",00000000000000000000000000000000,"","",0,0,00,00,"S_WAIT_UTC",00,00,00,00,00,12896962580,"2",2394167296,4294439296,6656921312,ffffeb60,4263287296,0,1111,0000,00,"",0,00000000,"",0,1,"",0,0,000000000000000000,"","",0,0,f,0000000000000000,5555aaaa,0,00000000,0,0,1,1,0,1,0,0,0,0,1,1,1,0,0,1,1,0,0,1,0,0,1,0,1,1,0,0,0,0,1,0,0,0,0,0,0,0,0,0,0,0,0,0,0,0,0,0,0,0,0,0,0,0,0,0,0,0
125,125,0,12896962581,4,00000000,0,0,2000000,4000,1,20000,2000000,"S_SAMPLE",3,2000000,2000000,21845,43690,"",00000000000000000000000000000000,"","",0,0,00,00,"S_WAIT_UTC",00,00,00,00,00,12896962581,"2",2394167296,4294439296,6656921312,ffffeb60,4263287296,0,1111,0000,00,"",0,00000000,"",0,1,"",0,0,000000000000000000,"","",0,0,f,0000000000000000,5555aaaa,0,00000000,0,0,1,1,0,1,0,0,0,0,1,1,1,0,0,1,1,0,0,1,0,0,1,0,1,1,0,0,0,0,1,0,0,0,0,0,0,0,0,0,0,0,0,0,0,0,0,0,0,0,0,0,0,0,0,0,0,0
126,126,0,12896962582,4,00000000,0,0,2000000,4000,1,20000,2000000,"S_SAMPLE",3,2000000,2000000,21845,43690,"",00000000000000000000000000000000,"","",0,0,00,00,"S_WAIT_UTC",00,00,00,00,00,12896962582,"2",2394167296,4294439296,6656921312,ffffeb60,4263287296,0,1111,0000,00,"",0,00000000,"",0,1,"",0,0,000000000000000000,"","",0,0,f,0000000000000000,5555aaaa,0,00000000,0,0,1,1,0,1,0,0,0,0,1,1,1,0,0,1,1,0,0,1,0,0,1,0,1,1,0,0,0,0,1,0,0,0,0,0,0,0,0,0,0,0,0,0,0,0,0,0,0,0,0,0,0,0,0,0,0,0
127,127,0,12896962583,4,00000000,0,0,2000000,4000,1,20000,2000000,"S_SAMPLE",3,2000000,2000000,21845,43690,"",00000000000000000000000000000000,"","",0,0,00,00,"S_WAIT_UTC",00,00,00,00,00,12896962583,"2",2394167296,4294439296,6656921312,ffffeb60,4263287296,0,1111,0000,00,"",0,00000000,"",0,1,"",0,0,000000000000000000,"","",0,0,f,0000000000000000,5555aaaa,0,00000000,1,0,1,1,0,1,0,0,0,0,1,0,1,0,0,1,1,0,0,1,0,0,1,0,1,1,0,0,0,0,1,0,0,0,0,0,0,0,0,0,0,0,0,0,0,0,0,0,0,0,0,0,0,0,0,0,0,0
128,128,1,12896962584,4,00000000,0,0,2000000,4000,1,20000,2000000,"S_SAMPLE",3,2000000,2000000,43690,43690,"",00000000000000000000000000000000,"","",0,0,00,00,"S_WAIT_UTC",00,00,00,00,00,12896962584,"2",2394167296,4294439296,6656921312,ffffeb60,4263287296,0,1111,0000,00,"",0,00000000,"",0,1,"",0,0,000000000000000000,"","",0,0,f,0000000000000000,5555aaaa,0,00000000,0,1,1,1,0,1,0,0,0,0,1,1,1,0,0,1,1,0,0,1,1,0,1,0,1,1,0,0,0,0,1,0,0,0,0,0,0,0,0,0,0,0,0,0,0,0,0,0,0,0,0,0,0,0,0,0,0,0
129,129,0,12896962585,4,00000000,0,0,2000000,4000,1,20000,2000000,"S_SAMPLE",3,2000000,2000000,43690,43690,"",00000000000000000000000000000000,"","",0,0,00,00,"S_WAIT_UTC",00,00,00,00,00,12896962585,"2",2394167296,4294439296,6656921312,ffffeb60,4263287296,0,1111,0000,00,"",0,00000000,"",0,1,"",0,0,000000000000000000,"","",0,0,f,0000000000000000,5555aaaa,0,00000000,0,0,1,1,0,1,0,0,0,0,1,1,1,0,0,1,1,0,0,1,0,0,1,0,1,1,0,0,0,0,1,0,0,0,0,0,0,0,0,0,0,0,0,0,0,0,0,0,0,0,0,0,0,0,0,0,0,0
130,130,0,12896962586,4,00000000,0,1,2000000,4000,1,20000,2000000,"S_SAMPLE",3,2000000,2000000,43690,43690,"",00000000000000000000000000000000,"","",0,0,00,00,"S_WAIT_UTC",00,00,00,00,00,12896962586,"2",2394167296,4294439296,6656921312,ffffeb60,4263287296,0,1111,0000,00,"",0,00000000,"",0,1,"",0,0,000000000000000000,"","",0,0,f,0000000000000000,5555aaaa,0,00000000,0,0,1,1,0,1,0,0,0,0,1,1,1,0,0,1,1,0,0,1,0,0,1,0,1,1,0,0,0,0,1,0,0,0,0,0,0,0,0,0,0,0,0,0,0,0,0,0,0,0,0,0,0,0,0,0,0,0
131,131,0,12896962587,4,00000000,0,1,2000000,4000,1,20000,2000000,"S_SAMPLE",3,2000000,2000000,43690,43690,"",00000000000000000000000000000000,"","",0,0,00,00,"S_WAIT_UTC",00,00,00,00,00,12896962587,"2",2394167296,4294439296,6656921312,ffffeb60,4263287296,0,1111,0000,00,"",0,00000000,"",0,1,"",0,0,000000000000000000,"","",0,0,f,0000000000000000,5555aaaa,0,00000000,0,0,1,1,0,1,0,0,0,0,1,1,1,0,0,1,1,0,0,1,0,0,1,0,1,1,0,0,0,0,1,0,0,0,0,0,0,0,0,0,0,0,0,0,0,0,0,0,0,0,0,0,0,0,0,0,0,0
132,132,0,12896962588,4,00000000,0,1,2000000,4000,1,20000,2000000,"S_SAMPLE",3,2000000,2000000,43690,43690,"",00000000000000000000000000000000,"","",0,0,00,00,"S_WAIT_UTC",00,00,00,00,00,12896962588,"2",2394167296,4294439296,6656921312,ffffeb60,4263287296,0,1111,0000,00,"",0,00000000,"",0,1,"",0,0,000000000000000000,"","",0,0,f,0000000000000000,5555aaaa,0,00000000,0,0,1,1,0,1,0,0,0,0,1,1,1,0,0,1,1,0,0,1,0,0,1,0,1,1,0,0,0,0,1,0,0,0,0,0,0,0,0,0,0,0,0,0,0,0,0,0,0,0,0,0,0,0,0,0,0,0
133,133,0,12896962589,4,00000000,0,1,2000000,4000,1,20000,2000000,"S_SAMPLE",3,2000000,2000000,43690,43690,"",00000000000000000000000000000000,"","",0,0,00,00,"S_WAIT_UTC",00,00,00,00,00,12896962589,"2",2394167296,4294439296,6656921312,ffffeb60,4263287296,0,1111,0000,00,"",0,00000000,"",0,1,"",0,0,000000000000000000,"","",0,0,f,0000000000000000,5555aaaa,0,00000000,0,0,1,1,0,1,0,0,0,0,1,1,1,0,0,1,1,0,0,1,0,0,1,0,1,1,0,0,0,0,1,0,0,0,0,0,0,0,0,0,0,0,0,0,0,0,0,0,0,0,0,0,0,0,0,0,0,0
134,134,0,12896962590,4,00000000,0,1,2000000,4000,1,20000,2000000,"S_SAMPLE",3,2000000,2000000,43690,43690,"",00000000000000000000000000000000,"","",0,0,00,00,"S_WAIT_UTC",00,00,00,00,00,12896962590,"2",2394167296,4294439296,6656921312,ffffeb60,4263287296,0,1111,0000,00,"",0,00000000,"",0,1,"",0,0,000000000000000000,"","",0,0,f,0000000000000000,5555aaaa,0,00000000,0,0,1,1,0,1,0,0,0,0,1,1,1,0,0,1,1,0,0,1,0,0,1,0,1,1,0,0,0,0,1,0,0,0,0,0,0,0,0,0,0,0,0,0,0,0,0,0,0,0,0,0,0,0,0,0,0,0
135,135,0,12896962591,4,00000000,0,1,2000000,4000,1,20000,2000000,"S_SAMPLE",3,2000000,2000000,43690,21845,"",00000000000000000000000000000000,"","",0,0,00,00,"S_WAIT_UTC",00,00,00,00,00,12896962591,"2",2394167296,4294439296,6656921312,ffffeb60,4263287296,0,1111,0000,00,"",0,00000000,"",0,1,"",0,0,000000000000000000,"","",0,0,f,0000000000000000,5555aaaa,0,00000000,0,0,1,1,0,1,0,0,0,0,1,1,1,0,0,1,1,0,0,1,0,0,1,0,1,1,0,0,0,0,1,0,0,0,0,0,0,0,0,0,0,0,0,0,0,0,0,0,0,0,0,0,0,0,0,0,0,0
136,136,0,12896962592,4,00000000,0,1,2000000,4000,1,20000,2000000,"S_SAMPLE",3,2000000,2000000,43690,21845,"",00000000000000000000000000000000,"","",0,0,00,00,"S_WAIT_UTC",00,00,00,00,00,12896962592,"2",2394167296,4294439296,6656921312,ffffeb60,4263287296,0,1111,0000,00,"",0,00000000,"",0,1,"",0,0,000000000000000000,"","",0,0,f,0000000000000000,5555aaaa,0,00000000,0,0,1,1,0,1,0,0,0,0,1,1,1,0,0,1,1,0,0,1,0,0,1,0,1,1,0,0,0,0,1,0,0,0,0,0,0,0,0,0,0,0,0,0,0,0,0,0,0,0,0,0,0,0,0,0,0,0
137,137,0,12896962593,4,00000000,0,1,2000000,4000,1,20000,2000000,"S_SAMPLE",3,2000000,2000000,43690,21845,"",00000000000000000000000000000000,"","",0,0,00,00,"S_WAIT_UTC",00,00,00,00,00,12896962593,"2",2394167296,4294439296,6656921312,ffffeb60,4263287296,0,1111,0000,00,"",0,00000000,"",0,1,"",0,0,000000000000000000,"","",0,0,f,0000000000000000,5555aaaa,0,00000000,0,0,1,1,0,1,0,0,0,0,1,1,1,0,0,1,1,0,0,1,0,0,1,0,1,1,0,0,0,0,1,0,0,0,0,0,0,0,0,0,0,0,0,0,0,0,0,0,0,0,0,0,0,0,0,0,0,0
138,138,0,12896962594,4,00000000,0,1,2000000,4000,1,20000,2000000,"S_SAMPLE",3,2000000,2000000,43690,21845,"",00000000000000000000000000000000,"","",0,0,00,00,"S_WAIT_UTC",00,00,00,00,00,12896962594,"2",2394167296,4294439296,6656921312,ffffeb60,4263287296,0,1111,0000,00,"",0,00000000,"",0,1,"",0,0,000000000000000000,"","",0,0,f,0000000000000000,5555aaaa,0,00000000,0,0,1,1,0,1,0,0,0,0,1,1,1,0,0,1,1,0,0,1,0,0,1,0,1,1,0,0,0,0,1,0,0,0,0,0,0,0,0,0,0,0,0,0,0,0,0,0,0,0,0,0,0,0,0,0,0,0
139,139,0,12896962595,4,00000000,0,1,2000000,4000,1,20000,2000000,"S_SAMPLE",3,2000000,2000000,43690,21845,"",00000000000000000000000000000000,"","",0,0,00,00,"S_WAIT_UTC",00,00,00,00,00,12896962595,"2",2394167296,4294439296,6656921312,ffffeb60,4263287296,0,1111,0000,00,"",0,00000000,"",0,1,"",0,0,000000000000000000,"","",0,0,f,0000000000000000,5555aaaa,0,00000000,0,0,1,1,0,1,0,0,0,0,1,1,1,0,0,1,1,0,0,1,0,0,1,0,1,1,0,0,0,0,1,0,0,0,0,0,0,0,0,0,0,0,0,0,0,0,0,0,0,0,0,0,0,0,0,0,0,0
140,140,0,12896962596,4,00000000,0,1,2000000,4000,1,20000,2000000,"S_SAMPLE",3,2000000,2000000,43690,21845,"",00000000000000000000000000000000,"","",0,0,00,00,"S_WAIT_UTC",00,00,00,00,00,12896962596,"2",2394167296,4294439296,6656921312,ffffeb60,4263287296,0,1111,0000,00,"",0,00000000,"",0,1,"",0,0,000000000000000000,"","",0,0,f,0000000000000000,5555aaaa,0,00000000,0,0,1,1,0,1,0,0,0,0,1,1,1,0,0,1,1,0,0,1,0,0,1,0,1,1,0,0,0,0,1,0,0,0,0,0,0,0,0,0,0,0,0,0,0,0,0,0,0,0,0,0,0,0,0,0,0,0
141,141,0,12896962597,4,00000000,0,1,2000000,4000,1,20000,2000000,"S_SAMPLE",3,2000000,2000000,43690,21845,"",00000000000000000000000000000000,"","",0,0,00,00,"S_WAIT_UTC",00,00,00,00,00,12896962597,"2",2394167296,4294439296,6656921312,ffffeb60,4263287296,0,1111,0000,00,"",0,00000000,"",0,1,"",0,0,000000000000000000,"","",0,0,f,0000000000000000,5555aaaa,0,00000000,0,0,1,1,0,1,0,0,0,0,1,1,1,0,0,1,1,0,0,1,0,0,1,0,1,1,0,0,0,0,1,0,0,0,0,0,0,0,0,0,0,0,0,0,0,0,0,0,0,0,0,0,0,0,0,0,0,0
142,142,0,12896962598,4,00000000,0,1,2000000,4000,1,20000,2000000,"S_SAMPLE",3,2000000,2000000,43690,21845,"",00000000000000000000000000000000,"","",0,0,00,00,"S_WAIT_UTC",00,00,00,00,00,12896962598,"2",2394167296,4294439296,6656921312,ffffeb60,4263287296,0,1111,0000,00,"",0,00000000,"",0,1,"",0,0,000000000000000000,"","",0,0,f,0000000000000000,5555aaaa,0,00000000,0,0,1,1,0,1,0,0,0,0,1,1,1,0,0,1,1,0,0,1,0,0,1,0,1,1,0,0,0,0,1,0,0,0,0,0,0,0,0,0,0,0,0,0,0,0,0,0,0,0,0,0,0,0,0,0,0,0
143,143,0,12896962599,4,00000000,0,1,2000000,4000,1,20000,2000000,"S_SAMPLE",3,2000000,2000000,43690,21845,"",00000000000000000000000000000000,"","",0,0,00,00,"S_WAIT_UTC",00,00,00,00,00,12896962599,"2",2394167296,4294439296,6656921312,ffffeb60,4263287296,0,1111,0000,00,"",0,00000000,"",0,1,"",0,0,000000000000000000,"","",0,0,f,0000000000000000,5555aaaa,0,00000000,0,0,1,1,0,1,0,0,0,0,1,1,1,0,0,1,1,0,0,1,0,0,1,0,1,1,0,0,0,0,1,0,0,0,0,0,0,0,0,0,0,0,0,0,0,0,0,0,0,0,0,0,0,0,0,0,0,0
144,144,0,12896962600,4,00000000,0,1,2000000,4000,1,20000,2000000,"S_SAMPLE",3,2000000,2000000,43690,21845,"",00000000000000000000000000000000,"","",0,0,00,00,"S_WAIT_UTC",00,00,00,00,00,12896962600,"2",2394167296,4294439296,6656921312,ffffeb60,4263287296,0,1111,0000,00,"",0,00000000,"",0,1,"",0,0,000000000000000000,"","",0,0,f,0000000000000000,5555aaaa,0,00000000,0,0,1,1,0,1,0,0,0,0,1,1,1,0,0,1,1,0,0,1,0,0,1,0,1,1,0,0,0,0,1,0,0,0,0,0,0,0,0,0,0,0,0,0,0,0,0,0,0,0,0,0,0,0,0,0,0,0
145,145,0,12896962601,4,00000000,0,1,2000000,4000,1,20000,2000000,"S_SAMPLE",3,2000000,2000000,43690,21845,"",00000000000000000000000000000000,"","",0,0,00,00,"S_WAIT_UTC",00,00,00,00,00,12896962601,"2",2394167296,4294439296,6656921312,ffffeb60,4263287296,0,1111,0000,00,"",0,00000000,"",0,1,"",0,0,000000000000000000,"","",0,0,f,0000000000000000,5555aaaa,0,00000000,0,0,1,1,0,1,0,0,0,0,1,1,1,0,0,1,1,0,0,1,0,0,1,0,1,1,0,0,0,0,1,0,0,0,0,0,0,0,0,0,0,0,0,0,0,0,0,0,0,0,0,0,0,0,0,0,0,0
146,146,0,12896962602,4,00000000,0,1,2000000,4000,1,20000,2000000,"S_SAMPLE",3,2000000,2000000,43690,21845,"",00000000000000000000000000000000,"","",0,0,00,00,"S_WAIT_UTC",00,00,00,00,00,12896962602,"2",2394167296,4294439296,6656921312,ffffeb60,4263287296,0,1111,0000,00,"",0,00000000,"",0,1,"",0,0,000000000000000000,"","",0,0,f,0000000000000000,5555aaaa,0,00000000,0,0,1,1,0,1,0,0,0,0,1,1,1,0,0,1,1,0,0,1,0,0,1,0,1,1,0,0,0,0,1,0,0,0,0,0,0,0,0,0,0,0,0,0,0,0,0,0,0,0,0,0,0,0,0,0,0,0
147,147,0,12896962603,4,00000000,0,1,2000000,4000,1,20000,2000000,"S_SAMPLE",3,2000000,2000000,43690,21845,"",00000000000000000000000000000000,"","",0,0,00,00,"S_WAIT_UTC",00,00,00,00,00,12896962603,"2",2394167296,4294439296,6656921312,ffffeb60,4263287296,0,1111,0000,00,"",0,00000000,"",0,1,"",0,0,000000000000000000,"","",0,0,f,0000000000000000,5555aaaa,0,00000000,0,0,1,1,0,1,0,0,0,0,1,1,1,0,0,1,1,0,0,1,0,0,1,0,1,1,0,0,0,0,1,0,0,0,0,0,0,0,0,0,0,0,0,0,0,0,0,0,0,0,0,0,0,0,0,0,0,0
148,148,0,12896962604,5,00000000,0,1,2000000,4000,1,20000,2000000,"S_SAMPLE",4,2000000,2000000,43690,21845,"",00000000000000000000000000000000,"","",0,0,00,00,"S_WAIT_UTC",00,00,00,00,00,12896962604,"2",2394167296,4294439296,6656921312,ffffeb60,4263287296,0,1111,0000,00,"",0,00000000,"",0,1,"",0,0,000000000000000000,"","",0,0,f,0000000000000000,5555aaaa,0,00000000,0,0,1,1,0,1,0,0,0,0,1,1,1,0,0,1,1,0,0,1,0,0,1,0,1,1,0,0,0,0,1,0,0,0,0,0,0,0,0,0,0,0,0,0,0,0,0,0,0,0,0,0,0,0,0,0,0,0
149,149,0,12896962605,5,00000000,0,1,2000000,4000,1,20000,2000000,"S_SAMPLE",4,2000000,2000000,43690,21845,"",00000000000000000000000000000000,"","",0,0,00,00,"S_WAIT_UTC",00,00,00,00,00,12896962605,"2",2394167296,4294439296,6656921312,ffffeb60,4263287296,0,1111,0000,00,"",0,00000000,"",0,1,"",0,0,000000000000000000,"","",0,0,f,0000000000000000,5555aaaa,0,00000000,0,0,1,1,0,1,0,0,0,0,1,1,1,0,0,1,1,0,0,1,0,0,1,0,1,1,0,0,0,0,1,0,0,0,0,0,0,0,0,0,0,0,0,0,0,0,0,0,0,0,0,0,0,0,0,0,0,0
150,150,0,12896962606,5,00000000,0,1,2000000,4000,1,20000,2000000,"S_SAMPLE",4,2000000,2000000,43690,21845,"",00000000000000000000000000000000,"","",0,0,00,00,"S_WAIT_UTC",00,00,00,00,00,12896962606,"2",2394167296,4294439296,6656921312,ffffeb60,4263287296,0,1111,0000,00,"",0,00000000,"",0,1,"",0,0,000000000000000000,"","",0,0,f,0000000000000000,5555aaaa,0,00000000,0,0,1,1,0,1,0,0,0,0,1,1,1,0,0,1,1,0,0,1,0,0,1,0,1,1,0,0,0,0,1,0,0,0,0,0,0,0,0,0,0,0,0,0,0,0,0,0,0,0,0,0,0,0,0,0,0,0
151,151,0,12896962607,5,00000000,0,1,2000000,4000,1,20000,2000000,"S_SAMPLE",4,2000000,2000000,43690,21845,"",00000000000000000000000000000000,"","",0,0,00,00,"S_WAIT_UTC",00,00,00,00,00,12896962607,"2",2394167296,4294439296,6656921312,ffffeb60,4263287296,0,1111,0000,00,"",0,00000000,"",0,1,"",0,0,000000000000000000,"","",0,0,f,0000000000000000,5555aaaa,0,00000000,0,0,1,1,0,1,0,0,0,0,1,1,1,0,0,1,1,0,0,1,0,0,1,0,1,1,0,0,0,0,1,0,0,0,0,0,0,0,0,0,0,0,0,0,0,0,0,0,0,0,0,0,0,0,0,0,0,0
152,152,0,12896962608,5,00000000,0,1,2000000,4000,1,20000,2000000,"S_SAMPLE",4,2000000,2000000,43690,21845,"",00000000000000000000000000000000,"","",0,0,00,00,"S_WAIT_UTC",00,00,00,00,00,12896962608,"2",2394167296,4294439296,6656921312,ffffeb60,4263287296,0,1111,0000,00,"",0,00000000,"",0,1,"",0,0,000000000000000000,"","",0,0,f,0000000000000000,5555aaaa,0,00000000,1,0,1,1,0,1,0,0,0,0,1,0,1,0,0,1,1,0,0,1,0,0,1,0,1,1,0,0,0,0,1,0,0,0,0,0,0,0,0,0,0,0,0,0,0,0,0,0,0,0,0,0,0,0,0,0,0,0
153,153,0,12896962609,5,00000000,0,1,2000000,4000,1,20000,2000000,"S_SAMPLE",4,2000000,2000000,21845,21845,"",00000000000000000000000000000000,"","",0,0,00,00,"S_WAIT_UTC",00,00,00,00,00,12896962609,"2",2394167296,4294439296,6656921312,ffffeb60,4263287296,0,1111,0000,00,"",0,00000000,"",0,1,"",0,0,000000000000000000,"","",0,0,f,0000000000000000,5555aaaa,0,00000000,0,1,1,1,0,1,0,0,0,0,1,1,1,0,0,1,1,0,0,1,1,0,1,0,1,1,0,0,0,0,1,0,0,0,0,0,0,0,0,0,0,0,0,0,0,0,0,0,0,0,0,0,0,0,0,0,0,0
154,154,0,12896962610,5,00000000,0,1,2000000,4000,1,20000,2000000,"S_SAMPLE",4,2000000,2000000,21845,21845,"",00000000000000000000000000000000,"","",0,0,00,00,"S_WAIT_UTC",00,00,00,00,00,12896962610,"2",2394167296,4294439296,6656921312,ffffeb60,4263287296,0,1111,0000,00,"",0,00000000,"",0,1,"",0,0,000000000000000000,"","",0,0,f,0000000000000000,5555aaaa,0,00000000,0,0,1,1,0,1,0,0,0,0,1,1,1,0,0,1,1,0,0,1,0,0,1,0,1,1,0,0,0,0,1,0,0,0,0,0,0,0,0,0,0,0,0,0,0,0,0,0,0,0,0,0,0,0,0,0,0,0
155,155,0,12896962611,5,00000000,0,2,2000000,4000,1,20000,2000000,"S_SAMPLE",4,2000000,2000000,21845,21845,"",00000000000000000000000000000000,"","",0,0,00,00,"S_WAIT_UTC",00,00,00,00,00,12896962611,"2",2394167296,4294439296,6656921312,ffffeb60,4263287296,0,1111,0000,00,"",0,00000000,"",0,1,"",0,0,000000000000000000,"","",0,0,f,0000000000000000,5555aaaa,0,00000000,0,0,1,1,0,1,0,0,0,0,1,1,1,0,0,1,1,0,0,1,0,0,1,0,1,1,0,0,0,0,1,0,0,0,0,0,0,0,0,0,0,0,0,0,0,0,0,0,0,0,0,0,0,0,0,0,0,0
156,156,0,12896962612,5,00000000,0,2,2000000,4000,1,20000,2000000,"S_SAMPLE",4,2000000,2000000,21845,21845,"",00000000000000000000000000000000,"","",0,0,00,00,"S_WAIT_UTC",00,00,00,00,00,12896962612,"2",2394167296,4294439296,6656921312,ffffeb60,4263287296,0,1111,0000,00,"",0,00000000,"",0,1,"",0,0,000000000000000000,"","",0,0,f,0000000000000000,5555aaaa,0,00000000,0,0,1,1,0,1,0,0,0,0,1,1,1,0,0,1,1,0,0,1,0,0,1,0,1,1,0,0,0,0,1,0,0,0,0,0,0,0,0,0,0,0,0,0,0,0,0,0,0,0,0,0,0,0,0,0,0,0
157,157,0,12896962613,5,00000000,0,2,2000000,4000,1,20000,2000000,"S_SAMPLE",4,2000000,2000000,21845,21845,"",00000000000000000000000000000000,"","",0,0,00,00,"S_WAIT_UTC",00,00,00,00,00,12896962613,"2",2394167296,4294439296,6656921312,ffffeb60,4263287296,0,1111,0000,00,"",0,00000000,"",0,1,"",0,0,000000000000000000,"","",0,0,f,0000000000000000,5555aaaa,0,00000000,0,0,1,1,0,1,0,0,0,0,1,1,1,0,0,1,1,0,0,1,0,0,1,0,1,1,0,0,0,0,1,0,0,0,0,0,0,0,0,0,0,0,0,0,0,0,0,0,0,0,0,0,0,0,0,0,0,0
158,158,0,12896962614,5,00000000,0,2,2000000,4000,1,20000,2000000,"S_SAMPLE",4,2000000,2000000,21845,21845,"",00000000000000000000000000000000,"","",0,0,00,00,"S_WAIT_UTC",00,00,00,00,00,12896962614,"2",2394167296,4294439296,6656921312,ffffeb60,4263287296,0,1111,0000,00,"",0,00000000,"",0,1,"",0,0,000000000000000000,"","",0,0,f,0000000000000000,5555aaaa,0,00000000,0,0,1,1,0,1,0,0,0,0,1,1,1,0,0,1,1,0,0,1,0,0,1,0,1,1,0,0,0,0,1,0,0,0,0,0,0,0,0,0,0,0,0,0,0,0,0,0,0,0,0,0,0,0,0,0,0,0
159,159,0,12896962615,5,00000000,0,2,2000000,4000,1,20000,2000000,"S_SAMPLE",4,2000000,2000000,21845,21845,"",00000000000000000000000000000000,"","",0,0,00,00,"S_WAIT_UTC",00,00,00,00,00,12896962615,"2",2394167296,4294439296,6656921312,ffffeb60,4263287296,0,1111,0000,00,"",0,00000000,"",0,1,"",0,0,000000000000000000,"","",0,0,f,0000000000000000,5555aaaa,0,00000000,0,0,1,1,0,1,0,0,0,0,1,1,1,0,0,1,1,0,0,1,0,0,1,0,1,1,0,0,0,0,1,0,0,0,0,0,0,0,0,0,0,0,0,0,0,0,0,0,0,0,0,0,0,0,0,0,0,0
160,160,0,12896962616,5,00000000,0,2,2000000,4000,1,20000,2000000,"S_SAMPLE",4,2000000,2000000,21845,43690,"",00000000000000000000000000000000,"","",0,0,00,00,"S_WAIT_UTC",00,00,00,00,00,12896962616,"2",2394167296,4294439296,6656921312,ffffeb60,4263287296,0,1111,0000,00,"",0,00000000,"",0,1,"",0,0,000000000000000000,"","",0,0,f,0000000000000000,5555aaaa,0,00000000,0,0,1,1,0,1,0,0,0,0,1,1,1,0,0,1,1,0,0,1,0,0,1,0,1,1,0,0,0,0,1,0,0,0,0,0,0,0,0,0,0,0,0,0,0,0,0,0,0,0,0,0,0,0,0,0,0,0
161,161,0,12896962617,5,00000000,0,2,2000000,4000,1,20000,2000000,"S_SAMPLE",4,2000000,2000000,21845,43690,"",00000000000000000000000000000000,"","",0,0,00,00,"S_WAIT_UTC",00,00,00,00,00,12896962617,"2",2394167296,4294439296,6656921312,ffffeb60,4263287296,0,1111,0000,00,"",0,00000000,"",0,1,"",0,0,000000000000000000,"","",0,0,f,0000000000000000,5555aaaa,0,00000000,0,0,1,1,0,1,0,0,0,0,1,1,1,0,0,1,1,0,0,1,0,0,1,0,1,1,0,0,0,0,1,0,0,0,0,0,0,0,0,0,0,0,0,0,0,0,0,0,0,0,0,0,0,0,0,0,0,0
162,162,0,12896962618,5,00000000,0,2,2000000,4000,1,20000,2000000,"S_SAMPLE",4,2000000,2000000,21845,43690,"",00000000000000000000000000000000,"","",0,0,00,00,"S_WAIT_UTC",00,00,00,00,00,12896962618,"2",2394167296,4294439296,6656921312,ffffeb60,4263287296,0,1111,0000,00,"",0,00000000,"",0,1,"",0,0,000000000000000000,"","",0,0,f,0000000000000000,5555aaaa,0,00000000,0,0,1,1,0,1,0,0,0,0,1,1,1,0,0,1,1,0,0,1,0,0,1,0,1,1,0,0,0,0,1,0,0,0,0,0,0,0,0,0,0,0,0,0,0,0,0,0,0,0,0,0,0,0,0,0,0,0
163,163,0,12896962619,5,00000000,0,2,2000000,4000,1,20000,2000000,"S_SAMPLE",4,2000000,2000000,21845,43690,"",00000000000000000000000000000000,"","",0,0,00,00,"S_WAIT_UTC",00,00,00,00,00,12896962619,"2",2394167296,4294439296,6656921312,ffffeb60,4263287296,0,1111,0000,00,"",0,00000000,"",0,1,"",0,0,000000000000000000,"","",0,0,f,0000000000000000,5555aaaa,0,00000000,0,0,1,1,0,1,0,0,0,0,1,1,1,0,0,1,1,0,0,1,0,0,1,0,1,1,0,0,0,0,1,0,0,0,0,0,0,0,0,0,0,0,0,0,0,0,0,0,0,0,0,0,0,0,0,0,0,0
164,164,0,12896962620,5,00000000,0,2,2000000,4000,1,20000,2000000,"S_SAMPLE",4,2000000,2000000,21845,43690,"",00000000000000000000000000000000,"","",0,0,00,00,"S_WAIT_UTC",00,00,00,00,00,12896962620,"2",2394167296,4294439296,6656921312,ffffeb60,4263287296,0,1111,0000,00,"",0,00000000,"",0,1,"",0,0,000000000000000000,"","",0,0,f,0000000000000000,5555aaaa,0,00000000,0,0,1,1,0,1,0,0,0,0,1,1,1,0,0,1,1,0,0,1,0,0,1,0,1,1,0,0,0,0,1,0,0,0,0,0,0,0,0,0,0,0,0,0,0,0,0,0,0,0,0,0,0,0,0,0,0,0
165,165,0,12896962621,5,00000000,0,2,2000000,4000,1,20000,2000000,"S_SAMPLE",4,2000000,2000000,21845,43690,"",00000000000000000000000000000000,"","",0,0,00,00,"S_WAIT_UTC",00,00,00,00,00,12896962621,"2",2394167296,4294439296,6656921312,ffffeb60,4263287296,0,1111,0000,00,"",0,00000000,"",0,1,"",0,0,000000000000000000,"","",0,0,f,0000000000000000,5555aaaa,0,00000000,0,0,1,1,0,1,0,0,0,0,1,1,1,0,0,1,1,0,0,1,0,0,1,0,1,1,0,0,0,0,1,0,0,0,0,0,0,0,0,0,0,0,0,0,0,0,0,0,0,0,0,0,0,0,0,0,0,0
166,166,0,12896962622,5,00000000,0,2,2000000,4000,1,20000,2000000,"S_SAMPLE",4,2000000,2000000,21845,43690,"",00000000000000000000000000000000,"","",0,0,00,00,"S_WAIT_UTC",00,00,00,00,00,12896962622,"2",2394167296,4294439296,6656921312,ffffeb60,4263287296,0,1111,0000,00,"",0,00000000,"",0,1,"",0,0,000000000000000000,"","",0,0,f,0000000000000000,5555aaaa,0,00000000,0,0,1,1,0,1,0,0,0,0,1,1,1,0,0,1,1,0,0,1,0,0,1,0,1,1,0,0,0,0,1,0,0,0,0,0,0,0,0,0,0,0,0,0,0,0,0,0,0,0,0,0,0,0,0,0,0,0
167,167,0,12896962623,5,00000000,0,2,2000000,4000,1,20000,2000000,"S_SAMPLE",4,2000000,2000000,21845,43690,"",00000000000000000000000000000000,"","",0,0,00,00,"S_WAIT_UTC",00,00,00,00,00,12896962623,"2",2394167296,4294439296,6656921312,ffffeb60,4263287296,0,1111,0000,00,"",0,00000000,"",0,1,"",0,0,000000000000000000,"","",0,0,f,0000000000000000,5555aaaa,0,00000000,0,0,1,1,0,1,0,0,0,0,1,1,1,0,0,1,1,0,0,1,0,0,1,0,1,1,0,0,0,0,1,0,0,0,0,0,0,0,0,0,0,0,0,0,0,0,0,0,0,0,0,0,0,0,0,0,0,0
168,168,0,12896962624,5,00000000,0,2,2000000,4000,1,20000,2000000,"S_SAMPLE",4,2000000,2000000,21845,43690,"",00000000000000000000000000000000,"","",0,0,00,00,"S_WAIT_UTC",00,00,00,00,00,12896962624,"2",2394167296,4294439296,6656921312,ffffeb60,4263287296,0,1111,0000,00,"",0,00000000,"",0,1,"",0,0,000000000000000000,"","",0,0,f,0000000000000000,5555aaaa,0,00000000,0,0,1,1,0,1,0,0,0,0,1,1,1,0,0,1,1,0,0,1,0,0,1,0,1,1,0,0,0,0,1,0,0,0,0,0,0,0,0,0,0,0,0,0,0,0,0,0,0,0,0,0,0,0,0,0,0,0
169,169,0,12896962625,5,00000000,0,2,2000000,4000,1,20000,2000000,"S_SAMPLE",4,2000000,2000000,21845,43690,"",00000000000000000000000000000000,"","",0,0,00,00,"S_WAIT_UTC",00,00,00,00,00,12896962625,"2",2394167296,4294439296,6656921312,ffffeb60,4263287296,0,1111,0000,00,"",0,00000000,"",0,1,"",0,0,000000000000000000,"","",0,0,f,0000000000000000,5555aaaa,0,00000000,0,0,1,1,0,1,0,0,0,0,1,1,1,0,0,1,1,0,0,1,0,0,1,0,1,1,0,0,0,0,1,0,0,0,0,0,0,0,0,0,0,0,0,0,0,0,0,0,0,0,0,0,0,0,0,0,0,0
170,170,0,12896962626,5,00000000,0,2,2000000,4000,1,20000,2000000,"S_SAMPLE",4,2000000,2000000,21845,43690,"",00000000000000000000000000000000,"","",0,0,00,00,"S_WAIT_UTC",00,00,00,00,00,12896962626,"2",2394167296,4294439296,6656921312,ffffeb60,4263287296,0,1111,0000,00,"",0,00000000,"",0,1,"",0,0,000000000000000000,"","",0,0,f,0000000000000000,5555aaaa,0,00000000,0,0,1,1,0,1,0,0,0,0,1,1,1,0,0,1,1,0,0,1,0,0,1,0,1,1,0,0,0,0,1,0,0,0,0,0,0,0,0,0,0,0,0,0,0,0,0,0,0,0,0,0,0,0,0,0,0,0
171,171,0,12896962627,5,00000000,0,2,2000000,4000,1,20000,2000000,"S_SAMPLE",4,2000000,2000000,21845,43690,"",00000000000000000000000000000000,"","",0,0,00,00,"S_WAIT_UTC",00,00,00,00,00,12896962627,"2",2394167296,4294439296,6656921312,ffffeb60,4263287296,0,1111,0000,00,"",0,00000000,"",0,1,"",0,0,000000000000000000,"","",0,0,f,0000000000000000,5555aaaa,0,00000000,0,0,1,1,0,1,0,0,0,0,1,1,1,0,0,1,1,0,0,1,0,0,1,0,1,1,0,0,0,0,1,0,0,0,0,0,0,0,0,0,0,0,0,0,0,0,0,0,0,0,0,0,0,0,0,0,0,0
172,172,0,12896962628,5,00000000,0,2,2000000,4000,1,20000,2000000,"S_SAMPLE",4,2000000,2000000,21845,43690,"",00000000000000000000000000000000,"","",0,0,00,00,"S_WAIT_UTC",00,00,00,00,00,12896962628,"2",2394167296,4294439296,6656921312,ffffeb60,4263287296,0,1111,0000,00,"",0,00000000,"",0,1,"",0,0,000000000000000000,"","",0,0,f,0000000000000000,5555aaaa,0,00000000,0,0,1,1,0,1,0,0,0,0,1,1,1,0,0,1,1,0,0,1,0,0,1,0,1,1,0,0,0,0,1,0,0,0,0,0,0,0,0,0,0,0,0,0,0,0,0,0,0,0,0,0,0,0,0,0,0,0
173,173,0,12896962629,6,00000000,0,2,2000000,4000,1,20000,2000000,"S_SAMPLE",5,2000000,2000000,21845,43690,"",00000000000000000000000000000000,"","",0,0,00,00,"S_WAIT_UTC",00,00,00,00,00,12896962629,"2",2394167296,4294439296,6656921312,ffffeb60,4263287296,0,1111,0000,00,"",0,00000000,"",0,1,"",0,0,000000000000000000,"","",0,0,f,0000000000000000,5555aaaa,0,00000000,0,0,1,1,0,1,0,0,0,0,1,1,1,0,0,1,1,0,0,1,0,0,1,0,1,1,0,0,0,0,1,0,0,0,0,0,0,0,0,0,0,0,0,0,0,0,0,0,0,0,0,0,0,0,0,0,0,0
174,174,0,12896962630,6,00000000,0,2,2000000,4000,1,20000,2000000,"S_SAMPLE",5,2000000,2000000,21845,43690,"",00000000000000000000000000000000,"","",0,0,00,00,"S_WAIT_UTC",00,00,00,00,00,12896962630,"2",2394167296,4294439296,6656921312,ffffeb60,4263287296,0,1111,0000,00,"",0,00000000,"",0,1,"",0,0,000000000000000000,"","",0,0,f,0000000000000000,5555aaaa,0,00000000,0,0,1,1,0,1,0,0,0,0,1,1,1,0,0,1,1,0,0,1,0,0,1,0,1,1,0,0,0,0,1,0,0,0,0,0,0,0,0,0,0,0,0,0,0,0,0,0,0,0,0,0,0,0,0,0,0,0
175,175,0,12896962631,6,00000000,0,2,2000000,4000,1,20000,2000000,"S_SAMPLE",5,2000000,2000000,21845,43690,"",00000000000000000000000000000000,"","",0,0,00,00,"S_WAIT_UTC",00,00,00,00,00,12896962631,"2",2394167296,4294439296,6656921312,ffffeb60,4263287296,0,1111,0000,00,"",0,00000000,"",0,1,"",0,0,000000000000000000,"","",0,0,f,0000000000000000,5555aaaa,0,00000000,0,0,1,1,0,1,0,0,0,0,1,1,1,0,0,1,1,0,0,1,0,0,1,0,1,1,0,0,0,0,1,0,0,0,0,0,0,0,0,0,0,0,0,0,0,0,0,0,0,0,0,0,0,0,0,0,0,0
176,176,0,12896962632,6,00000000,0,2,2000000,4000,1,20000,2000000,"S_SAMPLE",5,2000000,2000000,21845,43690,"",00000000000000000000000000000000,"","",0,0,00,00,"S_WAIT_UTC",00,00,00,00,00,12896962632,"2",2394167296,4294439296,6656921312,ffffeb60,4263287296,0,1111,0000,00,"",0,00000000,"",0,1,"",0,0,000000000000000000,"","",0,0,f,0000000000000000,5555aaaa,0,00000000,0,0,1,1,0,1,0,0,0,0,1,1,1,0,0,1,1,0,0,1,0,0,1,0,1,1,0,0,0,0,1,0,0,0,0,0,0,0,0,0,0,0,0,0,0,0,0,0,0,0,0,0,0,0,0,0,0,0
177,177,0,12896962633,6,00000000,0,2,2000000,4000,1,20000,2000000,"S_SAMPLE",5,2000000,2000000,21845,43690,"",00000000000000000000000000000000,"","",0,0,00,00,"S_WAIT_UTC",00,00,00,00,00,12896962633,"2",2394167296,4294439296,6656921312,ffffeb60,4263287296,0,1111,0000,00,"",0,00000000,"",0,1,"",0,0,000000000000000000,"","",0,0,f,0000000000000000,5555aaaa,0,00000000,1,0,1,1,0,1,0,0,0,0,1,0,1,0,0,1,1,0,0,1,0,0,1,0,1,1,0,0,0,0,1,0,0,0,0,0,0,0,0,0,0,0,0,0,0,0,0,0,0,0,0,0,0,0,0,0,0,0
178,178,0,12896962634,6,00000000,0,2,2000000,4000,1,20000,2000000,"S_SAMPLE",5,2000000,2000000,43690,43690,"",00000000000000000000000000000000,"","",0,0,00,00,"S_WAIT_UTC",00,00,00,00,00,12896962634,"2",2394167296,4294439296,6656921312,ffffeb60,4263287296,0,1111,0000,00,"",0,00000000,"",0,1,"",0,0,000000000000000000,"","",0,0,f,0000000000000000,5555aaaa,0,00000000,0,1,1,1,0,1,0,0,0,0,1,1,1,0,0,1,1,0,0,1,1,0,1,0,1,1,0,0,0,0,1,0,0,0,0,0,0,0,0,0,0,0,0,0,0,0,0,0,0,0,0,0,0,0,0,0,0,0
179,179,0,12896962635,6,00000000,0,2,2000000,4000,1,20000,2000000,"S_SAMPLE",5,2000000,2000000,43690,43690,"",00000000000000000000000000000000,"","",0,0,00,00,"S_WAIT_UTC",00,00,00,00,00,12896962635,"2",2394167296,4294439296,6656921312,ffffeb60,4263287296,0,1111,0000,00,"",0,00000000,"",0,1,"",0,0,000000000000000000,"","",0,0,f,0000000000000000,5555aaaa,0,00000000,0,0,1,1,0,1,0,0,0,0,1,1,1,0,0,1,1,0,0,1,0,0,1,0,1,1,0,0,0,0,1,0,0,0,0,0,0,0,0,0,0,0,0,0,0,0,0,0,0,0,0,0,0,0,0,0,0,0
180,180,0,12896962636,6,00000000,0,3,2000000,4000,1,20000,2000000,"S_SAMPLE",5,2000000,2000000,43690,43690,"",00000000000000000000000000000000,"","",0,0,00,00,"S_WAIT_UTC",00,00,00,00,00,12896962636,"2",2394167296,4294439296,6656921312,ffffeb60,4263287296,0,1111,0000,00,"",0,00000000,"",0,1,"",0,0,000000000000000000,"","",0,0,f,0000000000000000,5555aaaa,0,00000000,0,0,1,1,0,1,0,0,0,0,1,1,1,0,0,1,1,0,0,1,0,0,1,0,1,1,0,0,0,0,1,0,0,0,0,0,0,0,0,0,0,0,0,0,0,0,0,0,0,0,0,0,0,0,0,0,0,0
181,181,0,12896962637,6,00000000,0,3,2000000,4000,1,20000,2000000,"S_SAMPLE",5,2000000,2000000,43690,43690,"",00000000000000000000000000000000,"","",0,0,00,00,"S_WAIT_UTC",00,00,00,00,00,12896962637,"2",2394167296,4294439296,6656921312,ffffeb60,4263287296,0,1111,0000,00,"",0,00000000,"",0,1,"",0,0,000000000000000000,"","",0,0,f,0000000000000000,5555aaaa,0,00000000,0,0,1,1,0,1,0,0,0,0,1,1,1,0,0,1,1,0,0,1,0,0,1,0,1,1,0,0,0,0,1,0,0,0,0,0,0,0,0,0,0,0,0,0,0,0,0,0,0,0,0,0,0,0,0,0,0,0
182,182,0,12896962638,6,00000000,0,3,2000000,4000,1,20000,2000000,"S_SAMPLE",5,2000000,2000000,43690,43690,"",00000000000000000000000000000000,"","",0,0,00,00,"S_WAIT_UTC",00,00,00,00,00,12896962638,"2",2394167296,4294439296,6656921312,ffffeb60,4263287296,0,1111,0000,00,"",0,00000000,"",0,1,"",0,0,000000000000000000,"","",0,0,f,0000000000000000,5555aaaa,0,00000000,0,0,1,1,0,1,0,0,0,0,1,1,1,0,0,1,1,0,0,1,0,0,1,0,1,1,0,0,0,0,1,0,0,0,0,0,0,0,0,0,0,0,0,0,0,0,0,0,0,0,0,0,0,0,0,0,0,0
183,183,0,12896962639,6,00000000,0,3,2000000,4000,1,20000,2000000,"S_SAMPLE",5,2000000,2000000,43690,43690,"",00000000000000000000000000000000,"","",0,0,00,00,"S_WAIT_UTC",00,00,00,00,00,12896962639,"2",2394167296,4294439296,6656921312,ffffeb60,4263287296,0,1111,0000,00,"",0,00000000,"",0,1,"",0,0,000000000000000000,"","",0,0,f,0000000000000000,5555aaaa,0,00000000,0,0,1,1,0,1,0,0,0,0,1,1,1,0,0,1,1,0,0,1,0,0,1,0,1,1,0,0,0,0,1,0,0,0,0,0,0,0,0,0,0,0,0,0,0,0,0,0,0,0,0,0,0,0,0,0,0,0
184,184,0,12896962640,6,00000000,0,3,2000000,4000,1,20000,2000000,"S_SAMPLE",5,2000000,2000000,43690,43690,"",00000000000000000000000000000000,"","",0,0,00,00,"S_WAIT_UTC",00,00,00,00,00,12896962640,"2",2394167296,4294439296,6656921312,ffffeb60,4263287296,0,1111,0000,00,"",0,00000000,"",0,1,"",0,0,000000000000000000,"","",0,0,f,0000000000000000,5555aaaa,0,00000000,0,0,1,1,0,1,0,0,0,0,1,1,1,0,0,1,1,0,0,1,0,0,1,0,1,1,0,0,0,0,1,0,0,0,0,0,0,0,0,0,0,0,0,0,0,0,0,0,0,0,0,0,0,0,0,0,0,0
185,185,0,12896962641,6,00000000,0,3,2000000,4000,1,20000,2000000,"S_SAMPLE",5,2000000,2000000,43690,21845,"",00000000000000000000000000000000,"","",0,0,00,00,"S_WAIT_UTC",00,00,00,00,00,12896962641,"2",2394167296,4294439296,6656921312,ffffeb60,4263287296,0,1111,0000,00,"",0,00000000,"",0,1,"",0,0,000000000000000000,"","",0,0,f,0000000000000000,5555aaaa,0,00000000,0,0,1,1,0,1,0,0,0,0,1,1,1,0,0,1,1,0,0,1,0,0,1,0,1,1,0,0,0,0,1,0,0,0,0,0,0,0,0,0,0,0,0,0,0,0,0,0,0,0,0,0,0,0,0,0,0,0
186,186,0,12896962642,6,00000000,0,3,2000000,4000,1,20000,2000000,"S_SAMPLE",5,2000000,2000000,43690,21845,"",00000000000000000000000000000000,"","",0,0,00,00,"S_WAIT_UTC",00,00,00,00,00,12896962642,"2",2394167296,4294439296,6656921312,ffffeb60,4263287296,0,1111,0000,00,"",0,00000000,"",0,1,"",0,0,000000000000000000,"","",0,0,f,0000000000000000,5555aaaa,0,00000000,0,0,1,1,0,1,0,0,0,0,1,1,1,0,0,1,1,0,0,1,0,0,1,0,1,1,0,0,0,0,1,0,0,0,0,0,0,0,0,0,0,0,0,0,0,0,0,0,0,0,0,0,0,0,0,0,0,0
187,187,0,12896962643,6,00000000,0,3,2000000,4000,1,20000,2000000,"S_SAMPLE",5,2000000,2000000,43690,21845,"",00000000000000000000000000000000,"","",0,0,00,00,"S_WAIT_UTC",00,00,00,00,00,12896962643,"2",2394167296,4294439296,6656921312,ffffeb60,4263287296,0,1111,0000,00,"",0,00000000,"",0,1,"",0,0,000000000000000000,"","",0,0,f,0000000000000000,5555aaaa,0,00000000,0,0,1,1,0,1,0,0,0,0,1,1,1,0,0,1,1,0,0,1,0,0,1,0,1,1,0,0,0,0,1,0,0,0,0,0,0,0,0,0,0,0,0,0,0,0,0,0,0,0,0,0,0,0,0,0,0,0
188,188,0,12896962644,6,00000000,0,3,2000000,4000,1,20000,2000000,"S_SAMPLE",5,2000000,2000000,43690,21845,"",00000000000000000000000000000000,"","",0,0,00,00,"S_WAIT_UTC",00,00,00,00,00,12896962644,"2",2394167296,4294439296,6656921312,ffffeb60,4263287296,0,1111,0000,00,"",0,00000000,"",0,1,"",0,0,000000000000000000,"","",0,0,f,0000000000000000,5555aaaa,0,00000000,0,0,1,1,0,1,0,0,0,0,1,1,1,0,0,1,1,0,0,1,0,0,1,0,1,1,0,0,0,0,1,0,0,0,0,0,0,0,0,0,0,0,0,0,0,0,0,0,0,0,0,0,0,0,0,0,0,0
189,189,0,12896962645,6,00000000,0,3,2000000,4000,1,20000,2000000,"S_SAMPLE",5,2000000,2000000,43690,21845,"",00000000000000000000000000000000,"","",0,0,00,00,"S_WAIT_UTC",00,00,00,00,00,12896962645,"2",2394167296,4294439296,6656921312,ffffeb60,4263287296,0,1111,0000,00,"",0,00000000,"",0,1,"",0,0,000000000000000000,"","",0,0,f,0000000000000000,5555aaaa,0,00000000,0,0,1,1,0,1,0,0,0,0,1,1,1,0,0,1,1,0,0,1,0,0,1,0,1,1,0,0,0,0,1,0,0,0,0,0,0,0,0,0,0,0,0,0,0,0,0,0,0,0,0,0,0,0,0,0,0,0
190,190,0,12896962646,6,00000000,0,3,2000000,4000,1,20000,2000000,"S_SAMPLE",5,2000000,2000000,43690,21845,"",00000000000000000000000000000000,"","",0,0,00,00,"S_WAIT_UTC",00,00,00,00,00,12896962646,"2",2394167296,4294439296,6656921312,ffffeb60,4263287296,0,1111,0000,00,"",0,00000000,"",0,1,"",0,0,000000000000000000,"","",0,0,f,0000000000000000,5555aaaa,0,00000000,0,0,1,1,0,1,0,0,0,0,1,1,1,0,0,1,1,0,0,1,0,0,1,0,1,1,0,0,0,0,1,0,0,0,0,0,0,0,0,0,0,0,0,0,0,0,0,0,0,0,0,0,0,0,0,0,0,0
191,191,0,12896962647,6,00000000,0,3,2000000,4000,1,20000,2000000,"S_SAMPLE",5,2000000,2000000,43690,21845,"",00000000000000000000000000000000,"","",0,0,00,00,"S_WAIT_UTC",00,00,00,00,00,12896962647,"2",2394167296,4294439296,6656921312,ffffeb60,4263287296,0,1111,0000,00,"",0,00000000,"",0,1,"",0,0,000000000000000000,"","",0,0,f,0000000000000000,5555aaaa,0,00000000,0,0,1,1,0,1,0,0,0,0,1,1,1,0,0,1,1,0,0,1,0,0,1,0,1,1,0,0,0,0,1,0,0,0,0,0,0,0,0,0,0,0,0,0,0,0,0,0,0,0,0,0,0,0,0,0,0,0
192,192,0,12896962648,6,00000000,0,3,2000000,4000,1,20000,2000000,"S_SAMPLE",5,2000000,2000000,43690,21845,"",00000000000000000000000000000000,"","",0,0,00,00,"S_WAIT_UTC",00,00,00,00,00,12896962648,"2",2394167296,4294439296,6656921312,ffffeb60,4263287296,0,1111,0000,00,"",0,00000000,"",0,1,"",0,0,000000000000000000,"","",0,0,f,0000000000000000,5555aaaa,0,00000000,0,0,1,1,0,1,0,0,0,0,1,1,1,0,0,1,1,0,0,1,0,0,1,0,1,1,0,0,0,0,1,0,0,0,0,0,0,0,0,0,0,0,0,0,0,0,0,0,0,0,0,0,0,0,0,0,0,0
193,193,0,12896962649,6,00000000,0,3,2000000,4000,1,20000,2000000,"S_SAMPLE",5,2000000,2000000,43690,21845,"",00000000000000000000000000000000,"","",0,0,00,00,"S_WAIT_UTC",00,00,00,00,00,12896962649,"2",2394167296,4294439296,6656921312,ffffeb60,4263287296,0,1111,0000,00,"",0,00000000,"",0,1,"",0,0,000000000000000000,"","",0,0,f,0000000000000000,5555aaaa,0,00000000,0,0,1,1,0,1,0,0,0,0,1,1,1,0,0,1,1,0,0,1,0,0,1,0,1,1,0,0,0,0,1,0,0,0,0,0,0,0,0,0,0,0,0,0,0,0,0,0,0,0,0,0,0,0,0,0,0,0
194,194,0,12896962650,6,00000000,0,3,2000000,4000,1,20000,2000000,"S_SAMPLE",5,2000000,2000000,43690,21845,"",00000000000000000000000000000000,"","",0,0,00,00,"S_WAIT_UTC",00,00,00,00,00,12896962650,"2",2394167296,4294439296,6656921312,ffffeb60,4263287296,0,1111,0000,00,"",0,00000000,"",0,1,"",0,0,000000000000000000,"","",0,0,f,0000000000000000,5555aaaa,0,00000000,0,0,1,1,0,1,0,0,0,0,1,1,1,0,0,1,1,0,0,1,0,0,1,0,1,1,0,0,0,0,1,0,0,0,0,0,0,0,0,0,0,0,0,0,0,0,0,0,0,0,0,0,0,0,0,0,0,0
195,195,0,12896962651,6,00000000,0,3,2000000,4000,1,20000,2000000,"S_SAMPLE",5,2000000,2000000,43690,21845,"",00000000000000000000000000000000,"","",0,0,00,00,"S_WAIT_UTC",00,00,00,00,00,12896962651,"2",2394167296,4294439296,6656921312,ffffeb60,4263287296,0,1111,0000,00,"",0,00000000,"",0,1,"",0,0,000000000000000000,"","",0,0,f,0000000000000000,5555aaaa,0,00000000,0,0,1,1,0,1,0,0,0,0,1,1,1,0,0,1,1,0,0,1,0,0,1,0,1,1,0,0,0,0,1,0,0,0,0,0,0,0,0,0,0,0,0,0,0,0,0,0,0,0,0,0,0,0,0,0,0,0
196,196,0,12896962652,6,00000000,0,3,2000000,4000,1,20000,2000000,"S_SAMPLE",5,2000000,2000000,43690,21845,"",00000000000000000000000000000000,"","",0,0,00,00,"S_WAIT_UTC",00,00,00,00,00,12896962652,"2",2394167296,4294439296,6656921312,ffffeb60,4263287296,0,1111,0000,00,"",0,00000000,"",0,1,"",0,0,000000000000000000,"","",0,0,f,0000000000000000,5555aaaa,0,00000000,0,0,1,1,0,1,0,0,0,0,1,1,1,0,0,1,1,0,0,1,0,0,1,0,1,1,0,0,0,0,1,0,0,0,0,0,0,0,0,0,0,0,0,0,0,0,0,0,0,0,0,0,0,0,0,0,0,0
197,197,0,12896962653,6,00000000,0,3,2000000,4000,1,20000,2000000,"S_SAMPLE",5,2000000,2000000,43690,21845,"",00000000000000000000000000000000,"","",0,0,00,00,"S_WAIT_UTC",00,00,00,00,00,12896962653,"2",2394167296,4294439296,6656921312,ffffeb60,4263287296,0,1111,0000,00,"",0,00000000,"",0,1,"",0,0,000000000000000000,"","",0,0,f,0000000000000000,5555aaaa,0,00000000,0,0,1,1,0,1,0,0,0,0,1,1,1,0,0,1,1,0,0,1,0,0,1,0,1,1,0,0,0,0,1,0,0,0,0,0,0,0,0,0,0,0,0,0,0,0,0,0,0,0,0,0,0,0,0,0,0,0
198,198,0,12896962654,7,00000000,0,3,2000000,4000,1,20000,2000000,"S_SAMPLE",6,2000000,2000000,43690,21845,"",00000000000000000000000000000000,"","",0,0,00,00,"S_WAIT_UTC",00,00,00,00,00,12896962654,"2",2394167296,4294439296,6656921312,ffffeb60,4263287296,0,1111,0000,00,"",0,00000000,"",0,1,"",0,0,000000000000000000,"","",0,0,f,0000000000000000,5555aaaa,0,00000000,0,0,1,1,0,1,0,0,0,0,1,1,1,0,0,1,1,0,0,1,0,0,1,0,1,1,0,0,0,0,1,0,0,0,0,0,0,0,0,0,0,0,0,0,0,0,0,0,0,0,0,0,0,0,0,0,0,0
199,199,0,12896962655,7,00000000,0,3,2000000,4000,1,20000,2000000,"S_SAMPLE",6,2000000,2000000,43690,21845,"",00000000000000000000000000000000,"","",0,0,00,00,"S_WAIT_UTC",00,00,00,00,00,12896962655,"2",2394167296,4294439296,6656921312,ffffeb60,4263287296,0,1111,0000,00,"",0,00000000,"",0,1,"",0,0,000000000000000000,"","",0,0,f,0000000000000000,5555aaaa,0,00000000,0,0,1,1,0,1,0,0,0,0,1,1,1,0,0,1,1,0,0,1,0,0,1,0,1,1,0,0,0,0,1,0,0,0,0,0,0,0,0,0,0,0,0,0,0,0,0,0,0,0,0,0,0,0,0,0,0,0
200,200,0,12896962656,7,00000000,0,3,2000000,4000,1,20000,2000000,"S_SAMPLE",6,2000000,2000000,43690,21845,"",00000000000000000000000000000000,"","",0,0,00,00,"S_WAIT_UTC",00,00,00,00,00,12896962656,"2",2394167296,4294439296,6656921312,ffffeb60,4263287296,0,1111,0000,00,"",0,00000000,"",0,1,"",0,0,000000000000000000,"","",0,0,f,0000000000000000,5555aaaa,0,00000000,0,0,1,1,0,1,0,0,0,0,1,1,1,0,0,1,1,0,0,1,0,0,1,0,1,1,0,0,0,0,1,0,0,0,0,0,0,0,0,0,0,0,0,0,0,0,0,0,0,0,0,0,0,0,0,0,0,0
201,201,0,12896962657,7,00000000,0,3,2000000,4000,1,20000,2000000,"S_SAMPLE",6,2000000,2000000,43690,21845,"",00000000000000000000000000000000,"","",0,0,00,00,"S_WAIT_UTC",00,00,00,00,00,12896962657,"2",2394167296,4294439296,6656921312,ffffeb60,4263287296,0,1111,0000,00,"",0,00000000,"",0,1,"",0,0,000000000000000000,"","",0,0,f,0000000000000000,5555aaaa,0,00000000,0,0,1,1,0,1,0,0,0,0,1,1,1,0,0,1,1,0,0,1,0,0,1,0,1,1,0,0,0,0,1,0,0,0,0,0,0,0,0,0,0,0,0,0,0,0,0,0,0,0,0,0,0,0,0,0,0,0
202,202,0,12896962658,7,00000000,0,3,2000000,4000,1,20000,2000000,"S_SAMPLE",6,2000000,2000000,43690,21845,"",00000000000000000000000000000000,"","",0,0,00,00,"S_WAIT_UTC",00,00,00,00,00,12896962658,"2",2394167296,4294439296,6656921312,ffffeb60,4263287296,0,1111,0000,00,"",0,00000000,"",0,1,"",0,0,000000000000000000,"","",0,0,f,0000000000000000,5555aaaa,0,00000000,1,0,1,1,0,1,0,0,0,0,1,0,1,0,0,1,1,0,0,1,0,0,1,0,1,1,0,0,0,0,1,0,0,0,0,0,0,0,0,0,0,0,0,0,0,0,0,0,0,0,0,0,0,0,0,0,0,0
203,203,0,12896962659,7,00000000,0,3,2000000,4000,1,20000,2000000,"S_SAMPLE",6,2000000,2000000,21845,21845,"",00000000000000000000000000000000,"","",0,0,00,00,"S_WAIT_UTC",00,00,00,00,00,12896962659,"2",2394167296,4294439296,6656921312,ffffeb60,4263287296,0,1111,0000,00,"",0,00000000,"",0,1,"",0,0,000000000000000000,"","",0,0,f,0000000000000000,5555aaaa,0,00000000,0,1,1,1,0,1,0,0,0,0,1,1,1,0,0,1,1,0,0,1,1,0,1,0,1,1,0,0,0,0,1,0,0,0,0,0,0,0,0,0,0,0,0,0,0,0,0,0,0,0,0,0,0,0,0,0,0,0
204,204,0,12896962660,7,00000000,0,3,2000000,4000,1,20000,2000000,"S_SAMPLE",6,2000000,2000000,21845,21845,"",00000000000000000000000000000000,"","",0,0,00,00,"S_WAIT_UTC",00,00,00,00,00,12896962660,"2",2394167296,4294439296,6656921312,ffffeb60,4263287296,0,1111,0000,00,"",0,00000000,"",0,1,"",0,0,000000000000000000,"","",0,0,f,0000000000000000,5555aaaa,0,00000000,0,0,1,1,0,1,0,0,0,0,1,1,1,0,0,1,1,0,0,1,0,0,1,0,1,1,0,0,0,0,1,0,0,0,0,0,0,0,0,0,0,0,0,0,0,0,0,0,0,0,0,0,0,0,0,0,0,0
205,205,0,12896962661,7,00000000,0,4,2000000,4000,1,20000,2000000,"S_SAMPLE",6,2000000,2000000,21845,21845,"",00000000000000000000000000000000,"","",0,0,00,00,"S_WAIT_UTC",00,00,00,00,00,12896962661,"2",2394167296,4294439296,6656921312,ffffeb60,4263287296,0,1111,0000,00,"",0,00000000,"",0,1,"",0,0,000000000000000000,"","",0,0,f,0000000000000000,5555aaaa,0,00000000,0,0,1,1,0,1,0,0,0,0,1,1,1,0,0,1,1,0,0,1,0,0,1,0,1,1,0,0,0,0,1,0,0,0,0,0,0,0,0,0,0,0,0,0,0,0,0,0,0,0,0,0,0,0,0,0,0,0
206,206,0,12896962662,7,00000000,0,4,2000000,4000,1,20000,2000000,"S_SAMPLE",6,2000000,2000000,21845,21845,"",00000000000000000000000000000000,"","",0,0,00,00,"S_WAIT_UTC",00,00,00,00,00,12896962662,"2",2394167296,4294439296,6656921312,ffffeb60,4263287296,0,1111,0000,00,"",0,00000000,"",0,1,"",0,0,000000000000000000,"","",0,0,f,0000000000000000,5555aaaa,0,00000000,0,0,1,1,0,1,0,0,0,0,1,1,1,0,0,1,1,0,0,1,0,0,1,0,1,1,0,0,0,0,1,0,0,0,0,0,0,0,0,0,0,0,0,0,0,0,0,0,0,0,0,0,0,0,0,0,0,0
207,207,0,12896962663,7,00000000,0,4,2000000,4000,1,20000,2000000,"S_SAMPLE",6,2000000,2000000,21845,21845,"",00000000000000000000000000000000,"","",0,0,00,00,"S_WAIT_UTC",00,00,00,00,00,12896962663,"2",2394167296,4294439296,6656921312,ffffeb60,4263287296,0,1111,0000,00,"",0,00000000,"",0,1,"",0,0,000000000000000000,"","",0,0,f,0000000000000000,5555aaaa,0,00000000,0,0,1,1,0,1,0,0,0,0,1,1,1,0,0,1,1,0,0,1,0,0,1,0,1,1,0,0,0,0,1,0,0,0,0,0,0,0,0,0,0,0,0,0,0,0,0,0,0,0,0,0,0,0,0,0,0,0
208,208,0,12896962664,7,00000000,0,4,2000000,4000,1,20000,2000000,"S_SAMPLE",6,2000000,2000000,21845,21845,"",00000000000000000000000000000000,"","",0,0,00,00,"S_WAIT_UTC",00,00,00,00,00,12896962664,"2",2394167296,4294439296,6656921312,ffffeb60,4263287296,0,1111,0000,00,"",0,00000000,"",0,1,"",0,0,000000000000000000,"","",0,0,f,0000000000000000,5555aaaa,0,00000000,0,0,1,1,0,1,0,0,0,0,1,1,1,0,0,1,1,0,0,1,0,0,1,0,1,1,0,0,0,0,1,0,0,0,0,0,0,0,0,0,0,0,0,0,0,0,0,0,0,0,0,0,0,0,0,0,0,0
209,209,0,12896962665,7,00000000,0,4,2000000,4000,1,20000,2000000,"S_SAMPLE",6,2000000,2000000,21845,21845,"",00000000000000000000000000000000,"","",0,0,00,00,"S_WAIT_UTC",00,00,00,00,00,12896962665,"2",2394167296,4294439296,6656921312,ffffeb60,4263287296,0,1111,0000,00,"",0,00000000,"",0,1,"",0,0,000000000000000000,"","",0,0,f,0000000000000000,5555aaaa,0,00000000,0,0,1,1,0,1,0,0,0,0,1,1,1,0,0,1,1,0,0,1,0,0,1,0,1,1,0,0,0,0,1,0,0,0,0,0,0,0,0,0,0,0,0,0,0,0,0,0,0,0,0,0,0,0,0,0,0,0
210,210,0,12896962666,7,00000000,0,4,2000000,4000,1,20000,2000000,"S_SAMPLE",6,2000000,2000000,21845,43690,"",00000000000000000000000000000000,"","",0,0,00,00,"S_WAIT_UTC",00,00,00,00,00,12896962666,"2",2394167296,4294439296,6656921312,ffffeb60,4263287296,0,1111,0000,00,"",0,00000000,"",0,1,"",0,0,000000000000000000,"","",0,0,f,0000000000000000,5555aaaa,0,00000000,0,0,1,1,0,1,0,0,0,0,1,1,1,0,0,1,1,0,0,1,0,0,1,0,1,1,0,0,0,0,1,0,0,0,0,0,0,0,0,0,0,0,0,0,0,0,0,0,0,0,0,0,0,0,0,0,0,0
211,211,0,12896962667,7,00000000,0,4,2000000,4000,1,20000,2000000,"S_SAMPLE",6,2000000,2000000,21845,43690,"",00000000000000000000000000000000,"","",0,0,00,00,"S_WAIT_UTC",00,00,00,00,00,12896962667,"2",2394167296,4294439296,6656921312,ffffeb60,4263287296,0,1111,0000,00,"",0,00000000,"",0,1,"",0,0,000000000000000000,"","",0,0,f,0000000000000000,5555aaaa,0,00000000,0,0,1,1,0,1,0,0,0,0,1,1,1,0,0,1,1,0,0,1,0,0,1,0,1,1,0,0,0,0,1,0,0,0,0,0,0,0,0,0,0,0,0,0,0,0,0,0,0,0,0,0,0,0,0,0,0,0
212,212,0,12896962668,7,00000000,0,4,2000000,4000,1,20000,2000000,"S_SAMPLE",6,2000000,2000000,21845,43690,"",00000000000000000000000000000000,"","",0,0,00,00,"S_WAIT_UTC",00,00,00,00,00,12896962668,"2",2394167296,4294439296,6656921312,ffffeb60,4263287296,0,1111,0000,00,"",0,00000000,"",0,1,"",0,0,000000000000000000,"","",0,0,f,0000000000000000,5555aaaa,0,00000000,0,0,1,1,0,1,0,0,0,0,1,1,1,0,0,1,1,0,0,1,0,0,1,0,1,1,0,0,0,0,1,0,0,0,0,0,0,0,0,0,0,0,0,0,0,0,0,0,0,0,0,0,0,0,0,0,0,0
213,213,0,12896962669,7,00000000,0,4,2000000,4000,1,20000,2000000,"S_SAMPLE",6,2000000,2000000,21845,43690,"",00000000000000000000000000000000,"","",0,0,00,00,"S_WAIT_UTC",00,00,00,00,00,12896962669,"2",2394167296,4294439296,6656921312,ffffeb60,4263287296,0,1111,0000,00,"",0,00000000,"",0,1,"",0,0,000000000000000000,"","",0,0,f,0000000000000000,5555aaaa,0,00000000,0,0,1,1,0,1,0,0,0,0,1,1,1,0,0,1,1,0,0,1,0,0,1,0,1,1,0,0,0,0,1,0,0,0,0,0,0,0,0,0,0,0,0,0,0,0,0,0,0,0,0,0,0,0,0,0,0,0
214,214,0,12896962670,7,00000000,0,4,2000000,4000,1,20000,2000000,"S_SAMPLE",6,2000000,2000000,21845,43690,"",00000000000000000000000000000000,"","",0,0,00,00,"S_WAIT_UTC",00,00,00,00,00,12896962670,"2",2394167296,4294439296,6656921312,ffffeb60,4263287296,0,1111,0000,00,"",0,00000000,"",0,1,"",0,0,000000000000000000,"","",0,0,f,0000000000000000,5555aaaa,0,00000000,0,0,1,1,0,1,0,0,0,0,1,1,1,0,0,1,1,0,0,1,0,0,1,0,1,1,0,0,0,0,1,0,0,0,0,0,0,0,0,0,0,0,0,0,0,0,0,0,0,0,0,0,0,0,0,0,0,0
215,215,0,12896962671,7,00000000,0,4,2000000,4000,1,20000,2000000,"S_SAMPLE",6,2000000,2000000,21845,43690,"",00000000000000000000000000000000,"","",0,0,00,00,"S_WAIT_UTC",00,00,00,00,00,12896962671,"2",2394167296,4294439296,6656921312,ffffeb60,4263287296,0,1111,0000,00,"",0,00000000,"",0,1,"",0,0,000000000000000000,"","",0,0,f,0000000000000000,5555aaaa,0,00000000,0,0,1,1,0,1,0,0,0,0,1,1,1,0,0,1,1,0,0,1,0,0,1,0,1,1,0,0,0,0,1,0,0,0,0,0,0,0,0,0,0,0,0,0,0,0,0,0,0,0,0,0,0,0,0,0,0,0
216,216,0,12896962672,7,00000000,0,4,2000000,4000,1,20000,2000000,"S_SAMPLE",6,2000000,2000000,21845,43690,"",00000000000000000000000000000000,"","",0,0,00,00,"S_WAIT_UTC",00,00,00,00,00,12896962672,"2",2394167296,4294439296,6656921312,ffffeb60,4263287296,0,1111,0000,00,"",0,00000000,"",0,1,"",0,0,000000000000000000,"","",0,0,f,0000000000000000,5555aaaa,0,00000000,0,0,1,1,0,1,0,0,0,0,1,1,1,0,0,1,1,0,0,1,0,0,1,0,1,1,0,0,0,0,1,0,0,0,0,0,0,0,0,0,0,0,0,0,0,0,0,0,0,0,0,0,0,0,0,0,0,0
217,217,0,12896962673,7,00000000,0,4,2000000,4000,1,20000,2000000,"S_SAMPLE",6,2000000,2000000,21845,43690,"",00000000000000000000000000000000,"","",0,0,00,00,"S_WAIT_UTC",00,00,00,00,00,12896962673,"2",2394167296,4294439296,6656921312,ffffeb60,4263287296,0,1111,0000,00,"",0,00000000,"",0,1,"",0,0,000000000000000000,"","",0,0,f,0000000000000000,5555aaaa,0,00000000,0,0,1,1,0,1,0,0,0,0,1,1,1,0,0,1,1,0,0,1,0,0,1,0,1,1,0,0,0,0,1,0,0,0,0,0,0,0,0,0,0,0,0,0,0,0,0,0,0,0,0,0,0,0,0,0,0,0
218,218,0,12896962674,7,00000000,0,4,2000000,4000,1,20000,2000000,"S_SAMPLE",6,2000000,2000000,21845,43690,"",00000000000000000000000000000000,"","",0,0,00,00,"S_WAIT_UTC",00,00,00,00,00,12896962674,"2",2394167296,4294439296,6656921312,ffffeb60,4263287296,0,1111,0000,00,"",0,00000000,"",0,1,"",0,0,000000000000000000,"","",0,0,f,0000000000000000,5555aaaa,0,00000000,0,0,1,1,0,1,0,0,0,0,1,1,1,0,0,1,1,0,0,1,0,0,1,0,1,1,0,0,0,0,1,0,0,0,0,0,0,0,0,0,0,0,0,0,0,0,0,0,0,0,0,0,0,0,0,0,0,0
219,219,0,12896962675,7,00000000,0,4,2000000,4000,1,20000,2000000,"S_SAMPLE",6,2000000,2000000,21845,43690,"",00000000000000000000000000000000,"","",0,0,00,00,"S_WAIT_UTC",00,00,00,00,00,12896962675,"2",2394167296,4294439296,6656921312,ffffeb60,4263287296,0,1111,0000,00,"",0,00000000,"",0,1,"",0,0,000000000000000000,"","",0,0,f,0000000000000000,5555aaaa,0,00000000,0,0,1,1,0,1,0,0,0,0,1,1,1,0,0,1,1,0,0,1,0,0,1,0,1,1,0,0,0,0,1,0,0,0,0,0,0,0,0,0,0,0,0,0,0,0,0,0,0,0,0,0,0,0,0,0,0,0
220,220,0,12896962676,7,00000000,0,4,2000000,4000,1,20000,2000000,"S_SAMPLE",6,2000000,2000000,21845,43690,"",00000000000000000000000000000000,"","",0,0,00,00,"S_WAIT_UTC",00,00,00,00,00,12896962676,"2",2394167296,4294439296,6656921312,ffffeb60,4263287296,0,1111,0000,00,"",0,00000000,"",0,1,"",0,0,000000000000000000,"","",0,0,f,0000000000000000,5555aaaa,0,00000000,0,0,1,1,0,1,0,0,0,0,1,1,1,0,0,1,1,0,0,1,0,0,1,0,1,1,0,0,0,0,1,0,0,0,0,0,0,0,0,0,0,0,0,0,0,0,0,0,0,0,0,0,0,0,0,0,0,0
221,221,0,12896962677,7,00000000,0,4,2000000,4000,1,20000,2000000,"S_SAMPLE",6,2000000,2000000,21845,43690,"",00000000000000000000000000000000,"","",0,0,00,00,"S_WAIT_UTC",00,00,00,00,00,12896962677,"2",2394167296,4294439296,6656921312,ffffeb60,4263287296,0,1111,0000,00,"",0,00000000,"",0,1,"",0,0,000000000000000000,"","",0,0,f,0000000000000000,5555aaaa,0,00000000,0,0,1,1,0,1,0,0,0,0,1,1,1,0,0,1,1,0,0,1,0,0,1,0,1,1,0,0,0,0,1,0,0,0,0,0,0,0,0,0,0,0,0,0,0,0,0,0,0,0,0,0,0,0,0,0,0,0
222,222,0,12896962678,7,00000000,0,4,2000000,4000,1,20000,2000000,"S_SAMPLE",6,2000000,2000000,21845,43690,"",00000000000000000000000000000000,"","",0,0,00,00,"S_WAIT_UTC",00,00,00,00,00,12896962678,"2",2394167296,4294439296,6656921312,ffffeb60,4263287296,0,1111,0000,00,"",0,00000000,"",0,1,"",0,0,000000000000000000,"","",0,0,f,0000000000000000,5555aaaa,0,00000000,0,0,1,1,0,1,0,0,0,0,1,1,1,0,0,1,1,0,0,1,0,0,1,0,1,1,0,0,0,0,1,0,0,0,0,0,0,0,0,0,0,0,0,0,0,0,0,0,0,0,0,0,0,0,0,0,0,0
223,223,0,12896962679,8,00000000,0,4,2000000,4000,1,20000,2000000,"S_SAMPLE",7,2000000,2000000,21845,43690,"",00000000000000000000000000000000,"","",0,0,00,00,"S_WAIT_UTC",00,00,00,00,00,12896962679,"2",2394167296,4294439296,6656921312,ffffeb60,4263287296,0,1111,0000,00,"",0,00000000,"",0,1,"",0,0,000000000000000000,"","",0,0,f,0000000000000000,5555aaaa,0,00000000,0,0,1,1,0,1,0,0,0,0,1,1,1,0,0,1,1,0,0,1,0,0,1,0,1,1,0,0,0,0,1,0,0,0,0,0,0,0,0,0,0,0,0,0,0,0,0,0,0,0,0,0,0,0,0,0,0,0
224,224,0,12896962680,8,00000000,0,4,2000000,4000,1,20000,2000000,"S_SAMPLE",7,2000000,2000000,21845,43690,"",00000000000000000000000000000000,"","",0,0,00,00,"S_WAIT_UTC",00,00,00,00,00,12896962680,"2",2394167296,4294439296,6656921312,ffffeb60,4263287296,0,1111,0000,00,"",0,00000000,"",0,1,"",0,0,000000000000000000,"","",0,0,f,0000000000000000,5555aaaa,0,00000000,0,0,1,1,0,1,0,0,0,0,1,1,1,0,0,1,1,0,0,1,0,0,1,0,1,1,0,0,0,0,1,0,0,0,0,0,0,0,0,0,0,0,0,0,0,0,0,0,0,0,0,0,0,0,0,0,0,0
225,225,0,12896962681,8,00000000,0,4,2000000,4000,1,20000,2000000,"S_SAMPLE",7,2000000,2000000,21845,43690,"",00000000000000000000000000000000,"","",0,0,00,00,"S_WAIT_UTC",00,00,00,00,00,12896962681,"2",2394167296,4294439296,6656921312,ffffeb60,4263287296,0,1111,0000,00,"",0,00000000,"",0,1,"",0,0,000000000000000000,"","",0,0,f,0000000000000000,5555aaaa,0,00000000,0,0,1,1,0,1,0,0,0,0,1,1,1,0,0,1,1,0,0,1,0,0,1,0,1,1,0,0,0,0,1,0,0,0,0,0,0,0,0,0,0,0,0,0,0,0,0,0,0,0,0,0,0,0,0,0,0,0
226,226,0,12896962682,8,00000000,0,4,2000000,4000,1,20000,2000000,"S_SAMPLE",7,2000000,2000000,21845,43690,"",00000000000000000000000000000000,"","",0,0,00,00,"S_WAIT_UTC",00,00,00,00,00,12896962682,"2",2394167296,4294439296,6656921312,ffffeb60,4263287296,0,1111,0000,00,"",0,00000000,"",0,1,"",0,0,000000000000000000,"","",0,0,f,0000000000000000,5555aaaa,0,00000000,0,0,1,1,0,1,0,0,0,0,1,1,1,0,0,1,1,0,0,1,0,0,1,0,1,1,0,0,0,0,1,0,0,0,0,0,0,0,0,0,0,0,0,0,0,0,0,0,0,0,0,0,0,0,0,0,0,0
227,227,0,12896962683,8,00000000,0,4,2000000,4000,1,20000,2000000,"S_SAMPLE",7,2000000,2000000,21845,43690,"",00000000000000000000000000000000,"","",0,0,00,00,"S_WAIT_UTC",00,00,00,00,00,12896962683,"2",2394167296,4294439296,6656921312,ffffeb60,4263287296,0,1111,0000,00,"",0,00000000,"",0,1,"",0,0,000000000000000000,"","",0,0,f,0000000000000000,5555aaaa,0,00000000,1,0,1,1,0,1,0,0,0,0,1,0,1,0,0,1,1,0,0,1,0,0,1,0,1,1,0,0,0,0,1,0,0,0,0,0,0,0,0,0,0,0,0,0,0,0,0,0,0,0,0,0,0,0,0,0,0,0
228,228,0,12896962684,8,00000000,0,4,2000000,4000,1,20000,2000000,"S_SAMPLE",7,2000000,2000000,43690,43690,"",00000000000000000000000000000000,"","",0,0,00,00,"S_WAIT_UTC",00,00,00,00,00,12896962684,"2",2394167296,4294439296,6656921312,ffffeb60,4263287296,0,1111,0000,00,"",0,00000000,"",0,1,"",0,0,000000000000000000,"","",0,0,f,0000000000000000,5555aaaa,0,00000000,0,1,1,1,0,1,0,0,0,0,1,1,1,0,0,1,1,0,0,1,1,0,1,0,1,1,0,0,0,0,1,0,0,0,0,0,0,0,0,0,0,0,0,0,0,0,0,0,0,0,0,0,0,0,0,0,0,0
229,229,0,12896962685,8,00000000,0,4,2000000,4000,1,20000,2000000,"S_SAMPLE",7,2000000,2000000,43690,43690,"",00000000000000000000000000000000,"","",0,0,00,00,"S_WAIT_UTC",00,00,00,00,00,12896962685,"2",2394167296,4294439296,6656921312,ffffeb60,4263287296,0,1111,0000,00,"",0,00000000,"",0,1,"",0,0,000000000000000000,"","",0,0,f,0000000000000000,5555aaaa,0,00000000,0,0,1,1,0,1,0,0,0,0,1,1,1,0,0,1,1,0,0,1,0,0,1,0,1,1,0,0,0,0,1,0,0,0,0,0,0,0,0,0,0,0,0,0,0,0,0,0,0,0,0,0,0,0,0,0,0,0
230,230,0,12896962686,8,00000000,0,5,2000000,4000,1,20000,2000000,"S_SAMPLE",7,2000000,2000000,43690,43690,"",00000000000000000000000000000000,"","",0,0,00,00,"S_WAIT_UTC",00,00,00,00,00,12896962686,"2",2394167296,4294439296,6656921312,ffffeb60,4263287296,0,1111,0000,00,"",0,00000000,"",0,1,"",0,0,000000000000000000,"","",0,0,f,0000000000000000,5555aaaa,0,00000000,0,0,1,1,0,1,0,0,0,0,1,1,1,0,0,1,1,0,0,1,0,0,1,0,1,1,0,0,0,0,1,0,0,0,0,0,0,0,0,0,0,0,0,0,0,0,0,0,0,0,0,0,0,0,0,0,0,0
231,231,0,12896962687,8,00000000,0,5,2000000,4000,1,20000,2000000,"S_SAMPLE",7,2000000,2000000,43690,43690,"",00000000000000000000000000000000,"","",0,0,00,00,"S_WAIT_UTC",00,00,00,00,00,12896962687,"2",2394167296,4294439296,6656921312,ffffeb60,4263287296,0,1111,0000,00,"",0,00000000,"",0,1,"",0,0,000000000000000000,"","",0,0,f,0000000000000000,5555aaaa,0,00000000,0,0,1,1,0,1,0,0,0,0,1,1,1,0,0,1,1,0,0,1,0,0,1,0,1,1,0,0,0,0,1,0,0,0,0,0,0,0,0,0,0,0,0,0,0,0,0,0,0,0,0,0,0,0,0,0,0,0
232,232,0,12896962688,8,00000000,0,5,2000000,4000,1,20000,2000000,"S_SAMPLE",7,2000000,2000000,43690,43690,"",00000000000000000000000000000000,"","",0,0,00,00,"S_WAIT_UTC",00,00,00,00,00,12896962688,"2",2394167296,4294439296,6656921312,ffffeb60,4263287296,0,1111,0000,00,"",0,00000000,"",0,1,"",0,0,000000000000000000,"","",0,0,f,0000000000000000,5555aaaa,0,00000000,0,0,1,1,0,1,0,0,0,0,1,1,1,0,0,1,1,0,0,1,0,0,1,0,1,1,0,0,0,0,1,0,0,0,0,0,0,0,0,0,0,0,0,0,0,0,0,0,0,0,0,0,0,0,0,0,0,0
233,233,0,12896962689,8,00000000,0,5,2000000,4000,1,20000,2000000,"S_SAMPLE",7,2000000,2000000,43690,43690,"",00000000000000000000000000000000,"","",0,0,00,00,"S_WAIT_UTC",00,00,00,00,00,12896962689,"2",2394167296,4294439296,6656921312,ffffeb60,4263287296,0,1111,0000,00,"",0,00000000,"",0,1,"",0,0,000000000000000000,"","",0,0,f,0000000000000000,5555aaaa,0,00000000,0,0,1,1,0,1,0,0,0,0,1,1,1,0,0,1,1,0,0,1,0,0,1,0,1,1,0,0,0,0,1,0,0,0,0,0,0,0,0,0,0,0,0,0,0,0,0,0,0,0,0,0,0,0,0,0,0,0
234,234,0,12896962690,8,00000000,0,5,2000000,4000,1,20000,2000000,"S_SAMPLE",7,2000000,2000000,43690,43690,"",00000000000000000000000000000000,"","",0,0,00,00,"S_WAIT_UTC",00,00,00,00,00,12896962690,"2",2394167296,4294439296,6656921312,ffffeb60,4263287296,0,1111,0000,00,"",0,00000000,"",0,1,"",0,0,000000000000000000,"","",0,0,f,0000000000000000,5555aaaa,0,00000000,0,0,1,1,0,1,0,0,0,0,1,1,1,0,0,1,1,0,0,1,0,0,1,0,1,1,0,0,0,0,1,0,0,0,0,0,0,0,0,0,0,0,0,0,0,0,0,0,0,0,0,0,0,0,0,0,0,0
235,235,0,12896962691,8,00000000,0,5,2000000,4000,1,20000,2000000,"S_SAMPLE",7,2000000,2000000,43690,21845,"",00000000000000000000000000000000,"","",0,0,00,00,"S_WAIT_UTC",00,00,00,00,00,12896962691,"2",2394167296,4294439296,6656921312,ffffeb60,4263287296,0,1111,0000,00,"",0,00000000,"",0,1,"",0,0,000000000000000000,"","",0,0,f,0000000000000000,5555aaaa,0,00000000,0,0,1,1,0,1,0,0,0,0,1,1,1,0,0,1,1,0,0,1,0,0,1,0,1,1,0,0,0,0,1,0,0,0,0,0,0,0,0,0,0,0,0,0,0,0,0,0,0,0,0,0,0,0,0,0,0,0
236,236,0,12896962692,8,00000000,0,5,2000000,4000,1,20000,2000000,"S_SAMPLE",7,2000000,2000000,43690,21845,"",00000000000000000000000000000000,"","",0,0,00,00,"S_WAIT_UTC",00,00,00,00,00,12896962692,"2",2394167296,4294439296,6656921312,ffffeb60,4263287296,0,1111,0000,00,"",0,00000000,"",0,1,"",0,0,000000000000000000,"","",0,0,f,0000000000000000,5555aaaa,0,00000000,0,0,1,1,0,1,0,0,0,0,1,1,1,0,0,1,1,0,0,1,0,0,1,0,1,1,0,0,0,0,1,0,0,0,0,0,0,0,0,0,0,0,0,0,0,0,0,0,0,0,0,0,0,0,0,0,0,0
237,237,0,12896962693,8,00000000,0,5,2000000,4000,1,20000,2000000,"S_SAMPLE",7,2000000,2000000,43690,21845,"",00000000000000000000000000000000,"","",0,0,00,00,"S_WAIT_UTC",00,00,00,00,00,12896962693,"2",2394167296,4294439296,6656921312,ffffeb60,4263287296,0,1111,0000,00,"",0,00000000,"",0,1,"",0,0,000000000000000000,"","",0,0,f,0000000000000000,5555aaaa,0,00000000,0,0,1,1,0,1,0,0,0,0,1,1,1,0,0,1,1,0,0,1,0,0,1,0,1,1,0,0,0,0,1,0,0,0,0,0,0,0,0,0,0,0,0,0,0,0,0,0,0,0,0,0,0,0,0,0,0,0
238,238,0,12896962694,8,00000000,0,5,2000000,4000,1,20000,2000000,"S_SAMPLE",7,2000000,2000000,43690,21845,"",00000000000000000000000000000000,"","",0,0,00,00,"S_WAIT_UTC",00,00,00,00,00,12896962694,"2",2394167296,4294439296,6656921312,ffffeb60,4263287296,0,1111,0000,00,"",0,00000000,"",0,1,"",0,0,000000000000000000,"","",0,0,f,0000000000000000,5555aaaa,0,00000000,0,0,1,1,0,1,0,0,0,0,1,1,1,0,0,1,1,0,0,1,0,0,1,0,1,1,0,0,0,0,1,0,0,0,0,0,0,0,0,0,0,0,0,0,0,0,0,0,0,0,0,0,0,0,0,0,0,0
239,239,0,12896962695,8,00000000,0,5,2000000,4000,1,20000,2000000,"S_SAMPLE",7,2000000,2000000,43690,21845,"",00000000000000000000000000000000,"","",0,0,00,00,"S_WAIT_UTC",00,00,00,00,00,12896962695,"2",2394167296,4294439296,6656921312,ffffeb60,4263287296,0,1111,0000,00,"",0,00000000,"",0,1,"",0,0,000000000000000000,"","",0,0,f,0000000000000000,5555aaaa,0,00000000,0,0,1,1,0,1,0,0,0,0,1,1,1,0,0,1,1,0,0,1,0,0,1,0,1,1,0,0,0,0,1,0,0,0,0,0,0,0,0,0,0,0,0,0,0,0,0,0,0,0,0,0,0,0,0,0,0,0
240,240,0,12896962696,8,00000000,0,5,2000000,4000,1,20000,2000000,"S_SAMPLE",7,2000000,2000000,43690,21845,"",00000000000000000000000000000000,"","",0,0,00,00,"S_WAIT_UTC",00,00,00,00,00,12896962696,"2",2394167296,4294439296,6656921312,ffffeb60,4263287296,0,1111,0000,00,"",0,00000000,"",0,1,"",0,0,000000000000000000,"","",0,0,f,0000000000000000,5555aaaa,0,00000000,0,0,1,1,0,1,0,0,0,0,1,1,1,0,0,1,1,0,0,1,0,0,1,0,1,1,0,0,0,0,1,0,0,0,0,0,0,0,0,0,0,0,0,0,0,0,0,0,0,0,0,0,0,0,0,0,0,0
241,241,0,12896962697,8,00000000,0,5,2000000,4000,1,20000,2000000,"S_SAMPLE",7,2000000,2000000,43690,21845,"",00000000000000000000000000000000,"","",0,0,00,00,"S_WAIT_UTC",00,00,00,00,00,12896962697,"2",2394167296,4294439296,6656921312,ffffeb60,4263287296,0,1111,0000,00,"",0,00000000,"",0,1,"",0,0,000000000000000000,"","",0,0,f,0000000000000000,5555aaaa,0,00000000,0,0,1,1,0,1,0,0,0,0,1,1,1,0,0,1,1,0,0,1,0,0,1,0,1,1,0,0,0,0,1,0,0,0,0,0,0,0,0,0,0,0,0,0,0,0,0,0,0,0,0,0,0,0,0,0,0,0
242,242,0,12896962698,8,00000000,0,5,2000000,4000,1,20000,2000000,"S_SAMPLE",7,2000000,2000000,43690,21845,"",00000000000000000000000000000000,"","",0,0,00,00,"S_WAIT_UTC",00,00,00,00,00,12896962698,"2",2394167296,4294439296,6656921312,ffffeb60,4263287296,0,1111,0000,00,"",0,00000000,"",0,1,"",0,0,000000000000000000,"","",0,0,f,0000000000000000,5555aaaa,0,00000000,0,0,1,1,0,1,0,0,0,0,1,1,1,0,0,1,1,0,0,1,0,0,1,0,1,1,0,0,0,0,1,0,0,0,0,0,0,0,0,0,0,0,0,0,0,0,0,0,0,0,0,0,0,0,0,0,0,0
243,243,0,12896962699,8,00000000,0,5,2000000,4000,1,20000,2000000,"S_SAMPLE",7,2000000,2000000,43690,21845,"",00000000000000000000000000000000,"","",0,0,00,00,"S_WAIT_UTC",00,00,00,00,00,12896962699,"2",2394167296,4294439296,6656921312,ffffeb60,4263287296,0,1111,0000,00,"",0,00000000,"",0,1,"",0,0,000000000000000000,"","",0,0,f,0000000000000000,5555aaaa,0,00000000,0,0,1,1,0,1,0,0,0,0,1,1,1,0,0,1,1,0,0,1,0,0,1,0,1,1,0,0,0,0,1,0,0,0,0,0,0,0,0,0,0,0,0,0,0,0,0,0,0,0,0,0,0,0,0,0,0,0
244,244,0,12896962700,8,00000000,0,5,2000000,4000,1,20000,2000000,"S_SAMPLE",7,2000000,2000000,43690,21845,"",00000000000000000000000000000000,"","",0,0,00,00,"S_WAIT_UTC",00,00,00,00,00,12896962700,"2",2394167296,4294439296,6656921312,ffffeb60,4263287296,0,1111,0000,00,"",0,00000000,"",0,1,"",0,0,000000000000000000,"","",0,0,f,0000000000000000,5555aaaa,0,00000000,0,0,1,1,0,1,0,0,0,0,1,1,1,0,0,1,1,0,0,1,0,0,1,0,1,1,0,0,0,0,1,0,0,0,0,0,0,0,0,0,0,0,0,0,0,0,0,0,0,0,0,0,0,0,0,0,0,0
245,245,0,12896962701,8,00000000,0,5,2000000,4000,1,20000,2000000,"S_SAMPLE",7,2000000,2000000,43690,21845,"",00000000000000000000000000000000,"","",0,0,00,00,"S_WAIT_UTC",00,00,00,00,00,12896962701,"2",2394167296,4294439296,6656921312,ffffeb60,4263287296,0,1111,0000,00,"",0,00000000,"",0,1,"",0,0,000000000000000000,"","",0,0,f,0000000000000000,5555aaaa,0,00000000,0,0,1,1,0,1,0,0,0,0,1,1,1,0,0,1,1,0,0,1,0,0,1,0,1,1,0,0,0,0,1,0,0,0,0,0,0,0,0,0,0,0,0,0,0,0,0,0,0,0,0,0,0,0,0,0,0,0
246,246,0,12896962702,8,00000000,0,5,2000000,4000,1,20000,2000000,"S_SAMPLE",7,2000000,2000000,43690,21845,"",00000000000000000000000000000000,"","",0,0,00,00,"S_WAIT_UTC",00,00,00,00,00,12896962702,"2",2394167296,4294439296,6656921312,ffffeb60,4263287296,0,1111,0000,00,"",0,00000000,"",0,1,"",0,0,000000000000000000,"","",0,0,f,0000000000000000,5555aaaa,0,00000000,0,0,1,1,0,1,0,0,0,0,1,1,1,0,0,1,1,0,0,1,0,0,1,0,1,1,0,0,0,0,1,0,0,0,0,0,0,0,0,0,0,0,0,0,0,0,0,0,0,0,0,0,0,0,0,0,0,0
247,247,0,12896962703,8,00000000,0,5,2000000,4000,1,20000,2000000,"S_SAMPLE",7,2000000,2000000,43690,21845,"",00000000000000000000000000000000,"","",0,0,00,00,"S_WAIT_UTC",00,00,00,00,00,12896962703,"2",2394167296,4294439296,6656921312,ffffeb60,4263287296,0,1111,0000,00,"",0,00000000,"",0,1,"",0,0,000000000000000000,"","",0,0,f,0000000000000000,5555aaaa,0,00000000,0,0,1,1,0,1,0,0,0,0,1,1,1,0,0,1,1,0,0,1,0,0,1,0,1,1,0,0,0,0,1,0,0,0,0,0,0,0,0,0,0,0,0,0,0,0,0,0,0,0,0,0,0,0,0,0,0,0
248,248,0,12896962704,9,00000000,0,5,2000000,4000,1,20000,2000000,"S_SAMPLE",8,2000000,2000000,43690,21845,"",00000000000000000000000000000000,"","",0,0,00,00,"S_WAIT_UTC",00,00,00,00,00,12896962704,"2",2394167296,4294439296,6656921312,ffffeb60,4263287296,0,1111,0000,00,"",0,00000000,"",0,1,"",0,0,000000000000000000,"","",0,0,f,0000000000000000,5555aaaa,0,00000000,0,0,1,1,0,1,0,0,0,0,1,1,1,0,0,1,1,0,0,1,0,0,1,0,1,1,0,0,0,0,1,0,0,0,0,0,0,0,0,0,0,0,0,0,0,0,0,0,0,0,0,0,0,0,0,0,0,0
249,249,0,12896962705,9,00000000,0,5,2000000,4000,1,20000,2000000,"S_SAMPLE",8,2000000,2000000,43690,21845,"",00000000000000000000000000000000,"","",0,0,00,00,"S_WAIT_UTC",00,00,00,00,00,12896962705,"2",2394167296,4294439296,6656921312,ffffeb60,4263287296,0,1111,0000,00,"",0,00000000,"",0,1,"",0,0,000000000000000000,"","",0,0,f,0000000000000000,5555aaaa,0,00000000,0,0,1,1,0,1,0,0,0,0,1,1,1,0,0,1,1,0,0,1,0,0,1,0,1,1,0,0,0,0,1,0,0,0,0,0,0,0,0,0,0,0,0,0,0,0,0,0,0,0,0,0,0,0,0,0,0,0
250,250,0,12896962706,9,00000000,0,5,2000000,4000,1,20000,2000000,"S_SAMPLE",8,2000000,2000000,43690,21845,"",00000000000000000000000000000000,"","",0,0,00,00,"S_WAIT_UTC",00,00,00,00,00,12896962706,"2",2394167296,4294439296,6656921312,ffffeb60,4263287296,0,1111,0000,00,"",0,00000000,"",0,1,"",0,0,000000000000000000,"","",0,0,f,0000000000000000,5555aaaa,0,00000000,0,0,1,1,0,1,0,0,0,0,1,1,1,0,0,1,1,0,0,1,0,0,1,0,1,1,0,0,0,0,1,0,0,0,0,0,0,0,0,0,0,0,0,0,0,0,0,0,0,0,0,0,0,0,0,0,0,0
251,251,0,12896962707,9,00000000,0,5,2000000,4000,1,20000,2000000,"S_SAMPLE",8,2000000,2000000,43690,21845,"",00000000000000000000000000000000,"","",0,0,00,00,"S_WAIT_UTC",00,00,00,00,00,12896962707,"2",2394167296,4294439296,6656921312,ffffeb60,4263287296,0,1111,0000,00,"",0,00000000,"",0,1,"",0,0,000000000000000000,"","",0,0,f,0000000000000000,5555aaaa,0,00000000,0,0,1,1,0,1,0,0,0,0,1,1,1,0,0,1,1,0,0,1,0,0,1,0,1,1,0,0,0,0,1,0,0,0,0,0,0,0,0,0,0,0,0,0,0,0,0,0,0,0,0,0,0,0,0,0,0,0
252,252,0,12896962708,9,00000000,0,5,2000000,4000,1,20000,2000000,"S_SAMPLE",8,2000000,2000000,43690,21845,"",00000000000000000000000000000000,"","",0,0,00,00,"S_WAIT_UTC",00,00,00,00,00,12896962708,"2",2394167296,4294439296,6656921312,ffffeb60,4263287296,0,1111,0000,00,"",0,00000000,"",0,1,"",0,0,000000000000000000,"","",0,0,f,0000000000000000,5555aaaa,0,00000000,1,0,1,1,0,1,0,0,0,0,1,0,1,0,0,1,1,0,0,1,0,0,1,0,1,1,0,0,0,0,1,0,0,0,0,0,0,0,0,0,0,0,0,0,0,0,0,0,0,0,0,0,0,0,0,0,0,0
253,253,0,12896962709,9,00000000,0,5,2000000,4000,1,20000,2000000,"S_SAMPLE",8,2000000,2000000,21845,21845,"",00000000000000000000000000000000,"","",0,0,00,00,"S_WAIT_UTC",00,00,00,00,00,12896962709,"2",2394167296,4294439296,6656921312,ffffeb60,4263287296,0,1111,0000,00,"",0,00000000,"",0,1,"",0,0,000000000000000000,"","",0,0,f,0000000000000000,5555aaaa,0,00000000,0,1,1,1,0,1,0,0,0,0,1,1,1,0,0,1,1,0,0,1,1,0,1,0,1,1,0,0,0,0,1,0,0,0,0,0,0,0,0,0,0,0,0,0,0,0,0,0,0,0,0,0,0,0,0,0,0,0
254,254,0,12896962710,9,00000000,0,5,2000000,4000,1,20000,2000000,"S_SAMPLE",8,2000000,2000000,21845,21845,"",00000000000000000000000000000000,"","",0,0,00,00,"S_WAIT_UTC",00,00,00,00,00,12896962710,"2",2394167296,4294439296,6656921312,ffffeb60,4263287296,0,1111,0000,00,"",0,00000000,"",0,1,"",0,0,000000000000000000,"","",0,0,f,0000000000000000,5555aaaa,0,00000000,0,0,1,1,0,1,0,0,0,0,1,1,1,0,0,1,1,0,0,1,0,0,1,0,1,1,0,0,0,0,1,0,0,0,0,0,0,0,0,0,0,0,0,0,0,0,0,0,0,0,0,0,0,0,0,0,0,0
255,255,0,12896962711,9,00000000,0,6,2000000,4000,1,20000,2000000,"S_SAMPLE",8,2000000,2000000,21845,21845,"",00000000000000000000000000000000,"","",0,0,00,00,"S_WAIT_UTC",00,00,00,00,00,12896962711,"2",2394167296,4294439296,6656921312,ffffeb60,4263287296,0,1111,0000,00,"",0,00000000,"",0,1,"",0,0,000000000000000000,"","",0,0,f,0000000000000000,5555aaaa,0,00000000,0,0,1,1,0,1,0,0,0,0,1,1,1,0,0,1,1,0,0,1,0,0,1,0,1,1,0,0,0,0,1,0,0,0,0,0,0,0,0,0,0,0,0,0,0,0,0,0,0,0,0,0,0,0,0,0,0,0
256,256,0,12896962712,9,00000000,0,6,2000000,4000,1,20000,2000000,"S_SAMPLE",8,2000000,2000000,21845,21845,"",00000000000000000000000000000000,"","",0,0,00,00,"S_WAIT_UTC",00,00,00,00,00,12896962712,"2",2394167296,4294439296,6656921312,ffffeb60,4263287296,0,1111,0000,00,"",0,00000000,"",0,1,"",0,0,000000000000000000,"","",0,0,f,0000000000000000,5555aaaa,0,00000000,0,0,1,1,0,1,0,0,0,0,1,1,1,0,0,1,1,0,0,1,0,0,1,0,1,1,0,0,0,0,1,0,0,0,0,0,0,0,0,0,0,0,0,0,0,0,0,0,0,0,0,0,0,0,0,0,0,0
257,257,0,12896962713,9,00000000,0,6,2000000,4000,1,20000,2000000,"S_SAMPLE",8,2000000,2000000,21845,21845,"",00000000000000000000000000000000,"","",0,0,00,00,"S_WAIT_UTC",00,00,00,00,00,12896962713,"2",2394167296,4294439296,6656921312,ffffeb60,4263287296,0,1111,0000,00,"",0,00000000,"",0,1,"",0,0,000000000000000000,"","",0,0,f,0000000000000000,5555aaaa,0,00000000,0,0,1,1,0,1,0,0,0,0,1,1,1,0,0,1,1,0,0,1,0,0,1,0,1,1,0,0,0,0,1,0,0,0,0,0,0,0,0,0,0,0,0,0,0,0,0,0,0,0,0,0,0,0,0,0,0,0
258,258,0,12896962714,9,00000000,0,6,2000000,4000,1,20000,2000000,"S_SAMPLE",8,2000000,2000000,21845,21845,"",00000000000000000000000000000000,"","",0,0,00,00,"S_WAIT_UTC",00,00,00,00,00,12896962714,"2",2394167296,4294439296,6656921312,ffffeb60,4263287296,0,1111,0000,00,"",0,00000000,"",0,1,"",0,0,000000000000000000,"","",0,0,f,0000000000000000,5555aaaa,0,00000000,0,0,1,1,0,1,0,0,0,0,1,1,1,0,0,1,1,0,0,1,0,0,1,0,1,1,0,0,0,0,1,0,0,0,0,0,0,0,0,0,0,0,0,0,0,0,0,0,0,0,0,0,0,0,0,0,0,0
259,259,0,12896962715,9,00000000,0,6,2000000,4000,1,20000,2000000,"S_SAMPLE",8,2000000,2000000,21845,21845,"",00000000000000000000000000000000,"","",0,0,00,00,"S_WAIT_UTC",00,00,00,00,00,12896962715,"2",2394167296,4294439296,6656921312,ffffeb60,4263287296,0,1111,0000,00,"",0,00000000,"",0,1,"",0,0,000000000000000000,"","",0,0,f,0000000000000000,5555aaaa,0,00000000,0,0,1,1,0,1,0,0,0,0,1,1,1,0,0,1,1,0,0,1,0,0,1,0,1,1,0,0,0,0,1,0,0,0,0,0,0,0,0,0,0,0,0,0,0,0,0,0,0,0,0,0,0,0,0,0,0,0
260,260,0,12896962716,9,00000000,0,6,2000000,4000,1,20000,2000000,"S_SAMPLE",8,2000000,2000000,21845,43690,"",00000000000000000000000000000000,"","",0,0,00,00,"S_WAIT_UTC",00,00,00,00,00,12896962716,"2",2394167296,4294439296,6656921312,ffffeb60,4263287296,0,1111,0000,00,"",0,00000000,"",0,1,"",0,0,000000000000000000,"","",0,0,f,0000000000000000,5555aaaa,0,00000000,0,0,1,1,0,1,0,0,0,0,1,1,1,0,0,1,1,0,0,1,0,0,1,0,1,1,0,0,0,0,1,0,0,0,0,0,0,0,0,0,0,0,0,0,0,0,0,0,0,0,0,0,0,0,0,0,0,0
261,261,0,12896962717,9,00000000,0,6,2000000,4000,1,20000,2000000,"S_SAMPLE",8,2000000,2000000,21845,43690,"",00000000000000000000000000000000,"","",0,0,00,00,"S_WAIT_UTC",00,00,00,00,00,12896962717,"2",2394167296,4294439296,6656921312,ffffeb60,4263287296,0,1111,0000,00,"",0,00000000,"",0,1,"",0,0,000000000000000000,"","",0,0,f,0000000000000000,5555aaaa,0,00000000,0,0,1,1,0,1,0,0,0,0,1,1,1,0,0,1,1,0,0,1,0,0,1,0,1,1,0,0,0,0,1,0,0,0,0,0,0,0,0,0,0,0,0,0,0,0,0,0,0,0,0,0,0,0,0,0,0,0
262,262,0,12896962718,9,00000000,0,6,2000000,4000,1,20000,2000000,"S_SAMPLE",8,2000000,2000000,21845,43690,"",00000000000000000000000000000000,"","",0,0,00,00,"S_WAIT_UTC",00,00,00,00,00,12896962718,"2",2394167296,4294439296,6656921312,ffffeb60,4263287296,0,1111,0000,00,"",0,00000000,"",0,1,"",0,0,000000000000000000,"","",0,0,f,0000000000000000,5555aaaa,0,00000000,0,0,1,1,0,1,0,0,0,0,1,1,1,0,0,1,1,0,0,1,0,0,1,0,1,1,0,0,0,0,1,0,0,0,0,0,0,0,0,0,0,0,0,0,0,0,0,0,0,0,0,0,0,0,0,0,0,0
263,263,0,12896962719,9,00000000,0,6,2000000,4000,1,20000,2000000,"S_SAMPLE",8,2000000,2000000,21845,43690,"",00000000000000000000000000000000,"","",0,0,00,00,"S_WAIT_UTC",00,00,00,00,00,12896962719,"2",2394167296,4294439296,6656921312,ffffeb60,4263287296,0,1111,0000,00,"",0,00000000,"",0,1,"",0,0,000000000000000000,"","",0,0,f,0000000000000000,5555aaaa,0,00000000,0,0,1,1,0,1,0,0,0,0,1,1,1,0,0,1,1,0,0,1,0,0,1,0,1,1,0,0,0,0,1,0,0,0,0,0,0,0,0,0,0,0,0,0,0,0,0,0,0,0,0,0,0,0,0,0,0,0
264,264,0,12896962720,9,00000000,0,6,2000000,4000,1,20000,2000000,"S_SAMPLE",8,2000000,2000000,21845,43690,"",00000000000000000000000000000000,"","",0,0,00,00,"S_WAIT_UTC",00,00,00,00,00,12896962720,"2",2394167296,4294439296,6656921312,ffffeb60,4263287296,0,1111,0000,00,"",0,00000000,"",0,1,"",0,0,000000000000000000,"","",0,0,f,0000000000000000,5555aaaa,0,00000000,0,0,1,1,0,1,0,0,0,0,1,1,1,0,0,1,1,0,0,1,0,0,1,0,1,1,0,0,0,0,1,0,0,0,0,0,0,0,0,0,0,0,0,0,0,0,0,0,0,0,0,0,0,0,0,0,0,0
265,265,0,12896962721,9,00000000,0,6,2000000,4000,1,20000,2000000,"S_SAMPLE",8,2000000,2000000,21845,43690,"",00000000000000000000000000000000,"","",0,0,00,00,"S_WAIT_UTC",00,00,00,00,00,12896962721,"2",2394167296,4294439296,6656921312,ffffeb60,4263287296,0,1111,0000,00,"",0,00000000,"",0,1,"",0,0,000000000000000000,"","",0,0,f,0000000000000000,5555aaaa,0,00000000,0,0,1,1,0,1,0,0,0,0,1,1,1,0,0,1,1,0,0,1,0,0,1,0,1,1,0,0,0,0,1,0,0,0,0,0,0,0,0,0,0,0,0,0,0,0,0,0,0,0,0,0,0,0,0,0,0,0
266,266,0,12896962722,9,00000000,0,6,2000000,4000,1,20000,2000000,"S_SAMPLE",8,2000000,2000000,21845,43690,"",00000000000000000000000000000000,"","",0,0,00,00,"S_WAIT_UTC",00,00,00,00,00,12896962722,"2",2394167296,4294439296,6656921312,ffffeb60,4263287296,0,1111,0000,00,"",0,00000000,"",0,1,"",0,0,000000000000000000,"","",0,0,f,0000000000000000,5555aaaa,0,00000000,0,0,1,1,0,1,0,0,0,0,1,1,1,0,0,1,1,0,0,1,0,0,1,0,1,1,0,0,0,0,1,0,0,0,0,0,0,0,0,0,0,0,0,0,0,0,0,0,0,0,0,0,0,0,0,0,0,0
267,267,0,12896962723,9,00000000,0,6,2000000,4000,1,20000,2000000,"S_SAMPLE",8,2000000,2000000,21845,43690,"",00000000000000000000000000000000,"","",0,0,00,00,"S_WAIT_UTC",00,00,00,00,00,12896962723,"2",2394167296,4294439296,6656921312,ffffeb60,4263287296,0,1111,0000,00,"",0,00000000,"",0,1,"",0,0,000000000000000000,"","",0,0,f,0000000000000000,5555aaaa,0,00000000,0,0,1,1,0,1,0,0,0,0,1,1,1,0,0,1,1,0,0,1,0,0,1,0,1,1,0,0,0,0,1,0,0,0,0,0,0,0,0,0,0,0,0,0,0,0,0,0,0,0,0,0,0,0,0,0,0,0
268,268,0,12896962724,9,00000000,0,6,2000000,4000,1,20000,2000000,"S_SAMPLE",8,2000000,2000000,21845,43690,"",00000000000000000000000000000000,"","",0,0,00,00,"S_WAIT_UTC",00,00,00,00,00,12896962724,"2",2394167296,4294439296,6656921312,ffffeb60,4263287296,0,1111,0000,00,"",0,00000000,"",0,1,"",0,0,000000000000000000,"","",0,0,f,0000000000000000,5555aaaa,0,00000000,0,0,1,1,0,1,0,0,0,0,1,1,1,0,0,1,1,0,0,1,0,0,1,0,1,1,0,0,0,0,1,0,0,0,0,0,0,0,0,0,0,0,0,0,0,0,0,0,0,0,0,0,0,0,0,0,0,0
269,269,0,12896962725,9,00000000,0,6,2000000,4000,1,20000,2000000,"S_SAMPLE",8,2000000,2000000,21845,43690,"",00000000000000000000000000000000,"","",0,0,00,00,"S_WAIT_UTC",00,00,00,00,00,12896962725,"2",2394167296,4294439296,6656921312,ffffeb60,4263287296,0,1111,0000,00,"",0,00000000,"",0,1,"",0,0,000000000000000000,"","",0,0,f,0000000000000000,5555aaaa,0,00000000,0,0,1,1,0,1,0,0,0,0,1,1,1,0,0,1,1,0,0,1,0,0,1,0,1,1,0,0,0,0,1,0,0,0,0,0,0,0,0,0,0,0,0,0,0,0,0,0,0,0,0,0,0,0,0,0,0,0
270,270,0,12896962726,9,00000000,0,6,2000000,4000,1,20000,2000000,"S_SAMPLE",8,2000000,2000000,21845,43690,"",00000000000000000000000000000000,"","",0,0,00,00,"S_WAIT_UTC",00,00,00,00,00,12896962726,"2",2394167296,4294439296,6656921312,ffffeb60,4263287296,0,1111,0000,00,"",0,00000000,"",0,1,"",0,0,000000000000000000,"","",0,0,f,0000000000000000,5555aaaa,0,00000000,0,0,1,1,0,1,0,0,0,0,1,1,1,0,0,1,1,0,0,1,0,0,1,0,1,1,0,0,0,0,1,0,0,0,0,0,0,0,0,0,0,0,0,0,0,0,0,0,0,0,0,0,0,0,0,0,0,0
271,271,0,12896962727,9,00000000,0,6,2000000,4000,1,20000,2000000,"S_SAMPLE",8,2000000,2000000,21845,43690,"",00000000000000000000000000000000,"","",0,0,00,00,"S_WAIT_UTC",00,00,00,00,00,12896962727,"2",2394167296,4294439296,6656921312,ffffeb60,4263287296,0,1111,0000,00,"",0,00000000,"",0,1,"",0,0,000000000000000000,"","",0,0,f,0000000000000000,5555aaaa,0,00000000,0,0,1,1,0,1,0,0,0,0,1,1,1,0,0,1,1,0,0,1,0,0,1,0,1,1,0,0,0,0,1,0,0,0,0,0,0,0,0,0,0,0,0,0,0,0,0,0,0,0,0,0,0,0,0,0,0,0
272,272,0,12896962728,9,00000000,0,6,2000000,4000,1,20000,2000000,"S_SAMPLE",8,2000000,2000000,21845,43690,"",00000000000000000000000000000000,"","",0,0,00,00,"S_WAIT_UTC",00,00,00,00,00,12896962728,"2",2394167296,4294439296,6656921312,ffffeb60,4263287296,0,1111,0000,00,"",0,00000000,"",0,1,"",0,0,000000000000000000,"","",0,0,f,0000000000000000,5555aaaa,0,00000000,0,0,1,1,0,1,0,0,0,0,1,1,1,0,0,1,1,0,0,1,0,0,1,0,1,1,0,0,0,0,1,0,0,0,0,0,0,0,0,0,0,0,0,0,0,0,0,0,0,0,0,0,0,0,0,0,0,0
273,273,0,12896962729,10,00000000,0,6,2000000,4000,1,20000,2000000,"S_SAMPLE",9,2000000,2000000,21845,43690,"",00000000000000000000000000000000,"","",0,0,00,00,"S_WAIT_UTC",00,00,00,00,00,12896962729,"2",2394167296,4294439296,6656921312,ffffeb60,4263287296,0,1111,0000,00,"",0,00000000,"",0,1,"",0,0,000000000000000000,"","",0,0,f,0000000000000000,5555aaaa,0,00000000,0,0,1,1,0,1,0,0,0,0,1,1,1,0,0,1,1,0,0,1,0,0,1,0,1,1,0,0,0,0,1,0,0,0,0,0,0,0,0,0,0,0,0,0,0,0,0,0,0,0,0,0,0,0,0,0,0,0
274,274,0,12896962730,10,00000000,0,6,2000000,4000,1,20000,2000000,"S_SAMPLE",9,2000000,2000000,21845,43690,"",00000000000000000000000000000000,"","",0,0,00,00,"S_WAIT_UTC",00,00,00,00,00,12896962730,"2",2394167296,4294439296,6656921312,ffffeb60,4263287296,0,1111,0000,00,"",0,00000000,"",0,1,"",0,0,000000000000000000,"","",0,0,f,0000000000000000,5555aaaa,0,00000000,0,0,1,1,0,1,0,0,0,0,1,1,1,0,0,1,1,0,0,1,0,0,1,0,1,1,0,0,0,0,1,0,0,0,0,0,0,0,0,0,0,0,0,0,0,0,0,0,0,0,0,0,0,0,0,0,0,0
275,275,0,12896962731,10,00000000,0,6,2000000,4000,1,20000,2000000,"S_SAMPLE",9,2000000,2000000,21845,43690,"",00000000000000000000000000000000,"","",0,0,00,00,"S_WAIT_UTC",00,00,00,00,00,12896962731,"2",2394167296,4294439296,6656921312,ffffeb60,4263287296,0,1111,0000,00,"",0,00000000,"",0,1,"",0,0,000000000000000000,"","",0,0,f,0000000000000000,5555aaaa,0,00000000,0,0,1,1,0,1,0,0,0,0,1,1,1,0,0,1,1,0,0,1,0,0,1,0,1,1,0,0,0,0,1,0,0,0,0,0,0,0,0,0,0,0,0,0,0,0,0,0,0,0,0,0,0,0,0,0,0,0
276,276,0,12896962732,10,00000000,0,6,2000000,4000,1,20000,2000000,"S_SAMPLE",9,2000000,2000000,21845,43690,"",00000000000000000000000000000000,"","",0,0,00,00,"S_WAIT_UTC",00,00,00,00,00,12896962732,"2",2394167296,4294439296,6656921312,ffffeb60,4263287296,0,1111,0000,00,"",0,00000000,"",0,1,"",0,0,000000000000000000,"","",0,0,f,0000000000000000,5555aaaa,0,00000000,0,0,1,1,0,1,0,0,0,0,1,1,1,0,0,1,1,0,0,1,0,0,1,0,1,1,0,0,0,0,1,0,0,0,0,0,0,0,0,0,0,0,0,0,0,0,0,0,0,0,0,0,0,0,0,0,0,0
277,277,0,12896962733,10,00000000,0,6,2000000,4000,1,20000,2000000,"S_SAMPLE",9,2000000,2000000,21845,43690,"",00000000000000000000000000000000,"","",0,0,00,00,"S_WAIT_UTC",00,00,00,00,00,12896962733,"2",2394167296,4294439296,6656921312,ffffeb60,4263287296,0,1111,0000,00,"",0,00000000,"",0,1,"",0,0,000000000000000000,"","",0,0,f,0000000000000000,5555aaaa,0,00000000,1,0,1,1,0,1,0,0,0,0,1,0,1,0,0,1,1,0,0,1,0,0,1,0,1,1,0,0,0,0,1,0,0,0,0,0,0,0,0,0,0,0,0,0,0,0,0,0,0,0,0,0,0,0,0,0,0,0
278,278,0,12896962734,10,00000000,0,6,2000000,4000,1,20000,2000000,"S_SAMPLE",9,2000000,2000000,43690,43690,"",00000000000000000000000000000000,"","",0,0,00,00,"S_WAIT_UTC",00,00,00,00,00,12896962734,"2",2394167296,4294439296,6656921312,ffffeb60,4263287296,0,1111,0000,00,"",0,00000000,"",0,1,"",0,0,000000000000000000,"","",0,0,f,0000000000000000,5555aaaa,0,00000000,0,1,1,1,0,1,0,0,0,0,1,1,1,0,0,1,1,0,0,1,1,0,1,0,1,1,0,0,0,0,1,0,0,0,0,0,0,0,0,0,0,0,0,0,0,0,0,0,0,0,0,0,0,0,0,0,0,0
279,279,0,12896962735,10,00000000,0,6,2000000,4000,1,20000,2000000,"S_SAMPLE",9,2000000,2000000,43690,43690,"",00000000000000000000000000000000,"","",0,0,00,00,"S_WAIT_UTC",00,00,00,00,00,12896962735,"2",2394167296,4294439296,6656921312,ffffeb60,4263287296,0,1111,0000,00,"",0,00000000,"",0,1,"",0,0,000000000000000000,"","",0,0,f,0000000000000000,5555aaaa,0,00000000,0,0,1,1,0,1,0,0,0,0,1,1,1,0,0,1,1,0,0,1,0,0,1,0,1,1,0,0,0,0,1,0,0,0,0,0,0,0,0,0,0,0,0,0,0,0,0,0,0,0,0,0,0,0,0,0,0,0
280,280,0,12896962736,10,00000000,0,7,2000000,4000,1,20000,2000000,"S_SAMPLE",9,2000000,2000000,43690,43690,"",00000000000000000000000000000000,"","",0,0,00,00,"S_WAIT_UTC",00,00,00,00,00,12896962736,"2",2394167296,4294439296,6656921312,ffffeb60,4263287296,0,1111,0000,00,"",0,00000000,"",0,1,"",0,0,000000000000000000,"","",0,0,f,0000000000000000,5555aaaa,0,00000000,0,0,1,1,0,1,0,0,0,0,1,1,1,0,0,1,1,0,0,1,0,0,1,0,1,1,0,0,0,0,1,0,0,0,0,0,0,0,0,0,0,0,0,0,0,0,0,0,0,0,0,0,0,0,0,0,0,0
281,281,0,12896962737,10,00000000,0,7,2000000,4000,1,20000,2000000,"S_SAMPLE",9,2000000,2000000,43690,43690,"",00000000000000000000000000000000,"","",0,0,00,00,"S_WAIT_UTC",00,00,00,00,00,12896962737,"2",2394167296,4294439296,6656921312,ffffeb60,4263287296,0,1111,0000,00,"",0,00000000,"",0,1,"",0,0,000000000000000000,"","",0,0,f,0000000000000000,5555aaaa,0,00000000,0,0,1,1,0,1,0,0,0,0,1,1,1,0,0,1,1,0,0,1,0,0,1,0,1,1,0,0,0,0,1,0,0,0,0,0,0,0,0,0,0,0,0,0,0,0,0,0,0,0,0,0,0,0,0,0,0,0
282,282,0,12896962738,10,00000000,0,7,2000000,4000,1,20000,2000000,"S_SAMPLE",9,2000000,2000000,43690,43690,"",00000000000000000000000000000000,"","",0,0,00,00,"S_WAIT_UTC",00,00,00,00,00,12896962738,"2",2394167296,4294439296,6656921312,ffffeb60,4263287296,0,1111,0000,00,"",0,00000000,"",0,1,"",0,0,000000000000000000,"","",0,0,f,0000000000000000,5555aaaa,0,00000000,0,0,1,1,0,1,0,0,0,0,1,1,1,0,0,1,1,0,0,1,0,0,1,0,1,1,0,0,0,0,1,0,0,0,0,0,0,0,0,0,0,0,0,0,0,0,0,0,0,0,0,0,0,0,0,0,0,0
283,283,0,12896962739,10,00000000,0,7,2000000,4000,1,20000,2000000,"S_SAMPLE",9,2000000,2000000,43690,43690,"",00000000000000000000000000000000,"","",0,0,00,00,"S_WAIT_UTC",00,00,00,00,00,12896962739,"2",2394167296,4294439296,6656921312,ffffeb60,4263287296,0,1111,0000,00,"",0,00000000,"",0,1,"",0,0,000000000000000000,"","",0,0,f,0000000000000000,5555aaaa,0,00000000,0,0,1,1,0,1,0,0,0,0,1,1,1,0,0,1,1,0,0,1,0,0,1,0,1,1,0,0,0,0,1,0,0,0,0,0,0,0,0,0,0,0,0,0,0,0,0,0,0,0,0,0,0,0,0,0,0,0
284,284,0,12896962740,10,00000000,0,7,2000000,4000,1,20000,2000000,"S_SAMPLE",9,2000000,2000000,43690,43690,"",00000000000000000000000000000000,"","",0,0,00,00,"S_WAIT_UTC",00,00,00,00,00,12896962740,"2",2394167296,4294439296,6656921312,ffffeb60,4263287296,0,1111,0000,00,"",0,00000000,"",0,1,"",0,0,000000000000000000,"","",0,0,f,0000000000000000,5555aaaa,0,00000000,0,0,1,1,0,1,0,0,0,0,1,1,1,0,0,1,1,0,0,1,0,0,1,0,1,1,0,0,0,0,1,0,0,0,0,0,0,0,0,0,0,0,0,0,0,0,0,0,0,0,0,0,0,0,0,0,0,0
285,285,0,12896962741,10,00000000,0,7,2000000,4000,1,20000,2000000,"S_SAMPLE",9,2000000,2000000,43690,21845,"",00000000000000000000000000000000,"","",0,0,00,00,"S_WAIT_UTC",00,00,00,00,00,12896962741,"2",2394167296,4294439296,6656921312,ffffeb60,4263287296,0,1111,0000,00,"",0,00000000,"",0,1,"",0,0,000000000000000000,"","",0,0,f,0000000000000000,5555aaaa,0,00000000,0,0,1,1,0,1,0,0,0,0,1,1,1,0,0,1,1,0,0,1,0,0,1,0,1,1,0,0,0,0,1,0,0,0,0,0,0,0,0,0,0,0,0,0,0,0,0,0,0,0,0,0,0,0,0,0,0,0
286,286,0,12896962742,10,00000000,0,7,2000000,4000,1,20000,2000000,"S_SAMPLE",9,2000000,2000000,43690,21845,"",00000000000000000000000000000000,"","",0,0,00,00,"S_WAIT_UTC",00,00,00,00,00,12896962742,"2",2394167296,4294439296,6656921312,ffffeb60,4263287296,0,1111,0000,00,"",0,00000000,"",0,1,"",0,0,000000000000000000,"","",0,0,f,0000000000000000,5555aaaa,0,00000000,0,0,1,1,0,1,0,0,0,0,1,1,1,0,0,1,1,0,0,1,0,0,1,0,1,1,0,0,0,0,1,0,0,0,0,0,0,0,0,0,0,0,0,0,0,0,0,0,0,0,0,0,0,0,0,0,0,0
287,287,0,12896962743,10,00000000,0,7,2000000,4000,1,20000,2000000,"S_SAMPLE",9,2000000,2000000,43690,21845,"",00000000000000000000000000000000,"","",0,0,00,00,"S_WAIT_UTC",00,00,00,00,00,12896962743,"2",2394167296,4294439296,6656921312,ffffeb60,4263287296,0,1111,0000,00,"",0,00000000,"",0,1,"",0,0,000000000000000000,"","",0,0,f,0000000000000000,5555aaaa,0,00000000,0,0,1,1,0,1,0,0,0,0,1,1,1,0,0,1,1,0,0,1,0,0,1,0,1,1,0,0,0,0,1,0,0,0,0,0,0,0,0,0,0,0,0,0,0,0,0,0,0,0,0,0,0,0,0,0,0,0
288,288,0,12896962744,10,00000000,0,7,2000000,4000,1,20000,2000000,"S_SAMPLE",9,2000000,2000000,43690,21845,"",00000000000000000000000000000000,"","",0,0,00,00,"S_WAIT_UTC",00,00,00,00,00,12896962744,"2",2394167296,4294439296,6656921312,ffffeb60,4263287296,0,1111,0000,00,"",0,00000000,"",0,1,"",0,0,000000000000000000,"","",0,0,f,0000000000000000,5555aaaa,0,00000000,0,0,1,1,0,1,0,0,0,0,1,1,1,0,0,1,1,0,0,1,0,0,1,0,1,1,0,0,0,0,1,0,0,0,0,0,0,0,0,0,0,0,0,0,0,0,0,0,0,0,0,0,0,0,0,0,0,0
289,289,0,12896962745,10,00000000,0,7,2000000,4000,1,20000,2000000,"S_SAMPLE",9,2000000,2000000,43690,21845,"",00000000000000000000000000000000,"","",0,0,00,00,"S_WAIT_UTC",00,00,00,00,00,12896962745,"2",2394167296,4294439296,6656921312,ffffeb60,4263287296,0,1111,0000,00,"",0,00000000,"",0,1,"",0,0,000000000000000000,"","",0,0,f,0000000000000000,5555aaaa,0,00000000,0,0,1,1,0,1,0,0,0,0,1,1,1,0,0,1,1,0,0,1,0,0,1,0,1,1,0,0,0,0,1,0,0,0,0,0,0,0,0,0,0,0,0,0,0,0,0,0,0,0,0,0,0,0,0,0,0,0
290,290,0,12896962746,10,00000000,0,7,2000000,4000,1,20000,2000000,"S_SAMPLE",9,2000000,2000000,43690,21845,"",00000000000000000000000000000000,"","",0,0,00,00,"S_WAIT_UTC",00,00,00,00,00,12896962746,"2",2394167296,4294439296,6656921312,ffffeb60,4263287296,0,1111,0000,00,"",0,00000000,"",0,1,"",0,0,000000000000000000,"","",0,0,f,0000000000000000,5555aaaa,0,00000000,0,0,1,1,0,1,0,0,0,0,1,1,1,0,0,1,1,0,0,1,0,0,1,0,1,1,0,0,0,0,1,0,0,0,0,0,0,0,0,0,0,0,0,0,0,0,0,0,0,0,0,0,0,0,0,0,0,0
291,291,0,12896962747,10,00000000,0,7,2000000,4000,1,20000,2000000,"S_SAMPLE",9,2000000,2000000,43690,21845,"",00000000000000000000000000000000,"","",0,0,00,00,"S_WAIT_UTC",00,00,00,00,00,12896962747,"2",2394167296,4294439296,6656921312,ffffeb60,4263287296,0,1111,0000,00,"",0,00000000,"",0,1,"",0,0,000000000000000000,"","",0,0,f,0000000000000000,5555aaaa,0,00000000,0,0,1,1,0,1,0,0,0,0,1,1,1,0,0,1,1,0,0,1,0,0,1,0,1,1,0,0,0,0,1,0,0,0,0,0,0,0,0,0,0,0,0,0,0,0,0,0,0,0,0,0,0,0,0,0,0,0
292,292,0,12896962748,10,00000000,0,7,2000000,4000,1,20000,2000000,"S_SAMPLE",9,2000000,2000000,43690,21845,"",00000000000000000000000000000000,"","",0,0,00,00,"S_WAIT_UTC",00,00,00,00,00,12896962748,"2",2394167296,4294439296,6656921312,ffffeb60,4263287296,0,1111,0000,00,"",0,00000000,"",0,1,"",0,0,000000000000000000,"","",0,0,f,0000000000000000,5555aaaa,0,00000000,0,0,1,1,0,1,0,0,0,0,1,1,1,0,0,1,1,0,0,1,0,0,1,0,1,1,0,0,0,0,1,0,0,0,0,0,0,0,0,0,0,0,0,0,0,0,0,0,0,0,0,0,0,0,0,0,0,0
293,293,0,12896962749,10,00000000,0,7,2000000,4000,1,20000,2000000,"S_SAMPLE",9,2000000,2000000,43690,21845,"",00000000000000000000000000000000,"","",0,0,00,00,"S_WAIT_UTC",00,00,00,00,00,12896962749,"2",2394167296,4294439296,6656921312,ffffeb60,4263287296,0,1111,0000,00,"",0,00000000,"",0,1,"",0,0,000000000000000000,"","",0,0,f,0000000000000000,5555aaaa,0,00000000,0,0,1,1,0,1,0,0,0,0,1,1,1,0,0,1,1,0,0,1,0,0,1,0,1,1,0,0,0,0,1,0,0,0,0,0,0,0,0,0,0,0,0,0,0,0,0,0,0,0,0,0,0,0,0,0,0,0
294,294,0,12896962750,10,00000000,0,7,2000000,4000,1,20000,2000000,"S_SAMPLE",9,2000000,2000000,43690,21845,"",00000000000000000000000000000000,"","",0,0,00,00,"S_WAIT_UTC",00,00,00,00,00,12896962750,"2",2394167296,4294439296,6656921312,ffffeb60,4263287296,0,1111,0000,00,"",0,00000000,"",0,1,"",0,0,000000000000000000,"","",0,0,f,0000000000000000,5555aaaa,0,00000000,0,0,1,1,0,1,0,0,0,0,1,1,1,0,0,1,1,0,0,1,0,0,1,0,1,1,0,0,0,0,1,0,0,0,0,0,0,0,0,0,0,0,0,0,0,0,0,0,0,0,0,0,0,0,0,0,0,0
295,295,0,12896962751,10,00000000,0,7,2000000,4000,1,20000,2000000,"S_SAMPLE",9,2000000,2000000,43690,21845,"",00000000000000000000000000000000,"","",0,0,00,00,"S_WAIT_UTC",00,00,00,00,00,12896962751,"2",2394167296,4294439296,6656921312,ffffeb60,4263287296,0,1111,0000,00,"",0,00000000,"",0,1,"",0,0,000000000000000000,"","",0,0,f,0000000000000000,5555aaaa,0,00000000,0,0,1,1,0,1,0,0,0,0,1,1,1,0,0,1,1,0,0,1,0,0,1,0,1,1,0,0,0,0,1,0,0,0,0,0,0,0,0,0,0,0,0,0,0,0,0,0,0,0,0,0,0,0,0,0,0,0
296,296,0,12896962752,10,00000000,0,7,2000000,4000,1,20000,2000000,"S_SAMPLE",9,2000000,2000000,43690,21845,"",00000000000000000000000000000000,"","",0,0,00,00,"S_WAIT_UTC",00,00,00,00,00,12896962752,"2",2394167296,4294439296,6656921312,ffffeb60,4263287296,0,1111,0000,00,"",0,00000000,"",0,1,"",0,0,000000000000000000,"","",0,0,f,0000000000000000,5555aaaa,0,00000000,0,0,1,1,0,1,0,0,0,0,1,1,1,0,0,1,1,0,0,1,0,0,1,0,1,1,0,0,0,0,1,0,0,0,0,0,0,0,0,0,0,0,0,0,0,0,0,0,0,0,0,0,0,0,0,0,0,0
297,297,0,12896962753,10,00000000,0,7,2000000,4000,1,20000,2000000,"S_SAMPLE",9,2000000,2000000,43690,21845,"",00000000000000000000000000000000,"","",0,0,00,00,"S_WAIT_UTC",00,00,00,00,00,12896962753,"2",2394167296,4294439296,6656921312,ffffeb60,4263287296,0,1111,0000,00,"",0,00000000,"",0,1,"",0,0,000000000000000000,"","",0,0,f,0000000000000000,5555aaaa,0,00000000,0,0,1,1,0,1,0,0,0,0,1,1,1,0,0,1,1,0,0,1,0,0,1,0,1,1,0,0,0,0,1,0,0,0,0,0,0,0,0,0,0,0,0,0,0,0,0,0,0,0,0,0,0,0,0,0,0,0
298,298,0,12896962754,11,00000000,0,7,2000000,4000,1,20000,2000000,"S_SAMPLE",10,2000000,2000000,43690,21845,"",00000000000000000000000000000000,"","",0,0,00,00,"S_WAIT_UTC",00,00,00,00,00,12896962754,"2",2394167296,4294439296,6656921312,ffffeb60,4263287296,0,1111,0000,00,"",0,00000000,"",0,1,"",0,0,000000000000000000,"","",0,0,f,0000000000000000,5555aaaa,0,00000000,0,0,1,1,0,1,0,0,0,0,1,1,1,0,0,1,1,0,0,1,0,0,1,0,1,1,0,0,0,0,1,0,0,0,0,0,0,0,0,0,0,0,0,0,0,0,0,0,0,0,0,0,0,0,0,0,0,0
299,299,0,12896962755,11,00000000,0,7,2000000,4000,1,20000,2000000,"S_SAMPLE",10,2000000,2000000,43690,21845,"",00000000000000000000000000000000,"","",0,0,00,00,"S_WAIT_UTC",00,00,00,00,00,12896962755,"2",2394167296,4294439296,6656921312,ffffeb60,4263287296,0,1111,0000,00,"",0,00000000,"",0,1,"",0,0,000000000000000000,"","",0,0,f,0000000000000000,5555aaaa,0,00000000,0,0,1,1,0,1,0,0,0,0,1,1,1,0,0,1,1,0,0,1,0,0,1,0,1,1,0,0,0,0,1,0,0,0,0,0,0,0,0,0,0,0,0,0,0,0,0,0,0,0,0,0,0,0,0,0,0,0
300,300,0,12896962756,11,00000000,0,7,2000000,4000,1,20000,2000000,"S_SAMPLE",10,2000000,2000000,43690,21845,"",00000000000000000000000000000000,"","",0,0,00,00,"S_WAIT_UTC",00,00,00,00,00,12896962756,"2",2394167296,4294439296,6656921312,ffffeb60,4263287296,0,1111,0000,00,"",0,00000000,"",0,1,"",0,0,000000000000000000,"","",0,0,f,0000000000000000,5555aaaa,0,00000000,0,0,1,1,0,1,0,0,0,0,1,1,1,0,0,1,1,0,0,1,0,0,1,0,1,1,0,0,0,0,1,0,0,0,0,0,0,0,0,0,0,0,0,0,0,0,0,0,0,0,0,0,0,0,0,0,0,0
301,301,0,12896962757,11,00000000,0,7,2000000,4000,1,20000,2000000,"S_SAMPLE",10,2000000,2000000,43690,21845,"",00000000000000000000000000000000,"","",0,0,00,00,"S_WAIT_UTC",00,00,00,00,00,12896962757,"2",2394167296,4294439296,6656921312,ffffeb60,4263287296,0,1111,0000,00,"",0,00000000,"",0,1,"",0,0,000000000000000000,"","",0,0,f,0000000000000000,5555aaaa,0,00000000,0,0,1,1,0,1,0,0,0,0,1,1,1,0,0,1,1,0,0,1,0,0,1,0,1,1,0,0,0,0,1,0,0,0,0,0,0,0,0,0,0,0,0,0,0,0,0,0,0,0,0,0,0,0,0,0,0,0
302,302,0,12896962758,11,00000000,0,7,2000000,4000,1,20000,2000000,"S_SAMPLE",10,2000000,2000000,43690,21845,"",00000000000000000000000000000000,"","",0,0,00,00,"S_WAIT_UTC",00,00,00,00,00,12896962758,"2",2394167296,4294439296,6656921312,ffffeb60,4263287296,0,1111,0000,00,"",0,00000000,"",0,1,"",0,0,000000000000000000,"","",0,0,f,0000000000000000,5555aaaa,0,00000000,1,0,1,1,0,1,0,0,0,0,1,0,1,0,0,1,1,0,0,1,0,0,1,0,1,1,0,0,0,0,1,0,0,0,0,0,0,0,0,0,0,0,0,0,0,0,0,0,0,0,0,0,0,0,0,0,0,0
303,303,0,12896962759,11,00000000,0,7,2000000,4000,1,20000,2000000,"S_SAMPLE",10,2000000,2000000,21845,21845,"",00000000000000000000000000000000,"","",0,0,00,00,"S_WAIT_UTC",00,00,00,00,00,12896962759,"2",2394167296,4294439296,6656921312,ffffeb60,4263287296,0,1111,0000,00,"",0,00000000,"",0,1,"",0,0,000000000000000000,"","",0,0,f,0000000000000000,5555aaaa,0,00000000,0,1,1,1,0,1,0,0,0,0,1,1,1,0,0,1,1,0,0,1,1,0,1,0,1,1,0,0,0,0,1,0,0,0,0,0,0,0,0,0,0,0,0,0,0,0,0,0,0,0,0,0,0,0,0,0,0,0
304,304,0,12896962760,11,00000000,0,7,2000000,4000,1,20000,2000000,"S_SAMPLE",10,2000000,2000000,21845,21845,"",00000000000000000000000000000000,"","",0,0,00,00,"S_WAIT_UTC",00,00,00,00,00,12896962760,"2",2394167296,4294439296,6656921312,ffffeb60,4263287296,0,1111,0000,00,"",0,00000000,"",0,1,"",0,0,000000000000000000,"","",0,0,f,0000000000000000,5555aaaa,0,00000000,0,0,1,1,0,1,0,0,0,0,1,1,1,0,0,1,1,0,0,1,0,0,1,0,1,1,0,0,0,0,1,0,0,0,0,0,0,0,0,0,0,0,0,0,0,0,0,0,0,0,0,0,0,0,0,0,0,0
305,305,0,12896962761,11,00000000,0,8,2000000,4000,1,20000,2000000,"S_SAMPLE",10,2000000,2000000,21845,21845,"",00000000000000000000000000000000,"","",0,0,00,00,"S_WAIT_UTC",00,00,00,00,00,12896962761,"2",2394167296,4294439296,6656921312,ffffeb60,4263287296,0,1111,0000,00,"",0,00000000,"",0,1,"",0,0,000000000000000000,"","",0,0,f,0000000000000000,5555aaaa,0,00000000,0,0,1,1,0,1,0,0,0,0,1,1,1,0,0,1,1,0,0,1,0,0,1,0,1,1,0,0,0,0,1,0,0,0,0,0,0,0,0,0,0,0,0,0,0,0,0,0,0,0,0,0,0,0,0,0,0,0
306,306,0,12896962762,11,00000000,0,8,2000000,4000,1,20000,2000000,"S_SAMPLE",10,2000000,2000000,21845,21845,"",00000000000000000000000000000000,"","",0,0,00,00,"S_WAIT_UTC",00,00,00,00,00,12896962762,"2",2394167296,4294439296,6656921312,ffffeb60,4263287296,0,1111,0000,00,"",0,00000000,"",0,1,"",0,0,000000000000000000,"","",0,0,f,0000000000000000,5555aaaa,0,00000000,0,0,1,1,0,1,0,0,0,0,1,1,1,0,0,1,1,0,0,1,0,0,1,0,1,1,0,0,0,0,1,0,0,0,0,0,0,0,0,0,0,0,0,0,0,0,0,0,0,0,0,0,0,0,0,0,0,0
307,307,0,12896962763,11,00000000,0,8,2000000,4000,1,20000,2000000,"S_SAMPLE",10,2000000,2000000,21845,21845,"",00000000000000000000000000000000,"","",0,0,00,00,"S_WAIT_UTC",00,00,00,00,00,12896962763,"2",2394167296,4294439296,6656921312,ffffeb60,4263287296,0,1111,0000,00,"",0,00000000,"",0,1,"",0,0,000000000000000000,"","",0,0,f,0000000000000000,5555aaaa,0,00000000,0,0,1,1,0,1,0,0,0,0,1,1,1,0,0,1,1,0,0,1,0,0,1,0,1,1,0,0,0,0,1,0,0,0,0,0,0,0,0,0,0,0,0,0,0,0,0,0,0,0,0,0,0,0,0,0,0,0
308,308,0,12896962764,11,00000000,0,8,2000000,4000,1,20000,2000000,"S_SAMPLE",10,2000000,2000000,21845,21845,"",00000000000000000000000000000000,"","",0,0,00,00,"S_WAIT_UTC",00,00,00,00,00,12896962764,"2",2394167296,4294439296,6656921312,ffffeb60,4263287296,0,1111,0000,00,"",0,00000000,"",0,1,"",0,0,000000000000000000,"","",0,0,f,0000000000000000,5555aaaa,0,00000000,0,0,1,1,0,1,0,0,0,0,1,1,1,0,0,1,1,0,0,1,0,0,1,0,1,1,0,0,0,0,1,0,0,0,0,0,0,0,0,0,0,0,0,0,0,0,0,0,0,0,0,0,0,0,0,0,0,0
309,309,0,12896962765,11,00000000,0,8,2000000,4000,1,20000,2000000,"S_SAMPLE",10,2000000,2000000,21845,21845,"",00000000000000000000000000000000,"","",0,0,00,00,"S_WAIT_UTC",00,00,00,00,00,12896962765,"2",2394167296,4294439296,6656921312,ffffeb60,4263287296,0,1111,0000,00,"",0,00000000,"",0,1,"",0,0,000000000000000000,"","",0,0,f,0000000000000000,5555aaaa,0,00000000,0,0,1,1,0,1,0,0,0,0,1,1,1,0,0,1,1,0,0,1,0,0,1,0,1,1,0,0,0,0,1,0,0,0,0,0,0,0,0,0,0,0,0,0,0,0,0,0,0,0,0,0,0,0,0,0,0,0
310,310,0,12896962766,11,00000000,0,8,2000000,4000,1,20000,2000000,"S_SAMPLE",10,2000000,2000000,21845,43690,"",00000000000000000000000000000000,"","",0,0,00,00,"S_WAIT_UTC",00,00,00,00,00,12896962766,"2",2394167296,4294439296,6656921312,ffffeb60,4263287296,0,1111,0000,00,"",0,00000000,"",0,1,"",0,0,000000000000000000,"","",0,0,f,0000000000000000,5555aaaa,0,00000000,0,0,1,1,0,1,0,0,0,0,1,1,1,0,0,1,1,0,0,1,0,0,1,0,1,1,0,0,0,0,1,0,0,0,0,0,0,0,0,0,0,0,0,0,0,0,0,0,0,0,0,0,0,0,0,0,0,0
311,311,0,12896962767,11,00000000,0,8,2000000,4000,1,20000,2000000,"S_SAMPLE",10,2000000,2000000,21845,43690,"",00000000000000000000000000000000,"","",0,0,00,00,"S_WAIT_UTC",00,00,00,00,00,12896962767,"2",2394167296,4294439296,6656921312,ffffeb60,4263287296,0,1111,0000,00,"",0,00000000,"",0,1,"",0,0,000000000000000000,"","",0,0,f,0000000000000000,5555aaaa,0,00000000,0,0,1,1,0,1,0,0,0,0,1,1,1,0,0,1,1,0,0,1,0,0,1,0,1,1,0,0,0,0,1,0,0,0,0,0,0,0,0,0,0,0,0,0,0,0,0,0,0,0,0,0,0,0,0,0,0,0
312,312,0,12896962768,11,00000000,0,8,2000000,4000,1,20000,2000000,"S_SAMPLE",10,2000000,2000000,21845,43690,"",00000000000000000000000000000000,"","",0,0,00,00,"S_WAIT_UTC",00,00,00,00,00,12896962768,"2",2394167296,4294439296,6656921312,ffffeb60,4263287296,0,1111,0000,00,"",0,00000000,"",0,1,"",0,0,000000000000000000,"","",0,0,f,0000000000000000,5555aaaa,0,00000000,0,0,1,1,0,1,0,0,0,0,1,1,1,0,0,1,1,0,0,1,0,0,1,0,1,1,0,0,0,0,1,0,0,0,0,0,0,0,0,0,0,0,0,0,0,0,0,0,0,0,0,0,0,0,0,0,0,0
313,313,0,12896962769,11,00000000,0,8,2000000,4000,1,20000,2000000,"S_SAMPLE",10,2000000,2000000,21845,43690,"",00000000000000000000000000000000,"","",0,0,00,00,"S_WAIT_UTC",00,00,00,00,00,12896962769,"2",2394167296,4294439296,6656921312,ffffeb60,4263287296,0,1111,0000,00,"",0,00000000,"",0,1,"",0,0,000000000000000000,"","",0,0,f,0000000000000000,5555aaaa,0,00000000,0,0,1,1,0,1,0,0,0,0,1,1,1,0,0,1,1,0,0,1,0,0,1,0,1,1,0,0,0,0,1,0,0,0,0,0,0,0,0,0,0,0,0,0,0,0,0,0,0,0,0,0,0,0,0,0,0,0
314,314,0,12896962770,11,00000000,0,8,2000000,4000,1,20000,2000000,"S_SAMPLE",10,2000000,2000000,21845,43690,"",00000000000000000000000000000000,"","",0,0,00,00,"S_WAIT_UTC",00,00,00,00,00,12896962770,"2",2394167296,4294439296,6656921312,ffffeb60,4263287296,0,1111,0000,00,"",0,00000000,"",0,1,"",0,0,000000000000000000,"","",0,0,f,0000000000000000,5555aaaa,0,00000000,0,0,1,1,0,1,0,0,0,0,1,1,1,0,0,1,1,0,0,1,0,0,1,0,1,1,0,0,0,0,1,0,0,0,0,0,0,0,0,0,0,0,0,0,0,0,0,0,0,0,0,0,0,0,0,0,0,0
315,315,0,12896962771,11,00000000,0,8,2000000,4000,1,20000,2000000,"S_SAMPLE",10,2000000,2000000,21845,43690,"",00000000000000000000000000000000,"","",0,0,00,00,"S_WAIT_UTC",00,00,00,00,00,12896962771,"2",2394167296,4294439296,6656921312,ffffeb60,4263287296,0,1111,0000,00,"",0,00000000,"",0,1,"",0,0,000000000000000000,"","",0,0,f,0000000000000000,5555aaaa,0,00000000,0,0,1,1,0,1,0,0,0,0,1,1,1,0,0,1,1,0,0,1,0,0,1,0,1,1,0,0,0,0,1,0,0,0,0,0,0,0,0,0,0,0,0,0,0,0,0,0,0,0,0,0,0,0,0,0,0,0
316,316,0,12896962772,11,00000000,0,8,2000000,4000,1,20000,2000000,"S_SAMPLE",10,2000000,2000000,21845,43690,"",00000000000000000000000000000000,"","",0,0,00,00,"S_WAIT_UTC",00,00,00,00,00,12896962772,"2",2394167296,4294439296,6656921312,ffffeb60,4263287296,0,1111,0000,00,"",0,00000000,"",0,1,"",0,0,000000000000000000,"","",0,0,f,0000000000000000,5555aaaa,0,00000000,0,0,1,1,0,1,0,0,0,0,1,1,1,0,0,1,1,0,0,1,0,0,1,0,1,1,0,0,0,0,1,0,0,0,0,0,0,0,0,0,0,0,0,0,0,0,0,0,0,0,0,0,0,0,0,0,0,0
317,317,0,12896962773,11,00000000,0,8,2000000,4000,1,20000,2000000,"S_SAMPLE",10,2000000,2000000,21845,43690,"",00000000000000000000000000000000,"","",0,0,00,00,"S_WAIT_UTC",00,00,00,00,00,12896962773,"2",2394167296,4294439296,6656921312,ffffeb60,4263287296,0,1111,0000,00,"",0,00000000,"",0,1,"",0,0,000000000000000000,"","",0,0,f,0000000000000000,5555aaaa,0,00000000,0,0,1,1,0,1,0,0,0,0,1,1,1,0,0,1,1,0,0,1,0,0,1,0,1,1,0,0,0,0,1,0,0,0,0,0,0,0,0,0,0,0,0,0,0,0,0,0,0,0,0,0,0,0,0,0,0,0
318,318,0,12896962774,11,00000000,0,8,2000000,4000,1,20000,2000000,"S_SAMPLE",10,2000000,2000000,21845,43690,"",00000000000000000000000000000000,"","",0,0,00,00,"S_WAIT_UTC",00,00,00,00,00,12896962774,"2",2394167296,4294439296,6656921312,ffffeb60,4263287296,0,1111,0000,00,"",0,00000000,"",0,1,"",0,0,000000000000000000,"","",0,0,f,0000000000000000,5555aaaa,0,00000000,0,0,1,1,0,1,0,0,0,0,1,1,1,0,0,1,1,0,0,1,0,0,1,0,1,1,0,0,0,0,1,0,0,0,0,0,0,0,0,0,0,0,0,0,0,0,0,0,0,0,0,0,0,0,0,0,0,0
319,319,0,12896962775,11,00000000,0,8,2000000,4000,1,20000,2000000,"S_SAMPLE",10,2000000,2000000,21845,43690,"",00000000000000000000000000000000,"","",0,0,00,00,"S_WAIT_UTC",00,00,00,00,00,12896962775,"2",2394167296,4294439296,6656921312,ffffeb60,4263287296,0,1111,0000,00,"",0,00000000,"",0,1,"",0,0,000000000000000000,"","",0,0,f,0000000000000000,5555aaaa,0,00000000,0,0,1,1,0,1,0,0,0,0,1,1,1,0,0,1,1,0,0,1,0,0,1,0,1,1,0,0,0,0,1,0,0,0,0,0,0,0,0,0,0,0,0,0,0,0,0,0,0,0,0,0,0,0,0,0,0,0
320,320,0,12896962776,11,00000000,0,8,2000000,4000,1,20000,2000000,"S_SAMPLE",10,2000000,2000000,21845,43690,"",00000000000000000000000000000000,"","",0,0,00,00,"S_WAIT_UTC",00,00,00,00,00,12896962776,"2",2394167296,4294439296,6656921312,ffffeb60,4263287296,0,1111,0000,00,"",0,00000000,"",0,1,"",0,0,000000000000000000,"","",0,0,f,0000000000000000,5555aaaa,0,00000000,0,0,1,1,0,1,0,0,0,0,1,1,1,0,0,1,1,0,0,1,0,0,1,0,1,1,0,0,0,0,1,0,0,0,0,0,0,0,0,0,0,0,0,0,0,0,0,0,0,0,0,0,0,0,0,0,0,0
321,321,0,12896962777,11,00000000,0,8,2000000,4000,1,20000,2000000,"S_SAMPLE",10,2000000,2000000,21845,43690,"",00000000000000000000000000000000,"","",0,0,00,00,"S_WAIT_UTC",00,00,00,00,00,12896962777,"2",2394167296,4294439296,6656921312,ffffeb60,4263287296,0,1111,0000,00,"",0,00000000,"",0,1,"",0,0,000000000000000000,"","",0,0,f,0000000000000000,5555aaaa,0,00000000,0,0,1,1,0,1,0,0,0,0,1,1,1,0,0,1,1,0,0,1,0,0,1,0,1,1,0,0,0,0,1,0,0,0,0,0,0,0,0,0,0,0,0,0,0,0,0,0,0,0,0,0,0,0,0,0,0,0
322,322,0,12896962778,11,00000000,0,8,2000000,4000,1,20000,2000000,"S_SAMPLE",10,2000000,2000000,21845,43690,"",00000000000000000000000000000000,"","",0,0,00,00,"S_WAIT_UTC",00,00,00,00,00,12896962778,"2",2394167296,4294439296,6656921312,ffffeb60,4263287296,0,1111,0000,00,"",0,00000000,"",0,1,"",0,0,000000000000000000,"","",0,0,f,0000000000000000,5555aaaa,0,00000000,0,0,1,1,0,1,0,0,0,0,1,1,1,0,0,1,1,0,0,1,0,0,1,0,1,1,0,0,0,0,1,0,0,0,0,0,0,0,0,0,0,0,0,0,0,0,0,0,0,0,0,0,0,0,0,0,0,0
323,323,0,12896962779,12,00000000,0,8,2000000,4000,1,20000,2000000,"S_SAMPLE",11,2000000,2000000,21845,43690,"",00000000000000000000000000000000,"","",0,0,00,00,"S_WAIT_UTC",00,00,00,00,00,12896962779,"2",2394167296,4294439296,6656921312,ffffeb60,4263287296,0,1111,0000,00,"",0,00000000,"",0,1,"",0,0,000000000000000000,"","",0,0,f,0000000000000000,5555aaaa,0,00000000,0,0,1,1,0,1,0,0,0,0,1,1,1,0,0,1,1,0,0,1,0,0,1,0,1,1,0,0,0,0,1,0,0,0,0,0,0,0,0,0,0,0,0,0,0,0,0,0,0,0,0,0,0,0,0,0,0,0
324,324,0,12896962780,12,00000000,0,8,2000000,4000,1,20000,2000000,"S_SAMPLE",11,2000000,2000000,21845,43690,"",00000000000000000000000000000000,"","",0,0,00,00,"S_WAIT_UTC",00,00,00,00,00,12896962780,"2",2394167296,4294439296,6656921312,ffffeb60,4263287296,0,1111,0000,00,"",0,00000000,"",0,1,"",0,0,000000000000000000,"","",0,0,f,0000000000000000,5555aaaa,0,00000000,0,0,1,1,0,1,0,0,0,0,1,1,1,0,0,1,1,0,0,1,0,0,1,0,1,1,0,0,0,0,1,0,0,0,0,0,0,0,0,0,0,0,0,0,0,0,0,0,0,0,0,0,0,0,0,0,0,0
325,325,0,12896962781,12,00000000,0,8,2000000,4000,1,20000,2000000,"S_SAMPLE",11,2000000,2000000,21845,43690,"",00000000000000000000000000000000,"","",0,0,00,00,"S_WAIT_UTC",00,00,00,00,00,12896962781,"2",2394167296,4294439296,6656921312,ffffeb60,4263287296,0,1111,0000,00,"",0,00000000,"",0,1,"",0,0,000000000000000000,"","",0,0,f,0000000000000000,5555aaaa,0,00000000,0,0,1,1,0,1,0,0,0,0,1,1,1,0,0,1,1,0,0,1,0,0,1,0,1,1,0,0,0,0,1,0,0,0,0,0,0,0,0,0,0,0,0,0,0,0,0,0,0,0,0,0,0,0,0,0,0,0
326,326,0,12896962782,12,00000000,0,8,2000000,4000,1,20000,2000000,"S_SAMPLE",11,2000000,2000000,21845,43690,"",00000000000000000000000000000000,"","",0,0,00,00,"S_WAIT_UTC",00,00,00,00,00,12896962782,"2",2394167296,4294439296,6656921312,ffffeb60,4263287296,0,1111,0000,00,"",0,00000000,"",0,1,"",0,0,000000000000000000,"","",0,0,f,0000000000000000,5555aaaa,0,00000000,0,0,1,1,0,1,0,0,0,0,1,1,1,0,0,1,1,0,0,1,0,0,1,0,1,1,0,0,0,0,1,0,0,0,0,0,0,0,0,0,0,0,0,0,0,0,0,0,0,0,0,0,0,0,0,0,0,0
327,327,0,12896962783,12,00000000,0,8,2000000,4000,1,20000,2000000,"S_SAMPLE",11,2000000,2000000,21845,43690,"",00000000000000000000000000000000,"","",0,0,00,00,"S_WAIT_UTC",00,00,00,00,00,12896962783,"2",2394167296,4294439296,6656921312,ffffeb60,4263287296,0,1111,0000,00,"",0,00000000,"",0,1,"",0,0,000000000000000000,"","",0,0,f,0000000000000000,5555aaaa,0,00000000,1,0,1,1,0,1,0,0,0,0,1,0,1,0,0,1,1,0,0,1,0,0,1,0,1,1,0,0,0,0,1,0,0,0,0,0,0,0,0,0,0,0,0,0,0,0,0,0,0,0,0,0,0,0,0,0,0,0
328,328,0,12896962784,12,00000000,0,8,2000000,4000,1,20000,2000000,"S_SAMPLE",11,2000000,2000000,43690,43690,"",00000000000000000000000000000000,"","",0,0,00,00,"S_WAIT_UTC",00,00,00,00,00,12896962784,"2",2394167296,4294439296,6656921312,ffffeb60,4263287296,0,1111,0000,00,"",0,00000000,"",0,1,"",0,0,000000000000000000,"","",0,0,f,0000000000000000,5555aaaa,0,00000000,0,1,1,1,0,1,0,0,0,0,1,1,1,0,0,1,1,0,0,1,1,0,1,0,1,1,0,0,0,0,1,0,0,0,0,0,0,0,0,0,0,0,0,0,0,0,0,0,0,0,0,0,0,0,0,0,0,0
329,329,0,12896962785,12,00000000,0,8,2000000,4000,1,20000,2000000,"S_SAMPLE",11,2000000,2000000,43690,43690,"",00000000000000000000000000000000,"","",0,0,00,00,"S_WAIT_UTC",00,00,00,00,00,12896962785,"2",2394167296,4294439296,6656921312,ffffeb60,4263287296,0,1111,0000,00,"",0,00000000,"",0,1,"",0,0,000000000000000000,"","",0,0,f,0000000000000000,5555aaaa,0,00000000,0,0,1,1,0,1,0,0,0,0,1,1,1,0,0,1,1,0,0,1,0,0,1,0,1,1,0,0,0,0,1,0,0,0,0,0,0,0,0,0,0,0,0,0,0,0,0,0,0,0,0,0,0,0,0,0,0,0
330,330,0,12896962786,12,00000000,0,9,2000000,4000,1,20000,2000000,"S_SAMPLE",11,2000000,2000000,43690,43690,"",00000000000000000000000000000000,"","",0,0,00,00,"S_WAIT_UTC",00,00,00,00,00,12896962786,"2",2394167296,4294439296,6656921312,ffffeb60,4263287296,0,1111,0000,00,"",0,00000000,"",0,1,"",0,0,000000000000000000,"","",0,0,f,0000000000000000,5555aaaa,0,00000000,0,0,1,1,0,1,0,0,0,0,1,1,1,0,0,1,1,0,0,1,0,0,1,0,1,1,0,0,0,0,1,0,0,0,0,0,0,0,0,0,0,0,0,0,0,0,0,0,0,0,0,0,0,0,0,0,0,0
331,331,0,12896962787,12,00000000,0,9,2000000,4000,1,20000,2000000,"S_SAMPLE",11,2000000,2000000,43690,43690,"",00000000000000000000000000000000,"","",0,0,00,00,"S_WAIT_UTC",00,00,00,00,00,12896962787,"2",2394167296,4294439296,6656921312,ffffeb60,4263287296,0,1111,0000,00,"",0,00000000,"",0,1,"",0,0,000000000000000000,"","",0,0,f,0000000000000000,5555aaaa,0,00000000,0,0,1,1,0,1,0,0,0,0,1,1,1,0,0,1,1,0,0,1,0,0,1,0,1,1,0,0,0,0,1,0,0,0,0,0,0,0,0,0,0,0,0,0,0,0,0,0,0,0,0,0,0,0,0,0,0,0
332,332,0,12896962788,12,00000000,0,9,2000000,4000,1,20000,2000000,"S_SAMPLE",11,2000000,2000000,43690,43690,"",00000000000000000000000000000000,"","",0,0,00,00,"S_WAIT_UTC",00,00,00,00,00,12896962788,"2",2394167296,4294439296,6656921312,ffffeb60,4263287296,0,1111,0000,00,"",0,00000000,"",0,1,"",0,0,000000000000000000,"","",0,0,f,0000000000000000,5555aaaa,0,00000000,0,0,1,1,0,1,0,0,0,0,1,1,1,0,0,1,1,0,0,1,0,0,1,0,1,1,0,0,0,0,1,0,0,0,0,0,0,0,0,0,0,0,0,0,0,0,0,0,0,0,0,0,0,0,0,0,0,0
333,333,0,12896962789,12,00000000,0,9,2000000,4000,1,20000,2000000,"S_SAMPLE",11,2000000,2000000,43690,43690,"",00000000000000000000000000000000,"","",0,0,00,00,"S_WAIT_UTC",00,00,00,00,00,12896962789,"2",2394167296,4294439296,6656921312,ffffeb60,4263287296,0,1111,0000,00,"",0,00000000,"",0,1,"",0,0,000000000000000000,"","",0,0,f,0000000000000000,5555aaaa,0,00000000,0,0,1,1,0,1,0,0,0,0,1,1,1,0,0,1,1,0,0,1,0,0,1,0,1,1,0,0,0,0,1,0,0,0,0,0,0,0,0,0,0,0,0,0,0,0,0,0,0,0,0,0,0,0,0,0,0,0
334,334,0,12896962790,12,00000000,0,9,2000000,4000,1,20000,2000000,"S_SAMPLE",11,2000000,2000000,43690,43690,"",00000000000000000000000000000000,"","",0,0,00,00,"S_WAIT_UTC",00,00,00,00,00,12896962790,"2",2394167296,4294439296,6656921312,ffffeb60,4263287296,0,1111,0000,00,"",0,00000000,"",0,1,"",0,0,000000000000000000,"","",0,0,f,0000000000000000,5555aaaa,0,00000000,0,0,1,1,0,1,0,0,0,0,1,1,1,0,0,1,1,0,0,1,0,0,1,0,1,1,0,0,0,0,1,0,0,0,0,0,0,0,0,0,0,0,0,0,0,0,0,0,0,0,0,0,0,0,0,0,0,0
335,335,0,12896962791,12,00000000,0,9,2000000,4000,1,20000,2000000,"S_SAMPLE",11,2000000,2000000,43690,21845,"",00000000000000000000000000000000,"","",0,0,00,00,"S_WAIT_UTC",00,00,00,00,00,12896962791,"2",2394167296,4294439296,6656921312,ffffeb60,4263287296,0,1111,0000,00,"",0,00000000,"",0,1,"",0,0,000000000000000000,"","",0,0,f,0000000000000000,5555aaaa,0,00000000,0,0,1,1,0,1,0,0,0,0,1,1,1,0,0,1,1,0,0,1,0,0,1,0,1,1,0,0,0,0,1,0,0,0,0,0,0,0,0,0,0,0,0,0,0,0,0,0,0,0,0,0,0,0,0,0,0,0
336,336,0,12896962792,12,00000000,0,9,2000000,4000,1,20000,2000000,"S_SAMPLE",11,2000000,2000000,43690,21845,"",00000000000000000000000000000000,"","",0,0,00,00,"S_WAIT_UTC",00,00,00,00,00,12896962792,"2",2394167296,4294439296,6656921312,ffffeb60,4263287296,0,1111,0000,00,"",0,00000000,"",0,1,"",0,0,000000000000000000,"","",0,0,f,0000000000000000,5555aaaa,0,00000000,0,0,1,1,0,1,0,0,0,0,1,1,1,0,0,1,1,0,0,1,0,0,1,0,1,1,0,0,0,0,1,0,0,0,0,0,0,0,0,0,0,0,0,0,0,0,0,0,0,0,0,0,0,0,0,0,0,0
337,337,0,12896962793,12,00000000,0,9,2000000,4000,1,20000,2000000,"S_SAMPLE",11,2000000,2000000,43690,21845,"",00000000000000000000000000000000,"","",0,0,00,00,"S_WAIT_UTC",00,00,00,00,00,12896962793,"2",2394167296,4294439296,6656921312,ffffeb60,4263287296,0,1111,0000,00,"",0,00000000,"",0,1,"",0,0,000000000000000000,"","",0,0,f,0000000000000000,5555aaaa,0,00000000,0,0,1,1,0,1,0,0,0,0,1,1,1,0,0,1,1,0,0,1,0,0,1,0,1,1,0,0,0,0,1,0,0,0,0,0,0,0,0,0,0,0,0,0,0,0,0,0,0,0,0,0,0,0,0,0,0,0
338,338,0,12896962794,12,00000000,0,9,2000000,4000,1,20000,2000000,"S_SAMPLE",11,2000000,2000000,43690,21845,"",00000000000000000000000000000000,"","",0,0,00,00,"S_WAIT_UTC",00,00,00,00,00,12896962794,"2",2394167296,4294439296,6656921312,ffffeb60,4263287296,0,1111,0000,00,"",0,00000000,"",0,1,"",0,0,000000000000000000,"","",0,0,f,0000000000000000,5555aaaa,0,00000000,0,0,1,1,0,1,0,0,0,0,1,1,1,0,0,1,1,0,0,1,0,0,1,0,1,1,0,0,0,0,1,0,0,0,0,0,0,0,0,0,0,0,0,0,0,0,0,0,0,0,0,0,0,0,0,0,0,0
339,339,0,12896962795,12,00000000,0,9,2000000,4000,1,20000,2000000,"S_SAMPLE",11,2000000,2000000,43690,21845,"",00000000000000000000000000000000,"","",0,0,00,00,"S_WAIT_UTC",00,00,00,00,00,12896962795,"2",2394167296,4294439296,6656921312,ffffeb60,4263287296,0,1111,0000,00,"",0,00000000,"",0,1,"",0,0,000000000000000000,"","",0,0,f,0000000000000000,5555aaaa,0,00000000,0,0,1,1,0,1,0,0,0,0,1,1,1,0,0,1,1,0,0,1,0,0,1,0,1,1,0,0,0,0,1,0,0,0,0,0,0,0,0,0,0,0,0,0,0,0,0,0,0,0,0,0,0,0,0,0,0,0
340,340,0,12896962796,12,00000000,0,9,2000000,4000,1,20000,2000000,"S_SAMPLE",11,2000000,2000000,43690,21845,"",00000000000000000000000000000000,"","",0,0,00,00,"S_WAIT_UTC",00,00,00,00,00,12896962796,"2",2394167296,4294439296,6656921312,ffffeb60,4263287296,0,1111,0000,00,"",0,00000000,"",0,1,"",0,0,000000000000000000,"","",0,0,f,0000000000000000,5555aaaa,0,00000000,0,0,1,1,0,1,0,0,0,0,1,1,1,0,0,1,1,0,0,1,0,0,1,0,1,1,0,0,0,0,1,0,0,0,0,0,0,0,0,0,0,0,0,0,0,0,0,0,0,0,0,0,0,0,0,0,0,0
341,341,0,12896962797,12,00000000,0,9,2000000,4000,1,20000,2000000,"S_SAMPLE",11,2000000,2000000,43690,21845,"",00000000000000000000000000000000,"","",0,0,00,00,"S_WAIT_UTC",00,00,00,00,00,12896962797,"2",2394167296,4294439296,6656921312,ffffeb60,4263287296,0,1111,0000,00,"",0,00000000,"",0,1,"",0,0,000000000000000000,"","",0,0,f,0000000000000000,5555aaaa,0,00000000,0,0,1,1,0,1,0,0,0,0,1,1,1,0,0,1,1,0,0,1,0,0,1,0,1,1,0,0,0,0,1,0,0,0,0,0,0,0,0,0,0,0,0,0,0,0,0,0,0,0,0,0,0,0,0,0,0,0
342,342,0,12896962798,12,00000000,0,9,2000000,4000,1,20000,2000000,"S_SAMPLE",11,2000000,2000000,43690,21845,"",00000000000000000000000000000000,"","",0,0,00,00,"S_WAIT_UTC",00,00,00,00,00,12896962798,"2",2394167296,4294439296,6656921312,ffffeb60,4263287296,0,1111,0000,00,"",0,00000000,"",0,1,"",0,0,000000000000000000,"","",0,0,f,0000000000000000,5555aaaa,0,00000000,0,0,1,1,0,1,0,0,0,0,1,1,1,0,0,1,1,0,0,1,0,0,1,0,1,1,0,0,0,0,1,0,0,0,0,0,0,0,0,0,0,0,0,0,0,0,0,0,0,0,0,0,0,0,0,0,0,0
343,343,0,12896962799,12,00000000,0,9,2000000,4000,1,20000,2000000,"S_SAMPLE",11,2000000,2000000,43690,21845,"",00000000000000000000000000000000,"","",0,0,00,00,"S_WAIT_UTC",00,00,00,00,00,12896962799,"2",2394167296,4294439296,6656921312,ffffeb60,4263287296,0,1111,0000,00,"",0,00000000,"",0,1,"",0,0,000000000000000000,"","",0,0,f,0000000000000000,5555aaaa,0,00000000,0,0,1,1,0,1,0,0,0,0,1,1,1,0,0,1,1,0,0,1,0,0,1,0,1,1,0,0,0,0,1,0,0,0,0,0,0,0,0,0,0,0,0,0,0,0,0,0,0,0,0,0,0,0,0,0,0,0
344,344,0,12896962800,12,00000000,0,9,2000000,4000,1,20000,2000000,"S_SAMPLE",11,2000000,2000000,43690,21845,"",00000000000000000000000000000000,"","",0,0,00,00,"S_WAIT_UTC",00,00,00,00,00,12896962800,"2",2394167296,4294439296,6656921312,ffffeb60,4263287296,0,1111,0000,00,"",0,00000000,"",0,1,"",0,0,000000000000000000,"","",0,0,f,0000000000000000,5555aaaa,0,00000000,0,0,1,1,0,1,0,0,0,0,1,1,1,0,0,1,1,0,0,1,0,0,1,0,1,1,0,0,0,0,1,0,0,0,0,0,0,0,0,0,0,0,0,0,0,0,0,0,0,0,0,0,0,0,0,0,0,0
345,345,0,12896962801,12,00000000,0,9,2000000,4000,1,20000,2000000,"S_SAMPLE",11,2000000,2000000,43690,21845,"",00000000000000000000000000000000,"","",0,0,00,00,"S_WAIT_UTC",00,00,00,00,00,12896962801,"2",2394167296,4294439296,6656921312,ffffeb60,4263287296,0,1111,0000,00,"",0,00000000,"",0,1,"",0,0,000000000000000000,"","",0,0,f,0000000000000000,5555aaaa,0,00000000,0,0,1,1,0,1,0,0,0,0,1,1,1,0,0,1,1,0,0,1,0,0,1,0,1,1,0,0,0,0,1,0,0,0,0,0,0,0,0,0,0,0,0,0,0,0,0,0,0,0,0,0,0,0,0,0,0,0
346,346,0,12896962802,12,00000000,0,9,2000000,4000,1,20000,2000000,"S_SAMPLE",11,2000000,2000000,43690,21845,"",00000000000000000000000000000000,"","",0,0,00,00,"S_WAIT_UTC",00,00,00,00,00,12896962802,"2",2394167296,4294439296,6656921312,ffffeb60,4263287296,0,1111,0000,00,"",0,00000000,"",0,1,"",0,0,000000000000000000,"","",0,0,f,0000000000000000,5555aaaa,0,00000000,0,0,1,1,0,1,0,0,0,0,1,1,1,0,0,1,1,0,0,1,0,0,1,0,1,1,0,0,0,0,1,0,0,0,0,0,0,0,0,0,0,0,0,0,0,0,0,0,0,0,0,0,0,0,0,0,0,0
347,347,0,12896962803,12,00000000,0,9,2000000,4000,1,20000,2000000,"S_SAMPLE",11,2000000,2000000,43690,21845,"",00000000000000000000000000000000,"","",0,0,00,00,"S_WAIT_UTC",00,00,00,00,00,12896962803,"2",2394167296,4294439296,6656921312,ffffeb60,4263287296,0,1111,0000,00,"",0,00000000,"",0,1,"",0,0,000000000000000000,"","",0,0,f,0000000000000000,5555aaaa,0,00000000,0,0,1,1,0,1,0,0,0,0,1,1,1,0,0,1,1,0,0,1,0,0,1,0,1,1,0,0,0,0,1,0,0,0,0,0,0,0,0,0,0,0,0,0,0,0,0,0,0,0,0,0,0,0,0,0,0,0
348,348,0,12896962804,13,00000000,0,9,2000000,4000,1,20000,2000000,"S_SAMPLE",12,2000000,2000000,43690,21845,"",00000000000000000000000000000000,"","",0,0,00,00,"S_WAIT_UTC",00,00,00,00,00,12896962804,"2",2394167296,4294439296,6656921312,ffffeb60,4263287296,0,1111,0000,00,"",0,00000000,"",0,1,"",0,0,000000000000000000,"","",0,0,f,0000000000000000,5555aaaa,0,00000000,0,0,1,1,0,1,0,0,0,0,1,1,1,0,0,1,1,0,0,1,0,0,1,0,1,1,0,0,0,0,1,0,0,0,0,0,0,0,0,0,0,0,0,0,0,0,0,0,0,0,0,0,0,0,0,0,0,0
349,349,0,12896962805,13,00000000,0,9,2000000,4000,1,20000,2000000,"S_SAMPLE",12,2000000,2000000,43690,21845,"",00000000000000000000000000000000,"","",0,0,00,00,"S_WAIT_UTC",00,00,00,00,00,12896962805,"2",2394167296,4294439296,6656921312,ffffeb60,4263287296,0,1111,0000,00,"",0,00000000,"",0,1,"",0,0,000000000000000000,"","",0,0,f,0000000000000000,5555aaaa,0,00000000,0,0,1,1,0,1,0,0,0,0,1,1,1,0,0,1,1,0,0,1,0,0,1,0,1,1,0,0,0,0,1,0,0,0,0,0,0,0,0,0,0,0,0,0,0,0,0,0,0,0,0,0,0,0,0,0,0,0
350,350,0,12896962806,13,00000000,0,9,2000000,4000,1,20000,2000000,"S_SAMPLE",12,2000000,2000000,43690,21845,"",00000000000000000000000000000000,"","",0,0,00,00,"S_WAIT_UTC",00,00,00,00,00,12896962806,"2",2394167296,4294439296,6656921312,ffffeb60,4263287296,0,1111,0000,00,"",0,00000000,"",0,1,"",0,0,000000000000000000,"","",0,0,f,0000000000000000,5555aaaa,0,00000000,0,0,1,1,0,1,0,0,0,0,1,1,1,0,0,1,1,0,0,1,0,0,1,0,1,1,0,0,0,0,1,0,0,0,0,0,0,0,0,0,0,0,0,0,0,0,0,0,0,0,0,0,0,0,0,0,0,0
351,351,0,12896962807,13,00000000,0,9,2000000,4000,1,20000,2000000,"S_SAMPLE",12,2000000,2000000,43690,21845,"",00000000000000000000000000000000,"","",0,0,00,00,"S_WAIT_UTC",00,00,00,00,00,12896962807,"2",2394167296,4294439296,6656921312,ffffeb60,4263287296,0,1111,0000,00,"",0,00000000,"",0,1,"",0,0,000000000000000000,"","",0,0,f,0000000000000000,5555aaaa,0,00000000,0,0,1,1,0,1,0,0,0,0,1,1,1,0,0,1,1,0,0,1,0,0,1,0,1,1,0,0,0,0,1,0,0,0,0,0,0,0,0,0,0,0,0,0,0,0,0,0,0,0,0,0,0,0,0,0,0,0
352,352,0,12896962808,13,00000000,0,9,2000000,4000,1,20000,2000000,"S_SAMPLE",12,2000000,2000000,43690,21845,"",00000000000000000000000000000000,"","",0,0,00,00,"S_WAIT_UTC",00,00,00,00,00,12896962808,"2",2394167296,4294439296,6656921312,ffffeb60,4263287296,0,1111,0000,00,"",0,00000000,"",0,1,"",0,0,000000000000000000,"","",0,0,f,0000000000000000,5555aaaa,0,00000000,1,0,1,1,0,1,0,0,0,0,1,0,1,0,0,1,1,0,0,1,0,0,1,0,1,1,0,0,0,0,1,0,0,0,0,0,0,0,0,0,0,0,0,0,0,0,0,0,0,0,0,0,0,0,0,0,0,0
353,353,0,12896962809,13,00000000,0,9,2000000,4000,1,20000,2000000,"S_SAMPLE",12,2000000,2000000,21845,21845,"",00000000000000000000000000000000,"","",0,0,00,00,"S_WAIT_UTC",00,00,00,00,00,12896962809,"2",2394167296,4294439296,6656921312,ffffeb60,4263287296,0,1111,0000,00,"",0,00000000,"",0,1,"",0,0,000000000000000000,"","",0,0,f,0000000000000000,5555aaaa,0,00000000,0,1,1,1,0,1,0,0,0,0,1,1,1,0,0,1,1,0,0,1,1,0,1,0,1,1,0,0,0,0,1,0,0,0,0,0,0,0,0,0,0,0,0,0,0,0,0,0,0,0,0,0,0,0,0,0,0,0
354,354,0,12896962810,13,00000000,0,9,2000000,4000,1,20000,2000000,"S_SAMPLE",12,2000000,2000000,21845,21845,"",00000000000000000000000000000000,"","",0,0,00,00,"S_WAIT_UTC",00,00,00,00,00,12896962810,"2",2394167296,4294439296,6656921312,ffffeb60,4263287296,0,1111,0000,00,"",0,00000000,"",0,1,"",0,0,000000000000000000,"","",0,0,f,0000000000000000,5555aaaa,0,00000000,0,0,1,1,0,1,0,0,0,0,1,1,1,0,0,1,1,0,0,1,0,0,1,0,1,1,0,0,0,0,1,0,0,0,0,0,0,0,0,0,0,0,0,0,0,0,0,0,0,0,0,0,0,0,0,0,0,0
355,355,0,12896962811,13,00000000,0,10,2000000,4000,1,20000,2000000,"S_SAMPLE",12,2000000,2000000,21845,21845,"",00000000000000000000000000000000,"","",0,0,00,00,"S_WAIT_UTC",00,00,00,00,00,12896962811,"2",2394167296,4294439296,6656921312,ffffeb60,4263287296,0,1111,0000,00,"",0,00000000,"",0,1,"",0,0,000000000000000000,"","",0,0,f,0000000000000000,5555aaaa,0,00000000,0,0,1,1,0,1,0,0,0,0,1,1,1,0,0,1,1,0,0,1,0,0,1,0,1,1,0,0,0,0,1,0,0,0,0,0,0,0,0,0,0,0,0,0,0,0,0,0,0,0,0,0,0,0,0,0,0,0
356,356,0,12896962812,13,00000000,0,10,2000000,4000,1,20000,2000000,"S_SAMPLE",12,2000000,2000000,21845,21845,"",00000000000000000000000000000000,"","",0,0,00,00,"S_WAIT_UTC",00,00,00,00,00,12896962812,"2",2394167296,4294439296,6656921312,ffffeb60,4263287296,0,1111,0000,00,"",0,00000000,"",0,1,"",0,0,000000000000000000,"","",0,0,f,0000000000000000,5555aaaa,0,00000000,0,0,1,1,0,1,0,0,0,0,1,1,1,0,0,1,1,0,0,1,0,0,1,0,1,1,0,0,0,0,1,0,0,0,0,0,0,0,0,0,0,0,0,0,0,0,0,0,0,0,0,0,0,0,0,0,0,0
357,357,0,12896962813,13,00000000,0,10,2000000,4000,1,20000,2000000,"S_SAMPLE",12,2000000,2000000,21845,21845,"",00000000000000000000000000000000,"","",0,0,00,00,"S_WAIT_UTC",00,00,00,00,00,12896962813,"2",2394167296,4294439296,6656921312,ffffeb60,4263287296,0,1111,0000,00,"",0,00000000,"",0,1,"",0,0,000000000000000000,"","",0,0,f,0000000000000000,5555aaaa,0,00000000,0,0,1,1,0,1,0,0,0,0,1,1,1,0,0,1,1,0,0,1,0,0,1,0,1,1,0,0,0,0,1,0,0,0,0,0,0,0,0,0,0,0,0,0,0,0,0,0,0,0,0,0,0,0,0,0,0,0
358,358,0,12896962814,13,00000000,0,10,2000000,4000,1,20000,2000000,"S_SAMPLE",12,2000000,2000000,21845,21845,"",00000000000000000000000000000000,"","",0,0,00,00,"S_WAIT_UTC",00,00,00,00,00,12896962814,"2",2394167296,4294439296,6656921312,ffffeb60,4263287296,0,1111,0000,00,"",0,00000000,"",0,1,"",0,0,000000000000000000,"","",0,0,f,0000000000000000,5555aaaa,0,00000000,0,0,1,1,0,1,0,0,0,0,1,1,1,0,0,1,1,0,0,1,0,0,1,0,1,1,0,0,0,0,1,0,0,0,0,0,0,0,0,0,0,0,0,0,0,0,0,0,0,0,0,0,0,0,0,0,0,0
359,359,0,12896962815,13,00000000,0,10,2000000,4000,1,20000,2000000,"S_SAMPLE",12,2000000,2000000,21845,21845,"",00000000000000000000000000000000,"","",0,0,00,00,"S_WAIT_UTC",00,00,00,00,00,12896962815,"2",2394167296,4294439296,6656921312,ffffeb60,4263287296,0,1111,0000,00,"",0,00000000,"",0,1,"",0,0,000000000000000000,"","",0,0,f,0000000000000000,5555aaaa,0,00000000,0,0,1,1,0,1,0,0,0,0,1,1,1,0,0,1,1,0,0,1,0,0,1,0,1,1,0,0,0,0,1,0,0,0,0,0,0,0,0,0,0,0,0,0,0,0,0,0,0,0,0,0,0,0,0,0,0,0
360,360,0,12896962816,13,00000000,0,10,2000000,4000,1,20000,2000000,"S_SAMPLE",12,2000000,2000000,21845,43690,"",00000000000000000000000000000000,"","",0,0,00,00,"S_WAIT_UTC",00,00,00,00,00,12896962816,"2",2394167296,4294439296,6656921312,ffffeb60,4263287296,0,1111,0000,00,"",0,00000000,"",0,1,"",0,0,000000000000000000,"","",0,0,f,0000000000000000,5555aaaa,0,00000000,0,0,1,1,0,1,0,0,0,0,1,1,1,0,0,1,1,0,0,1,0,0,1,0,1,1,0,0,0,0,1,0,0,0,0,0,0,0,0,0,0,0,0,0,0,0,0,0,0,0,0,0,0,0,0,0,0,0
361,361,0,12896962817,13,00000000,0,10,2000000,4000,1,20000,2000000,"S_SAMPLE",12,2000000,2000000,21845,43690,"",00000000000000000000000000000000,"","",0,0,00,00,"S_WAIT_UTC",00,00,00,00,00,12896962817,"2",2394167296,4294439296,6656921312,ffffeb60,4263287296,0,1111,0000,00,"",0,00000000,"",0,1,"",0,0,000000000000000000,"","",0,0,f,0000000000000000,5555aaaa,0,00000000,0,0,1,1,0,1,0,0,0,0,1,1,1,0,0,1,1,0,0,1,0,0,1,0,1,1,0,0,0,0,1,0,0,0,0,0,0,0,0,0,0,0,0,0,0,0,0,0,0,0,0,0,0,0,0,0,0,0
362,362,0,12896962818,13,00000000,0,10,2000000,4000,1,20000,2000000,"S_SAMPLE",12,2000000,2000000,21845,43690,"",00000000000000000000000000000000,"","",0,0,00,00,"S_WAIT_UTC",00,00,00,00,00,12896962818,"2",2394167296,4294439296,6656921312,ffffeb60,4263287296,0,1111,0000,00,"",0,00000000,"",0,1,"",0,0,000000000000000000,"","",0,0,f,0000000000000000,5555aaaa,0,00000000,0,0,1,1,0,1,0,0,0,0,1,1,1,0,0,1,1,0,0,1,0,0,1,0,1,1,0,0,0,0,1,0,0,0,0,0,0,0,0,0,0,0,0,0,0,0,0,0,0,0,0,0,0,0,0,0,0,0
363,363,0,12896962819,13,00000000,0,10,2000000,4000,1,20000,2000000,"S_SAMPLE",12,2000000,2000000,21845,43690,"",00000000000000000000000000000000,"","",0,0,00,00,"S_WAIT_UTC",00,00,00,00,00,12896962819,"2",2394167296,4294439296,6656921312,ffffeb60,4263287296,0,1111,0000,00,"",0,00000000,"",0,1,"",0,0,000000000000000000,"","",0,0,f,0000000000000000,5555aaaa,0,00000000,0,0,1,1,0,1,0,0,0,0,1,1,1,0,0,1,1,0,0,1,0,0,1,0,1,1,0,0,0,0,1,0,0,0,0,0,0,0,0,0,0,0,0,0,0,0,0,0,0,0,0,0,0,0,0,0,0,0
364,364,0,12896962820,13,00000000,0,10,2000000,4000,1,20000,2000000,"S_SAMPLE",12,2000000,2000000,21845,43690,"",00000000000000000000000000000000,"","",0,0,00,00,"S_WAIT_UTC",00,00,00,00,00,12896962820,"2",2394167296,4294439296,6656921312,ffffeb60,4263287296,0,1111,0000,00,"",0,00000000,"",0,1,"",0,0,000000000000000000,"","",0,0,f,0000000000000000,5555aaaa,0,00000000,0,0,1,1,0,1,0,0,0,0,1,1,1,0,0,1,1,0,0,1,0,0,1,0,1,1,0,0,0,0,1,0,0,0,0,0,0,0,0,0,0,0,0,0,0,0,0,0,0,0,0,0,0,0,0,0,0,0
365,365,0,12896962821,13,00000000,0,10,2000000,4000,1,20000,2000000,"S_SAMPLE",12,2000000,2000000,21845,43690,"",00000000000000000000000000000000,"","",0,0,00,00,"S_WAIT_UTC",00,00,00,00,00,12896962821,"2",2394167296,4294439296,6656921312,ffffeb60,4263287296,0,1111,0000,00,"",0,00000000,"",0,1,"",0,0,000000000000000000,"","",0,0,f,0000000000000000,5555aaaa,0,00000000,0,0,1,1,0,1,0,0,0,0,1,1,1,0,0,1,1,0,0,1,0,0,1,0,1,1,0,0,0,0,1,0,0,0,0,0,0,0,0,0,0,0,0,0,0,0,0,0,0,0,0,0,0,0,0,0,0,0
366,366,0,12896962822,13,00000000,0,10,2000000,4000,1,20000,2000000,"S_SAMPLE",12,2000000,2000000,21845,43690,"",00000000000000000000000000000000,"","",0,0,00,00,"S_WAIT_UTC",00,00,00,00,00,12896962822,"2",2394167296,4294439296,6656921312,ffffeb60,4263287296,0,1111,0000,00,"",0,00000000,"",0,1,"",0,0,000000000000000000,"","",0,0,f,0000000000000000,5555aaaa,0,00000000,0,0,1,1,0,1,0,0,0,0,1,1,1,0,0,1,1,0,0,1,0,0,1,0,1,1,0,0,0,0,1,0,0,0,0,0,0,0,0,0,0,0,0,0,0,0,0,0,0,0,0,0,0,0,0,0,0,0
367,367,0,12896962823,13,00000000,0,10,2000000,4000,1,20000,2000000,"S_SAMPLE",12,2000000,2000000,21845,43690,"",00000000000000000000000000000000,"","",0,0,00,00,"S_WAIT_UTC",00,00,00,00,00,12896962823,"2",2394167296,4294439296,6656921312,ffffeb60,4263287296,0,1111,0000,00,"",0,00000000,"",0,1,"",0,0,000000000000000000,"","",0,0,f,0000000000000000,5555aaaa,0,00000000,0,0,1,1,0,1,0,0,0,0,1,1,1,0,0,1,1,0,0,1,0,0,1,0,1,1,0,0,0,0,1,0,0,0,0,0,0,0,0,0,0,0,0,0,0,0,0,0,0,0,0,0,0,0,0,0,0,0
368,368,0,12896962824,13,00000000,0,10,2000000,4000,1,20000,2000000,"S_SAMPLE",12,2000000,2000000,21845,43690,"",00000000000000000000000000000000,"","",0,0,00,00,"S_WAIT_UTC",00,00,00,00,00,12896962824,"2",2394167296,4294439296,6656921312,ffffeb60,4263287296,0,1111,0000,00,"",0,00000000,"",0,1,"",0,0,000000000000000000,"","",0,0,f,0000000000000000,5555aaaa,0,00000000,0,0,1,1,0,1,0,0,0,0,1,1,1,0,0,1,1,0,0,1,0,0,1,0,1,1,0,0,0,0,1,0,0,0,0,0,0,0,0,0,0,0,0,0,0,0,0,0,0,0,0,0,0,0,0,0,0,0
369,369,0,12896962825,13,00000000,0,10,2000000,4000,1,20000,2000000,"S_SAMPLE",12,2000000,2000000,21845,43690,"",00000000000000000000000000000000,"","",0,0,00,00,"S_WAIT_UTC",00,00,00,00,00,12896962825,"2",2394167296,4294439296,6656921312,ffffeb60,4263287296,0,1111,0000,00,"",0,00000000,"",0,1,"",0,0,000000000000000000,"","",0,0,f,0000000000000000,5555aaaa,0,00000000,0,0,1,1,0,1,0,0,0,0,1,1,1,0,0,1,1,0,0,1,0,0,1,0,1,1,0,0,0,0,1,0,0,0,0,0,0,0,0,0,0,0,0,0,0,0,0,0,0,0,0,0,0,0,0,0,0,0
370,370,0,12896962826,13,00000000,0,10,2000000,4000,1,20000,2000000,"S_SAMPLE",12,2000000,2000000,21845,43690,"",00000000000000000000000000000000,"","",0,0,00,00,"S_WAIT_UTC",00,00,00,00,00,12896962826,"2",2394167296,4294439296,6656921312,ffffeb60,4263287296,0,1111,0000,00,"",0,00000000,"",0,1,"",0,0,000000000000000000,"","",0,0,f,0000000000000000,5555aaaa,0,00000000,0,0,1,1,0,1,0,0,0,0,1,1,1,0,0,1,1,0,0,1,0,0,1,0,1,1,0,0,0,0,1,0,0,0,0,0,0,0,0,0,0,0,0,0,0,0,0,0,0,0,0,0,0,0,0,0,0,0
371,371,0,12896962827,13,00000000,0,10,2000000,4000,1,20000,2000000,"S_SAMPLE",12,2000000,2000000,21845,43690,"",00000000000000000000000000000000,"","",0,0,00,00,"S_WAIT_UTC",00,00,00,00,00,12896962827,"2",2394167296,4294439296,6656921312,ffffeb60,4263287296,0,1111,0000,00,"",0,00000000,"",0,1,"",0,0,000000000000000000,"","",0,0,f,0000000000000000,5555aaaa,0,00000000,0,0,1,1,0,1,0,0,0,0,1,1,1,0,0,1,1,0,0,1,0,0,1,0,1,1,0,0,0,0,1,0,0,0,0,0,0,0,0,0,0,0,0,0,0,0,0,0,0,0,0,0,0,0,0,0,0,0
372,372,0,12896962828,13,00000000,0,10,2000000,4000,1,20000,2000000,"S_SAMPLE",12,2000000,2000000,21845,43690,"",00000000000000000000000000000000,"","",0,0,00,00,"S_WAIT_UTC",00,00,00,00,00,12896962828,"2",2394167296,4294439296,6656921312,ffffeb60,4263287296,0,1111,0000,00,"",0,00000000,"",0,1,"",0,0,000000000000000000,"","",0,0,f,0000000000000000,5555aaaa,0,00000000,0,0,1,1,0,1,0,0,0,0,1,1,1,0,0,1,1,0,0,1,0,0,1,0,1,1,0,0,0,0,1,0,0,0,0,0,0,0,0,0,0,0,0,0,0,0,0,0,0,0,0,0,0,0,0,0,0,0
373,373,0,12896962829,14,00000000,0,10,2000000,4000,1,20000,2000000,"S_SAMPLE",13,2000000,2000000,21845,43690,"",00000000000000000000000000000000,"","",0,0,00,00,"S_WAIT_UTC",00,00,00,00,00,12896962829,"2",2394167296,4294439296,6656921312,ffffeb60,4263287296,0,1111,0000,00,"",0,00000000,"",0,1,"",0,0,000000000000000000,"","",0,0,f,0000000000000000,5555aaaa,0,00000000,0,0,1,1,0,1,0,0,0,0,1,1,1,0,0,1,1,0,0,1,0,0,1,0,1,1,0,0,0,0,1,0,0,0,0,0,0,0,0,0,0,0,0,0,0,0,0,0,0,0,0,0,0,0,0,0,0,0
374,374,0,12896962830,14,00000000,0,10,2000000,4000,1,20000,2000000,"S_SAMPLE",13,2000000,2000000,21845,43690,"",00000000000000000000000000000000,"","",0,0,00,00,"S_WAIT_UTC",00,00,00,00,00,12896962830,"2",2394167296,4294439296,6656921312,ffffeb60,4263287296,0,1111,0000,00,"",0,00000000,"",0,1,"",0,0,000000000000000000,"","",0,0,f,0000000000000000,5555aaaa,0,00000000,0,0,1,1,0,1,0,0,0,0,1,1,1,0,0,1,1,0,0,1,0,0,1,0,1,1,0,0,0,0,1,0,0,0,0,0,0,0,0,0,0,0,0,0,0,0,0,0,0,0,0,0,0,0,0,0,0,0
375,375,0,12896962831,14,00000000,0,10,2000000,4000,1,20000,2000000,"S_SAMPLE",13,2000000,2000000,21845,43690,"",00000000000000000000000000000000,"","",0,0,00,00,"S_WAIT_UTC",00,00,00,00,00,12896962831,"2",2394167296,4294439296,6656921312,ffffeb60,4263287296,0,1111,0000,00,"",0,00000000,"",0,1,"",0,0,000000000000000000,"","",0,0,f,0000000000000000,5555aaaa,0,00000000,0,0,1,1,0,1,0,0,0,0,1,1,1,0,0,1,1,0,0,1,0,0,1,0,1,1,0,0,0,0,1,0,0,0,0,0,0,0,0,0,0,0,0,0,0,0,0,0,0,0,0,0,0,0,0,0,0,0
376,376,0,12896962832,14,00000000,0,10,2000000,4000,1,20000,2000000,"S_SAMPLE",13,2000000,2000000,21845,43690,"",00000000000000000000000000000000,"","",0,0,00,00,"S_WAIT_UTC",00,00,00,00,00,12896962832,"2",2394167296,4294439296,6656921312,ffffeb60,4263287296,0,1111,0000,00,"",0,00000000,"",0,1,"",0,0,000000000000000000,"","",0,0,f,0000000000000000,5555aaaa,0,00000000,0,0,1,1,0,1,0,0,0,0,1,1,1,0,0,1,1,0,0,1,0,0,1,0,1,1,0,0,0,0,1,0,0,0,0,0,0,0,0,0,0,0,0,0,0,0,0,0,0,0,0,0,0,0,0,0,0,0
377,377,0,12896962833,14,00000000,0,10,2000000,4000,1,20000,2000000,"S_SAMPLE",13,2000000,2000000,21845,43690,"",00000000000000000000000000000000,"","",0,0,00,00,"S_WAIT_UTC",00,00,00,00,00,12896962833,"2",2394167296,4294439296,6656921312,ffffeb60,4263287296,0,1111,0000,00,"",0,00000000,"",0,1,"",0,0,000000000000000000,"","",0,0,f,0000000000000000,5555aaaa,0,00000000,1,0,1,1,0,1,0,0,0,0,1,0,1,0,0,1,1,0,0,1,0,0,1,0,1,1,0,0,0,0,1,0,0,0,0,0,0,0,0,0,0,0,0,0,0,0,0,0,0,0,0,0,0,0,0,0,0,0
378,378,0,12896962834,14,00000000,0,10,2000000,4000,1,20000,2000000,"S_SAMPLE",13,2000000,2000000,43690,43690,"",00000000000000000000000000000000,"","",0,0,00,00,"S_WAIT_UTC",00,00,00,00,00,12896962834,"2",2394167296,4294439296,6656921312,ffffeb60,4263287296,0,1111,0000,00,"",0,00000000,"",0,1,"",0,0,000000000000000000,"","",0,0,f,0000000000000000,5555aaaa,0,00000000,0,1,1,1,0,1,0,0,0,0,1,1,1,0,0,1,1,0,0,1,1,0,1,0,1,1,0,0,0,0,1,0,0,0,0,0,0,0,0,0,0,0,0,0,0,0,0,0,0,0,0,0,0,0,0,0,0,0
379,379,0,12896962835,14,00000000,0,10,2000000,4000,1,20000,2000000,"S_SAMPLE",13,2000000,2000000,43690,43690,"",00000000000000000000000000000000,"","",0,0,00,00,"S_WAIT_UTC",00,00,00,00,00,12896962835,"2",2394167296,4294439296,6656921312,ffffeb60,4263287296,0,1111,0000,00,"",0,00000000,"",0,1,"",0,0,000000000000000000,"","",0,0,f,0000000000000000,5555aaaa,0,00000000,0,0,1,1,0,1,0,0,0,0,1,1,1,0,0,1,1,0,0,1,0,0,1,0,1,1,0,0,0,0,1,0,0,0,0,0,0,0,0,0,0,0,0,0,0,0,0,0,0,0,0,0,0,0,0,0,0,0
380,380,0,12896962836,14,00000000,0,11,2000000,4000,1,20000,2000000,"S_SAMPLE",13,2000000,2000000,43690,43690,"",00000000000000000000000000000000,"","",0,0,00,00,"S_WAIT_UTC",00,00,00,00,00,12896962836,"2",2394167296,4294439296,6656921312,ffffeb60,4263287296,0,1111,0000,00,"",0,00000000,"",0,1,"",0,0,000000000000000000,"","",0,0,f,0000000000000000,5555aaaa,0,00000000,0,0,1,1,0,1,0,0,0,0,1,1,1,0,0,1,1,0,0,1,0,0,1,0,1,1,0,0,0,0,1,0,0,0,0,0,0,0,0,0,0,0,0,0,0,0,0,0,0,0,0,0,0,0,0,0,0,0
381,381,0,12896962837,14,00000000,0,11,2000000,4000,1,20000,2000000,"S_SAMPLE",13,2000000,2000000,43690,43690,"",00000000000000000000000000000000,"","",0,0,00,00,"S_WAIT_UTC",00,00,00,00,00,12896962837,"2",2394167296,4294439296,6656921312,ffffeb60,4263287296,0,1111,0000,00,"",0,00000000,"",0,1,"",0,0,000000000000000000,"","",0,0,f,0000000000000000,5555aaaa,0,00000000,0,0,1,1,0,1,0,0,0,0,1,1,1,0,0,1,1,0,0,1,0,0,1,0,1,1,0,0,0,0,1,0,0,0,0,0,0,0,0,0,0,0,0,0,0,0,0,0,0,0,0,0,0,0,0,0,0,0
382,382,0,12896962838,14,00000000,0,11,2000000,4000,1,20000,2000000,"S_SAMPLE",13,2000000,2000000,43690,43690,"",00000000000000000000000000000000,"","",0,0,00,00,"S_WAIT_UTC",00,00,00,00,00,12896962838,"2",2394167296,4294439296,6656921312,ffffeb60,4263287296,0,1111,0000,00,"",0,00000000,"",0,1,"",0,0,000000000000000000,"","",0,0,f,0000000000000000,5555aaaa,0,00000000,0,0,1,1,0,1,0,0,0,0,1,1,1,0,0,1,1,0,0,1,0,0,1,0,1,1,0,0,0,0,1,0,0,0,0,0,0,0,0,0,0,0,0,0,0,0,0,0,0,0,0,0,0,0,0,0,0,0
383,383,0,12896962839,14,00000000,0,11,2000000,4000,1,20000,2000000,"S_SAMPLE",13,2000000,2000000,43690,43690,"",00000000000000000000000000000000,"","",0,0,00,00,"S_WAIT_UTC",00,00,00,00,00,12896962839,"2",2394167296,4294439296,6656921312,ffffeb60,4263287296,0,1111,0000,00,"",0,00000000,"",0,1,"",0,0,000000000000000000,"","",0,0,f,0000000000000000,5555aaaa,0,00000000,0,0,1,1,0,1,0,0,0,0,1,1,1,0,0,1,1,0,0,1,0,0,1,0,1,1,0,0,0,0,1,0,0,0,0,0,0,0,0,0,0,0,0,0,0,0,0,0,0,0,0,0,0,0,0,0,0,0
384,384,0,12896962840,14,00000000,0,11,2000000,4000,1,20000,2000000,"S_SAMPLE",13,2000000,2000000,43690,43690,"",00000000000000000000000000000000,"","",0,0,00,00,"S_WAIT_UTC",00,00,00,00,00,12896962840,"2",2394167296,4294439296,6656921312,ffffeb60,4263287296,0,1111,0000,00,"",0,00000000,"",0,1,"",0,0,000000000000000000,"","",0,0,f,0000000000000000,5555aaaa,0,00000000,0,0,1,1,0,1,0,0,0,0,1,1,1,0,0,1,1,0,0,1,0,0,1,0,1,1,0,0,0,0,1,0,0,0,0,0,0,0,0,0,0,0,0,0,0,0,0,0,0,0,0,0,0,0,0,0,0,0
385,385,0,12896962841,14,00000000,0,11,2000000,4000,1,20000,2000000,"S_SAMPLE",13,2000000,2000000,43690,21845,"",00000000000000000000000000000000,"","",0,0,00,00,"S_WAIT_UTC",00,00,00,00,00,12896962841,"2",2394167296,4294439296,6656921312,ffffeb60,4263287296,0,1111,0000,00,"",0,00000000,"",0,1,"",0,0,000000000000000000,"","",0,0,f,0000000000000000,5555aaaa,0,00000000,0,0,1,1,0,1,0,0,0,0,1,1,1,0,0,1,1,0,0,1,0,0,1,0,1,1,0,0,0,0,1,0,0,0,0,0,0,0,0,0,0,0,0,0,0,0,0,0,0,0,0,0,0,0,0,0,0,0
386,386,0,12896962842,14,00000000,0,11,2000000,4000,1,20000,2000000,"S_SAMPLE",13,2000000,2000000,43690,21845,"",00000000000000000000000000000000,"","",0,0,00,00,"S_WAIT_UTC",00,00,00,00,00,12896962842,"2",2394167296,4294439296,6656921312,ffffeb60,4263287296,0,1111,0000,00,"",0,00000000,"",0,1,"",0,0,000000000000000000,"","",0,0,f,0000000000000000,5555aaaa,0,00000000,0,0,1,1,0,1,0,0,0,0,1,1,1,0,0,1,1,0,0,1,0,0,1,0,1,1,0,0,0,0,1,0,0,0,0,0,0,0,0,0,0,0,0,0,0,0,0,0,0,0,0,0,0,0,0,0,0,0
387,387,0,12896962843,14,00000000,0,11,2000000,4000,1,20000,2000000,"S_SAMPLE",13,2000000,2000000,43690,21845,"",00000000000000000000000000000000,"","",0,0,00,00,"S_WAIT_UTC",00,00,00,00,00,12896962843,"2",2394167296,4294439296,6656921312,ffffeb60,4263287296,0,1111,0000,00,"",0,00000000,"",0,1,"",0,0,000000000000000000,"","",0,0,f,0000000000000000,5555aaaa,0,00000000,0,0,1,1,0,1,0,0,0,0,1,1,1,0,0,1,1,0,0,1,0,0,1,0,1,1,0,0,0,0,1,0,0,0,0,0,0,0,0,0,0,0,0,0,0,0,0,0,0,0,0,0,0,0,0,0,0,0
388,388,0,12896962844,14,00000000,0,11,2000000,4000,1,20000,2000000,"S_SAMPLE",13,2000000,2000000,43690,21845,"",00000000000000000000000000000000,"","",0,0,00,00,"S_WAIT_UTC",00,00,00,00,00,12896962844,"2",2394167296,4294439296,6656921312,ffffeb60,4263287296,0,1111,0000,00,"",0,00000000,"",0,1,"",0,0,000000000000000000,"","",0,0,f,0000000000000000,5555aaaa,0,00000000,0,0,1,1,0,1,0,0,0,0,1,1,1,0,0,1,1,0,0,1,0,0,1,0,1,1,0,0,0,0,1,0,0,0,0,0,0,0,0,0,0,0,0,0,0,0,0,0,0,0,0,0,0,0,0,0,0,0
389,389,0,12896962845,14,00000000,0,11,2000000,4000,1,20000,2000000,"S_SAMPLE",13,2000000,2000000,43690,21845,"",00000000000000000000000000000000,"","",0,0,00,00,"S_WAIT_UTC",00,00,00,00,00,12896962845,"2",2394167296,4294439296,6656921312,ffffeb60,4263287296,0,1111,0000,00,"",0,00000000,"",0,1,"",0,0,000000000000000000,"","",0,0,f,0000000000000000,5555aaaa,0,00000000,0,0,1,1,0,1,0,0,0,0,1,1,1,0,0,1,1,0,0,1,0,0,1,0,1,1,0,0,0,0,1,0,0,0,0,0,0,0,0,0,0,0,0,0,0,0,0,0,0,0,0,0,0,0,0,0,0,0
390,390,0,12896962846,14,00000000,0,11,2000000,4000,1,20000,2000000,"S_SAMPLE",13,2000000,2000000,43690,21845,"",00000000000000000000000000000000,"","",0,0,00,00,"S_WAIT_UTC",00,00,00,00,00,12896962846,"2",2394167296,4294439296,6656921312,ffffeb60,4263287296,0,1111,0000,00,"",0,00000000,"",0,1,"",0,0,000000000000000000,"","",0,0,f,0000000000000000,5555aaaa,0,00000000,0,0,1,1,0,1,0,0,0,0,1,1,1,0,0,1,1,0,0,1,0,0,1,0,1,1,0,0,0,0,1,0,0,0,0,0,0,0,0,0,0,0,0,0,0,0,0,0,0,0,0,0,0,0,0,0,0,0
391,391,0,12896962847,14,00000000,0,11,2000000,4000,1,20000,2000000,"S_SAMPLE",13,2000000,2000000,43690,21845,"",00000000000000000000000000000000,"","",0,0,00,00,"S_WAIT_UTC",00,00,00,00,00,12896962847,"2",2394167296,4294439296,6656921312,ffffeb60,4263287296,0,1111,0000,00,"",0,00000000,"",0,1,"",0,0,000000000000000000,"","",0,0,f,0000000000000000,5555aaaa,0,00000000,0,0,1,1,0,1,0,0,0,0,1,1,1,0,0,1,1,0,0,1,0,0,1,0,1,1,0,0,0,0,1,0,0,0,0,0,0,0,0,0,0,0,0,0,0,0,0,0,0,0,0,0,0,0,0,0,0,0
392,392,0,12896962848,14,00000000,0,11,2000000,4000,1,20000,2000000,"S_SAMPLE",13,2000000,2000000,43690,21845,"",00000000000000000000000000000000,"","",0,0,00,00,"S_WAIT_UTC",00,00,00,00,00,12896962848,"2",2394167296,4294439296,6656921312,ffffeb60,4263287296,0,1111,0000,00,"",0,00000000,"",0,1,"",0,0,000000000000000000,"","",0,0,f,0000000000000000,5555aaaa,0,00000000,0,0,1,1,0,1,0,0,0,0,1,1,1,0,0,1,1,0,0,1,0,0,1,0,1,1,0,0,0,0,1,0,0,0,0,0,0,0,0,0,0,0,0,0,0,0,0,0,0,0,0,0,0,0,0,0,0,0
393,393,0,12896962849,14,00000000,0,11,2000000,4000,1,20000,2000000,"S_SAMPLE",13,2000000,2000000,43690,21845,"",00000000000000000000000000000000,"","",0,0,00,00,"S_WAIT_UTC",00,00,00,00,00,12896962849,"2",2394167296,4294439296,6656921312,ffffeb60,4263287296,0,1111,0000,00,"",0,00000000,"",0,1,"",0,0,000000000000000000,"","",0,0,f,0000000000000000,5555aaaa,0,00000000,0,0,1,1,0,1,0,0,0,0,1,1,1,0,0,1,1,0,0,1,0,0,1,0,1,1,0,0,0,0,1,0,0,0,0,0,0,0,0,0,0,0,0,0,0,0,0,0,0,0,0,0,0,0,0,0,0,0
394,394,0,12896962850,14,00000000,0,11,2000000,4000,1,20000,2000000,"S_SAMPLE",13,2000000,2000000,43690,21845,"",00000000000000000000000000000000,"","",0,0,00,00,"S_WAIT_UTC",00,00,00,00,00,12896962850,"2",2394167296,4294439296,6656921312,ffffeb60,4263287296,0,1111,0000,00,"",0,00000000,"",0,1,"",0,0,000000000000000000,"","",0,0,f,0000000000000000,5555aaaa,0,00000000,0,0,1,1,0,1,0,0,0,0,1,1,1,0,0,1,1,0,0,1,0,0,1,0,1,1,0,0,0,0,1,0,0,0,0,0,0,0,0,0,0,0,0,0,0,0,0,0,0,0,0,0,0,0,0,0,0,0
395,395,0,12896962851,14,00000000,0,11,2000000,4000,1,20000,2000000,"S_SAMPLE",13,2000000,2000000,43690,21845,"",00000000000000000000000000000000,"","",0,0,00,00,"S_WAIT_UTC",00,00,00,00,00,12896962851,"2",2394167296,4294439296,6656921312,ffffeb60,4263287296,0,1111,0000,00,"",0,00000000,"",0,1,"",0,0,000000000000000000,"","",0,0,f,0000000000000000,5555aaaa,0,00000000,0,0,1,1,0,1,0,0,0,0,1,1,1,0,0,1,1,0,0,1,0,0,1,0,1,1,0,0,0,0,1,0,0,0,0,0,0,0,0,0,0,0,0,0,0,0,0,0,0,0,0,0,0,0,0,0,0,0
396,396,0,12896962852,14,00000000,0,11,2000000,4000,1,20000,2000000,"S_SAMPLE",13,2000000,2000000,43690,21845,"",00000000000000000000000000000000,"","",0,0,00,00,"S_WAIT_UTC",00,00,00,00,00,12896962852,"2",2394167296,4294439296,6656921312,ffffeb60,4263287296,0,1111,0000,00,"",0,00000000,"",0,1,"",0,0,000000000000000000,"","",0,0,f,0000000000000000,5555aaaa,0,00000000,0,0,1,1,0,1,0,0,0,0,1,1,1,0,0,1,1,0,0,1,0,0,1,0,1,1,0,0,0,0,1,0,0,0,0,0,0,0,0,0,0,0,0,0,0,0,0,0,0,0,0,0,0,0,0,0,0,0
397,397,0,12896962853,14,00000000,0,11,2000000,4000,1,20000,2000000,"S_SAMPLE",13,2000000,2000000,43690,21845,"",00000000000000000000000000000000,"","",0,0,00,00,"S_WAIT_UTC",00,00,00,00,00,12896962853,"2",2394167296,4294439296,6656921312,ffffeb60,4263287296,0,1111,0000,00,"",0,00000000,"",0,1,"",0,0,000000000000000000,"","",0,0,f,0000000000000000,5555aaaa,0,00000000,0,0,1,1,0,1,0,0,0,0,1,1,1,0,0,1,1,0,0,1,0,0,1,0,1,1,0,0,0,0,1,0,0,0,0,0,0,0,0,0,0,0,0,0,0,0,0,0,0,0,0,0,0,0,0,0,0,0
398,398,0,12896962854,15,00000000,0,11,2000000,4000,1,20000,2000000,"S_SAMPLE",14,2000000,2000000,43690,21845,"",00000000000000000000000000000000,"","",0,0,00,00,"S_WAIT_UTC",00,00,00,00,00,12896962854,"2",2394167296,4294439296,6656921312,ffffeb60,4263287296,0,1111,0000,00,"",0,00000000,"",0,1,"",0,0,000000000000000000,"","",0,0,f,0000000000000000,5555aaaa,0,00000000,0,0,1,1,0,1,0,0,0,0,1,1,1,0,0,1,1,0,0,1,0,0,1,0,1,1,0,0,0,0,1,0,0,0,0,0,0,0,0,0,0,0,0,0,0,0,0,0,0,0,0,0,0,0,0,0,0,0
399,399,0,12896962855,15,00000000,0,11,2000000,4000,1,20000,2000000,"S_SAMPLE",14,2000000,2000000,43690,21845,"",00000000000000000000000000000000,"","",0,0,00,00,"S_WAIT_UTC",00,00,00,00,00,12896962855,"2",2394167296,4294439296,6656921312,ffffeb60,4263287296,0,1111,0000,00,"",0,00000000,"",0,1,"",0,0,000000000000000000,"","",0,0,f,0000000000000000,5555aaaa,0,00000000,0,0,1,1,0,1,0,0,0,0,1,1,1,0,0,1,1,0,0,1,0,0,1,0,1,1,0,0,0,0,1,0,0,0,0,0,0,0,0,0,0,0,0,0,0,0,0,0,0,0,0,0,0,0,0,0,0,0
400,400,0,12896962856,15,00000000,0,11,2000000,4000,1,20000,2000000,"S_SAMPLE",14,2000000,2000000,43690,21845,"",00000000000000000000000000000000,"","",0,0,00,00,"S_WAIT_UTC",00,00,00,00,00,12896962856,"2",2394167296,4294439296,6656921312,ffffeb60,4263287296,0,1111,0000,00,"",0,00000000,"",0,1,"",0,0,000000000000000000,"","",0,0,f,0000000000000000,5555aaaa,0,00000000,0,0,1,1,0,1,0,0,0,0,1,1,1,0,0,1,1,0,0,1,0,0,1,0,1,1,0,0,0,0,1,0,0,0,0,0,0,0,0,0,0,0,0,0,0,0,0,0,0,0,0,0,0,0,0,0,0,0
401,401,0,12896962857,15,00000000,0,11,2000000,4000,1,20000,2000000,"S_SAMPLE",14,2000000,2000000,43690,21845,"",00000000000000000000000000000000,"","",0,0,00,00,"S_WAIT_UTC",00,00,00,00,00,12896962857,"2",2394167296,4294439296,6656921312,ffffeb60,4263287296,0,1111,0000,00,"",0,00000000,"",0,1,"",0,0,000000000000000000,"","",0,0,f,0000000000000000,5555aaaa,0,00000000,0,0,1,1,0,1,0,0,0,0,1,1,1,0,0,1,1,0,0,1,0,0,1,0,1,1,0,0,0,0,1,0,0,0,0,0,0,0,0,0,0,0,0,0,0,0,0,0,0,0,0,0,0,0,0,0,0,0
402,402,0,12896962858,15,00000000,0,11,2000000,4000,1,20000,2000000,"S_SAMPLE",14,2000000,2000000,43690,21845,"",00000000000000000000000000000000,"","",0,0,00,00,"S_WAIT_UTC",00,00,00,00,00,12896962858,"2",2394167296,4294439296,6656921312,ffffeb60,4263287296,0,1111,0000,00,"",0,00000000,"",0,1,"",0,0,000000000000000000,"","",0,0,f,0000000000000000,5555aaaa,0,00000000,1,0,1,1,0,1,0,0,0,0,1,0,1,0,0,1,1,0,0,1,0,0,1,0,1,1,0,0,0,0,1,0,0,0,0,0,0,0,0,0,0,0,0,0,0,0,0,0,0,0,0,0,0,0,0,0,0,0
403,403,0,12896962859,15,00000000,0,11,2000000,4000,1,20000,2000000,"S_SAMPLE",14,2000000,2000000,21845,21845,"",00000000000000000000000000000000,"","",0,0,00,00,"S_WAIT_UTC",00,00,00,00,00,12896962859,"2",2394167296,4294439296,6656921312,ffffeb60,4263287296,0,1111,0000,00,"",0,00000000,"",0,1,"",0,0,000000000000000000,"","",0,0,f,0000000000000000,5555aaaa,0,00000000,0,1,1,1,0,1,0,0,0,0,1,1,1,0,0,1,1,0,0,1,1,0,1,0,1,1,0,0,0,0,1,0,0,0,0,0,0,0,0,0,0,0,0,0,0,0,0,0,0,0,0,0,0,0,0,0,0,0
404,404,0,12896962860,15,00000000,0,11,2000000,4000,1,20000,2000000,"S_SAMPLE",14,2000000,2000000,21845,21845,"",00000000000000000000000000000000,"","",0,0,00,00,"S_WAIT_UTC",00,00,00,00,00,12896962860,"2",2394167296,4294439296,6656921312,ffffeb60,4263287296,0,1111,0000,00,"",0,00000000,"",0,1,"",0,0,000000000000000000,"","",0,0,f,0000000000000000,5555aaaa,0,00000000,0,0,1,1,0,1,0,0,0,0,1,1,1,0,0,1,1,0,0,1,0,0,1,0,1,1,0,0,0,0,1,0,0,0,0,0,0,0,0,0,0,0,0,0,0,0,0,0,0,0,0,0,0,0,0,0,0,0
405,405,0,12896962861,15,00000000,0,12,2000000,4000,1,20000,2000000,"S_SAMPLE",14,2000000,2000000,21845,21845,"",00000000000000000000000000000000,"","",0,0,00,00,"S_WAIT_UTC",00,00,00,00,00,12896962861,"2",2394167296,4294439296,6656921312,ffffeb60,4263287296,0,1111,0000,00,"",0,00000000,"",0,1,"",0,0,000000000000000000,"","",0,0,f,0000000000000000,5555aaaa,0,00000000,0,0,1,1,0,1,0,0,0,0,1,1,1,0,0,1,1,0,0,1,0,0,1,0,1,1,0,0,0,0,1,0,0,0,0,0,0,0,0,0,0,0,0,0,0,0,0,0,0,0,0,0,0,0,0,0,0,0
406,406,0,12896962862,15,00000000,0,12,2000000,4000,1,20000,2000000,"S_SAMPLE",14,2000000,2000000,21845,21845,"",00000000000000000000000000000000,"","",0,0,00,00,"S_WAIT_UTC",00,00,00,00,00,12896962862,"2",2394167296,4294439296,6656921312,ffffeb60,4263287296,0,1111,0000,00,"",0,00000000,"",0,1,"",0,0,000000000000000000,"","",0,0,f,0000000000000000,5555aaaa,0,00000000,0,0,1,1,0,1,0,0,0,0,1,1,1,0,0,1,1,0,0,1,0,0,1,0,1,1,0,0,0,0,1,0,0,0,0,0,0,0,0,0,0,0,0,0,0,0,0,0,0,0,0,0,0,0,0,0,0,0
407,407,0,12896962863,15,00000000,0,12,2000000,4000,1,20000,2000000,"S_SAMPLE",14,2000000,2000000,21845,21845,"",00000000000000000000000000000000,"","",0,0,00,00,"S_WAIT_UTC",00,00,00,00,00,12896962863,"2",2394167296,4294439296,6656921312,ffffeb60,4263287296,0,1111,0000,00,"",0,00000000,"",0,1,"",0,0,000000000000000000,"","",0,0,f,0000000000000000,5555aaaa,0,00000000,0,0,1,1,0,1,0,0,0,0,1,1,1,0,0,1,1,0,0,1,0,0,1,0,1,1,0,0,0,0,1,0,0,0,0,0,0,0,0,0,0,0,0,0,0,0,0,0,0,0,0,0,0,0,0,0,0,0
408,408,0,12896962864,15,00000000,0,12,2000000,4000,1,20000,2000000,"S_SAMPLE",14,2000000,2000000,21845,21845,"",00000000000000000000000000000000,"","",0,0,00,00,"S_WAIT_UTC",00,00,00,00,00,12896962864,"2",2394167296,4294439296,6656921312,ffffeb60,4263287296,0,1111,0000,00,"",0,00000000,"",0,1,"",0,0,000000000000000000,"","",0,0,f,0000000000000000,5555aaaa,0,00000000,0,0,1,1,0,1,0,0,0,0,1,1,1,0,0,1,1,0,0,1,0,0,1,0,1,1,0,0,0,0,1,0,0,0,0,0,0,0,0,0,0,0,0,0,0,0,0,0,0,0,0,0,0,0,0,0,0,0
409,409,0,12896962865,15,00000000,0,12,2000000,4000,1,20000,2000000,"S_SAMPLE",14,2000000,2000000,21845,21845,"",00000000000000000000000000000000,"","",0,0,00,00,"S_WAIT_UTC",00,00,00,00,00,12896962865,"2",2394167296,4294439296,6656921312,ffffeb60,4263287296,0,1111,0000,00,"",0,00000000,"",0,1,"",0,0,000000000000000000,"","",0,0,f,0000000000000000,5555aaaa,0,00000000,0,0,1,1,0,1,0,0,0,0,1,1,1,0,0,1,1,0,0,1,0,0,1,0,1,1,0,0,0,0,1,0,0,0,0,0,0,0,0,0,0,0,0,0,0,0,0,0,0,0,0,0,0,0,0,0,0,0
410,410,0,12896962866,15,00000000,0,12,2000000,4000,1,20000,2000000,"S_SAMPLE",14,2000000,2000000,21845,43690,"",00000000000000000000000000000000,"","",0,0,00,00,"S_WAIT_UTC",00,00,00,00,00,12896962866,"2",2394167296,4294439296,6656921312,ffffeb60,4263287296,0,1111,0000,00,"",0,00000000,"",0,1,"",0,0,000000000000000000,"","",0,0,f,0000000000000000,5555aaaa,0,00000000,0,0,1,1,0,1,0,0,0,0,1,1,1,0,0,1,1,0,0,1,0,0,1,0,1,1,0,0,0,0,1,0,0,0,0,0,0,0,0,0,0,0,0,0,0,0,0,0,0,0,0,0,0,0,0,0,0,0
411,411,0,12896962867,15,00000000,0,12,2000000,4000,1,20000,2000000,"S_SAMPLE",14,2000000,2000000,21845,43690,"",00000000000000000000000000000000,"","",0,0,00,00,"S_WAIT_UTC",00,00,00,00,00,12896962867,"2",2394167296,4294439296,6656921312,ffffeb60,4263287296,0,1111,0000,00,"",0,00000000,"",0,1,"",0,0,000000000000000000,"","",0,0,f,0000000000000000,5555aaaa,0,00000000,0,0,1,1,0,1,0,0,0,0,1,1,1,0,0,1,1,0,0,1,0,0,1,0,1,1,0,0,0,0,1,0,0,0,0,0,0,0,0,0,0,0,0,0,0,0,0,0,0,0,0,0,0,0,0,0,0,0
412,412,0,12896962868,15,00000000,0,12,2000000,4000,1,20000,2000000,"S_SAMPLE",14,2000000,2000000,21845,43690,"",00000000000000000000000000000000,"","",0,0,00,00,"S_WAIT_UTC",00,00,00,00,00,12896962868,"2",2394167296,4294439296,6656921312,ffffeb60,4263287296,0,1111,0000,00,"",0,00000000,"",0,1,"",0,0,000000000000000000,"","",0,0,f,0000000000000000,5555aaaa,0,00000000,0,0,1,1,0,1,0,0,0,0,1,1,1,0,0,1,1,0,0,1,0,0,1,0,1,1,0,0,0,0,1,0,0,0,0,0,0,0,0,0,0,0,0,0,0,0,0,0,0,0,0,0,0,0,0,0,0,0
413,413,0,12896962869,15,00000000,0,12,2000000,4000,1,20000,2000000,"S_SAMPLE",14,2000000,2000000,21845,43690,"",00000000000000000000000000000000,"","",0,0,00,00,"S_WAIT_UTC",00,00,00,00,00,12896962869,"2",2394167296,4294439296,6656921312,ffffeb60,4263287296,0,1111,0000,00,"",0,00000000,"",0,1,"",0,0,000000000000000000,"","",0,0,f,0000000000000000,5555aaaa,0,00000000,0,0,1,1,0,1,0,0,0,0,1,1,1,0,0,1,1,0,0,1,0,0,1,0,1,1,0,0,0,0,1,0,0,0,0,0,0,0,0,0,0,0,0,0,0,0,0,0,0,0,0,0,0,0,0,0,0,0
414,414,0,12896962870,15,00000000,0,12,2000000,4000,1,20000,2000000,"S_SAMPLE",14,2000000,2000000,21845,43690,"",00000000000000000000000000000000,"","",0,0,00,00,"S_WAIT_UTC",00,00,00,00,00,12896962870,"2",2394167296,4294439296,6656921312,ffffeb60,4263287296,0,1111,0000,00,"",0,00000000,"",0,1,"",0,0,000000000000000000,"","",0,0,f,0000000000000000,5555aaaa,0,00000000,0,0,1,1,0,1,0,0,0,0,1,1,1,0,0,1,1,0,0,1,0,0,1,0,1,1,0,0,0,0,1,0,0,0,0,0,0,0,0,0,0,0,0,0,0,0,0,0,0,0,0,0,0,0,0,0,0,0
415,415,0,12896962871,15,00000000,0,12,2000000,4000,1,20000,2000000,"S_SAMPLE",14,2000000,2000000,21845,43690,"",00000000000000000000000000000000,"","",0,0,00,00,"S_WAIT_UTC",00,00,00,00,00,12896962871,"2",2394167296,4294439296,6656921312,ffffeb60,4263287296,0,1111,0000,00,"",0,00000000,"",0,1,"",0,0,000000000000000000,"","",0,0,f,0000000000000000,5555aaaa,0,00000000,0,0,1,1,0,1,0,0,0,0,1,1,1,0,0,1,1,0,0,1,0,0,1,0,1,1,0,0,0,0,1,0,0,0,0,0,0,0,0,0,0,0,0,0,0,0,0,0,0,0,0,0,0,0,0,0,0,0
416,416,0,12896962872,15,00000000,0,12,2000000,4000,1,20000,2000000,"S_SAMPLE",14,2000000,2000000,21845,43690,"",00000000000000000000000000000000,"","",0,0,00,00,"S_WAIT_UTC",00,00,00,00,00,12896962872,"2",2394167296,4294439296,6656921312,ffffeb60,4263287296,0,1111,0000,00,"",0,00000000,"",0,1,"",0,0,000000000000000000,"","",0,0,f,0000000000000000,5555aaaa,0,00000000,0,0,1,1,0,1,0,0,0,0,1,1,1,0,0,1,1,0,0,1,0,0,1,0,1,1,0,0,0,0,1,0,0,0,0,0,0,0,0,0,0,0,0,0,0,0,0,0,0,0,0,0,0,0,0,0,0,0
417,417,0,12896962873,15,00000000,0,12,2000000,4000,1,20000,2000000,"S_SAMPLE",14,2000000,2000000,21845,43690,"",00000000000000000000000000000000,"","",0,0,00,00,"S_WAIT_UTC",00,00,00,00,00,12896962873,"2",2394167296,4294439296,6656921312,ffffeb60,4263287296,0,1111,0000,00,"",0,00000000,"",0,1,"",0,0,000000000000000000,"","",0,0,f,0000000000000000,5555aaaa,0,00000000,0,0,1,1,0,1,0,0,0,0,1,1,1,0,0,1,1,0,0,1,0,0,1,0,1,1,0,0,0,0,1,0,0,0,0,0,0,0,0,0,0,0,0,0,0,0,0,0,0,0,0,0,0,0,0,0,0,0
418,418,0,12896962874,15,00000000,0,12,2000000,4000,1,20000,2000000,"S_SAMPLE",14,2000000,2000000,21845,43690,"",00000000000000000000000000000000,"","",0,0,00,00,"S_WAIT_UTC",00,00,00,00,00,12896962874,"2",2394167296,4294439296,6656921312,ffffeb60,4263287296,0,1111,0000,00,"",0,00000000,"",0,1,"",0,0,000000000000000000,"","",0,0,f,0000000000000000,5555aaaa,0,00000000,0,0,1,1,0,1,0,0,0,0,1,1,1,0,0,1,1,0,0,1,0,0,1,0,1,1,0,0,0,0,1,0,0,0,0,0,0,0,0,0,0,0,0,0,0,0,0,0,0,0,0,0,0,0,0,0,0,0
419,419,0,12896962875,15,00000000,0,12,2000000,4000,1,20000,2000000,"S_SAMPLE",14,2000000,2000000,21845,43690,"",00000000000000000000000000000000,"","",0,0,00,00,"S_WAIT_UTC",00,00,00,00,00,12896962875,"2",2394167296,4294439296,6656921312,ffffeb60,4263287296,0,1111,0000,00,"",0,00000000,"",0,1,"",0,0,000000000000000000,"","",0,0,f,0000000000000000,5555aaaa,0,00000000,0,0,1,1,0,1,0,0,0,0,1,1,1,0,0,1,1,0,0,1,0,0,1,0,1,1,0,0,0,0,1,0,0,0,0,0,0,0,0,0,0,0,0,0,0,0,0,0,0,0,0,0,0,0,0,0,0,0
420,420,0,12896962876,15,00000000,0,12,2000000,4000,1,20000,2000000,"S_SAMPLE",14,2000000,2000000,21845,43690,"",00000000000000000000000000000000,"","",0,0,00,00,"S_WAIT_UTC",00,00,00,00,00,12896962876,"2",2394167296,4294439296,6656921312,ffffeb60,4263287296,0,1111,0000,00,"",0,00000000,"",0,1,"",0,0,000000000000000000,"","",0,0,f,0000000000000000,5555aaaa,0,00000000,0,0,1,1,0,1,0,0,0,0,1,1,1,0,0,1,1,0,0,1,0,0,1,0,1,1,0,0,0,0,1,0,0,0,0,0,0,0,0,0,0,0,0,0,0,0,0,0,0,0,0,0,0,0,0,0,0,0
421,421,0,12896962877,15,00000000,0,12,2000000,4000,1,20000,2000000,"S_SAMPLE",14,2000000,2000000,21845,43690,"",00000000000000000000000000000000,"","",0,0,00,00,"S_WAIT_UTC",00,00,00,00,00,12896962877,"2",2394167296,4294439296,6656921312,ffffeb60,4263287296,0,1111,0000,00,"",0,00000000,"",0,1,"",0,0,000000000000000000,"","",0,0,f,0000000000000000,5555aaaa,0,00000000,0,0,1,1,0,1,0,0,0,0,1,1,1,0,0,1,1,0,0,1,0,0,1,0,1,1,0,0,0,0,1,0,0,0,0,0,0,0,0,0,0,0,0,0,0,0,0,0,0,0,0,0,0,0,0,0,0,0
422,422,0,12896962878,15,00000000,0,12,2000000,4000,1,20000,2000000,"S_SAMPLE",14,2000000,2000000,21845,43690,"",00000000000000000000000000000000,"","",0,0,00,00,"S_WAIT_UTC",00,00,00,00,00,12896962878,"2",2394167296,4294439296,6656921312,ffffeb60,4263287296,0,1111,0000,00,"",0,00000000,"",0,1,"",0,0,000000000000000000,"","",0,0,f,0000000000000000,5555aaaa,0,00000000,0,0,1,1,0,1,0,0,0,0,1,1,1,0,0,1,1,0,0,1,0,0,1,0,1,1,0,0,0,0,1,0,0,0,0,0,0,0,0,0,0,0,0,0,0,0,0,0,0,0,0,0,0,0,0,0,0,0
423,423,0,12896962879,16,00000000,0,12,2000000,4000,1,20000,2000000,"S_SAMPLE",15,2000000,2000000,21845,43690,"",00000000000000000000000000000000,"","",0,0,00,00,"S_WAIT_UTC",00,00,00,00,00,12896962879,"2",2394167296,4294439296,6656921312,ffffeb60,4263287296,0,1111,0000,00,"",0,00000000,"",0,1,"",0,0,000000000000000000,"","",0,0,f,0000000000000000,5555aaaa,0,00000000,0,0,1,1,0,1,0,0,0,0,1,1,1,0,0,1,1,0,0,1,0,0,1,0,1,1,0,0,0,0,1,0,0,0,0,0,0,0,0,0,0,0,0,0,0,0,0,0,0,0,0,0,0,0,0,0,0,0
424,424,0,12896962880,16,00000000,0,12,2000000,4000,1,20000,2000000,"S_SAMPLE",15,2000000,2000000,21845,43690,"",00000000000000000000000000000000,"","",0,0,00,00,"S_WAIT_UTC",00,00,00,00,00,12896962880,"2",2394167296,4294439296,6656921312,ffffeb60,4263287296,0,1111,0000,00,"",0,00000000,"",0,1,"",0,0,000000000000000000,"","",0,0,f,0000000000000000,5555aaaa,0,00000000,0,0,1,1,0,1,0,0,0,0,1,1,1,0,0,1,1,0,0,1,0,0,1,0,1,1,0,0,0,0,1,0,0,0,0,0,0,0,0,0,0,0,0,0,0,0,0,0,0,0,0,0,0,0,0,0,0,0
425,425,0,12896962881,16,00000000,0,12,2000000,4000,1,20000,2000000,"S_SAMPLE",15,2000000,2000000,21845,43690,"",00000000000000000000000000000000,"","",0,0,00,00,"S_WAIT_UTC",00,00,00,00,00,12896962881,"2",2394167296,4294439296,6656921312,ffffeb60,4263287296,0,1111,0000,00,"",0,00000000,"",0,1,"",0,0,000000000000000000,"","",0,0,f,0000000000000000,5555aaaa,0,00000000,0,0,1,1,0,1,0,0,0,0,1,1,1,0,0,1,1,0,0,1,0,0,1,0,1,1,0,0,0,0,1,0,0,0,0,0,0,0,0,0,0,0,0,0,0,0,0,0,0,0,0,0,0,0,0,0,0,0
426,426,0,12896962882,16,00000000,0,12,2000000,4000,1,20000,2000000,"S_SAMPLE",15,2000000,2000000,21845,43690,"",00000000000000000000000000000000,"","",0,0,00,00,"S_WAIT_UTC",00,00,00,00,00,12896962882,"2",2394167296,4294439296,6656921312,ffffeb60,4263287296,0,1111,0000,00,"",0,00000000,"",0,1,"",0,0,000000000000000000,"","",0,0,f,0000000000000000,5555aaaa,0,00000000,0,0,1,1,0,1,0,0,0,0,1,1,1,0,0,1,1,0,0,1,0,0,1,0,1,1,0,0,0,0,1,0,0,0,0,0,0,0,0,0,0,0,0,0,0,0,0,0,0,0,0,0,0,0,0,0,0,0
427,427,0,12896962883,16,00000000,0,12,2000000,4000,1,20000,2000000,"S_SAMPLE",15,2000000,2000000,21845,43690,"",00000000000000000000000000000000,"","",0,0,00,00,"S_WAIT_UTC",00,00,00,00,00,12896962883,"2",2394167296,4294439296,6656921312,ffffeb60,4263287296,0,1111,0000,00,"",0,00000000,"",0,1,"",0,0,000000000000000000,"","",0,0,f,0000000000000000,5555aaaa,0,00000000,1,0,1,1,0,1,0,0,0,0,1,0,1,0,0,1,1,0,0,1,0,0,1,0,1,1,0,0,0,0,1,0,0,0,0,0,0,0,0,0,0,0,0,0,0,0,0,0,0,0,0,0,0,0,0,0,0,0
428,428,0,12896962884,16,00000000,0,12,2000000,4000,1,20000,2000000,"S_SAMPLE",15,2000000,2000000,43690,43690,"",00000000000000000000000000000000,"","",0,0,00,00,"S_WAIT_UTC",00,00,00,00,00,12896962884,"2",2394167296,4294439296,6656921312,ffffeb60,4263287296,0,1111,0000,00,"",0,00000000,"",0,1,"",0,0,000000000000000000,"","",0,0,f,0000000000000000,5555aaaa,0,00000000,0,1,1,1,0,1,0,0,0,0,1,1,1,0,0,1,1,0,0,1,1,0,1,0,1,1,0,0,0,0,1,0,0,0,0,0,0,0,0,0,0,0,0,0,0,0,0,0,0,0,0,0,0,0,0,0,0,0
429,429,0,12896962885,16,00000000,0,12,2000000,4000,1,20000,2000000,"S_SAMPLE",15,2000000,2000000,43690,43690,"",00000000000000000000000000000000,"","",0,0,00,00,"S_WAIT_UTC",00,00,00,00,00,12896962885,"2",2394167296,4294439296,6656921312,ffffeb60,4263287296,0,1111,0000,00,"",0,00000000,"",0,1,"",0,0,000000000000000000,"","",0,0,f,0000000000000000,5555aaaa,0,00000000,0,0,1,1,0,1,0,0,0,0,1,1,1,0,0,1,1,0,0,1,0,0,1,0,1,1,0,0,0,0,1,0,0,0,0,0,0,0,0,0,0,0,0,0,0,0,0,0,0,0,0,0,0,0,0,0,0,0
430,430,0,12896962886,16,00000000,0,13,2000000,4000,1,20000,2000000,"S_SAMPLE",15,2000000,2000000,43690,43690,"",00000000000000000000000000000000,"","",0,0,00,00,"S_WAIT_UTC",00,00,00,00,00,12896962886,"2",2394167296,4294439296,6656921312,ffffeb60,4263287296,0,1111,0000,00,"",0,00000000,"",0,1,"",0,0,000000000000000000,"","",0,0,f,0000000000000000,5555aaaa,0,00000000,0,0,1,1,0,1,0,0,0,0,1,1,1,0,0,1,1,0,0,1,0,0,1,0,1,1,0,0,0,0,1,0,0,0,0,0,0,0,0,0,0,0,0,0,0,0,0,0,0,0,0,0,0,0,0,0,0,0
431,431,0,12896962887,16,00000000,0,13,2000000,4000,1,20000,2000000,"S_SAMPLE",15,2000000,2000000,43690,43690,"",00000000000000000000000000000000,"","",0,0,00,00,"S_WAIT_UTC",00,00,00,00,00,12896962887,"2",2394167296,4294439296,6656921312,ffffeb60,4263287296,0,1111,0000,00,"",0,00000000,"",0,1,"",0,0,000000000000000000,"","",0,0,f,0000000000000000,5555aaaa,0,00000000,0,0,1,1,0,1,0,0,0,0,1,1,1,0,0,1,1,0,0,1,0,0,1,0,1,1,0,0,0,0,1,0,0,0,0,0,0,0,0,0,0,0,0,0,0,0,0,0,0,0,0,0,0,0,0,0,0,0
432,432,0,12896962888,16,00000000,0,13,2000000,4000,1,20000,2000000,"S_SAMPLE",15,2000000,2000000,43690,43690,"",00000000000000000000000000000000,"","",0,0,00,00,"S_WAIT_UTC",00,00,00,00,00,12896962888,"2",2394167296,4294439296,6656921312,ffffeb60,4263287296,0,1111,0000,00,"",0,00000000,"",0,1,"",0,0,000000000000000000,"","",0,0,f,0000000000000000,5555aaaa,0,00000000,0,0,1,1,0,1,0,0,0,0,1,1,1,0,0,1,1,0,0,1,0,0,1,0,1,1,0,0,0,0,1,0,0,0,0,0,0,0,0,0,0,0,0,0,0,0,0,0,0,0,0,0,0,0,0,0,0,0
433,433,0,12896962889,16,00000000,0,13,2000000,4000,1,20000,2000000,"S_SAMPLE",15,2000000,2000000,43690,43690,"",00000000000000000000000000000000,"","",0,0,00,00,"S_WAIT_UTC",00,00,00,00,00,12896962889,"2",2394167296,4294439296,6656921312,ffffeb60,4263287296,0,1111,0000,00,"",0,00000000,"",0,1,"",0,0,000000000000000000,"","",0,0,f,0000000000000000,5555aaaa,0,00000000,0,0,1,1,0,1,0,0,0,0,1,1,1,0,0,1,1,0,0,1,0,0,1,0,1,1,0,0,0,0,1,0,0,0,0,0,0,0,0,0,0,0,0,0,0,0,0,0,0,0,0,0,0,0,0,0,0,0
434,434,0,12896962890,16,00000000,0,13,2000000,4000,1,20000,2000000,"S_SAMPLE",15,2000000,2000000,43690,43690,"",00000000000000000000000000000000,"","",0,0,00,00,"S_WAIT_UTC",00,00,00,00,00,12896962890,"2",2394167296,4294439296,6656921312,ffffeb60,4263287296,0,1111,0000,00,"",0,00000000,"",0,1,"",0,0,000000000000000000,"","",0,0,f,0000000000000000,5555aaaa,0,00000000,0,0,1,1,0,1,0,0,0,0,1,1,1,0,0,1,1,0,0,1,0,0,1,0,1,1,0,0,0,0,1,0,0,0,0,0,0,0,0,0,0,0,0,0,0,0,0,0,0,0,0,0,0,0,0,0,0,0
435,435,0,12896962891,16,00000000,0,13,2000000,4000,1,20000,2000000,"S_SAMPLE",15,2000000,2000000,43690,21845,"",00000000000000000000000000000000,"","",0,0,00,00,"S_WAIT_UTC",00,00,00,00,00,12896962891,"2",2394167296,4294439296,6656921312,ffffeb60,4263287296,0,1111,0000,00,"",0,00000000,"",0,1,"",0,0,000000000000000000,"","",0,0,f,0000000000000000,5555aaaa,0,00000000,0,0,1,1,0,1,0,0,0,0,1,1,1,0,0,1,1,0,0,1,0,0,1,0,1,1,0,0,0,0,1,0,0,0,0,0,0,0,0,0,0,0,0,0,0,0,0,0,0,0,0,0,0,0,0,0,0,0
436,436,0,12896962892,16,00000000,0,13,2000000,4000,1,20000,2000000,"S_SAMPLE",15,2000000,2000000,43690,21845,"",00000000000000000000000000000000,"","",0,0,00,00,"S_WAIT_UTC",00,00,00,00,00,12896962892,"2",2394167296,4294439296,6656921312,ffffeb60,4263287296,0,1111,0000,00,"",0,00000000,"",0,1,"",0,0,000000000000000000,"","",0,0,f,0000000000000000,5555aaaa,0,00000000,0,0,1,1,0,1,0,0,0,0,1,1,1,0,0,1,1,0,0,1,0,0,1,0,1,1,0,0,0,0,1,0,0,0,0,0,0,0,0,0,0,0,0,0,0,0,0,0,0,0,0,0,0,0,0,0,0,0
437,437,0,12896962893,16,00000000,0,13,2000000,4000,1,20000,2000000,"S_SAMPLE",15,2000000,2000000,43690,21845,"",00000000000000000000000000000000,"","",0,0,00,00,"S_WAIT_UTC",00,00,00,00,00,12896962893,"2",2394167296,4294439296,6656921312,ffffeb60,4263287296,0,1111,0000,00,"",0,00000000,"",0,1,"",0,0,000000000000000000,"","",0,0,f,0000000000000000,5555aaaa,0,00000000,0,0,1,1,0,1,0,0,0,0,1,1,1,0,0,1,1,0,0,1,0,0,1,0,1,1,0,0,0,0,1,0,0,0,0,0,0,0,0,0,0,0,0,0,0,0,0,0,0,0,0,0,0,0,0,0,0,0
438,438,0,12896962894,16,00000000,0,13,2000000,4000,1,20000,2000000,"S_SAMPLE",15,2000000,2000000,43690,21845,"",00000000000000000000000000000000,"","",0,0,00,00,"S_WAIT_UTC",00,00,00,00,00,12896962894,"2",2394167296,4294439296,6656921312,ffffeb60,4263287296,0,1111,0000,00,"",0,00000000,"",0,1,"",0,0,000000000000000000,"","",0,0,f,0000000000000000,5555aaaa,0,00000000,0,0,1,1,0,1,0,0,0,0,1,1,1,0,0,1,1,0,0,1,0,0,1,0,1,1,0,0,0,0,1,0,0,0,0,0,0,0,0,0,0,0,0,0,0,0,0,0,0,0,0,0,0,0,0,0,0,0
439,439,0,12896962895,16,00000000,0,13,2000000,4000,1,20000,2000000,"S_SAMPLE",15,2000000,2000000,43690,21845,"",00000000000000000000000000000000,"","",0,0,00,00,"S_WAIT_UTC",00,00,00,00,00,12896962895,"2",2394167296,4294439296,6656921312,ffffeb60,4263287296,0,1111,0000,00,"",0,00000000,"",0,1,"",0,0,000000000000000000,"","",0,0,f,0000000000000000,5555aaaa,0,00000000,0,0,1,1,0,1,0,0,0,0,1,1,1,0,0,1,1,0,0,1,0,0,1,0,1,1,0,0,0,0,1,0,0,0,0,0,0,0,0,0,0,0,0,0,0,0,0,0,0,0,0,0,0,0,0,0,0,0
440,440,0,12896962896,16,00000000,0,13,2000000,4000,1,20000,2000000,"S_SAMPLE",15,2000000,2000000,43690,21845,"",00000000000000000000000000000000,"","",0,0,00,00,"S_WAIT_UTC",00,00,00,00,00,12896962896,"2",2394167296,4294439296,6656921312,ffffeb60,4263287296,0,1111,0000,00,"",0,00000000,"",0,1,"",0,0,000000000000000000,"","",0,0,f,0000000000000000,5555aaaa,0,00000000,0,0,1,1,0,1,0,0,0,0,1,1,1,0,0,1,1,0,0,1,0,0,1,0,1,1,0,0,0,0,1,0,0,0,0,0,0,0,0,0,0,0,0,0,0,0,0,0,0,0,0,0,0,0,0,0,0,0
441,441,0,12896962897,16,00000000,0,13,2000000,4000,1,20000,2000000,"S_SAMPLE",15,2000000,2000000,43690,21845,"",00000000000000000000000000000000,"","",0,0,00,00,"S_WAIT_UTC",00,00,00,00,00,12896962897,"2",2394167296,4294439296,6656921312,ffffeb60,4263287296,0,1111,0000,00,"",0,00000000,"",0,1,"",0,0,000000000000000000,"","",0,0,f,0000000000000000,5555aaaa,0,00000000,0,0,1,1,0,1,0,0,0,0,1,1,1,0,0,1,1,0,0,1,0,0,1,0,1,1,0,0,0,0,1,0,0,0,0,0,0,0,0,0,0,0,0,0,0,0,0,0,0,0,0,0,0,0,0,0,0,0
442,442,0,12896962898,16,00000000,0,13,2000000,4000,1,20000,2000000,"S_SAMPLE",15,2000000,2000000,43690,21845,"",00000000000000000000000000000000,"","",0,0,00,00,"S_WAIT_UTC",00,00,00,00,00,12896962898,"2",2394167296,4294439296,6656921312,ffffeb60,4263287296,0,1111,0000,00,"",0,00000000,"",0,1,"",0,0,000000000000000000,"","",0,0,f,0000000000000000,5555aaaa,0,00000000,0,0,1,1,0,1,0,0,0,0,1,1,1,0,0,1,1,0,0,1,0,0,1,0,1,1,0,0,0,0,1,0,0,0,0,0,0,0,0,0,0,0,0,0,0,0,0,0,0,0,0,0,0,0,0,0,0,0
443,443,0,12896962899,16,00000000,0,13,2000000,4000,1,20000,2000000,"S_SAMPLE",15,2000000,2000000,43690,21845,"",00000000000000000000000000000000,"","",0,0,00,00,"S_WAIT_UTC",00,00,00,00,00,12896962899,"2",2394167296,4294439296,6656921312,ffffeb60,4263287296,0,1111,0000,00,"",0,00000000,"",0,1,"",0,0,000000000000000000,"","",0,0,f,0000000000000000,5555aaaa,0,00000000,0,0,1,1,0,1,0,0,0,0,1,1,1,0,0,1,1,0,0,1,0,0,1,0,1,1,0,0,0,0,1,0,0,0,0,0,0,0,0,0,0,0,0,0,0,0,0,0,0,0,0,0,0,0,0,0,0,0
444,444,0,12896962900,16,00000000,0,13,2000000,4000,1,20000,2000000,"S_SAMPLE",15,2000000,2000000,43690,21845,"",00000000000000000000000000000000,"","",0,0,00,00,"S_WAIT_UTC",00,00,00,00,00,12896962900,"2",2394167296,4294439296,6656921312,ffffeb60,4263287296,0,1111,0000,00,"",0,00000000,"",0,1,"",0,0,000000000000000000,"","",0,0,f,0000000000000000,5555aaaa,0,00000000,0,0,1,1,0,1,0,0,0,0,1,1,1,0,0,1,1,0,0,1,0,0,1,0,1,1,0,0,0,0,1,0,0,0,0,0,0,0,0,0,0,0,0,0,0,0,0,0,0,0,0,0,0,0,0,0,0,0
445,445,0,12896962901,16,00000000,0,13,2000000,4000,1,20000,2000000,"S_SAMPLE",15,2000000,2000000,43690,21845,"",00000000000000000000000000000000,"","",0,0,00,00,"S_WAIT_UTC",00,00,00,00,00,12896962901,"2",2394167296,4294439296,6656921312,ffffeb60,4263287296,0,1111,0000,00,"",0,00000000,"",0,1,"",0,0,000000000000000000,"","",0,0,f,0000000000000000,5555aaaa,0,00000000,0,0,1,1,0,1,0,0,0,0,1,1,1,0,0,1,1,0,0,1,0,0,1,0,1,1,0,0,0,0,1,0,0,0,0,0,0,0,0,0,0,0,0,0,0,0,0,0,0,0,0,0,0,0,0,0,0,0
446,446,0,12896962902,16,00000000,0,13,2000000,4000,1,20000,2000000,"S_SAMPLE",15,2000000,2000000,43690,21845,"",00000000000000000000000000000000,"","",0,0,00,00,"S_WAIT_UTC",00,00,00,00,00,12896962902,"2",2394167296,4294439296,6656921312,ffffeb60,4263287296,0,1111,0000,00,"",0,00000000,"",0,1,"",0,0,000000000000000000,"","",0,0,f,0000000000000000,5555aaaa,0,00000000,0,0,1,1,0,1,0,0,0,0,1,1,1,0,0,1,1,0,0,1,0,0,1,0,1,1,0,0,0,0,1,0,0,0,0,0,0,0,0,0,0,0,0,0,0,0,0,0,0,0,0,0,0,0,0,0,0,0
447,447,0,12896962903,16,00000000,0,13,2000000,4000,1,20000,2000000,"S_SAMPLE",15,2000000,2000000,43690,21845,"",00000000000000000000000000000000,"","",0,0,00,00,"S_WAIT_UTC",00,00,00,00,00,12896962903,"2",2394167296,4294439296,6656921312,ffffeb60,4263287296,0,1111,0000,00,"",0,00000000,"",0,1,"",0,0,000000000000000000,"","",0,0,f,0000000000000000,5555aaaa,0,00000000,0,0,1,1,0,1,0,0,0,0,1,1,1,0,0,1,1,0,0,1,0,0,1,0,1,1,0,0,0,0,1,0,0,0,0,0,0,0,0,0,0,0,0,0,0,0,0,0,0,0,0,0,0,0,0,0,0,0
448,448,0,12896962904,17,00000000,0,13,2000000,4000,1,20000,2000000,"S_SAMPLE",16,2000000,2000000,43690,21845,"",00000000000000000000000000000000,"","",0,0,00,00,"S_WAIT_UTC",00,00,00,00,00,12896962904,"2",2394167296,4294439296,6656921312,ffffeb60,4263287296,0,1111,0000,00,"",0,00000000,"",0,1,"",0,0,000000000000000000,"","",0,0,f,0000000000000000,5555aaaa,0,00000000,0,0,1,1,0,1,0,0,0,0,1,1,1,0,0,1,1,0,0,1,0,0,1,0,1,1,0,0,0,0,1,0,0,0,0,0,0,0,0,0,0,0,0,0,0,0,0,0,0,0,0,0,0,0,0,0,0,0
449,449,0,12896962905,17,00000000,0,13,2000000,4000,1,20000,2000000,"S_SAMPLE",16,2000000,2000000,43690,21845,"",00000000000000000000000000000000,"","",0,0,00,00,"S_WAIT_UTC",00,00,00,00,00,12896962905,"2",2394167296,4294439296,6656921312,ffffeb60,4263287296,0,1111,0000,00,"",0,00000000,"",0,1,"",0,0,000000000000000000,"","",0,0,f,0000000000000000,5555aaaa,0,00000000,0,0,1,1,0,1,0,0,0,0,1,1,1,0,0,1,1,0,0,1,0,0,1,0,1,1,0,0,0,0,1,0,0,0,0,0,0,0,0,0,0,0,0,0,0,0,0,0,0,0,0,0,0,0,0,0,0,0
450,450,0,12896962906,17,00000000,0,13,2000000,4000,1,20000,2000000,"S_SAMPLE",16,2000000,2000000,43690,21845,"",00000000000000000000000000000000,"","",0,0,00,00,"S_WAIT_UTC",00,00,00,00,00,12896962906,"2",2394167296,4294439296,6656921312,ffffeb60,4263287296,0,1111,0000,00,"",0,00000000,"",0,1,"",0,0,000000000000000000,"","",0,0,f,0000000000000000,5555aaaa,0,00000000,0,0,1,1,0,1,0,0,0,0,1,1,1,0,0,1,1,0,0,1,0,0,1,0,1,1,0,0,0,0,1,0,0,0,0,0,0,0,0,0,0,0,0,0,0,0,0,0,0,0,0,0,0,0,0,0,0,0
451,451,0,12896962907,17,00000000,0,13,2000000,4000,1,20000,2000000,"S_SAMPLE",16,2000000,2000000,43690,21845,"",00000000000000000000000000000000,"","",0,0,00,00,"S_WAIT_UTC",00,00,00,00,00,12896962907,"2",2394167296,4294439296,6656921312,ffffeb60,4263287296,0,1111,0000,00,"",0,00000000,"",0,1,"",0,0,000000000000000000,"","",0,0,f,0000000000000000,5555aaaa,0,00000000,0,0,1,1,0,1,0,0,0,0,1,1,1,0,0,1,1,0,0,1,0,0,1,0,1,1,0,0,0,0,1,0,0,0,0,0,0,0,0,0,0,0,0,0,0,0,0,0,0,0,0,0,0,0,0,0,0,0
452,452,0,12896962908,17,00000000,0,13,2000000,4000,1,20000,2000000,"S_SAMPLE",16,2000000,2000000,43690,21845,"",00000000000000000000000000000000,"","",0,0,00,00,"S_WAIT_UTC",00,00,00,00,00,12896962908,"2",2394167296,4294439296,6656921312,ffffeb60,4263287296,0,1111,0000,00,"",0,00000000,"",0,1,"",0,0,000000000000000000,"","",0,0,f,0000000000000000,5555aaaa,0,00000000,1,0,1,1,0,1,0,0,0,0,1,0,1,0,0,1,1,0,0,1,0,0,1,0,1,1,0,0,0,0,1,0,0,0,0,0,0,0,0,0,0,0,0,0,0,0,0,0,0,0,0,0,0,0,0,0,0,0
453,453,0,12896962909,17,00000000,0,13,2000000,4000,1,20000,2000000,"S_SAMPLE",16,2000000,2000000,21845,21845,"",00000000000000000000000000000000,"","",0,0,00,00,"S_WAIT_UTC",00,00,00,00,00,12896962909,"2",2394167296,4294439296,6656921312,ffffeb60,4263287296,0,1111,0000,00,"",0,00000000,"",0,1,"",0,0,000000000000000000,"","",0,0,f,0000000000000000,5555aaaa,0,00000000,0,1,1,1,0,1,0,0,0,0,1,1,1,0,0,1,1,0,0,1,1,0,1,0,1,1,0,0,0,0,1,0,0,0,0,0,0,0,0,0,0,0,0,0,0,0,0,0,0,0,0,0,0,0,0,0,0,0
454,454,0,12896962910,17,00000000,0,13,2000000,4000,1,20000,2000000,"S_SAMPLE",16,2000000,2000000,21845,21845,"",00000000000000000000000000000000,"","",0,0,00,00,"S_WAIT_UTC",00,00,00,00,00,12896962910,"2",2394167296,4294439296,6656921312,ffffeb60,4263287296,0,1111,0000,00,"",0,00000000,"",0,1,"",0,0,000000000000000000,"","",0,0,f,0000000000000000,5555aaaa,0,00000000,0,0,1,1,0,1,0,0,0,0,1,1,1,0,0,1,1,0,0,1,0,0,1,0,1,1,0,0,0,0,1,0,0,0,0,0,0,0,0,0,0,0,0,0,0,0,0,0,0,0,0,0,0,0,0,0,0,0
455,455,0,12896962911,17,00000000,0,14,2000000,4000,1,20000,2000000,"S_SAMPLE",16,2000000,2000000,21845,21845,"",00000000000000000000000000000000,"","",0,0,00,00,"S_WAIT_UTC",00,00,00,00,00,12896962911,"2",2394167296,4294439296,6656921312,ffffeb60,4263287296,0,1111,0000,00,"",0,00000000,"",0,1,"",0,0,000000000000000000,"","",0,0,f,0000000000000000,5555aaaa,0,00000000,0,0,1,1,0,1,0,0,0,0,1,1,1,0,0,1,1,0,0,1,0,0,1,0,1,1,0,0,0,0,1,0,0,0,0,0,0,0,0,0,0,0,0,0,0,0,0,0,0,0,0,0,0,0,0,0,0,0
456,456,0,12896962912,17,00000000,0,14,2000000,4000,1,20000,2000000,"S_SAMPLE",16,2000000,2000000,21845,21845,"",00000000000000000000000000000000,"","",0,0,00,00,"S_WAIT_UTC",00,00,00,00,00,12896962912,"2",2394167296,4294439296,6656921312,ffffeb60,4263287296,0,1111,0000,00,"",0,00000000,"",0,1,"",0,0,000000000000000000,"","",0,0,f,0000000000000000,5555aaaa,0,00000000,0,0,1,1,0,1,0,0,0,0,1,1,1,0,0,1,1,0,0,1,0,0,1,0,1,1,0,0,0,0,1,0,0,0,0,0,0,0,0,0,0,0,0,0,0,0,0,0,0,0,0,0,0,0,0,0,0,0
457,457,0,12896962913,17,00000000,0,14,2000000,4000,1,20000,2000000,"S_SAMPLE",16,2000000,2000000,21845,21845,"",00000000000000000000000000000000,"","",0,0,00,00,"S_WAIT_UTC",00,00,00,00,00,12896962913,"2",2394167296,4294439296,6656921312,ffffeb60,4263287296,0,1111,0000,00,"",0,00000000,"",0,1,"",0,0,000000000000000000,"","",0,0,f,0000000000000000,5555aaaa,0,00000000,0,0,1,1,0,1,0,0,0,0,1,1,1,0,0,1,1,0,0,1,0,0,1,0,1,1,0,0,0,0,1,0,0,0,0,0,0,0,0,0,0,0,0,0,0,0,0,0,0,0,0,0,0,0,0,0,0,0
458,458,0,12896962914,17,00000000,0,14,2000000,4000,1,20000,2000000,"S_SAMPLE",16,2000000,2000000,21845,21845,"",00000000000000000000000000000000,"","",0,0,00,00,"S_WAIT_UTC",00,00,00,00,00,12896962914,"2",2394167296,4294439296,6656921312,ffffeb60,4263287296,0,1111,0000,00,"",0,00000000,"",0,1,"",0,0,000000000000000000,"","",0,0,f,0000000000000000,5555aaaa,0,00000000,0,0,1,1,0,1,0,0,0,0,1,1,1,0,0,1,1,0,0,1,0,0,1,0,1,1,0,0,0,0,1,0,0,0,0,0,0,0,0,0,0,0,0,0,0,0,0,0,0,0,0,0,0,0,0,0,0,0
459,459,0,12896962915,17,00000000,0,14,2000000,4000,1,20000,2000000,"S_SAMPLE",16,2000000,2000000,21845,21845,"",00000000000000000000000000000000,"","",0,0,00,00,"S_WAIT_UTC",00,00,00,00,00,12896962915,"2",2394167296,4294439296,6656921312,ffffeb60,4263287296,0,1111,0000,00,"",0,00000000,"",0,1,"",0,0,000000000000000000,"","",0,0,f,0000000000000000,5555aaaa,0,00000000,0,0,1,1,0,1,0,0,0,0,1,1,1,0,0,1,1,0,0,1,0,0,1,0,1,1,0,0,0,0,1,0,0,0,0,0,0,0,0,0,0,0,0,0,0,0,0,0,0,0,0,0,0,0,0,0,0,0
460,460,0,12896962916,17,00000000,0,14,2000000,4000,1,20000,2000000,"S_SAMPLE",16,2000000,2000000,21845,43690,"",00000000000000000000000000000000,"","",0,0,00,00,"S_WAIT_UTC",00,00,00,00,00,12896962916,"2",2394167296,4294439296,6656921312,ffffeb60,4263287296,0,1111,0000,00,"",0,00000000,"",0,1,"",0,0,000000000000000000,"","",0,0,f,0000000000000000,5555aaaa,0,00000000,0,0,1,1,0,1,0,0,0,0,1,1,1,0,0,1,1,0,0,1,0,0,1,0,1,1,0,0,0,0,1,0,0,0,0,0,0,0,0,0,0,0,0,0,0,0,0,0,0,0,0,0,0,0,0,0,0,0
461,461,0,12896962917,17,00000000,0,14,2000000,4000,1,20000,2000000,"S_SAMPLE",16,2000000,2000000,21845,43690,"",00000000000000000000000000000000,"","",0,0,00,00,"S_WAIT_UTC",00,00,00,00,00,12896962917,"2",2394167296,4294439296,6656921312,ffffeb60,4263287296,0,1111,0000,00,"",0,00000000,"",0,1,"",0,0,000000000000000000,"","",0,0,f,0000000000000000,5555aaaa,0,00000000,0,0,1,1,0,1,0,0,0,0,1,1,1,0,0,1,1,0,0,1,0,0,1,0,1,1,0,0,0,0,1,0,0,0,0,0,0,0,0,0,0,0,0,0,0,0,0,0,0,0,0,0,0,0,0,0,0,0
462,462,0,12896962918,17,00000000,0,14,2000000,4000,1,20000,2000000,"S_SAMPLE",16,2000000,2000000,21845,43690,"",00000000000000000000000000000000,"","",0,0,00,00,"S_WAIT_UTC",00,00,00,00,00,12896962918,"2",2394167296,4294439296,6656921312,ffffeb60,4263287296,0,1111,0000,00,"",0,00000000,"",0,1,"",0,0,000000000000000000,"","",0,0,f,0000000000000000,5555aaaa,0,00000000,0,0,1,1,0,1,0,0,0,0,1,1,1,0,0,1,1,0,0,1,0,0,1,0,1,1,0,0,0,0,1,0,0,0,0,0,0,0,0,0,0,0,0,0,0,0,0,0,0,0,0,0,0,0,0,0,0,0
463,463,0,12896962919,17,00000000,0,14,2000000,4000,1,20000,2000000,"S_SAMPLE",16,2000000,2000000,21845,43690,"",00000000000000000000000000000000,"","",0,0,00,00,"S_WAIT_UTC",00,00,00,00,00,12896962919,"2",2394167296,4294439296,6656921312,ffffeb60,4263287296,0,1111,0000,00,"",0,00000000,"",0,1,"",0,0,000000000000000000,"","",0,0,f,0000000000000000,5555aaaa,0,00000000,0,0,1,1,0,1,0,0,0,0,1,1,1,0,0,1,1,0,0,1,0,0,1,0,1,1,0,0,0,0,1,0,0,0,0,0,0,0,0,0,0,0,0,0,0,0,0,0,0,0,0,0,0,0,0,0,0,0
464,464,0,12896962920,17,00000000,0,14,2000000,4000,1,20000,2000000,"S_SAMPLE",16,2000000,2000000,21845,43690,"",00000000000000000000000000000000,"","",0,0,00,00,"S_WAIT_UTC",00,00,00,00,00,12896962920,"2",2394167296,4294439296,6656921312,ffffeb60,4263287296,0,1111,0000,00,"",0,00000000,"",0,1,"",0,0,000000000000000000,"","",0,0,f,0000000000000000,5555aaaa,0,00000000,0,0,1,1,0,1,0,0,0,0,1,1,1,0,0,1,1,0,0,1,0,0,1,0,1,1,0,0,0,0,1,0,0,0,0,0,0,0,0,0,0,0,0,0,0,0,0,0,0,0,0,0,0,0,0,0,0,0
465,465,0,12896962921,17,00000000,0,14,2000000,4000,1,20000,2000000,"S_SAMPLE",16,2000000,2000000,21845,43690,"",00000000000000000000000000000000,"","",0,0,00,00,"S_WAIT_UTC",00,00,00,00,00,12896962921,"2",2394167296,4294439296,6656921312,ffffeb60,4263287296,0,1111,0000,00,"",0,00000000,"",0,1,"",0,0,000000000000000000,"","",0,0,f,0000000000000000,5555aaaa,0,00000000,0,0,1,1,0,1,0,0,0,0,1,1,1,0,0,1,1,0,0,1,0,0,1,0,1,1,0,0,0,0,1,0,0,0,0,0,0,0,0,0,0,0,0,0,0,0,0,0,0,0,0,0,0,0,0,0,0,0
466,466,0,12896962922,17,00000000,0,14,2000000,4000,1,20000,2000000,"S_SAMPLE",16,2000000,2000000,21845,43690,"",00000000000000000000000000000000,"","",0,0,00,00,"S_WAIT_UTC",00,00,00,00,00,12896962922,"2",2394167296,4294439296,6656921312,ffffeb60,4263287296,0,1111,0000,00,"",0,00000000,"",0,1,"",0,0,000000000000000000,"","",0,0,f,0000000000000000,5555aaaa,0,00000000,0,0,1,1,0,1,0,0,0,0,1,1,1,0,0,1,1,0,0,1,0,0,1,0,1,1,0,0,0,0,1,0,0,0,0,0,0,0,0,0,0,0,0,0,0,0,0,0,0,0,0,0,0,0,0,0,0,0
467,467,0,12896962923,17,00000000,0,14,2000000,4000,1,20000,2000000,"S_SAMPLE",16,2000000,2000000,21845,43690,"",00000000000000000000000000000000,"","",0,0,00,00,"S_WAIT_UTC",00,00,00,00,00,12896962923,"2",2394167296,4294439296,6656921312,ffffeb60,4263287296,0,1111,0000,00,"",0,00000000,"",0,1,"",0,0,000000000000000000,"","",0,0,f,0000000000000000,5555aaaa,0,00000000,0,0,1,1,0,1,0,0,0,0,1,1,1,0,0,1,1,0,0,1,0,0,1,0,1,1,0,0,0,0,1,0,0,0,0,0,0,0,0,0,0,0,0,0,0,0,0,0,0,0,0,0,0,0,0,0,0,0
468,468,0,12896962924,17,00000000,0,14,2000000,4000,1,20000,2000000,"S_SAMPLE",16,2000000,2000000,21845,43690,"",00000000000000000000000000000000,"","",0,0,00,00,"S_WAIT_UTC",00,00,00,00,00,12896962924,"2",2394167296,4294439296,6656921312,ffffeb60,4263287296,0,1111,0000,00,"",0,00000000,"",0,1,"",0,0,000000000000000000,"","",0,0,f,0000000000000000,5555aaaa,0,00000000,0,0,1,1,0,1,0,0,0,0,1,1,1,0,0,1,1,0,0,1,0,0,1,0,1,1,0,0,0,0,1,0,0,0,0,0,0,0,0,0,0,0,0,0,0,0,0,0,0,0,0,0,0,0,0,0,0,0
469,469,0,12896962925,17,00000000,0,14,2000000,4000,1,20000,2000000,"S_SAMPLE",16,2000000,2000000,21845,43690,"",00000000000000000000000000000000,"","",0,0,00,00,"S_WAIT_UTC",00,00,00,00,00,12896962925,"2",2394167296,4294439296,6656921312,ffffeb60,4263287296,0,1111,0000,00,"",0,00000000,"",0,1,"",0,0,000000000000000000,"","",0,0,f,0000000000000000,5555aaaa,0,00000000,0,0,1,1,0,1,0,0,0,0,1,1,1,0,0,1,1,0,0,1,0,0,1,0,1,1,0,0,0,0,1,0,0,0,0,0,0,0,0,0,0,0,0,0,0,0,0,0,0,0,0,0,0,0,0,0,0,0
470,470,0,12896962926,17,00000000,0,14,2000000,4000,1,20000,2000000,"S_SAMPLE",16,2000000,2000000,21845,43690,"",00000000000000000000000000000000,"","",0,0,00,00,"S_WAIT_UTC",00,00,00,00,00,12896962926,"2",2394167296,4294439296,6656921312,ffffeb60,4263287296,0,1111,0000,00,"",0,00000000,"",0,1,"",0,0,000000000000000000,"","",0,0,f,0000000000000000,5555aaaa,0,00000000,0,0,1,1,0,1,0,0,0,0,1,1,1,0,0,1,1,0,0,1,0,0,1,0,1,1,0,0,0,0,1,0,0,0,0,0,0,0,0,0,0,0,0,0,0,0,0,0,0,0,0,0,0,0,0,0,0,0
471,471,0,12896962927,17,00000000,0,14,2000000,4000,1,20000,2000000,"S_SAMPLE",16,2000000,2000000,21845,43690,"",00000000000000000000000000000000,"","",0,0,00,00,"S_WAIT_UTC",00,00,00,00,00,12896962927,"2",2394167296,4294439296,6656921312,ffffeb60,4263287296,0,1111,0000,00,"",0,00000000,"",0,1,"",0,0,000000000000000000,"","",0,0,f,0000000000000000,5555aaaa,0,00000000,0,0,1,1,0,1,0,0,0,0,1,1,1,0,0,1,1,0,0,1,0,0,1,0,1,1,0,0,0,0,1,0,0,0,0,0,0,0,0,0,0,0,0,0,0,0,0,0,0,0,0,0,0,0,0,0,0,0
472,472,0,12896962928,17,00000000,0,14,2000000,4000,1,20000,2000000,"S_SAMPLE",16,2000000,2000000,21845,43690,"",00000000000000000000000000000000,"","",0,0,00,00,"S_WAIT_UTC",00,00,00,00,00,12896962928,"2",2394167296,4294439296,6656921312,ffffeb60,4263287296,0,1111,0000,00,"",0,00000000,"",0,1,"",0,0,000000000000000000,"","",0,0,f,0000000000000000,5555aaaa,0,00000000,0,0,1,1,0,1,0,0,0,0,1,1,1,0,0,1,1,0,0,1,0,0,1,0,1,1,0,0,0,0,1,0,0,0,0,0,0,0,0,0,0,0,0,0,0,0,0,0,0,0,0,0,0,0,0,0,0,0
473,473,0,12896962929,18,00000000,0,14,2000000,4000,1,20000,2000000,"S_SAMPLE",17,2000000,2000000,21845,43690,"",00000000000000000000000000000000,"","",0,0,00,00,"S_WAIT_UTC",00,00,00,00,00,12896962929,"2",2394167296,4294439296,6656921312,ffffeb60,4263287296,0,1111,0000,00,"",0,00000000,"",0,1,"",0,0,000000000000000000,"","",0,0,f,0000000000000000,5555aaaa,0,00000000,0,0,1,1,0,1,0,0,0,0,1,1,1,0,0,1,1,0,0,1,0,0,1,0,1,1,0,0,0,0,1,0,0,0,0,0,0,0,0,0,0,0,0,0,0,0,0,0,0,0,0,0,0,0,0,0,0,0
474,474,0,12896962930,18,00000000,0,14,2000000,4000,1,20000,2000000,"S_SAMPLE",17,2000000,2000000,21845,43690,"",00000000000000000000000000000000,"","",0,0,00,00,"S_WAIT_UTC",00,00,00,00,00,12896962930,"2",2394167296,4294439296,6656921312,ffffeb60,4263287296,0,1111,0000,00,"",0,00000000,"",0,1,"",0,0,000000000000000000,"","",0,0,f,0000000000000000,5555aaaa,0,00000000,0,0,1,1,0,1,0,0,0,0,1,1,1,0,0,1,1,0,0,1,0,0,1,0,1,1,0,0,0,0,1,0,0,0,0,0,0,0,0,0,0,0,0,0,0,0,0,0,0,0,0,0,0,0,0,0,0,0
475,475,0,12896962931,18,00000000,0,14,2000000,4000,1,20000,2000000,"S_SAMPLE",17,2000000,2000000,21845,43690,"",00000000000000000000000000000000,"","",0,0,00,00,"S_WAIT_UTC",00,00,00,00,00,12896962931,"2",2394167296,4294439296,6656921312,ffffeb60,4263287296,0,1111,0000,00,"",0,00000000,"",0,1,"",0,0,000000000000000000,"","",0,0,f,0000000000000000,5555aaaa,0,00000000,0,0,1,1,0,1,0,0,0,0,1,1,1,0,0,1,1,0,0,1,0,0,1,0,1,1,0,0,0,0,1,0,0,0,0,0,0,0,0,0,0,0,0,0,0,0,0,0,0,0,0,0,0,0,0,0,0,0
476,476,0,12896962932,18,00000000,0,14,2000000,4000,1,20000,2000000,"S_SAMPLE",17,2000000,2000000,21845,43690,"",00000000000000000000000000000000,"","",0,0,00,00,"S_WAIT_UTC",00,00,00,00,00,12896962932,"2",2394167296,4294439296,6656921312,ffffeb60,4263287296,0,1111,0000,00,"",0,00000000,"",0,1,"",0,0,000000000000000000,"","",0,0,f,0000000000000000,5555aaaa,0,00000000,0,0,1,1,0,1,0,0,0,0,1,1,1,0,0,1,1,0,0,1,0,0,1,0,1,1,0,0,0,0,1,0,0,0,0,0,0,0,0,0,0,0,0,0,0,0,0,0,0,0,0,0,0,0,0,0,0,0
477,477,0,12896962933,18,00000000,0,14,2000000,4000,1,20000,2000000,"S_SAMPLE",17,2000000,2000000,21845,43690,"",00000000000000000000000000000000,"","",0,0,00,00,"S_WAIT_UTC",00,00,00,00,00,12896962933,"2",2394167296,4294439296,6656921312,ffffeb60,4263287296,0,1111,0000,00,"",0,00000000,"",0,1,"",0,0,000000000000000000,"","",0,0,f,0000000000000000,5555aaaa,0,00000000,1,0,1,1,0,1,0,0,0,0,1,0,1,0,0,1,1,0,0,1,0,0,1,0,1,1,0,0,0,0,1,0,0,0,0,0,0,0,0,0,0,0,0,0,0,0,0,0,0,0,0,0,0,0,0,0,0,0
478,478,0,12896962934,18,00000000,0,14,2000000,4000,1,20000,2000000,"S_SAMPLE",17,2000000,2000000,43690,43690,"",00000000000000000000000000000000,"","",0,0,00,00,"S_WAIT_UTC",00,00,00,00,00,12896962934,"2",2394167296,4294439296,6656921312,ffffeb60,4263287296,0,1111,0000,00,"",0,00000000,"",0,1,"",0,0,000000000000000000,"","",0,0,f,0000000000000000,5555aaaa,0,00000000,0,1,1,1,0,1,0,0,0,0,1,1,1,0,0,1,1,0,0,1,1,0,1,0,1,1,0,0,0,0,1,0,0,0,0,0,0,0,0,0,0,0,0,0,0,0,0,0,0,0,0,0,0,0,0,0,0,0
479,479,0,12896962935,18,00000000,0,14,2000000,4000,1,20000,2000000,"S_SAMPLE",17,2000000,2000000,43690,43690,"",00000000000000000000000000000000,"","",0,0,00,00,"S_WAIT_UTC",00,00,00,00,00,12896962935,"2",2394167296,4294439296,6656921312,ffffeb60,4263287296,0,1111,0000,00,"",0,00000000,"",0,1,"",0,0,000000000000000000,"","",0,0,f,0000000000000000,5555aaaa,0,00000000,0,0,1,1,0,1,0,0,0,0,1,1,1,0,0,1,1,0,0,1,0,0,1,0,1,1,0,0,0,0,1,0,0,0,0,0,0,0,0,0,0,0,0,0,0,0,0,0,0,0,0,0,0,0,0,0,0,0
480,480,0,12896962936,18,00000000,0,15,2000000,4000,1,20000,2000000,"S_SAMPLE",17,2000000,2000000,43690,43690,"",00000000000000000000000000000000,"","",0,0,00,00,"S_WAIT_UTC",00,00,00,00,00,12896962936,"2",2394167296,4294439296,6656921312,ffffeb60,4263287296,0,1111,0000,00,"",0,00000000,"",0,1,"",0,0,000000000000000000,"","",0,0,f,0000000000000000,5555aaaa,0,00000000,0,0,1,1,0,1,0,0,0,0,1,1,1,0,0,1,1,0,0,1,0,0,1,0,1,1,0,0,0,0,1,0,0,0,0,0,0,0,0,0,0,0,0,0,0,0,0,0,0,0,0,0,0,0,0,0,0,0
481,481,0,12896962937,18,00000000,0,15,2000000,4000,1,20000,2000000,"S_SAMPLE",17,2000000,2000000,43690,43690,"",00000000000000000000000000000000,"","",0,0,00,00,"S_WAIT_UTC",00,00,00,00,00,12896962937,"2",2394167296,4294439296,6656921312,ffffeb60,4263287296,0,1111,0000,00,"",0,00000000,"",0,1,"",0,0,000000000000000000,"","",0,0,f,0000000000000000,5555aaaa,0,00000000,0,0,1,1,0,1,0,0,0,0,1,1,1,0,0,1,1,0,0,1,0,0,1,0,1,1,0,0,0,0,1,0,0,0,0,0,0,0,0,0,0,0,0,0,0,0,0,0,0,0,0,0,0,0,0,0,0,0
482,482,0,12896962938,18,00000000,0,15,2000000,4000,1,20000,2000000,"S_SAMPLE",17,2000000,2000000,43690,43690,"",00000000000000000000000000000000,"","",0,0,00,00,"S_WAIT_UTC",00,00,00,00,00,12896962938,"2",2394167296,4294439296,6656921312,ffffeb60,4263287296,0,1111,0000,00,"",0,00000000,"",0,1,"",0,0,000000000000000000,"","",0,0,f,0000000000000000,5555aaaa,0,00000000,0,0,1,1,0,1,0,0,0,0,1,1,1,0,0,1,1,0,0,1,0,0,1,0,1,1,0,0,0,0,1,0,0,0,0,0,0,0,0,0,0,0,0,0,0,0,0,0,0,0,0,0,0,0,0,0,0,0
483,483,0,12896962939,18,00000000,0,15,2000000,4000,1,20000,2000000,"S_SAMPLE",17,2000000,2000000,43690,43690,"",00000000000000000000000000000000,"","",0,0,00,00,"S_WAIT_UTC",00,00,00,00,00,12896962939,"2",2394167296,4294439296,6656921312,ffffeb60,4263287296,0,1111,0000,00,"",0,00000000,"",0,1,"",0,0,000000000000000000,"","",0,0,f,0000000000000000,5555aaaa,0,00000000,0,0,1,1,0,1,0,0,0,0,1,1,1,0,0,1,1,0,0,1,0,0,1,0,1,1,0,0,0,0,1,0,0,0,0,0,0,0,0,0,0,0,0,0,0,0,0,0,0,0,0,0,0,0,0,0,0,0
484,484,0,12896962940,18,00000000,0,15,2000000,4000,1,20000,2000000,"S_SAMPLE",17,2000000,2000000,43690,43690,"",00000000000000000000000000000000,"","",0,0,00,00,"S_WAIT_UTC",00,00,00,00,00,12896962940,"2",2394167296,4294439296,6656921312,ffffeb60,4263287296,0,1111,0000,00,"",0,00000000,"",0,1,"",0,0,000000000000000000,"","",0,0,f,0000000000000000,5555aaaa,0,00000000,0,0,1,1,0,1,0,0,0,0,1,1,1,0,0,1,1,0,0,1,0,0,1,0,1,1,0,0,0,0,1,0,0,0,0,0,0,0,0,0,0,0,0,0,0,0,0,0,0,0,0,0,0,0,0,0,0,0
485,485,0,12896962941,18,00000000,0,15,2000000,4000,1,20000,2000000,"S_SAMPLE",17,2000000,2000000,43690,21845,"",00000000000000000000000000000000,"","",0,0,00,00,"S_WAIT_UTC",00,00,00,00,00,12896962941,"2",2394167296,4294439296,6656921312,ffffeb60,4263287296,0,1111,0000,00,"",0,00000000,"",0,1,"",0,0,000000000000000000,"","",0,0,f,0000000000000000,5555aaaa,0,00000000,0,0,1,1,0,1,0,0,0,0,1,1,1,0,0,1,1,0,0,1,0,0,1,0,1,1,0,0,0,0,1,0,0,0,0,0,0,0,0,0,0,0,0,0,0,0,0,0,0,0,0,0,0,0,0,0,0,0
486,486,0,12896962942,18,00000000,0,15,2000000,4000,1,20000,2000000,"S_SAMPLE",17,2000000,2000000,43690,21845,"",00000000000000000000000000000000,"","",0,0,00,00,"S_WAIT_UTC",00,00,00,00,00,12896962942,"2",2394167296,4294439296,6656921312,ffffeb60,4263287296,0,1111,0000,00,"",0,00000000,"",0,1,"",0,0,000000000000000000,"","",0,0,f,0000000000000000,5555aaaa,0,00000000,0,0,1,1,0,1,0,0,0,0,1,1,1,0,0,1,1,0,0,1,0,0,1,0,1,1,0,0,0,0,1,0,0,0,0,0,0,0,0,0,0,0,0,0,0,0,0,0,0,0,0,0,0,0,0,0,0,0
487,487,0,12896962943,18,00000000,0,15,2000000,4000,1,20000,2000000,"S_SAMPLE",17,2000000,2000000,43690,21845,"",00000000000000000000000000000000,"","",0,0,00,00,"S_WAIT_UTC",00,00,00,00,00,12896962943,"2",2394167296,4294439296,6656921312,ffffeb60,4263287296,0,1111,0000,00,"",0,00000000,"",0,1,"",0,0,000000000000000000,"","",0,0,f,0000000000000000,5555aaaa,0,00000000,0,0,1,1,0,1,0,0,0,0,1,1,1,0,0,1,1,0,0,1,0,0,1,0,1,1,0,0,0,0,1,0,0,0,0,0,0,0,0,0,0,0,0,0,0,0,0,0,0,0,0,0,0,0,0,0,0,0
488,488,0,12896962944,18,00000000,0,15,2000000,4000,1,20000,2000000,"S_SAMPLE",17,2000000,2000000,43690,21845,"",00000000000000000000000000000000,"","",0,0,00,00,"S_WAIT_UTC",00,00,00,00,00,12896962944,"2",2394167296,4294439296,6656921312,ffffeb60,4263287296,0,1111,0000,00,"",0,00000000,"",0,1,"",0,0,000000000000000000,"","",0,0,f,0000000000000000,5555aaaa,0,00000000,0,0,1,1,0,1,0,0,0,0,1,1,1,0,0,1,1,0,0,1,0,0,1,0,1,1,0,0,0,0,1,0,0,0,0,0,0,0,0,0,0,0,0,0,0,0,0,0,0,0,0,0,0,0,0,0,0,0
489,489,0,12896962945,18,00000000,0,15,2000000,4000,1,20000,2000000,"S_SAMPLE",17,2000000,2000000,43690,21845,"",00000000000000000000000000000000,"","",0,0,00,00,"S_WAIT_UTC",00,00,00,00,00,12896962945,"2",2394167296,4294439296,6656921312,ffffeb60,4263287296,0,1111,0000,00,"",0,00000000,"",0,1,"",0,0,000000000000000000,"","",0,0,f,0000000000000000,5555aaaa,0,00000000,0,0,1,1,0,1,0,0,0,0,1,1,1,0,0,1,1,0,0,1,0,0,1,0,1,1,0,0,0,0,1,0,0,0,0,0,0,0,0,0,0,0,0,0,0,0,0,0,0,0,0,0,0,0,0,0,0,0
490,490,0,12896962946,18,00000000,0,15,2000000,4000,1,20000,2000000,"S_SAMPLE",17,2000000,2000000,43690,21845,"",00000000000000000000000000000000,"","",0,0,00,00,"S_WAIT_UTC",00,00,00,00,00,12896962946,"2",2394167296,4294439296,6656921312,ffffeb60,4263287296,0,1111,0000,00,"",0,00000000,"",0,1,"",0,0,000000000000000000,"","",0,0,f,0000000000000000,5555aaaa,0,00000000,0,0,1,1,0,1,0,0,0,0,1,1,1,0,0,1,1,0,0,1,0,0,1,0,1,1,0,0,0,0,1,0,0,0,0,0,0,0,0,0,0,0,0,0,0,0,0,0,0,0,0,0,0,0,0,0,0,0
491,491,0,12896962947,18,00000000,0,15,2000000,4000,1,20000,2000000,"S_SAMPLE",17,2000000,2000000,43690,21845,"",00000000000000000000000000000000,"","",0,0,00,00,"S_WAIT_UTC",00,00,00,00,00,12896962947,"2",2394167296,4294439296,6656921312,ffffeb60,4263287296,0,1111,0000,00,"",0,00000000,"",0,1,"",0,0,000000000000000000,"","",0,0,f,0000000000000000,5555aaaa,0,00000000,0,0,1,1,0,1,0,0,0,0,1,1,1,0,0,1,1,0,0,1,0,0,1,0,1,1,0,0,0,0,1,0,0,0,0,0,0,0,0,0,0,0,0,0,0,0,0,0,0,0,0,0,0,0,0,0,0,0
492,492,0,12896962948,18,00000000,0,15,2000000,4000,1,20000,2000000,"S_SAMPLE",17,2000000,2000000,43690,21845,"",00000000000000000000000000000000,"","",0,0,00,00,"S_WAIT_UTC",00,00,00,00,00,12896962948,"2",2394167296,4294439296,6656921312,ffffeb60,4263287296,0,1111,0000,00,"",0,00000000,"",0,1,"",0,0,000000000000000000,"","",0,0,f,0000000000000000,5555aaaa,0,00000000,0,0,1,1,0,1,0,0,0,0,1,1,1,0,0,1,1,0,0,1,0,0,1,0,1,1,0,0,0,0,1,0,0,0,0,0,0,0,0,0,0,0,0,0,0,0,0,0,0,0,0,0,0,0,0,0,0,0
493,493,0,12896962949,18,00000000,0,15,2000000,4000,1,20000,2000000,"S_SAMPLE",17,2000000,2000000,43690,21845,"",00000000000000000000000000000000,"","",0,0,00,00,"S_WAIT_UTC",00,00,00,00,00,12896962949,"2",2394167296,4294439296,6656921312,ffffeb60,4263287296,0,1111,0000,00,"",0,00000000,"",0,1,"",0,0,000000000000000000,"","",0,0,f,0000000000000000,5555aaaa,0,00000000,0,0,1,1,0,1,0,0,0,0,1,1,1,0,0,1,1,0,0,1,0,0,1,0,1,1,0,0,0,0,1,0,0,0,0,0,0,0,0,0,0,0,0,0,0,0,0,0,0,0,0,0,0,0,0,0,0,0
494,494,0,12896962950,18,00000000,0,15,2000000,4000,1,20000,2000000,"S_SAMPLE",17,2000000,2000000,43690,21845,"",00000000000000000000000000000000,"","",0,0,00,00,"S_WAIT_UTC",00,00,00,00,00,12896962950,"2",2394167296,4294439296,6656921312,ffffeb60,4263287296,0,1111,0000,00,"",0,00000000,"",0,1,"",0,0,000000000000000000,"","",0,0,f,0000000000000000,5555aaaa,0,00000000,0,0,1,1,0,1,0,0,0,0,1,1,1,0,0,1,1,0,0,1,0,0,1,0,1,1,0,0,0,0,1,0,0,0,0,0,0,0,0,0,0,0,0,0,0,0,0,0,0,0,0,0,0,0,0,0,0,0
495,495,0,12896962951,18,00000000,0,15,2000000,4000,1,20000,2000000,"S_SAMPLE",17,2000000,2000000,43690,21845,"",00000000000000000000000000000000,"","",0,0,00,00,"S_WAIT_UTC",00,00,00,00,00,12896962951,"2",2394167296,4294439296,6656921312,ffffeb60,4263287296,0,1111,0000,00,"",0,00000000,"",0,1,"",0,0,000000000000000000,"","",0,0,f,0000000000000000,5555aaaa,0,00000000,0,0,1,1,0,1,0,0,0,0,1,1,1,0,0,1,1,0,0,1,0,0,1,0,1,1,0,0,0,0,1,0,0,0,0,0,0,0,0,0,0,0,0,0,0,0,0,0,0,0,0,0,0,0,0,0,0,0
496,496,0,12896962952,18,00000000,0,15,2000000,4000,1,20000,2000000,"S_SAMPLE",17,2000000,2000000,43690,21845,"",00000000000000000000000000000000,"","",0,0,00,00,"S_WAIT_UTC",00,00,00,00,00,12896962952,"2",2394167296,4294439296,6656921312,ffffeb60,4263287296,0,1111,0000,00,"",0,00000000,"",0,1,"",0,0,000000000000000000,"","",0,0,f,0000000000000000,5555aaaa,0,00000000,0,0,1,1,0,1,0,0,0,0,1,1,1,0,0,1,1,0,0,1,0,0,1,0,1,1,0,0,0,0,1,0,0,0,0,0,0,0,0,0,0,0,0,0,0,0,0,0,0,0,0,0,0,0,0,0,0,0
497,497,0,12896962953,18,00000000,0,15,2000000,4000,1,20000,2000000,"S_SAMPLE",17,2000000,2000000,43690,21845,"",00000000000000000000000000000000,"","",0,0,00,00,"S_WAIT_UTC",00,00,00,00,00,12896962953,"2",2394167296,4294439296,6656921312,ffffeb60,4263287296,0,1111,0000,00,"",0,00000000,"",0,1,"",0,0,000000000000000000,"","",0,0,f,0000000000000000,5555aaaa,0,00000000,0,0,1,1,0,1,0,0,0,0,1,1,1,0,0,1,1,0,0,1,0,0,1,0,1,1,0,0,0,0,1,0,0,0,0,0,0,0,0,0,0,0,0,0,0,0,0,0,0,0,0,0,0,0,0,0,0,0
498,498,0,12896962954,19,00000000,0,15,2000000,4000,1,20000,2000000,"S_SAMPLE",18,2000000,2000000,43690,21845,"",00000000000000000000000000000000,"","",0,0,00,00,"S_WAIT_UTC",00,00,00,00,00,12896962954,"2",2394167296,4294439296,6656921312,ffffeb60,4263287296,0,1111,0000,00,"",0,00000000,"",0,1,"",0,0,000000000000000000,"","",0,0,f,0000000000000000,5555aaaa,0,00000000,0,0,1,1,0,1,0,0,0,0,1,1,1,0,0,1,1,0,0,1,0,0,1,0,1,1,0,0,0,0,1,0,0,0,0,0,0,0,0,0,0,0,0,0,0,0,0,0,0,0,0,0,0,0,0,0,0,0
499,499,0,12896962955,19,00000000,0,15,2000000,4000,1,20000,2000000,"S_SAMPLE",18,2000000,2000000,43690,21845,"",00000000000000000000000000000000,"","",0,0,00,00,"S_WAIT_UTC",00,00,00,00,00,12896962955,"2",2394167296,4294439296,6656921312,ffffeb60,4263287296,0,1111,0000,00,"",0,00000000,"",0,1,"",0,0,000000000000000000,"","",0,0,f,0000000000000000,5555aaaa,0,00000000,0,0,1,1,0,1,0,0,0,0,1,1,1,0,0,1,1,0,0,1,0,0,1,0,1,1,0,0,0,0,1,0,0,0,0,0,0,0,0,0,0,0,0,0,0,0,0,0,0,0,0,0,0,0,0,0,0,0
500,500,0,12896962956,19,00000000,0,15,2000000,4000,1,20000,2000000,"S_SAMPLE",18,2000000,2000000,43690,21845,"",00000000000000000000000000000000,"","",0,0,00,00,"S_WAIT_UTC",00,00,00,00,00,12896962956,"2",2394167296,4294439296,6656921312,ffffeb60,4263287296,0,1111,0000,00,"",0,00000000,"",0,1,"",0,0,000000000000000000,"","",0,0,f,0000000000000000,5555aaaa,0,00000000,0,0,1,1,0,1,0,0,0,0,1,1,1,0,0,1,1,0,0,1,0,0,1,0,1,1,0,0,0,0,1,0,0,0,0,0,0,0,0,0,0,0,0,0,0,0,0,0,0,0,0,0,0,0,0,0,0,0
501,501,0,12896962957,19,00000000,0,15,2000000,4000,1,20000,2000000,"S_SAMPLE",18,2000000,2000000,43690,21845,"",00000000000000000000000000000000,"","",0,0,00,00,"S_WAIT_UTC",00,00,00,00,00,12896962957,"2",2394167296,4294439296,6656921312,ffffeb60,4263287296,0,1111,0000,00,"",0,00000000,"",0,1,"",0,0,000000000000000000,"","",0,0,f,0000000000000000,5555aaaa,0,00000000,0,0,1,1,0,1,0,0,0,0,1,1,1,0,0,1,1,0,0,1,0,0,1,0,1,1,0,0,0,0,1,0,0,0,0,0,0,0,0,0,0,0,0,0,0,0,0,0,0,0,0,0,0,0,0,0,0,0
502,502,0,12896962958,19,00000000,0,15,2000000,4000,1,20000,2000000,"S_SAMPLE",18,2000000,2000000,43690,21845,"",00000000000000000000000000000000,"","",0,0,00,00,"S_WAIT_UTC",00,00,00,00,00,12896962958,"2",2394167296,4294439296,6656921312,ffffeb60,4263287296,0,1111,0000,00,"",0,00000000,"",0,1,"",0,0,000000000000000000,"","",0,0,f,0000000000000000,5555aaaa,0,00000000,1,0,1,1,0,1,0,0,0,0,1,0,1,0,0,1,1,0,0,1,0,0,1,0,1,1,0,0,0,0,1,0,0,0,0,0,0,0,0,0,0,0,0,0,0,0,0,0,0,0,0,0,0,0,0,0,0,0
503,503,0,12896962959,19,00000000,0,15,2000000,4000,1,20000,2000000,"S_SAMPLE",18,2000000,2000000,21845,21845,"",00000000000000000000000000000000,"","",0,0,00,00,"S_WAIT_UTC",00,00,00,00,00,12896962959,"2",2394167296,4294439296,6656921312,ffffeb60,4263287296,0,1111,0000,00,"",0,00000000,"",0,1,"",0,0,000000000000000000,"","",0,0,f,0000000000000000,5555aaaa,0,00000000,0,1,1,1,0,1,0,0,0,0,1,1,1,0,0,1,1,0,0,1,1,0,1,0,1,1,0,0,0,0,1,0,0,0,0,0,0,0,0,0,0,0,0,0,0,0,0,0,0,0,0,0,0,0,0,0,0,0
504,504,0,12896962960,19,00000000,0,15,2000000,4000,1,20000,2000000,"S_SAMPLE",18,2000000,2000000,21845,21845,"",00000000000000000000000000000000,"","",0,0,00,00,"S_WAIT_UTC",00,00,00,00,00,12896962960,"2",2394167296,4294439296,6656921312,ffffeb60,4263287296,0,1111,0000,00,"",0,00000000,"",0,1,"",0,0,000000000000000000,"","",0,0,f,0000000000000000,5555aaaa,0,00000000,0,0,1,1,0,1,0,0,0,0,1,1,1,0,0,1,1,0,0,1,0,0,1,0,1,1,0,0,0,0,1,0,0,0,0,0,0,0,0,0,0,0,0,0,0,0,0,0,0,0,0,0,0,0,0,0,0,0
505,505,0,12896962961,19,00000000,0,16,2000000,4000,1,20000,2000000,"S_SAMPLE",18,2000000,2000000,21845,21845,"",00000000000000000000000000000000,"","",0,0,00,00,"S_WAIT_UTC",00,00,00,00,00,12896962961,"2",2394167296,4294439296,6656921312,ffffeb60,4263287296,0,1111,0000,00,"",0,00000000,"",0,1,"",0,0,000000000000000000,"","",0,0,f,0000000000000000,5555aaaa,0,00000000,0,0,1,1,0,1,0,0,0,0,1,1,1,0,0,1,1,0,0,1,0,0,1,0,1,1,0,0,0,0,1,0,0,0,0,0,0,0,0,0,0,0,0,0,0,0,0,0,0,0,0,0,0,0,0,0,0,0
506,506,0,12896962962,19,00000000,0,16,2000000,4000,1,20000,2000000,"S_SAMPLE",18,2000000,2000000,21845,21845,"",00000000000000000000000000000000,"","",0,0,00,00,"S_WAIT_UTC",00,00,00,00,00,12896962962,"2",2394167296,4294439296,6656921312,ffffeb60,4263287296,0,1111,0000,00,"",0,00000000,"",0,1,"",0,0,000000000000000000,"","",0,0,f,0000000000000000,5555aaaa,0,00000000,0,0,1,1,0,1,0,0,0,0,1,1,1,0,0,1,1,0,0,1,0,0,1,0,1,1,0,0,0,0,1,0,0,0,0,0,0,0,0,0,0,0,0,0,0,0,0,0,0,0,0,0,0,0,0,0,0,0
507,507,0,12896962963,19,00000000,0,16,2000000,4000,1,20000,2000000,"S_SAMPLE",18,2000000,2000000,21845,21845,"",00000000000000000000000000000000,"","",0,0,00,00,"S_WAIT_UTC",00,00,00,00,00,12896962963,"2",2394167296,4294439296,6656921312,ffffeb60,4263287296,0,1111,0000,00,"",0,00000000,"",0,1,"",0,0,000000000000000000,"","",0,0,f,0000000000000000,5555aaaa,0,00000000,0,0,1,1,0,1,0,0,0,0,1,1,1,0,0,1,1,0,0,1,0,0,1,0,1,1,0,0,0,0,1,0,0,0,0,0,0,0,0,0,0,0,0,0,0,0,0,0,0,0,0,0,0,0,0,0,0,0
508,508,0,12896962964,19,00000000,0,16,2000000,4000,1,20000,2000000,"S_SAMPLE",18,2000000,2000000,21845,21845,"",00000000000000000000000000000000,"","",0,0,00,00,"S_WAIT_UTC",00,00,00,00,00,12896962964,"2",2394167296,4294439296,6656921312,ffffeb60,4263287296,0,1111,0000,00,"",0,00000000,"",0,1,"",0,0,000000000000000000,"","",0,0,f,0000000000000000,5555aaaa,0,00000000,0,0,1,1,0,1,0,0,0,0,1,1,1,0,0,1,1,0,0,1,0,0,1,0,1,1,0,0,0,0,1,0,0,0,0,0,0,0,0,0,0,0,0,0,0,0,0,0,0,0,0,0,0,0,0,0,0,0
509,509,0,12896962965,19,00000000,0,16,2000000,4000,1,20000,2000000,"S_SAMPLE",18,2000000,2000000,21845,21845,"",00000000000000000000000000000000,"","",0,0,00,00,"S_WAIT_UTC",00,00,00,00,00,12896962965,"2",2394167296,4294439296,6656921312,ffffeb60,4263287296,0,1111,0000,00,"",0,00000000,"",0,1,"",0,0,000000000000000000,"","",0,0,f,0000000000000000,5555aaaa,0,00000000,0,0,1,1,0,1,0,0,0,0,1,1,1,0,0,1,1,0,0,1,0,0,1,0,1,1,0,0,0,0,1,0,0,0,0,0,0,0,0,0,0,0,0,0,0,0,0,0,0,0,0,0,0,0,0,0,0,0
510,510,0,12896962966,19,00000000,0,16,2000000,4000,1,20000,2000000,"S_SAMPLE",18,2000000,2000000,21845,43690,"",00000000000000000000000000000000,"","",0,0,00,00,"S_WAIT_UTC",00,00,00,00,00,12896962966,"2",2394167296,4294439296,6656921312,ffffeb60,4263287296,0,1111,0000,00,"",0,00000000,"",0,1,"",0,0,000000000000000000,"","",0,0,f,0000000000000000,5555aaaa,0,00000000,0,0,1,1,0,1,0,0,0,0,1,1,1,0,0,1,1,0,0,1,0,0,1,0,1,1,0,0,0,0,1,0,0,0,0,0,0,0,0,0,0,0,0,0,0,0,0,0,0,0,0,0,0,0,0,0,0,0
511,511,0,12896962967,19,00000000,0,16,2000000,4000,1,20000,2000000,"S_SAMPLE",18,2000000,2000000,21845,43690,"",00000000000000000000000000000000,"","",0,0,00,00,"S_WAIT_UTC",00,00,00,00,00,12896962967,"2",2394167296,4294439296,6656921312,ffffeb60,4263287296,0,1111,0000,00,"",0,00000000,"",0,1,"",0,0,000000000000000000,"","",0,0,f,0000000000000000,5555aaaa,0,00000000,0,0,1,1,0,1,0,0,0,0,1,1,1,0,0,1,1,0,0,1,0,0,1,0,1,1,0,0,0,0,1,0,0,0,0,0,0,0,0,0,0,0,0,0,0,0,0,0,0,0,0,0,0,0,0,0,0,0
512,512,0,12896962968,19,00000000,0,16,2000000,4000,1,20000,2000000,"S_SAMPLE",18,2000000,2000000,21845,43690,"",00000000000000000000000000000000,"","",0,0,00,00,"S_WAIT_UTC",00,00,00,00,00,12896962968,"2",2394167296,4294439296,6656921312,ffffeb60,4263287296,0,1111,0000,00,"",0,00000000,"",0,1,"",0,0,000000000000000000,"","",0,0,f,0000000000000000,5555aaaa,0,00000000,0,0,1,1,0,1,0,0,0,0,1,1,1,0,0,1,1,0,0,1,0,0,1,0,1,1,0,0,0,0,1,0,0,0,0,0,0,0,0,0,0,0,0,0,0,0,0,0,0,0,0,0,0,0,0,0,0,0
513,513,0,12896962969,19,00000000,0,16,2000000,4000,1,20000,2000000,"S_SAMPLE",18,2000000,2000000,21845,43690,"",00000000000000000000000000000000,"","",0,0,00,00,"S_WAIT_UTC",00,00,00,00,00,12896962969,"2",2394167296,4294439296,6656921312,ffffeb60,4263287296,0,1111,0000,00,"",0,00000000,"",0,1,"",0,0,000000000000000000,"","",0,0,f,0000000000000000,5555aaaa,0,00000000,0,0,1,1,0,1,0,0,0,0,1,1,1,0,0,1,1,0,0,1,0,0,1,0,1,1,0,0,0,0,1,0,0,0,0,0,0,0,0,0,0,0,0,0,0,0,0,0,0,0,0,0,0,0,0,0,0,0
514,514,0,12896962970,19,00000000,0,16,2000000,4000,1,20000,2000000,"S_SAMPLE",18,2000000,2000000,21845,43690,"",00000000000000000000000000000000,"","",0,0,00,00,"S_WAIT_UTC",00,00,00,00,00,12896962970,"2",2394167296,4294439296,6656921312,ffffeb60,4263287296,0,1111,0000,00,"",0,00000000,"",0,1,"",0,0,000000000000000000,"","",0,0,f,0000000000000000,5555aaaa,0,00000000,0,0,1,1,0,1,0,0,0,0,1,1,1,0,0,1,1,0,0,1,0,0,1,0,1,1,0,0,0,0,1,0,0,0,0,0,0,0,0,0,0,0,0,0,0,0,0,0,0,0,0,0,0,0,0,0,0,0
515,515,0,12896962971,19,00000000,0,16,2000000,4000,1,20000,2000000,"S_SAMPLE",18,2000000,2000000,21845,43690,"",00000000000000000000000000000000,"","",0,0,00,00,"S_WAIT_UTC",00,00,00,00,00,12896962971,"2",2394167296,4294439296,6656921312,ffffeb60,4263287296,0,1111,0000,00,"",0,00000000,"",0,1,"",0,0,000000000000000000,"","",0,0,f,0000000000000000,5555aaaa,0,00000000,0,0,1,1,0,1,0,0,0,0,1,1,1,0,0,1,1,0,0,1,0,0,1,0,1,1,0,0,0,0,1,0,0,0,0,0,0,0,0,0,0,0,0,0,0,0,0,0,0,0,0,0,0,0,0,0,0,0
516,516,0,12896962972,19,00000000,0,16,2000000,4000,1,20000,2000000,"S_SAMPLE",18,2000000,2000000,21845,43690,"",00000000000000000000000000000000,"","",0,0,00,00,"S_WAIT_UTC",00,00,00,00,00,12896962972,"2",2394167296,4294439296,6656921312,ffffeb60,4263287296,0,1111,0000,00,"",0,00000000,"",0,1,"",0,0,000000000000000000,"","",0,0,f,0000000000000000,5555aaaa,0,00000000,0,0,1,1,0,1,0,0,0,0,1,1,1,0,0,1,1,0,0,1,0,0,1,0,1,1,0,0,0,0,1,0,0,0,0,0,0,0,0,0,0,0,0,0,0,0,0,0,0,0,0,0,0,0,0,0,0,0
517,517,0,12896962973,19,00000000,0,16,2000000,4000,1,20000,2000000,"S_SAMPLE",18,2000000,2000000,21845,43690,"",00000000000000000000000000000000,"","",0,0,00,00,"S_WAIT_UTC",00,00,00,00,00,12896962973,"2",2394167296,4294439296,6656921312,ffffeb60,4263287296,0,1111,0000,00,"",0,00000000,"",0,1,"",0,0,000000000000000000,"","",0,0,f,0000000000000000,5555aaaa,0,00000000,0,0,1,1,0,1,0,0,0,0,1,1,1,0,0,1,1,0,0,1,0,0,1,0,1,1,0,0,0,0,1,0,0,0,0,0,0,0,0,0,0,0,0,0,0,0,0,0,0,0,0,0,0,0,0,0,0,0
518,518,0,12896962974,19,00000000,0,16,2000000,4000,1,20000,2000000,"S_SAMPLE",18,2000000,2000000,21845,43690,"",00000000000000000000000000000000,"","",0,0,00,00,"S_WAIT_UTC",00,00,00,00,00,12896962974,"2",2394167296,4294439296,6656921312,ffffeb60,4263287296,0,1111,0000,00,"",0,00000000,"",0,1,"",0,0,000000000000000000,"","",0,0,f,0000000000000000,5555aaaa,0,00000000,0,0,1,1,0,1,0,0,0,0,1,1,1,0,0,1,1,0,0,1,0,0,1,0,1,1,0,0,0,0,1,0,0,0,0,0,0,0,0,0,0,0,0,0,0,0,0,0,0,0,0,0,0,0,0,0,0,0
519,519,0,12896962975,19,00000000,0,16,2000000,4000,1,20000,2000000,"S_SAMPLE",18,2000000,2000000,21845,43690,"",00000000000000000000000000000000,"","",0,0,00,00,"S_WAIT_UTC",00,00,00,00,00,12896962975,"2",2394167296,4294439296,6656921312,ffffeb60,4263287296,0,1111,0000,00,"",0,00000000,"",0,1,"",0,0,000000000000000000,"","",0,0,f,0000000000000000,5555aaaa,0,00000000,0,0,1,1,0,1,0,0,0,0,1,1,1,0,0,1,1,0,0,1,0,0,1,0,1,1,0,0,0,0,1,0,0,0,0,0,0,0,0,0,0,0,0,0,0,0,0,0,0,0,0,0,0,0,0,0,0,0
520,520,0,12896962976,19,00000000,0,16,2000000,4000,1,20000,2000000,"S_SAMPLE",18,2000000,2000000,21845,43690,"",00000000000000000000000000000000,"","",0,0,00,00,"S_WAIT_UTC",00,00,00,00,00,12896962976,"2",2394167296,4294439296,6656921312,ffffeb60,4263287296,0,1111,0000,00,"",0,00000000,"",0,1,"",0,0,000000000000000000,"","",0,0,f,0000000000000000,5555aaaa,0,00000000,0,0,1,1,0,1,0,0,0,0,1,1,1,0,0,1,1,0,0,1,0,0,1,0,1,1,0,0,0,0,1,0,0,0,0,0,0,0,0,0,0,0,0,0,0,0,0,0,0,0,0,0,0,0,0,0,0,0
521,521,0,12896962977,19,00000000,0,16,2000000,4000,1,20000,2000000,"S_SAMPLE",18,2000000,2000000,21845,43690,"",00000000000000000000000000000000,"","",0,0,00,00,"S_WAIT_UTC",00,00,00,00,00,12896962977,"2",2394167296,4294439296,6656921312,ffffeb60,4263287296,0,1111,0000,00,"",0,00000000,"",0,1,"",0,0,000000000000000000,"","",0,0,f,0000000000000000,5555aaaa,0,00000000,0,0,1,1,0,1,0,0,0,0,1,1,1,0,0,1,1,0,0,1,0,0,1,0,1,1,0,0,0,0,1,0,0,0,0,0,0,0,0,0,0,0,0,0,0,0,0,0,0,0,0,0,0,0,0,0,0,0
522,522,0,12896962978,19,00000000,0,16,2000000,4000,1,20000,2000000,"S_SAMPLE",18,2000000,2000000,21845,43690,"",00000000000000000000000000000000,"","",0,0,00,00,"S_WAIT_UTC",00,00,00,00,00,12896962978,"2",2394167296,4294439296,6656921312,ffffeb60,4263287296,0,1111,0000,00,"",0,00000000,"",0,1,"",0,0,000000000000000000,"","",0,0,f,0000000000000000,5555aaaa,0,00000000,0,0,1,1,0,1,0,0,0,0,1,1,1,0,0,1,1,0,0,1,0,0,1,0,1,1,0,0,0,0,1,0,0,0,0,0,0,0,0,0,0,0,0,0,0,0,0,0,0,0,0,0,0,0,0,0,0,0
523,523,0,12896962979,20,00000000,0,16,2000000,4000,1,20000,2000000,"S_SAMPLE",19,2000000,2000000,21845,43690,"",00000000000000000000000000000000,"","",0,0,00,00,"S_WAIT_UTC",00,00,00,00,00,12896962979,"2",2394167296,4294439296,6656921312,ffffeb60,4263287296,0,1111,0000,00,"",0,00000000,"",0,1,"",0,0,000000000000000000,"","",0,0,f,0000000000000000,5555aaaa,0,00000000,0,0,1,1,0,1,0,0,0,0,1,1,1,0,0,1,1,0,0,1,0,0,1,0,1,1,0,0,0,0,1,0,0,0,0,0,0,0,0,0,0,0,0,0,0,0,0,0,0,0,0,0,0,0,0,0,0,0
524,524,0,12896962980,20,00000000,0,16,2000000,4000,1,20000,2000000,"S_SAMPLE",19,2000000,2000000,21845,43690,"",00000000000000000000000000000000,"","",0,0,00,00,"S_WAIT_UTC",00,00,00,00,00,12896962980,"2",2394167296,4294439296,6656921312,ffffeb60,4263287296,0,1111,0000,00,"",0,00000000,"",0,1,"",0,0,000000000000000000,"","",0,0,f,0000000000000000,5555aaaa,0,00000000,0,0,1,1,0,1,0,0,0,0,1,1,1,0,0,1,1,0,0,1,0,0,1,0,1,1,0,0,0,0,1,0,0,0,0,0,0,0,0,0,0,0,0,0,0,0,0,0,0,0,0,0,0,0,0,0,0,0
525,525,0,12896962981,20,00000000,0,16,2000000,4000,1,20000,2000000,"S_SAMPLE",19,2000000,2000000,21845,43690,"",00000000000000000000000000000000,"","",0,0,00,00,"S_WAIT_UTC",00,00,00,00,00,12896962981,"2",2394167296,4294439296,6656921312,ffffeb60,4263287296,0,1111,0000,00,"",0,00000000,"",0,1,"",0,0,000000000000000000,"","",0,0,f,0000000000000000,5555aaaa,0,00000000,0,0,1,1,0,1,0,0,0,0,1,1,1,0,0,1,1,0,0,1,0,0,1,0,1,1,0,0,0,0,1,0,0,0,0,0,0,0,0,0,0,0,0,0,0,0,0,0,0,0,0,0,0,0,0,0,0,0
526,526,0,12896962982,20,00000000,0,16,2000000,4000,1,20000,2000000,"S_SAMPLE",19,2000000,2000000,21845,43690,"",00000000000000000000000000000000,"","",0,0,00,00,"S_WAIT_UTC",00,00,00,00,00,12896962982,"2",2394167296,4294439296,6656921312,ffffeb60,4263287296,0,1111,0000,00,"",0,00000000,"",0,1,"",0,0,000000000000000000,"","",0,0,f,0000000000000000,5555aaaa,0,00000000,0,0,1,1,0,1,0,0,0,0,1,1,1,0,0,1,1,0,0,1,0,0,1,0,1,1,0,0,0,0,1,0,0,0,0,0,0,0,0,0,0,0,0,0,0,0,0,0,0,0,0,0,0,0,0,0,0,0
527,527,0,12896962983,20,00000000,0,16,2000000,4000,1,20000,2000000,"S_SAMPLE",19,2000000,2000000,21845,43690,"",00000000000000000000000000000000,"","",0,0,00,00,"S_WAIT_UTC",00,00,00,00,00,12896962983,"2",2394167296,4294439296,6656921312,ffffeb60,4263287296,0,1111,0000,00,"",0,00000000,"",0,1,"",0,0,000000000000000000,"","",0,0,f,0000000000000000,5555aaaa,0,00000000,1,0,1,1,0,1,0,0,0,0,1,0,1,0,0,1,1,0,0,1,0,0,1,0,1,1,0,0,0,0,1,0,0,0,0,0,0,0,0,0,0,0,0,0,0,0,0,0,0,0,0,0,0,0,0,0,0,0
528,528,0,12896962984,20,00000000,0,16,2000000,4000,1,20000,2000000,"S_SAMPLE",19,2000000,2000000,43690,43690,"",00000000000000000000000000000000,"","",0,0,00,00,"S_WAIT_UTC",00,00,00,00,00,12896962984,"2",2394167296,4294439296,6656921312,ffffeb60,4263287296,0,1111,0000,00,"",0,00000000,"",0,1,"",0,0,000000000000000000,"","",0,0,f,0000000000000000,5555aaaa,0,00000000,0,1,1,1,0,1,0,0,0,0,1,1,1,0,0,1,1,0,0,1,1,0,1,0,1,1,0,0,0,0,1,0,0,0,0,0,0,0,0,0,0,0,0,0,0,0,0,0,0,0,0,0,0,0,0,0,0,0
529,529,0,12896962985,20,00000000,0,16,2000000,4000,1,20000,2000000,"S_SAMPLE",19,2000000,2000000,43690,43690,"",00000000000000000000000000000000,"","",0,0,00,00,"S_WAIT_UTC",00,00,00,00,00,12896962985,"2",2394167296,4294439296,6656921312,ffffeb60,4263287296,0,1111,0000,00,"",0,00000000,"",0,1,"",0,0,000000000000000000,"","",0,0,f,0000000000000000,5555aaaa,0,00000000,0,0,1,1,0,1,0,0,0,0,1,1,1,0,0,1,1,0,0,1,0,0,1,0,1,1,0,0,0,0,1,0,0,0,0,0,0,0,0,0,0,0,0,0,0,0,0,0,0,0,0,0,0,0,0,0,0,0
530,530,0,12896962986,20,00000000,0,17,2000000,4000,1,20000,2000000,"S_SAMPLE",19,2000000,2000000,43690,43690,"",00000000000000000000000000000000,"","",0,0,00,00,"S_WAIT_UTC",00,00,00,00,00,12896962986,"2",2394167296,4294439296,6656921312,ffffeb60,4263287296,0,1111,0000,00,"",0,00000000,"",0,1,"",0,0,000000000000000000,"","",0,0,f,0000000000000000,5555aaaa,0,00000000,0,0,1,1,0,1,0,0,0,0,1,1,1,0,0,1,1,0,0,1,0,0,1,0,1,1,0,0,0,0,1,0,0,0,0,0,0,0,0,0,0,0,0,0,0,0,0,0,0,0,0,0,0,0,0,0,0,0
531,531,0,12896962987,20,00000000,0,17,2000000,4000,1,20000,2000000,"S_SAMPLE",19,2000000,2000000,43690,43690,"",00000000000000000000000000000000,"","",0,0,00,00,"S_WAIT_UTC",00,00,00,00,00,12896962987,"2",2394167296,4294439296,6656921312,ffffeb60,4263287296,0,1111,0000,00,"",0,00000000,"",0,1,"",0,0,000000000000000000,"","",0,0,f,0000000000000000,5555aaaa,0,00000000,0,0,1,1,0,1,0,0,0,0,1,1,1,0,0,1,1,0,0,1,0,0,1,0,1,1,0,0,0,0,1,0,0,0,0,0,0,0,0,0,0,0,0,0,0,0,0,0,0,0,0,0,0,0,0,0,0,0
532,532,0,12896962988,20,00000000,0,17,2000000,4000,1,20000,2000000,"S_SAMPLE",19,2000000,2000000,43690,43690,"",00000000000000000000000000000000,"","",0,0,00,00,"S_WAIT_UTC",00,00,00,00,00,12896962988,"2",2394167296,4294439296,6656921312,ffffeb60,4263287296,0,1111,0000,00,"",0,00000000,"",0,1,"",0,0,000000000000000000,"","",0,0,f,0000000000000000,5555aaaa,0,00000000,0,0,1,1,0,1,0,0,0,0,1,1,1,0,0,1,1,0,0,1,0,0,1,0,1,1,0,0,0,0,1,0,0,0,0,0,0,0,0,0,0,0,0,0,0,0,0,0,0,0,0,0,0,0,0,0,0,0
533,533,0,12896962989,20,00000000,0,17,2000000,4000,1,20000,2000000,"S_SAMPLE",19,2000000,2000000,43690,43690,"",00000000000000000000000000000000,"","",0,0,00,00,"S_WAIT_UTC",00,00,00,00,00,12896962989,"2",2394167296,4294439296,6656921312,ffffeb60,4263287296,0,1111,0000,00,"",0,00000000,"",0,1,"",0,0,000000000000000000,"","",0,0,f,0000000000000000,5555aaaa,0,00000000,0,0,1,1,0,1,0,0,0,0,1,1,1,0,0,1,1,0,0,1,0,0,1,0,1,1,0,0,0,0,1,0,0,0,0,0,0,0,0,0,0,0,0,0,0,0,0,0,0,0,0,0,0,0,0,0,0,0
534,534,0,12896962990,20,00000000,0,17,2000000,4000,1,20000,2000000,"S_SAMPLE",19,2000000,2000000,43690,43690,"",00000000000000000000000000000000,"","",0,0,00,00,"S_WAIT_UTC",00,00,00,00,00,12896962990,"2",2394167296,4294439296,6656921312,ffffeb60,4263287296,0,1111,0000,00,"",0,00000000,"",0,1,"",0,0,000000000000000000,"","",0,0,f,0000000000000000,5555aaaa,0,00000000,0,0,1,1,0,1,0,0,0,0,1,1,1,0,0,1,1,0,0,1,0,0,1,0,1,1,0,0,0,0,1,0,0,0,0,0,0,0,0,0,0,0,0,0,0,0,0,0,0,0,0,0,0,0,0,0,0,0
535,535,0,12896962991,20,00000000,0,17,2000000,4000,1,20000,2000000,"S_SAMPLE",19,2000000,2000000,43690,21845,"",00000000000000000000000000000000,"","",0,0,00,00,"S_WAIT_UTC",00,00,00,00,00,12896962991,"2",2394167296,4294439296,6656921312,ffffeb60,4263287296,0,1111,0000,00,"",0,00000000,"",0,1,"",0,0,000000000000000000,"","",0,0,f,0000000000000000,5555aaaa,0,00000000,0,0,1,1,0,1,0,0,0,0,1,1,1,0,0,1,1,0,0,1,0,0,1,0,1,1,0,0,0,0,1,0,0,0,0,0,0,0,0,0,0,0,0,0,0,0,0,0,0,0,0,0,0,0,0,0,0,0
536,536,0,12896962992,20,00000000,0,17,2000000,4000,1,20000,2000000,"S_SAMPLE",19,2000000,2000000,43690,21845,"",00000000000000000000000000000000,"","",0,0,00,00,"S_WAIT_UTC",00,00,00,00,00,12896962992,"2",2394167296,4294439296,6656921312,ffffeb60,4263287296,0,1111,0000,00,"",0,00000000,"",0,1,"",0,0,000000000000000000,"","",0,0,f,0000000000000000,5555aaaa,0,00000000,0,0,1,1,0,1,0,0,0,0,1,1,1,0,0,1,1,0,0,1,0,0,1,0,1,1,0,0,0,0,1,0,0,0,0,0,0,0,0,0,0,0,0,0,0,0,0,0,0,0,0,0,0,0,0,0,0,0
537,537,0,12896962993,20,00000000,0,17,2000000,4000,1,20000,2000000,"S_SAMPLE",19,2000000,2000000,43690,21845,"",00000000000000000000000000000000,"","",0,0,00,00,"S_WAIT_UTC",00,00,00,00,00,12896962993,"2",2394167296,4294439296,6656921312,ffffeb60,4263287296,0,1111,0000,00,"",0,00000000,"",0,1,"",0,0,000000000000000000,"","",0,0,f,0000000000000000,5555aaaa,0,00000000,0,0,1,1,0,1,0,0,0,0,1,1,1,0,0,1,1,0,0,1,0,0,1,0,1,1,0,0,0,0,1,0,0,0,0,0,0,0,0,0,0,0,0,0,0,0,0,0,0,0,0,0,0,0,0,0,0,0
538,538,0,12896962994,20,00000000,0,17,2000000,4000,1,20000,2000000,"S_SAMPLE",19,2000000,2000000,43690,21845,"",00000000000000000000000000000000,"","",0,0,00,00,"S_WAIT_UTC",00,00,00,00,00,12896962994,"2",2394167296,4294439296,6656921312,ffffeb60,4263287296,0,1111,0000,00,"",0,00000000,"",0,1,"",0,0,000000000000000000,"","",0,0,f,0000000000000000,5555aaaa,0,00000000,0,0,1,1,0,1,0,0,0,0,1,1,1,0,0,1,1,0,0,1,0,0,1,0,1,1,0,0,0,0,1,0,0,0,0,0,0,0,0,0,0,0,0,0,0,0,0,0,0,0,0,0,0,0,0,0,0,0
539,539,0,12896962995,20,00000000,0,17,2000000,4000,1,20000,2000000,"S_SAMPLE",19,2000000,2000000,43690,21845,"",00000000000000000000000000000000,"","",0,0,00,00,"S_WAIT_UTC",00,00,00,00,00,12896962995,"2",2394167296,4294439296,6656921312,ffffeb60,4263287296,0,1111,0000,00,"",0,00000000,"",0,1,"",0,0,000000000000000000,"","",0,0,f,0000000000000000,5555aaaa,0,00000000,0,0,1,1,0,1,0,0,0,0,1,1,1,0,0,1,1,0,0,1,0,0,1,0,1,1,0,0,0,0,1,0,0,0,0,0,0,0,0,0,0,0,0,0,0,0,0,0,0,0,0,0,0,0,0,0,0,0
540,540,0,12896962996,20,00000000,0,17,2000000,4000,1,20000,2000000,"S_SAMPLE",19,2000000,2000000,43690,21845,"",00000000000000000000000000000000,"","",0,0,00,00,"S_WAIT_UTC",00,00,00,00,00,12896962996,"2",2394167296,4294439296,6656921312,ffffeb60,4263287296,0,1111,0000,00,"",0,00000000,"",0,1,"",0,0,000000000000000000,"","",0,0,f,0000000000000000,5555aaaa,0,00000000,0,0,1,1,0,1,0,0,0,0,1,1,1,0,0,1,1,0,0,1,0,0,1,0,1,1,0,0,0,0,1,0,0,0,0,0,0,0,0,0,0,0,0,0,0,0,0,0,0,0,0,0,0,0,0,0,0,0
541,541,0,12896962997,20,00000000,0,17,2000000,4000,1,20000,2000000,"S_SAMPLE",19,2000000,2000000,43690,21845,"",00000000000000000000000000000000,"","",0,0,00,00,"S_WAIT_UTC",00,00,00,00,00,12896962997,"2",2394167296,4294439296,6656921312,ffffeb60,4263287296,0,1111,0000,00,"",0,00000000,"",0,1,"",0,0,000000000000000000,"","",0,0,f,0000000000000000,5555aaaa,0,00000000,0,0,1,1,0,1,0,0,0,0,1,1,1,0,0,1,1,0,0,1,0,0,1,0,1,1,0,0,0,0,1,0,0,0,0,0,0,0,0,0,0,0,0,0,0,0,0,0,0,0,0,0,0,0,0,0,0,0
542,542,0,12896962998,20,00000000,0,17,2000000,4000,1,20000,2000000,"S_SAMPLE",19,2000000,2000000,43690,21845,"",00000000000000000000000000000000,"","",0,0,00,00,"S_WAIT_UTC",00,00,00,00,00,12896962998,"2",2394167296,4294439296,6656921312,ffffeb60,4263287296,0,1111,0000,00,"",0,00000000,"",0,1,"",0,0,000000000000000000,"","",0,0,f,0000000000000000,5555aaaa,0,00000000,0,0,1,1,0,1,0,0,0,0,1,1,1,0,0,1,1,0,0,1,0,0,1,0,1,1,0,0,0,0,1,0,0,0,0,0,0,0,0,0,0,0,0,0,0,0,0,0,0,0,0,0,0,0,0,0,0,0
543,543,0,12896962999,20,00000000,0,17,2000000,4000,1,20000,2000000,"S_SAMPLE",19,2000000,2000000,43690,21845,"",00000000000000000000000000000000,"","",0,0,00,00,"S_WAIT_UTC",00,00,00,00,00,12896962999,"2",2394167296,4294439296,6656921312,ffffeb60,4263287296,0,1111,0000,00,"",0,00000000,"",0,1,"",0,0,000000000000000000,"","",0,0,f,0000000000000000,5555aaaa,0,00000000,0,0,1,1,0,1,0,0,0,0,1,1,1,0,0,1,1,0,0,1,0,0,1,0,1,1,0,0,0,0,1,0,0,0,0,0,0,0,0,0,0,0,0,0,0,0,0,0,0,0,0,0,0,0,0,0,0,0
544,544,0,12896963000,20,00000000,0,17,2000000,4000,1,20000,2000000,"S_SAMPLE",19,2000000,2000000,43690,21845,"",00000000000000000000000000000000,"","",0,0,00,00,"S_WAIT_UTC",00,00,00,00,00,12896963000,"2",2394167296,4294439296,6656921312,ffffeb60,4263287296,0,1111,0000,00,"",0,00000000,"",0,1,"",0,0,000000000000000000,"","",0,0,f,0000000000000000,5555aaaa,0,00000000,0,0,1,1,0,1,0,0,0,0,1,1,1,0,0,1,1,0,0,1,0,0,1,0,1,1,0,0,0,0,1,0,0,0,0,0,0,0,0,0,0,0,0,0,0,0,0,0,0,0,0,0,0,0,0,0,0,0
545,545,0,12896963001,20,00000000,0,17,2000000,4000,1,20000,2000000,"S_SAMPLE",19,2000000,2000000,43690,21845,"",00000000000000000000000000000000,"","",0,0,00,00,"S_WAIT_UTC",00,00,00,00,00,12896963001,"2",2394167296,4294439296,6656921312,ffffeb60,4263287296,0,1111,0000,00,"",0,00000000,"",0,1,"",0,0,000000000000000000,"","",0,0,f,0000000000000000,5555aaaa,0,00000000,0,0,1,1,0,1,0,0,0,0,1,1,1,0,0,1,1,0,0,1,0,0,1,0,1,1,0,0,0,0,1,0,0,0,0,0,0,0,0,0,0,0,0,0,0,0,0,0,0,0,0,0,0,0,0,0,0,0
546,546,0,12896963002,20,00000000,0,17,2000000,4000,1,20000,2000000,"S_SAMPLE",19,2000000,2000000,43690,21845,"",00000000000000000000000000000000,"","",0,0,00,00,"S_WAIT_UTC",00,00,00,00,00,12896963002,"2",2394167296,4294439296,6656921312,ffffeb60,4263287296,0,1111,0000,00,"",0,00000000,"",0,1,"",0,0,000000000000000000,"","",0,0,f,0000000000000000,5555aaaa,0,00000000,0,0,1,1,0,1,0,0,0,0,1,1,1,0,0,1,1,0,0,1,0,0,1,0,1,1,0,0,0,0,1,0,0,0,0,0,0,0,0,0,0,0,0,0,0,0,0,0,0,0,0,0,0,0,0,0,0,0
547,547,0,12896963003,20,00000000,0,17,2000000,4000,1,20000,2000000,"S_SAMPLE",19,2000000,2000000,43690,21845,"",00000000000000000000000000000000,"","",0,0,00,00,"S_WAIT_UTC",00,00,00,00,00,12896963003,"2",2394167296,4294439296,6656921312,ffffeb60,4263287296,0,1111,0000,00,"",0,00000000,"",0,1,"",0,0,000000000000000000,"","",0,0,f,0000000000000000,5555aaaa,0,00000000,0,0,1,1,0,1,0,0,0,0,1,1,1,0,0,1,1,0,0,1,0,0,1,0,1,1,0,0,0,0,1,0,0,0,0,0,0,0,0,0,0,0,0,0,0,0,0,0,0,0,0,0,0,0,0,0,0,0
548,548,0,12896963004,21,00000000,0,17,2000000,4000,1,20000,2000000,"S_SAMPLE",20,2000000,2000000,43690,21845,"",00000000000000000000000000000000,"","",0,0,00,00,"S_WAIT_UTC",00,00,00,00,00,12896963004,"2",2394167296,4294439296,6656921312,ffffeb60,4263287296,0,1111,0000,00,"",0,00000000,"",0,1,"",0,0,000000000000000000,"","",0,0,f,0000000000000000,5555aaaa,0,00000000,0,0,1,1,0,1,0,0,0,0,1,1,1,0,0,1,1,0,0,1,0,0,1,0,1,1,0,0,0,0,1,0,0,0,0,0,0,0,0,0,0,0,0,0,0,0,0,0,0,0,0,0,0,0,0,0,0,0
549,549,0,12896963005,21,00000000,0,17,2000000,4000,1,20000,2000000,"S_SAMPLE",20,2000000,2000000,43690,21845,"",00000000000000000000000000000000,"","",0,0,00,00,"S_WAIT_UTC",00,00,00,00,00,12896963005,"2",2394167296,4294439296,6656921312,ffffeb60,4263287296,0,1111,0000,00,"",0,00000000,"",0,1,"",0,0,000000000000000000,"","",0,0,f,0000000000000000,5555aaaa,0,00000000,0,0,1,1,0,1,0,0,0,0,1,1,1,0,0,1,1,0,0,1,0,0,1,0,1,1,0,0,0,0,1,0,0,0,0,0,0,0,0,0,0,0,0,0,0,0,0,0,0,0,0,0,0,0,0,0,0,0
550,550,0,12896963006,21,00000000,0,17,2000000,4000,1,20000,2000000,"S_SAMPLE",20,2000000,2000000,43690,21845,"",00000000000000000000000000000000,"","",0,0,00,00,"S_WAIT_UTC",00,00,00,00,00,12896963006,"2",2394167296,4294439296,6656921312,ffffeb60,4263287296,0,1111,0000,00,"",0,00000000,"",0,1,"",0,0,000000000000000000,"","",0,0,f,0000000000000000,5555aaaa,0,00000000,0,0,1,1,0,1,0,0,0,0,1,1,1,0,0,1,1,0,0,1,0,0,1,0,1,1,0,0,0,0,1,0,0,0,0,0,0,0,0,0,0,0,0,0,0,0,0,0,0,0,0,0,0,0,0,0,0,0
551,551,0,12896963007,21,00000000,0,17,2000000,4000,1,20000,2000000,"S_SAMPLE",20,2000000,2000000,43690,21845,"",00000000000000000000000000000000,"","",0,0,00,00,"S_WAIT_UTC",00,00,00,00,00,12896963007,"2",2394167296,4294439296,6656921312,ffffeb60,4263287296,0,1111,0000,00,"",0,00000000,"",0,1,"",0,0,000000000000000000,"","",0,0,f,0000000000000000,5555aaaa,0,00000000,0,0,1,1,0,1,0,0,0,0,1,1,1,0,0,1,1,0,0,1,0,0,1,0,1,1,0,0,0,0,1,0,0,0,0,0,0,0,0,0,0,0,0,0,0,0,0,0,0,0,0,0,0,0,0,0,0,0
552,552,0,12896963008,21,00000000,0,17,2000000,4000,1,20000,2000000,"S_SAMPLE",20,2000000,2000000,43690,21845,"",00000000000000000000000000000000,"","",0,0,00,00,"S_WAIT_UTC",00,00,00,00,00,12896963008,"2",2394167296,4294439296,6656921312,ffffeb60,4263287296,0,1111,0000,00,"",0,00000000,"",0,1,"",0,0,000000000000000000,"","",0,0,f,0000000000000000,5555aaaa,0,00000000,1,0,1,1,0,1,0,0,0,0,1,0,1,0,0,1,1,0,0,1,0,0,1,0,1,1,0,0,0,0,1,0,0,0,0,0,0,0,0,0,0,0,0,0,0,0,0,0,0,0,0,0,0,0,0,0,0,0
553,553,0,12896963009,21,00000000,0,17,2000000,4000,1,20000,2000000,"S_SAMPLE",20,2000000,2000000,21845,21845,"",00000000000000000000000000000000,"","",0,0,00,00,"S_WAIT_UTC",00,00,00,00,00,12896963009,"2",2394167296,4294439296,6656921312,ffffeb60,4263287296,0,1111,0000,00,"",0,00000000,"",0,1,"",0,0,000000000000000000,"","",0,0,f,0000000000000000,5555aaaa,0,00000000,0,1,1,1,0,1,0,0,0,0,1,1,1,0,0,1,1,0,0,1,1,0,1,0,1,1,0,0,0,0,1,0,0,0,0,0,0,0,0,0,0,0,0,0,0,0,0,0,0,0,0,0,0,0,0,0,0,0
554,554,0,12896963010,21,00000000,0,17,2000000,4000,1,20000,2000000,"S_SAMPLE",20,2000000,2000000,21845,21845,"",00000000000000000000000000000000,"","",0,0,00,00,"S_WAIT_UTC",00,00,00,00,00,12896963010,"2",2394167296,4294439296,6656921312,ffffeb60,4263287296,0,1111,0000,00,"",0,00000000,"",0,1,"",0,0,000000000000000000,"","",0,0,f,0000000000000000,5555aaaa,0,00000000,0,0,1,1,0,1,0,0,0,0,1,1,1,0,0,1,1,0,0,1,0,0,1,0,1,1,0,0,0,0,1,0,0,0,0,0,0,0,0,0,0,0,0,0,0,0,0,0,0,0,0,0,0,0,0,0,0,0
555,555,0,12896963011,21,00000000,0,18,2000000,4000,1,20000,2000000,"S_SAMPLE",20,2000000,2000000,21845,21845,"",00000000000000000000000000000000,"","",0,0,00,00,"S_WAIT_UTC",00,00,00,00,00,12896963011,"2",2394167296,4294439296,6656921312,ffffeb60,4263287296,0,1111,0000,00,"",0,00000000,"",0,1,"",0,0,000000000000000000,"","",0,0,f,0000000000000000,5555aaaa,0,00000000,0,0,1,1,0,1,0,0,0,0,1,1,1,0,0,1,1,0,0,1,0,0,1,0,1,1,0,0,0,0,1,0,0,0,0,0,0,0,0,0,0,0,0,0,0,0,0,0,0,0,0,0,0,0,0,0,0,0
556,556,0,12896963012,21,00000000,0,18,2000000,4000,1,20000,2000000,"S_SAMPLE",20,2000000,2000000,21845,21845,"",00000000000000000000000000000000,"","",0,0,00,00,"S_WAIT_UTC",00,00,00,00,00,12896963012,"2",2394167296,4294439296,6656921312,ffffeb60,4263287296,0,1111,0000,00,"",0,00000000,"",0,1,"",0,0,000000000000000000,"","",0,0,f,0000000000000000,5555aaaa,0,00000000,0,0,1,1,0,1,0,0,0,0,1,1,1,0,0,1,1,0,0,1,0,0,1,0,1,1,0,0,0,0,1,0,0,0,0,0,0,0,0,0,0,0,0,0,0,0,0,0,0,0,0,0,0,0,0,0,0,0
557,557,0,12896963013,21,00000000,0,18,2000000,4000,1,20000,2000000,"S_SAMPLE",20,2000000,2000000,21845,21845,"",00000000000000000000000000000000,"","",0,0,00,00,"S_WAIT_UTC",00,00,00,00,00,12896963013,"2",2394167296,4294439296,6656921312,ffffeb60,4263287296,0,1111,0000,00,"",0,00000000,"",0,1,"",0,0,000000000000000000,"","",0,0,f,0000000000000000,5555aaaa,0,00000000,0,0,1,1,0,1,0,0,0,0,1,1,1,0,0,1,1,0,0,1,0,0,1,0,1,1,0,0,0,0,1,0,0,0,0,0,0,0,0,0,0,0,0,0,0,0,0,0,0,0,0,0,0,0,0,0,0,0
558,558,0,12896963014,21,00000000,0,18,2000000,4000,1,20000,2000000,"S_SAMPLE",20,2000000,2000000,21845,21845,"",00000000000000000000000000000000,"","",0,0,00,00,"S_WAIT_UTC",00,00,00,00,00,12896963014,"2",2394167296,4294439296,6656921312,ffffeb60,4263287296,0,1111,0000,00,"",0,00000000,"",0,1,"",0,0,000000000000000000,"","",0,0,f,0000000000000000,5555aaaa,0,00000000,0,0,1,1,0,1,0,0,0,0,1,1,1,0,0,1,1,0,0,1,0,0,1,0,1,1,0,0,0,0,1,0,0,0,0,0,0,0,0,0,0,0,0,0,0,0,0,0,0,0,0,0,0,0,0,0,0,0
559,559,0,12896963015,21,00000000,0,18,2000000,4000,1,20000,2000000,"S_SAMPLE",20,2000000,2000000,21845,21845,"",00000000000000000000000000000000,"","",0,0,00,00,"S_WAIT_UTC",00,00,00,00,00,12896963015,"2",2394167296,4294439296,6656921312,ffffeb60,4263287296,0,1111,0000,00,"",0,00000000,"",0,1,"",0,0,000000000000000000,"","",0,0,f,0000000000000000,5555aaaa,0,00000000,0,0,1,1,0,1,0,0,0,0,1,1,1,0,0,1,1,0,0,1,0,0,1,0,1,1,0,0,0,0,1,0,0,0,0,0,0,0,0,0,0,0,0,0,0,0,0,0,0,0,0,0,0,0,0,0,0,0
560,560,0,12896963016,21,00000000,0,18,2000000,4000,1,20000,2000000,"S_SAMPLE",20,2000000,2000000,21845,43690,"",00000000000000000000000000000000,"","",0,0,00,00,"S_WAIT_UTC",00,00,00,00,00,12896963016,"2",2394167296,4294439296,6656921312,ffffeb60,4263287296,0,1111,0000,00,"",0,00000000,"",0,1,"",0,0,000000000000000000,"","",0,0,f,0000000000000000,5555aaaa,0,00000000,0,0,1,1,0,1,0,0,0,0,1,1,1,0,0,1,1,0,0,1,0,0,1,0,1,1,0,0,0,0,1,0,0,0,0,0,0,0,0,0,0,0,0,0,0,0,0,0,0,0,0,0,0,0,0,0,0,0
561,561,0,12896963017,21,00000000,0,18,2000000,4000,1,20000,2000000,"S_SAMPLE",20,2000000,2000000,21845,43690,"",00000000000000000000000000000000,"","",0,0,00,00,"S_WAIT_UTC",00,00,00,00,00,12896963017,"2",2394167296,4294439296,6656921312,ffffeb60,4263287296,0,1111,0000,00,"",0,00000000,"",0,1,"",0,0,000000000000000000,"","",0,0,f,0000000000000000,5555aaaa,0,00000000,0,0,1,1,0,1,0,0,0,0,1,1,1,0,0,1,1,0,0,1,0,0,1,0,1,1,0,0,0,0,1,0,0,0,0,0,0,0,0,0,0,0,0,0,0,0,0,0,0,0,0,0,0,0,0,0,0,0
562,562,0,12896963018,21,00000000,0,18,2000000,4000,1,20000,2000000,"S_SAMPLE",20,2000000,2000000,21845,43690,"",00000000000000000000000000000000,"","",0,0,00,00,"S_WAIT_UTC",00,00,00,00,00,12896963018,"2",2394167296,4294439296,6656921312,ffffeb60,4263287296,0,1111,0000,00,"",0,00000000,"",0,1,"",0,0,000000000000000000,"","",0,0,f,0000000000000000,5555aaaa,0,00000000,0,0,1,1,0,1,0,0,0,0,1,1,1,0,0,1,1,0,0,1,0,0,1,0,1,1,0,0,0,0,1,0,0,0,0,0,0,0,0,0,0,0,0,0,0,0,0,0,0,0,0,0,0,0,0,0,0,0
563,563,0,12896963019,21,00000000,0,18,2000000,4000,1,20000,2000000,"S_SAMPLE",20,2000000,2000000,21845,43690,"",00000000000000000000000000000000,"","",0,0,00,00,"S_WAIT_UTC",00,00,00,00,00,12896963019,"2",2394167296,4294439296,6656921312,ffffeb60,4263287296,0,1111,0000,00,"",0,00000000,"",0,1,"",0,0,000000000000000000,"","",0,0,f,0000000000000000,5555aaaa,0,00000000,0,0,1,1,0,1,0,0,0,0,1,1,1,0,0,1,1,0,0,1,0,0,1,0,1,1,0,0,0,0,1,0,0,0,0,0,0,0,0,0,0,0,0,0,0,0,0,0,0,0,0,0,0,0,0,0,0,0
564,564,0,12896963020,21,00000000,0,18,2000000,4000,1,20000,2000000,"S_SAMPLE",20,2000000,2000000,21845,43690,"",00000000000000000000000000000000,"","",0,0,00,00,"S_WAIT_UTC",00,00,00,00,00,12896963020,"2",2394167296,4294439296,6656921312,ffffeb60,4263287296,0,1111,0000,00,"",0,00000000,"",0,1,"",0,0,000000000000000000,"","",0,0,f,0000000000000000,5555aaaa,0,00000000,0,0,1,1,0,1,0,0,0,0,1,1,1,0,0,1,1,0,0,1,0,0,1,0,1,1,0,0,0,0,1,0,0,0,0,0,0,0,0,0,0,0,0,0,0,0,0,0,0,0,0,0,0,0,0,0,0,0
565,565,0,12896963021,21,00000000,0,18,2000000,4000,1,20000,2000000,"S_SAMPLE",20,2000000,2000000,21845,43690,"",00000000000000000000000000000000,"","",0,0,00,00,"S_WAIT_UTC",00,00,00,00,00,12896963021,"2",2394167296,4294439296,6656921312,ffffeb60,4263287296,0,1111,0000,00,"",0,00000000,"",0,1,"",0,0,000000000000000000,"","",0,0,f,0000000000000000,5555aaaa,0,00000000,0,0,1,1,0,1,0,0,0,0,1,1,1,0,0,1,1,0,0,1,0,0,1,0,1,1,0,0,0,0,1,0,0,0,0,0,0,0,0,0,0,0,0,0,0,0,0,0,0,0,0,0,0,0,0,0,0,0
566,566,0,12896963022,21,00000000,0,18,2000000,4000,1,20000,2000000,"S_SAMPLE",20,2000000,2000000,21845,43690,"",00000000000000000000000000000000,"","",0,0,00,00,"S_WAIT_UTC",00,00,00,00,00,12896963022,"2",2394167296,4294439296,6656921312,ffffeb60,4263287296,0,1111,0000,00,"",0,00000000,"",0,1,"",0,0,000000000000000000,"","",0,0,f,0000000000000000,5555aaaa,0,00000000,0,0,1,1,0,1,0,0,0,0,1,1,1,0,0,1,1,0,0,1,0,0,1,0,1,1,0,0,0,0,1,0,0,0,0,0,0,0,0,0,0,0,0,0,0,0,0,0,0,0,0,0,0,0,0,0,0,0
567,567,0,12896963023,21,00000000,0,18,2000000,4000,1,20000,2000000,"S_SAMPLE",20,2000000,2000000,21845,43690,"",00000000000000000000000000000000,"","",0,0,00,00,"S_WAIT_UTC",00,00,00,00,00,12896963023,"2",2394167296,4294439296,6656921312,ffffeb60,4263287296,0,1111,0000,00,"",0,00000000,"",0,1,"",0,0,000000000000000000,"","",0,0,f,0000000000000000,5555aaaa,0,00000000,0,0,1,1,0,1,0,0,0,0,1,1,1,0,0,1,1,0,0,1,0,0,1,0,1,1,0,0,0,0,1,0,0,0,0,0,0,0,0,0,0,0,0,0,0,0,0,0,0,0,0,0,0,0,0,0,0,0
568,568,0,12896963024,21,00000000,0,18,2000000,4000,1,20000,2000000,"S_SAMPLE",20,2000000,2000000,21845,43690,"",00000000000000000000000000000000,"","",0,0,00,00,"S_WAIT_UTC",00,00,00,00,00,12896963024,"2",2394167296,4294439296,6656921312,ffffeb60,4263287296,0,1111,0000,00,"",0,00000000,"",0,1,"",0,0,000000000000000000,"","",0,0,f,0000000000000000,5555aaaa,0,00000000,0,0,1,1,0,1,0,0,0,0,1,1,1,0,0,1,1,0,0,1,0,0,1,0,1,1,0,0,0,0,1,0,0,0,0,0,0,0,0,0,0,0,0,0,0,0,0,0,0,0,0,0,0,0,0,0,0,0
569,569,0,12896963025,21,00000000,0,18,2000000,4000,1,20000,2000000,"S_SAMPLE",20,2000000,2000000,21845,43690,"",00000000000000000000000000000000,"","",0,0,00,00,"S_WAIT_UTC",00,00,00,00,00,12896963025,"2",2394167296,4294439296,6656921312,ffffeb60,4263287296,0,1111,0000,00,"",0,00000000,"",0,1,"",0,0,000000000000000000,"","",0,0,f,0000000000000000,5555aaaa,0,00000000,0,0,1,1,0,1,0,0,0,0,1,1,1,0,0,1,1,0,0,1,0,0,1,0,1,1,0,0,0,0,1,0,0,0,0,0,0,0,0,0,0,0,0,0,0,0,0,0,0,0,0,0,0,0,0,0,0,0
570,570,0,12896963026,21,00000000,0,18,2000000,4000,1,20000,2000000,"S_SAMPLE",20,2000000,2000000,21845,43690,"",00000000000000000000000000000000,"","",0,0,00,00,"S_WAIT_UTC",00,00,00,00,00,12896963026,"2",2394167296,4294439296,6656921312,ffffeb60,4263287296,0,1111,0000,00,"",0,00000000,"",0,1,"",0,0,000000000000000000,"","",0,0,f,0000000000000000,5555aaaa,0,00000000,0,0,1,1,0,1,0,0,0,0,1,1,1,0,0,1,1,0,0,1,0,0,1,0,1,1,0,0,0,0,1,0,0,0,0,0,0,0,0,0,0,0,0,0,0,0,0,0,0,0,0,0,0,0,0,0,0,0
571,571,0,12896963027,21,00000000,0,18,2000000,4000,1,20000,2000000,"S_SAMPLE",20,2000000,2000000,21845,43690,"",00000000000000000000000000000000,"","",0,0,00,00,"S_WAIT_UTC",00,00,00,00,00,12896963027,"2",2394167296,4294439296,6656921312,ffffeb60,4263287296,0,1111,0000,00,"",0,00000000,"",0,1,"",0,0,000000000000000000,"","",0,0,f,0000000000000000,5555aaaa,0,00000000,0,0,1,1,0,1,0,0,0,0,1,1,1,0,0,1,1,0,0,1,0,0,1,0,1,1,0,0,0,0,1,0,0,0,0,0,0,0,0,0,0,0,0,0,0,0,0,0,0,0,0,0,0,0,0,0,0,0
572,572,0,12896963028,21,00000000,0,18,2000000,4000,1,20000,2000000,"S_SAMPLE",20,2000000,2000000,21845,43690,"",00000000000000000000000000000000,"","",0,0,00,00,"S_WAIT_UTC",00,00,00,00,00,12896963028,"2",2394167296,4294439296,6656921312,ffffeb60,4263287296,0,1111,0000,00,"",0,00000000,"",0,1,"",0,0,000000000000000000,"","",0,0,f,0000000000000000,5555aaaa,0,00000000,0,0,1,1,0,1,0,0,0,0,1,1,1,0,0,1,1,0,0,1,0,0,1,0,1,1,0,0,0,0,1,0,0,0,0,0,0,0,0,0,0,0,0,0,0,0,0,0,0,0,0,0,0,0,0,0,0,0
573,573,0,12896963029,22,00000000,0,18,2000000,4000,1,20000,2000000,"S_SAMPLE",21,2000000,2000000,21845,43690,"",00000000000000000000000000000000,"","",0,0,00,00,"S_WAIT_UTC",00,00,00,00,00,12896963029,"2",2394167296,4294439296,6656921312,ffffeb60,4263287296,0,1111,0000,00,"",0,00000000,"",0,1,"",0,0,000000000000000000,"","",0,0,f,0000000000000000,5555aaaa,0,00000000,0,0,1,1,0,1,0,0,0,0,1,1,1,0,0,1,1,0,0,1,0,0,1,0,1,1,0,0,0,0,1,0,0,0,0,0,0,0,0,0,0,0,0,0,0,0,0,0,0,0,0,0,0,0,0,0,0,0
574,574,0,12896963030,22,00000000,0,18,2000000,4000,1,20000,2000000,"S_SAMPLE",21,2000000,2000000,21845,43690,"",00000000000000000000000000000000,"","",0,0,00,00,"S_WAIT_UTC",00,00,00,00,00,12896963030,"2",2394167296,4294439296,6656921312,ffffeb60,4263287296,0,1111,0000,00,"",0,00000000,"",0,1,"",0,0,000000000000000000,"","",0,0,f,0000000000000000,5555aaaa,0,00000000,0,0,1,1,0,1,0,0,0,0,1,1,1,0,0,1,1,0,0,1,0,0,1,0,1,1,0,0,0,0,1,0,0,0,0,0,0,0,0,0,0,0,0,0,0,0,0,0,0,0,0,0,0,0,0,0,0,0
575,575,0,12896963031,22,00000000,0,18,2000000,4000,1,20000,2000000,"S_SAMPLE",21,2000000,2000000,21845,43690,"",00000000000000000000000000000000,"","",0,0,00,00,"S_WAIT_UTC",00,00,00,00,00,12896963031,"2",2394167296,4294439296,6656921312,ffffeb60,4263287296,0,1111,0000,00,"",0,00000000,"",0,1,"",0,0,000000000000000000,"","",0,0,f,0000000000000000,5555aaaa,0,00000000,0,0,1,1,0,1,0,0,0,0,1,1,1,0,0,1,1,0,0,1,0,0,1,0,1,1,0,0,0,0,1,0,0,0,0,0,0,0,0,0,0,0,0,0,0,0,0,0,0,0,0,0,0,0,0,0,0,0
576,576,0,12896963032,22,00000000,0,18,2000000,4000,1,20000,2000000,"S_SAMPLE",21,2000000,2000000,21845,43690,"",00000000000000000000000000000000,"","",0,0,00,00,"S_WAIT_UTC",00,00,00,00,00,12896963032,"2",2394167296,4294439296,6656921312,ffffeb60,4263287296,0,1111,0000,00,"",0,00000000,"",0,1,"",0,0,000000000000000000,"","",0,0,f,0000000000000000,5555aaaa,0,00000000,0,0,1,1,0,1,0,0,0,0,1,1,1,0,0,1,1,0,0,1,0,0,1,0,1,1,0,0,0,0,1,0,0,0,0,0,0,0,0,0,0,0,0,0,0,0,0,0,0,0,0,0,0,0,0,0,0,0
577,577,0,12896963033,22,00000000,0,18,2000000,4000,1,20000,2000000,"S_SAMPLE",21,2000000,2000000,21845,43690,"",00000000000000000000000000000000,"","",0,0,00,00,"S_WAIT_UTC",00,00,00,00,00,12896963033,"2",2394167296,4294439296,6656921312,ffffeb60,4263287296,0,1111,0000,00,"",0,00000000,"",0,1,"",0,0,000000000000000000,"","",0,0,f,0000000000000000,5555aaaa,0,00000000,1,0,1,1,0,1,0,0,0,0,1,0,1,0,0,1,1,0,0,1,0,0,1,0,1,1,0,0,0,0,1,0,0,0,0,0,0,0,0,0,0,0,0,0,0,0,0,0,0,0,0,0,0,0,0,0,0,0
578,578,0,12896963034,22,00000000,0,18,2000000,4000,1,20000,2000000,"S_SAMPLE",21,2000000,2000000,43690,43690,"",00000000000000000000000000000000,"","",0,0,00,00,"S_WAIT_UTC",00,00,00,00,00,12896963034,"2",2394167296,4294439296,6656921312,ffffeb60,4263287296,0,1111,0000,00,"",0,00000000,"",0,1,"",0,0,000000000000000000,"","",0,0,f,0000000000000000,5555aaaa,0,00000000,0,1,1,1,0,1,0,0,0,0,1,1,1,0,0,1,1,0,0,1,1,0,1,0,1,1,0,0,0,0,1,0,0,0,0,0,0,0,0,0,0,0,0,0,0,0,0,0,0,0,0,0,0,0,0,0,0,0
579,579,0,12896963035,22,00000000,0,18,2000000,4000,1,20000,2000000,"S_SAMPLE",21,2000000,2000000,43690,43690,"",00000000000000000000000000000000,"","",0,0,00,00,"S_WAIT_UTC",00,00,00,00,00,12896963035,"2",2394167296,4294439296,6656921312,ffffeb60,4263287296,0,1111,0000,00,"",0,00000000,"",0,1,"",0,0,000000000000000000,"","",0,0,f,0000000000000000,5555aaaa,0,00000000,0,0,1,1,0,1,0,0,0,0,1,1,1,0,0,1,1,0,0,1,0,0,1,0,1,1,0,0,0,0,1,0,0,0,0,0,0,0,0,0,0,0,0,0,0,0,0,0,0,0,0,0,0,0,0,0,0,0
580,580,0,12896963036,22,00000000,0,19,2000000,4000,1,20000,2000000,"S_SAMPLE",21,2000000,2000000,43690,43690,"",00000000000000000000000000000000,"","",0,0,00,00,"S_WAIT_UTC",00,00,00,00,00,12896963036,"2",2394167296,4294439296,6656921312,ffffeb60,4263287296,0,1111,0000,00,"",0,00000000,"",0,1,"",0,0,000000000000000000,"","",0,0,f,0000000000000000,5555aaaa,0,00000000,0,0,1,1,0,1,0,0,0,0,1,1,1,0,0,1,1,0,0,1,0,0,1,0,1,1,0,0,0,0,1,0,0,0,0,0,0,0,0,0,0,0,0,0,0,0,0,0,0,0,0,0,0,0,0,0,0,0
581,581,0,12896963037,22,00000000,0,19,2000000,4000,1,20000,2000000,"S_SAMPLE",21,2000000,2000000,43690,43690,"",00000000000000000000000000000000,"","",0,0,00,00,"S_WAIT_UTC",00,00,00,00,00,12896963037,"2",2394167296,4294439296,6656921312,ffffeb60,4263287296,0,1111,0000,00,"",0,00000000,"",0,1,"",0,0,000000000000000000,"","",0,0,f,0000000000000000,5555aaaa,0,00000000,0,0,1,1,0,1,0,0,0,0,1,1,1,0,0,1,1,0,0,1,0,0,1,0,1,1,0,0,0,0,1,0,0,0,0,0,0,0,0,0,0,0,0,0,0,0,0,0,0,0,0,0,0,0,0,0,0,0
582,582,0,12896963038,22,00000000,0,19,2000000,4000,1,20000,2000000,"S_SAMPLE",21,2000000,2000000,43690,43690,"",00000000000000000000000000000000,"","",0,0,00,00,"S_WAIT_UTC",00,00,00,00,00,12896963038,"2",2394167296,4294439296,6656921312,ffffeb60,4263287296,0,1111,0000,00,"",0,00000000,"",0,1,"",0,0,000000000000000000,"","",0,0,f,0000000000000000,5555aaaa,0,00000000,0,0,1,1,0,1,0,0,0,0,1,1,1,0,0,1,1,0,0,1,0,0,1,0,1,1,0,0,0,0,1,0,0,0,0,0,0,0,0,0,0,0,0,0,0,0,0,0,0,0,0,0,0,0,0,0,0,0
583,583,0,12896963039,22,00000000,0,19,2000000,4000,1,20000,2000000,"S_SAMPLE",21,2000000,2000000,43690,43690,"",00000000000000000000000000000000,"","",0,0,00,00,"S_WAIT_UTC",00,00,00,00,00,12896963039,"2",2394167296,4294439296,6656921312,ffffeb60,4263287296,0,1111,0000,00,"",0,00000000,"",0,1,"",0,0,000000000000000000,"","",0,0,f,0000000000000000,5555aaaa,0,00000000,0,0,1,1,0,1,0,0,0,0,1,1,1,0,0,1,1,0,0,1,0,0,1,0,1,1,0,0,0,0,1,0,0,0,0,0,0,0,0,0,0,0,0,0,0,0,0,0,0,0,0,0,0,0,0,0,0,0
584,584,0,12896963040,22,00000000,0,19,2000000,4000,1,20000,2000000,"S_SAMPLE",21,2000000,2000000,43690,43690,"",00000000000000000000000000000000,"","",0,0,00,00,"S_WAIT_UTC",00,00,00,00,00,12896963040,"2",2394167296,4294439296,6656921312,ffffeb60,4263287296,0,1111,0000,00,"",0,00000000,"",0,1,"",0,0,000000000000000000,"","",0,0,f,0000000000000000,5555aaaa,0,00000000,0,0,1,1,0,1,0,0,0,0,1,1,1,0,0,1,1,0,0,1,0,0,1,0,1,1,0,0,0,0,1,0,0,0,0,0,0,0,0,0,0,0,0,0,0,0,0,0,0,0,0,0,0,0,0,0,0,0
585,585,0,12896963041,22,00000000,0,19,2000000,4000,1,20000,2000000,"S_SAMPLE",21,2000000,2000000,43690,21845,"",00000000000000000000000000000000,"","",0,0,00,00,"S_WAIT_UTC",00,00,00,00,00,12896963041,"2",2394167296,4294439296,6656921312,ffffeb60,4263287296,0,1111,0000,00,"",0,00000000,"",0,1,"",0,0,000000000000000000,"","",0,0,f,0000000000000000,5555aaaa,0,00000000,0,0,1,1,0,1,0,0,0,0,1,1,1,0,0,1,1,0,0,1,0,0,1,0,1,1,0,0,0,0,1,0,0,0,0,0,0,0,0,0,0,0,0,0,0,0,0,0,0,0,0,0,0,0,0,0,0,0
586,586,0,12896963042,22,00000000,0,19,2000000,4000,1,20000,2000000,"S_SAMPLE",21,2000000,2000000,43690,21845,"",00000000000000000000000000000000,"","",0,0,00,00,"S_WAIT_UTC",00,00,00,00,00,12896963042,"2",2394167296,4294439296,6656921312,ffffeb60,4263287296,0,1111,0000,00,"",0,00000000,"",0,1,"",0,0,000000000000000000,"","",0,0,f,0000000000000000,5555aaaa,0,00000000,0,0,1,1,0,1,0,0,0,0,1,1,1,0,0,1,1,0,0,1,0,0,1,0,1,1,0,0,0,0,1,0,0,0,0,0,0,0,0,0,0,0,0,0,0,0,0,0,0,0,0,0,0,0,0,0,0,0
587,587,0,12896963043,22,00000000,0,19,2000000,4000,1,20000,2000000,"S_SAMPLE",21,2000000,2000000,43690,21845,"",00000000000000000000000000000000,"","",0,0,00,00,"S_WAIT_UTC",00,00,00,00,00,12896963043,"2",2394167296,4294439296,6656921312,ffffeb60,4263287296,0,1111,0000,00,"",0,00000000,"",0,1,"",0,0,000000000000000000,"","",0,0,f,0000000000000000,5555aaaa,0,00000000,0,0,1,1,0,1,0,0,0,0,1,1,1,0,0,1,1,0,0,1,0,0,1,0,1,1,0,0,0,0,1,0,0,0,0,0,0,0,0,0,0,0,0,0,0,0,0,0,0,0,0,0,0,0,0,0,0,0
588,588,0,12896963044,22,00000000,0,19,2000000,4000,1,20000,2000000,"S_SAMPLE",21,2000000,2000000,43690,21845,"",00000000000000000000000000000000,"","",0,0,00,00,"S_WAIT_UTC",00,00,00,00,00,12896963044,"2",2394167296,4294439296,6656921312,ffffeb60,4263287296,0,1111,0000,00,"",0,00000000,"",0,1,"",0,0,000000000000000000,"","",0,0,f,0000000000000000,5555aaaa,0,00000000,0,0,1,1,0,1,0,0,0,0,1,1,1,0,0,1,1,0,0,1,0,0,1,0,1,1,0,0,0,0,1,0,0,0,0,0,0,0,0,0,0,0,0,0,0,0,0,0,0,0,0,0,0,0,0,0,0,0
589,589,0,12896963045,22,00000000,0,19,2000000,4000,1,20000,2000000,"S_SAMPLE",21,2000000,2000000,43690,21845,"",00000000000000000000000000000000,"","",0,0,00,00,"S_WAIT_UTC",00,00,00,00,00,12896963045,"2",2394167296,4294439296,6656921312,ffffeb60,4263287296,0,1111,0000,00,"",0,00000000,"",0,1,"",0,0,000000000000000000,"","",0,0,f,0000000000000000,5555aaaa,0,00000000,0,0,1,1,0,1,0,0,0,0,1,1,1,0,0,1,1,0,0,1,0,0,1,0,1,1,0,0,0,0,1,0,0,0,0,0,0,0,0,0,0,0,0,0,0,0,0,0,0,0,0,0,0,0,0,0,0,0
590,590,0,12896963046,22,00000000,0,19,2000000,4000,1,20000,2000000,"S_SAMPLE",21,2000000,2000000,43690,21845,"",00000000000000000000000000000000,"","",0,0,00,00,"S_WAIT_UTC",00,00,00,00,00,12896963046,"2",2394167296,4294439296,6656921312,ffffeb60,4263287296,0,1111,0000,00,"",0,00000000,"",0,1,"",0,0,000000000000000000,"","",0,0,f,0000000000000000,5555aaaa,0,00000000,0,0,1,1,0,1,0,0,0,0,1,1,1,0,0,1,1,0,0,1,0,0,1,0,1,1,0,0,0,0,1,0,0,0,0,0,0,0,0,0,0,0,0,0,0,0,0,0,0,0,0,0,0,0,0,0,0,0
591,591,0,12896963047,22,00000000,0,19,2000000,4000,1,20000,2000000,"S_SAMPLE",21,2000000,2000000,43690,21845,"",00000000000000000000000000000000,"","",0,0,00,00,"S_WAIT_UTC",00,00,00,00,00,12896963047,"2",2394167296,4294439296,6656921312,ffffeb60,4263287296,0,1111,0000,00,"",0,00000000,"",0,1,"",0,0,000000000000000000,"","",0,0,f,0000000000000000,5555aaaa,0,00000000,0,0,1,1,0,1,0,0,0,0,1,1,1,0,0,1,1,0,0,1,0,0,1,0,1,1,0,0,0,0,1,0,0,0,0,0,0,0,0,0,0,0,0,0,0,0,0,0,0,0,0,0,0,0,0,0,0,0
592,592,0,12896963048,22,00000000,0,19,2000000,4000,1,20000,2000000,"S_SAMPLE",21,2000000,2000000,43690,21845,"",00000000000000000000000000000000,"","",0,0,00,00,"S_WAIT_UTC",00,00,00,00,00,12896963048,"2",2394167296,4294439296,6656921312,ffffeb60,4263287296,0,1111,0000,00,"",0,00000000,"",0,1,"",0,0,000000000000000000,"","",0,0,f,0000000000000000,5555aaaa,0,00000000,0,0,1,1,0,1,0,0,0,0,1,1,1,0,0,1,1,0,0,1,0,0,1,0,1,1,0,0,0,0,1,0,0,0,0,0,0,0,0,0,0,0,0,0,0,0,0,0,0,0,0,0,0,0,0,0,0,0
593,593,0,12896963049,22,00000000,0,19,2000000,4000,1,20000,2000000,"S_SAMPLE",21,2000000,2000000,43690,21845,"",00000000000000000000000000000000,"","",0,0,00,00,"S_WAIT_UTC",00,00,00,00,00,12896963049,"2",2394167296,4294439296,6656921312,ffffeb60,4263287296,0,1111,0000,00,"",0,00000000,"",0,1,"",0,0,000000000000000000,"","",0,0,f,0000000000000000,5555aaaa,0,00000000,0,0,1,1,0,1,0,0,0,0,1,1,1,0,0,1,1,0,0,1,0,0,1,0,1,1,0,0,0,0,1,0,0,0,0,0,0,0,0,0,0,0,0,0,0,0,0,0,0,0,0,0,0,0,0,0,0,0
594,594,0,12896963050,22,00000000,0,19,2000000,4000,1,20000,2000000,"S_SAMPLE",21,2000000,2000000,43690,21845,"",00000000000000000000000000000000,"","",0,0,00,00,"S_WAIT_UTC",00,00,00,00,00,12896963050,"2",2394167296,4294439296,6656921312,ffffeb60,4263287296,0,1111,0000,00,"",0,00000000,"",0,1,"",0,0,000000000000000000,"","",0,0,f,0000000000000000,5555aaaa,0,00000000,0,0,1,1,0,1,0,0,0,0,1,1,1,0,0,1,1,0,0,1,0,0,1,0,1,1,0,0,0,0,1,0,0,0,0,0,0,0,0,0,0,0,0,0,0,0,0,0,0,0,0,0,0,0,0,0,0,0
595,595,0,12896963051,22,00000000,0,19,2000000,4000,1,20000,2000000,"S_SAMPLE",21,2000000,2000000,43690,21845,"",00000000000000000000000000000000,"","",0,0,00,00,"S_WAIT_UTC",00,00,00,00,00,12896963051,"2",2394167296,4294439296,6656921312,ffffeb60,4263287296,0,1111,0000,00,"",0,00000000,"",0,1,"",0,0,000000000000000000,"","",0,0,f,0000000000000000,5555aaaa,0,00000000,0,0,1,1,0,1,0,0,0,0,1,1,1,0,0,1,1,0,0,1,0,0,1,0,1,1,0,0,0,0,1,0,0,0,0,0,0,0,0,0,0,0,0,0,0,0,0,0,0,0,0,0,0,0,0,0,0,0
596,596,0,12896963052,22,00000000,0,19,2000000,4000,1,20000,2000000,"S_SAMPLE",21,2000000,2000000,43690,21845,"",00000000000000000000000000000000,"","",0,0,00,00,"S_WAIT_UTC",00,00,00,00,00,12896963052,"2",2394167296,4294439296,6656921312,ffffeb60,4263287296,0,1111,0000,00,"",0,00000000,"",0,1,"",0,0,000000000000000000,"","",0,0,f,0000000000000000,5555aaaa,0,00000000,0,0,1,1,0,1,0,0,0,0,1,1,1,0,0,1,1,0,0,1,0,0,1,0,1,1,0,0,0,0,1,0,0,0,0,0,0,0,0,0,0,0,0,0,0,0,0,0,0,0,0,0,0,0,0,0,0,0
597,597,0,12896963053,22,00000000,0,19,2000000,4000,1,20000,2000000,"S_SAMPLE",21,2000000,2000000,43690,21845,"",00000000000000000000000000000000,"","",0,0,00,00,"S_WAIT_UTC",00,00,00,00,00,12896963053,"2",2394167296,4294439296,6656921312,ffffeb60,4263287296,0,1111,0000,00,"",0,00000000,"",0,1,"",0,0,000000000000000000,"","",0,0,f,0000000000000000,5555aaaa,0,00000000,0,0,1,1,0,1,0,0,0,0,1,1,1,0,0,1,1,0,0,1,0,0,1,0,1,1,0,0,0,0,1,0,0,0,0,0,0,0,0,0,0,0,0,0,0,0,0,0,0,0,0,0,0,0,0,0,0,0
598,598,0,12896963054,23,00000000,0,19,2000000,4000,1,20000,2000000,"S_SAMPLE",22,2000000,2000000,43690,21845,"",00000000000000000000000000000000,"","",0,0,00,00,"S_WAIT_UTC",00,00,00,00,00,12896963054,"2",2394167296,4294439296,6656921312,ffffeb60,4263287296,0,1111,0000,00,"",0,00000000,"",0,1,"",0,0,000000000000000000,"","",0,0,f,0000000000000000,5555aaaa,0,00000000,0,0,1,1,0,1,0,0,0,0,1,1,1,0,0,1,1,0,0,1,0,0,1,0,1,1,0,0,0,0,1,0,0,0,0,0,0,0,0,0,0,0,0,0,0,0,0,0,0,0,0,0,0,0,0,0,0,0
599,599,0,12896963055,23,00000000,0,19,2000000,4000,1,20000,2000000,"S_SAMPLE",22,2000000,2000000,43690,21845,"",00000000000000000000000000000000,"","",0,0,00,00,"S_WAIT_UTC",00,00,00,00,00,12896963055,"2",2394167296,4294439296,6656921312,ffffeb60,4263287296,0,1111,0000,00,"",0,00000000,"",0,1,"",0,0,000000000000000000,"","",0,0,f,0000000000000000,5555aaaa,0,00000000,0,0,1,1,0,1,0,0,0,0,1,1,1,0,0,1,1,0,0,1,0,0,1,0,1,1,0,0,0,0,1,0,0,0,0,0,0,0,0,0,0,0,0,0,0,0,0,0,0,0,0,0,0,0,0,0,0,0
600,600,0,12896963056,23,00000000,0,19,2000000,4000,1,20000,2000000,"S_SAMPLE",22,2000000,2000000,43690,21845,"",00000000000000000000000000000000,"","",0,0,00,00,"S_WAIT_UTC",00,00,00,00,00,12896963056,"2",2394167296,4294439296,6656921312,ffffeb60,4263287296,0,1111,0000,00,"",0,00000000,"",0,1,"",0,0,000000000000000000,"","",0,0,f,0000000000000000,5555aaaa,0,00000000,0,0,1,1,0,1,0,0,0,0,1,1,1,0,0,1,1,0,0,1,0,0,1,0,1,1,0,0,0,0,1,0,0,0,0,0,0,0,0,0,0,0,0,0,0,0,0,0,0,0,0,0,0,0,0,0,0,0
601,601,0,12896963057,23,00000000,0,19,2000000,4000,1,20000,2000000,"S_SAMPLE",22,2000000,2000000,43690,21845,"",00000000000000000000000000000000,"","",0,0,00,00,"S_WAIT_UTC",00,00,00,00,00,12896963057,"2",2394167296,4294439296,6656921312,ffffeb60,4263287296,0,1111,0000,00,"",0,00000000,"",0,1,"",0,0,000000000000000000,"","",0,0,f,0000000000000000,5555aaaa,0,00000000,0,0,1,1,0,1,0,0,0,0,1,1,1,0,0,1,1,0,0,1,0,0,1,0,1,1,0,0,0,0,1,0,0,0,0,0,0,0,0,0,0,0,0,0,0,0,0,0,0,0,0,0,0,0,0,0,0,0
602,602,0,12896963058,23,00000000,0,19,2000000,4000,1,20000,2000000,"S_SAMPLE",22,2000000,2000000,43690,21845,"",00000000000000000000000000000000,"","",0,0,00,00,"S_WAIT_UTC",00,00,00,00,00,12896963058,"2",2394167296,4294439296,6656921312,ffffeb60,4263287296,0,1111,0000,00,"",0,00000000,"",0,1,"",0,0,000000000000000000,"","",0,0,f,0000000000000000,5555aaaa,0,00000000,1,0,1,1,0,1,0,0,0,0,1,0,1,0,0,1,1,0,0,1,0,0,1,0,1,1,0,0,0,0,1,0,0,0,0,0,0,0,0,0,0,0,0,0,0,0,0,0,0,0,0,0,0,0,0,0,0,0
603,603,0,12896963059,23,00000000,0,19,2000000,4000,1,20000,2000000,"S_SAMPLE",22,2000000,2000000,21845,21845,"",00000000000000000000000000000000,"","",0,0,00,00,"S_WAIT_UTC",00,00,00,00,00,12896963059,"2",2394167296,4294439296,6656921312,ffffeb60,4263287296,0,1111,0000,00,"",0,00000000,"",0,1,"",0,0,000000000000000000,"","",0,0,f,0000000000000000,5555aaaa,0,00000000,0,1,1,1,0,1,0,0,0,0,1,1,1,0,0,1,1,0,0,1,1,0,1,0,1,1,0,0,0,0,1,0,0,0,0,0,0,0,0,0,0,0,0,0,0,0,0,0,0,0,0,0,0,0,0,0,0,0
604,604,0,12896963060,23,00000000,0,19,2000000,4000,1,20000,2000000,"S_SAMPLE",22,2000000,2000000,21845,21845,"",00000000000000000000000000000000,"","",0,0,00,00,"S_WAIT_UTC",00,00,00,00,00,12896963060,"2",2394167296,4294439296,6656921312,ffffeb60,4263287296,0,1111,0000,00,"",0,00000000,"",0,1,"",0,0,000000000000000000,"","",0,0,f,0000000000000000,5555aaaa,0,00000000,0,0,1,1,0,1,0,0,0,0,1,1,1,0,0,1,1,0,0,1,0,0,1,0,1,1,0,0,0,0,1,0,0,0,0,0,0,0,0,0,0,0,0,0,0,0,0,0,0,0,0,0,0,0,0,0,0,0
605,605,0,12896963061,23,00000000,0,20,2000000,4000,1,20000,2000000,"S_SAMPLE",22,2000000,2000000,21845,21845,"",00000000000000000000000000000000,"","",0,0,00,00,"S_WAIT_UTC",00,00,00,00,00,12896963061,"2",2394167296,4294439296,6656921312,ffffeb60,4263287296,0,1111,0000,00,"",0,00000000,"",0,1,"",0,0,000000000000000000,"","",0,0,f,0000000000000000,5555aaaa,0,00000000,0,0,1,1,0,1,0,0,0,0,1,1,1,0,0,1,1,0,0,1,0,0,1,0,1,1,0,0,0,0,1,0,0,0,0,0,0,0,0,0,0,0,0,0,0,0,0,0,0,0,0,0,0,0,0,0,0,0
606,606,0,12896963062,23,00000000,0,20,2000000,4000,1,20000,2000000,"S_SAMPLE",22,2000000,2000000,21845,21845,"",00000000000000000000000000000000,"","",0,0,00,00,"S_WAIT_UTC",00,00,00,00,00,12896963062,"2",2394167296,4294439296,6656921312,ffffeb60,4263287296,0,1111,0000,00,"",0,00000000,"",0,1,"",0,0,000000000000000000,"","",0,0,f,0000000000000000,5555aaaa,0,00000000,0,0,1,1,0,1,0,0,0,0,1,1,1,0,0,1,1,0,0,1,0,0,1,0,1,1,0,0,0,0,1,0,0,0,0,0,0,0,0,0,0,0,0,0,0,0,0,0,0,0,0,0,0,0,0,0,0,0
607,607,0,12896963063,23,00000000,0,20,2000000,4000,1,20000,2000000,"S_SAMPLE",22,2000000,2000000,21845,21845,"",00000000000000000000000000000000,"","",0,0,00,00,"S_WAIT_UTC",00,00,00,00,00,12896963063,"2",2394167296,4294439296,6656921312,ffffeb60,4263287296,0,1111,0000,00,"",0,00000000,"",0,1,"",0,0,000000000000000000,"","",0,0,f,0000000000000000,5555aaaa,0,00000000,0,0,1,1,0,1,0,0,0,0,1,1,1,0,0,1,1,0,0,1,0,0,1,0,1,1,0,0,0,0,1,0,0,0,0,0,0,0,0,0,0,0,0,0,0,0,0,0,0,0,0,0,0,0,0,0,0,0
608,608,0,12896963064,23,00000000,0,20,2000000,4000,1,20000,2000000,"S_SAMPLE",22,2000000,2000000,21845,21845,"",00000000000000000000000000000000,"","",0,0,00,00,"S_WAIT_UTC",00,00,00,00,00,12896963064,"2",2394167296,4294439296,6656921312,ffffeb60,4263287296,0,1111,0000,00,"",0,00000000,"",0,1,"",0,0,000000000000000000,"","",0,0,f,0000000000000000,5555aaaa,0,00000000,0,0,1,1,0,1,0,0,0,0,1,1,1,0,0,1,1,0,0,1,0,0,1,0,1,1,0,0,0,0,1,0,0,0,0,0,0,0,0,0,0,0,0,0,0,0,0,0,0,0,0,0,0,0,0,0,0,0
609,609,0,12896963065,23,00000000,0,20,2000000,4000,1,20000,2000000,"S_SAMPLE",22,2000000,2000000,21845,21845,"",00000000000000000000000000000000,"","",0,0,00,00,"S_WAIT_UTC",00,00,00,00,00,12896963065,"2",2394167296,4294439296,6656921312,ffffeb60,4263287296,0,1111,0000,00,"",0,00000000,"",0,1,"",0,0,000000000000000000,"","",0,0,f,0000000000000000,5555aaaa,0,00000000,0,0,1,1,0,1,0,0,0,0,1,1,1,0,0,1,1,0,0,1,0,0,1,0,1,1,0,0,0,0,1,0,0,0,0,0,0,0,0,0,0,0,0,0,0,0,0,0,0,0,0,0,0,0,0,0,0,0
610,610,0,12896963066,23,00000000,0,20,2000000,4000,1,20000,2000000,"S_SAMPLE",22,2000000,2000000,21845,43690,"",00000000000000000000000000000000,"","",0,0,00,00,"S_WAIT_UTC",00,00,00,00,00,12896963066,"2",2394167296,4294439296,6656921312,ffffeb60,4263287296,0,1111,0000,00,"",0,00000000,"",0,1,"",0,0,000000000000000000,"","",0,0,f,0000000000000000,5555aaaa,0,00000000,0,0,1,1,0,1,0,0,0,0,1,1,1,0,0,1,1,0,0,1,0,0,1,0,1,1,0,0,0,0,1,0,0,0,0,0,0,0,0,0,0,0,0,0,0,0,0,0,0,0,0,0,0,0,0,0,0,0
611,611,0,12896963067,23,00000000,0,20,2000000,4000,1,20000,2000000,"S_SAMPLE",22,2000000,2000000,21845,43690,"",00000000000000000000000000000000,"","",0,0,00,00,"S_WAIT_UTC",00,00,00,00,00,12896963067,"2",2394167296,4294439296,6656921312,ffffeb60,4263287296,0,1111,0000,00,"",0,00000000,"",0,1,"",0,0,000000000000000000,"","",0,0,f,0000000000000000,5555aaaa,0,00000000,0,0,1,1,0,1,0,0,0,0,1,1,1,0,0,1,1,0,0,1,0,0,1,0,1,1,0,0,0,0,1,0,0,0,0,0,0,0,0,0,0,0,0,0,0,0,0,0,0,0,0,0,0,0,0,0,0,0
612,612,0,12896963068,23,00000000,0,20,2000000,4000,1,20000,2000000,"S_SAMPLE",22,2000000,2000000,21845,43690,"",00000000000000000000000000000000,"","",0,0,00,00,"S_WAIT_UTC",00,00,00,00,00,12896963068,"2",2394167296,4294439296,6656921312,ffffeb60,4263287296,0,1111,0000,00,"",0,00000000,"",0,1,"",0,0,000000000000000000,"","",0,0,f,0000000000000000,5555aaaa,0,00000000,0,0,1,1,0,1,0,0,0,0,1,1,1,0,0,1,1,0,0,1,0,0,1,0,1,1,0,0,0,0,1,0,0,0,0,0,0,0,0,0,0,0,0,0,0,0,0,0,0,0,0,0,0,0,0,0,0,0
613,613,0,12896963069,23,00000000,0,20,2000000,4000,1,20000,2000000,"S_SAMPLE",22,2000000,2000000,21845,43690,"",00000000000000000000000000000000,"","",0,0,00,00,"S_WAIT_UTC",00,00,00,00,00,12896963069,"2",2394167296,4294439296,6656921312,ffffeb60,4263287296,0,1111,0000,00,"",0,00000000,"",0,1,"",0,0,000000000000000000,"","",0,0,f,0000000000000000,5555aaaa,0,00000000,0,0,1,1,0,1,0,0,0,0,1,1,1,0,0,1,1,0,0,1,0,0,1,0,1,1,0,0,0,0,1,0,0,0,0,0,0,0,0,0,0,0,0,0,0,0,0,0,0,0,0,0,0,0,0,0,0,0
614,614,0,12896963070,23,00000000,0,20,2000000,4000,1,20000,2000000,"S_SAMPLE",22,2000000,2000000,21845,43690,"",00000000000000000000000000000000,"","",0,0,00,00,"S_WAIT_UTC",00,00,00,00,00,12896963070,"2",2394167296,4294439296,6656921312,ffffeb60,4263287296,0,1111,0000,00,"",0,00000000,"",0,1,"",0,0,000000000000000000,"","",0,0,f,0000000000000000,5555aaaa,0,00000000,0,0,1,1,0,1,0,0,0,0,1,1,1,0,0,1,1,0,0,1,0,0,1,0,1,1,0,0,0,0,1,0,0,0,0,0,0,0,0,0,0,0,0,0,0,0,0,0,0,0,0,0,0,0,0,0,0,0
615,615,0,12896963071,23,00000000,0,20,2000000,4000,1,20000,2000000,"S_SAMPLE",22,2000000,2000000,21845,43690,"",00000000000000000000000000000000,"","",0,0,00,00,"S_WAIT_UTC",00,00,00,00,00,12896963071,"2",2394167296,4294439296,6656921312,ffffeb60,4263287296,0,1111,0000,00,"",0,00000000,"",0,1,"",0,0,000000000000000000,"","",0,0,f,0000000000000000,5555aaaa,0,00000000,0,0,1,1,0,1,0,0,0,0,1,1,1,0,0,1,1,0,0,1,0,0,1,0,1,1,0,0,0,0,1,0,0,0,0,0,0,0,0,0,0,0,0,0,0,0,0,0,0,0,0,0,0,0,0,0,0,0
616,616,0,12896963072,23,00000000,0,20,2000000,4000,1,20000,2000000,"S_SAMPLE",22,2000000,2000000,21845,43690,"",00000000000000000000000000000000,"","",0,0,00,00,"S_WAIT_UTC",00,00,00,00,00,12896963072,"2",2394167296,4294439296,6656921312,ffffeb60,4263287296,0,1111,0000,00,"",0,00000000,"",0,1,"",0,0,000000000000000000,"","",0,0,f,0000000000000000,5555aaaa,0,00000000,0,0,1,1,0,1,0,0,0,0,1,1,1,0,0,1,1,0,0,1,0,0,1,0,1,1,0,0,0,0,1,0,0,0,0,0,0,0,0,0,0,0,0,0,0,0,0,0,0,0,0,0,0,0,0,0,0,0
617,617,0,12896963073,23,00000000,0,20,2000000,4000,1,20000,2000000,"S_SAMPLE",22,2000000,2000000,21845,43690,"",00000000000000000000000000000000,"","",0,0,00,00,"S_WAIT_UTC",00,00,00,00,00,12896963073,"2",2394167296,4294439296,6656921312,ffffeb60,4263287296,0,1111,0000,00,"",0,00000000,"",0,1,"",0,0,000000000000000000,"","",0,0,f,0000000000000000,5555aaaa,0,00000000,0,0,1,1,0,1,0,0,0,0,1,1,1,0,0,1,1,0,0,1,0,0,1,0,1,1,0,0,0,0,1,0,0,0,0,0,0,0,0,0,0,0,0,0,0,0,0,0,0,0,0,0,0,0,0,0,0,0
618,618,0,12896963074,23,00000000,0,20,2000000,4000,1,20000,2000000,"S_SAMPLE",22,2000000,2000000,21845,43690,"",00000000000000000000000000000000,"","",0,0,00,00,"S_WAIT_UTC",00,00,00,00,00,12896963074,"2",2394167296,4294439296,6656921312,ffffeb60,4263287296,0,1111,0000,00,"",0,00000000,"",0,1,"",0,0,000000000000000000,"","",0,0,f,0000000000000000,5555aaaa,0,00000000,0,0,1,1,0,1,0,0,0,0,1,1,1,0,0,1,1,0,0,1,0,0,1,0,1,1,0,0,0,0,1,0,0,0,0,0,0,0,0,0,0,0,0,0,0,0,0,0,0,0,0,0,0,0,0,0,0,0
619,619,0,12896963075,23,00000000,0,20,2000000,4000,1,20000,2000000,"S_SAMPLE",22,2000000,2000000,21845,43690,"",00000000000000000000000000000000,"","",0,0,00,00,"S_WAIT_UTC",00,00,00,00,00,12896963075,"2",2394167296,4294439296,6656921312,ffffeb60,4263287296,0,1111,0000,00,"",0,00000000,"",0,1,"",0,0,000000000000000000,"","",0,0,f,0000000000000000,5555aaaa,0,00000000,0,0,1,1,0,1,0,0,0,0,1,1,1,0,0,1,1,0,0,1,0,0,1,0,1,1,0,0,0,0,1,0,0,0,0,0,0,0,0,0,0,0,0,0,0,0,0,0,0,0,0,0,0,0,0,0,0,0
620,620,0,12896963076,23,00000000,0,20,2000000,4000,1,20000,2000000,"S_SAMPLE",22,2000000,2000000,21845,43690,"",00000000000000000000000000000000,"","",0,0,00,00,"S_WAIT_UTC",00,00,00,00,00,12896963076,"2",2394167296,4294439296,6656921312,ffffeb60,4263287296,0,1111,0000,00,"",0,00000000,"",0,1,"",0,0,000000000000000000,"","",0,0,f,0000000000000000,5555aaaa,0,00000000,0,0,1,1,0,1,0,0,0,0,1,1,1,0,0,1,1,0,0,1,0,0,1,0,1,1,0,0,0,0,1,0,0,0,0,0,0,0,0,0,0,0,0,0,0,0,0,0,0,0,0,0,0,0,0,0,0,0
621,621,0,12896963077,23,00000000,0,20,2000000,4000,1,20000,2000000,"S_SAMPLE",22,2000000,2000000,21845,43690,"",00000000000000000000000000000000,"","",0,0,00,00,"S_WAIT_UTC",00,00,00,00,00,12896963077,"2",2394167296,4294439296,6656921312,ffffeb60,4263287296,0,1111,0000,00,"",0,00000000,"",0,1,"",0,0,000000000000000000,"","",0,0,f,0000000000000000,5555aaaa,0,00000000,0,0,1,1,0,1,0,0,0,0,1,1,1,0,0,1,1,0,0,1,0,0,1,0,1,1,0,0,0,0,1,0,0,0,0,0,0,0,0,0,0,0,0,0,0,0,0,0,0,0,0,0,0,0,0,0,0,0
622,622,0,12896963078,23,00000000,0,20,2000000,4000,1,20000,2000000,"S_SAMPLE",22,2000000,2000000,21845,43690,"",00000000000000000000000000000000,"","",0,0,00,00,"S_WAIT_UTC",00,00,00,00,00,12896963078,"2",2394167296,4294439296,6656921312,ffffeb60,4263287296,0,1111,0000,00,"",0,00000000,"",0,1,"",0,0,000000000000000000,"","",0,0,f,0000000000000000,5555aaaa,0,00000000,0,0,1,1,0,1,0,0,0,0,1,1,1,0,0,1,1,0,0,1,0,0,1,0,1,1,0,0,0,0,1,0,0,0,0,0,0,0,0,0,0,0,0,0,0,0,0,0,0,0,0,0,0,0,0,0,0,0
623,623,0,12896963079,24,00000000,0,20,2000000,4000,1,20000,2000000,"S_SAMPLE",23,2000000,2000000,21845,43690,"",00000000000000000000000000000000,"","",0,0,00,00,"S_WAIT_UTC",00,00,00,00,00,12896963079,"2",2394167296,4294439296,6656921312,ffffeb60,4263287296,0,1111,0000,00,"",0,00000000,"",0,1,"",0,0,000000000000000000,"","",0,0,f,0000000000000000,5555aaaa,0,00000000,0,0,1,1,0,1,0,0,0,0,1,1,1,0,0,1,1,0,0,1,0,0,1,0,1,1,0,0,0,0,1,0,0,0,0,0,0,0,0,0,0,0,0,0,0,0,0,0,0,0,0,0,0,0,0,0,0,0
624,624,0,12896963080,24,00000000,0,20,2000000,4000,1,20000,2000000,"S_SAMPLE",23,2000000,2000000,21845,43690,"",00000000000000000000000000000000,"","",0,0,00,00,"S_WAIT_UTC",00,00,00,00,00,12896963080,"2",2394167296,4294439296,6656921312,ffffeb60,4263287296,0,1111,0000,00,"",0,00000000,"",0,1,"",0,0,000000000000000000,"","",0,0,f,0000000000000000,5555aaaa,0,00000000,0,0,1,1,0,1,0,0,0,0,1,1,1,0,0,1,1,0,0,1,0,0,1,0,1,1,0,0,0,0,1,0,0,0,0,0,0,0,0,0,0,0,0,0,0,0,0,0,0,0,0,0,0,0,0,0,0,0
625,625,0,12896963081,24,00000000,0,20,2000000,4000,1,20000,2000000,"S_SAMPLE",23,2000000,2000000,21845,43690,"",00000000000000000000000000000000,"","",0,0,00,00,"S_WAIT_UTC",00,00,00,00,00,12896963081,"2",2394167296,4294439296,6656921312,ffffeb60,4263287296,0,1111,0000,00,"",0,00000000,"",0,1,"",0,0,000000000000000000,"","",0,0,f,0000000000000000,5555aaaa,0,00000000,0,0,1,1,0,1,0,0,0,0,1,1,1,0,0,1,1,0,0,1,0,0,1,0,1,1,0,0,0,0,1,0,0,0,0,0,0,0,0,0,0,0,0,0,0,0,0,0,0,0,0,0,0,0,0,0,0,0
626,626,0,12896963082,24,00000000,0,20,2000000,4000,1,20000,2000000,"S_SAMPLE",23,2000000,2000000,21845,43690,"",00000000000000000000000000000000,"","",0,0,00,00,"S_WAIT_UTC",00,00,00,00,00,12896963082,"2",2394167296,4294439296,6656921312,ffffeb60,4263287296,0,1111,0000,00,"",0,00000000,"",0,1,"",0,0,000000000000000000,"","",0,0,f,0000000000000000,5555aaaa,0,00000000,0,0,1,1,0,1,0,0,0,0,1,1,1,0,0,1,1,0,0,1,0,0,1,0,1,1,0,0,0,0,1,0,0,0,0,0,0,0,0,0,0,0,0,0,0,0,0,0,0,0,0,0,0,0,0,0,0,0
627,627,0,12896963083,24,00000000,0,20,2000000,4000,1,20000,2000000,"S_SAMPLE",23,2000000,2000000,21845,43690,"",00000000000000000000000000000000,"","",0,0,00,00,"S_WAIT_UTC",00,00,00,00,00,12896963083,"2",2394167296,4294439296,6656921312,ffffeb60,4263287296,0,1111,0000,00,"",0,00000000,"",0,1,"",0,0,000000000000000000,"","",0,0,f,0000000000000000,5555aaaa,0,00000000,1,0,1,1,0,1,0,0,0,0,1,0,1,0,0,1,1,0,0,1,0,0,1,0,1,1,0,0,0,0,1,0,0,0,0,0,0,0,0,0,0,0,0,0,0,0,0,0,0,0,0,0,0,0,0,0,0,0
628,628,0,12896963084,24,00000000,0,20,2000000,4000,1,20000,2000000,"S_SAMPLE",23,2000000,2000000,43690,43690,"",00000000000000000000000000000000,"","",0,0,00,00,"S_WAIT_UTC",00,00,00,00,00,12896963084,"2",2394167296,4294439296,6656921312,ffffeb60,4263287296,0,1111,0000,00,"",0,00000000,"",0,1,"",0,0,000000000000000000,"","",0,0,f,0000000000000000,5555aaaa,0,00000000,0,1,1,1,0,1,0,0,0,0,1,1,1,0,0,1,1,0,0,1,1,0,1,0,1,1,0,0,0,0,1,0,0,0,0,0,0,0,0,0,0,0,0,0,0,0,0,0,0,0,0,0,0,0,0,0,0,0
629,629,0,12896963085,24,00000000,0,20,2000000,4000,1,20000,2000000,"S_SAMPLE",23,2000000,2000000,43690,43690,"",00000000000000000000000000000000,"","",0,0,00,00,"S_WAIT_UTC",00,00,00,00,00,12896963085,"2",2394167296,4294439296,6656921312,ffffeb60,4263287296,0,1111,0000,00,"",0,00000000,"",0,1,"",0,0,000000000000000000,"","",0,0,f,0000000000000000,5555aaaa,0,00000000,0,0,1,1,0,1,0,0,0,0,1,1,1,0,0,1,1,0,0,1,0,0,1,0,1,1,0,0,0,0,1,0,0,0,0,0,0,0,0,0,0,0,0,0,0,0,0,0,0,0,0,0,0,0,0,0,0,0
630,630,0,12896963086,24,00000000,0,21,2000000,4000,1,20000,2000000,"S_SAMPLE",23,2000000,2000000,43690,43690,"",00000000000000000000000000000000,"","",0,0,00,00,"S_WAIT_UTC",00,00,00,00,00,12896963086,"2",2394167296,4294439296,6656921312,ffffeb60,4263287296,0,1111,0000,00,"",0,00000000,"",0,1,"",0,0,000000000000000000,"","",0,0,f,0000000000000000,5555aaaa,0,00000000,0,0,1,1,0,1,0,0,0,0,1,1,1,0,0,1,1,0,0,1,0,0,1,0,1,1,0,0,0,0,1,0,0,0,0,0,0,0,0,0,0,0,0,0,0,0,0,0,0,0,0,0,0,0,0,0,0,0
631,631,0,12896963087,24,00000000,0,21,2000000,4000,1,20000,2000000,"S_SAMPLE",23,2000000,2000000,43690,43690,"",00000000000000000000000000000000,"","",0,0,00,00,"S_WAIT_UTC",00,00,00,00,00,12896963087,"2",2394167296,4294439296,6656921312,ffffeb60,4263287296,0,1111,0000,00,"",0,00000000,"",0,1,"",0,0,000000000000000000,"","",0,0,f,0000000000000000,5555aaaa,0,00000000,0,0,1,1,0,1,0,0,0,0,1,1,1,0,0,1,1,0,0,1,0,0,1,0,1,1,0,0,0,0,1,0,0,0,0,0,0,0,0,0,0,0,0,0,0,0,0,0,0,0,0,0,0,0,0,0,0,0
632,632,0,12896963088,24,00000000,0,21,2000000,4000,1,20000,2000000,"S_SAMPLE",23,2000000,2000000,43690,43690,"",00000000000000000000000000000000,"","",0,0,00,00,"S_WAIT_UTC",00,00,00,00,00,12896963088,"2",2394167296,4294439296,6656921312,ffffeb60,4263287296,0,1111,0000,00,"",0,00000000,"",0,1,"",0,0,000000000000000000,"","",0,0,f,0000000000000000,5555aaaa,0,00000000,0,0,1,1,0,1,0,0,0,0,1,1,1,0,0,1,1,0,0,1,0,0,1,0,1,1,0,0,0,0,1,0,0,0,0,0,0,0,0,0,0,0,0,0,0,0,0,0,0,0,0,0,0,0,0,0,0,0
633,633,0,12896963089,24,00000000,0,21,2000000,4000,1,20000,2000000,"S_SAMPLE",23,2000000,2000000,43690,43690,"",00000000000000000000000000000000,"","",0,0,00,00,"S_WAIT_UTC",00,00,00,00,00,12896963089,"2",2394167296,4294439296,6656921312,ffffeb60,4263287296,0,1111,0000,00,"",0,00000000,"",0,1,"",0,0,000000000000000000,"","",0,0,f,0000000000000000,5555aaaa,0,00000000,0,0,1,1,0,1,0,0,0,0,1,1,1,0,0,1,1,0,0,1,0,0,1,0,1,1,0,0,0,0,1,0,0,0,0,0,0,0,0,0,0,0,0,0,0,0,0,0,0,0,0,0,0,0,0,0,0,0
634,634,0,12896963090,24,00000000,0,21,2000000,4000,1,20000,2000000,"S_SAMPLE",23,2000000,2000000,43690,43690,"",00000000000000000000000000000000,"","",0,0,00,00,"S_WAIT_UTC",00,00,00,00,00,12896963090,"2",2394167296,4294439296,6656921312,ffffeb60,4263287296,0,1111,0000,00,"",0,00000000,"",0,1,"",0,0,000000000000000000,"","",0,0,f,0000000000000000,5555aaaa,0,00000000,0,0,1,1,0,1,0,0,0,0,1,1,1,0,0,1,1,0,0,1,0,0,1,0,1,1,0,0,0,0,1,0,0,0,0,0,0,0,0,0,0,0,0,0,0,0,0,0,0,0,0,0,0,0,0,0,0,0
635,635,0,12896963091,24,00000000,0,21,2000000,4000,1,20000,2000000,"S_SAMPLE",23,2000000,2000000,43690,21845,"",00000000000000000000000000000000,"","",0,0,00,00,"S_WAIT_UTC",00,00,00,00,00,12896963091,"2",2394167296,4294439296,6656921312,ffffeb60,4263287296,0,1111,0000,00,"",0,00000000,"",0,1,"",0,0,000000000000000000,"","",0,0,f,0000000000000000,5555aaaa,0,00000000,0,0,1,1,0,1,0,0,0,0,1,1,1,0,0,1,1,0,0,1,0,0,1,0,1,1,0,0,0,0,1,0,0,0,0,0,0,0,0,0,0,0,0,0,0,0,0,0,0,0,0,0,0,0,0,0,0,0
636,636,0,12896963092,24,00000000,0,21,2000000,4000,1,20000,2000000,"S_SAMPLE",23,2000000,2000000,43690,21845,"",00000000000000000000000000000000,"","",0,0,00,00,"S_WAIT_UTC",00,00,00,00,00,12896963092,"2",2394167296,4294439296,6656921312,ffffeb60,4263287296,0,1111,0000,00,"",0,00000000,"",0,1,"",0,0,000000000000000000,"","",0,0,f,0000000000000000,5555aaaa,0,00000000,0,0,1,1,0,1,0,0,0,0,1,1,1,0,0,1,1,0,0,1,0,0,1,0,1,1,0,0,0,0,1,0,0,0,0,0,0,0,0,0,0,0,0,0,0,0,0,0,0,0,0,0,0,0,0,0,0,0
637,637,0,12896963093,24,00000000,0,21,2000000,4000,1,20000,2000000,"S_SAMPLE",23,2000000,2000000,43690,21845,"",00000000000000000000000000000000,"","",0,0,00,00,"S_WAIT_UTC",00,00,00,00,00,12896963093,"2",2394167296,4294439296,6656921312,ffffeb60,4263287296,0,1111,0000,00,"",0,00000000,"",0,1,"",0,0,000000000000000000,"","",0,0,f,0000000000000000,5555aaaa,0,00000000,0,0,1,1,0,1,0,0,0,0,1,1,1,0,0,1,1,0,0,1,0,0,1,0,1,1,0,0,0,0,1,0,0,0,0,0,0,0,0,0,0,0,0,0,0,0,0,0,0,0,0,0,0,0,0,0,0,0
638,638,0,12896963094,24,00000000,0,21,2000000,4000,1,20000,2000000,"S_SAMPLE",23,2000000,2000000,43690,21845,"",00000000000000000000000000000000,"","",0,0,00,00,"S_WAIT_UTC",00,00,00,00,00,12896963094,"2",2394167296,4294439296,6656921312,ffffeb60,4263287296,0,1111,0000,00,"",0,00000000,"",0,1,"",0,0,000000000000000000,"","",0,0,f,0000000000000000,5555aaaa,0,00000000,0,0,1,1,0,1,0,0,0,0,1,1,1,0,0,1,1,0,0,1,0,0,1,0,1,1,0,0,0,0,1,0,0,0,0,0,0,0,0,0,0,0,0,0,0,0,0,0,0,0,0,0,0,0,0,0,0,0
639,639,0,12896963095,24,00000000,0,21,2000000,4000,1,20000,2000000,"S_SAMPLE",23,2000000,2000000,43690,21845,"",00000000000000000000000000000000,"","",0,0,00,00,"S_WAIT_UTC",00,00,00,00,00,12896963095,"2",2394167296,4294439296,6656921312,ffffeb60,4263287296,0,1111,0000,00,"",0,00000000,"",0,1,"",0,0,000000000000000000,"","",0,0,f,0000000000000000,5555aaaa,0,00000000,0,0,1,1,0,1,0,0,0,0,1,1,1,0,0,1,1,0,0,1,0,0,1,0,1,1,0,0,0,0,1,0,0,0,0,0,0,0,0,0,0,0,0,0,0,0,0,0,0,0,0,0,0,0,0,0,0,0
640,640,0,12896963096,24,00000000,0,21,2000000,4000,1,20000,2000000,"S_SAMPLE",23,2000000,2000000,43690,21845,"",00000000000000000000000000000000,"","",0,0,00,00,"S_WAIT_UTC",00,00,00,00,00,12896963096,"2",2394167296,4294439296,6656921312,ffffeb60,4263287296,0,1111,0000,00,"",0,00000000,"",0,1,"",0,0,000000000000000000,"","",0,0,f,0000000000000000,5555aaaa,0,00000000,0,0,1,1,0,1,0,0,0,0,1,1,1,0,0,1,1,0,0,1,0,0,1,0,1,1,0,0,0,0,1,0,0,0,0,0,0,0,0,0,0,0,0,0,0,0,0,0,0,0,0,0,0,0,0,0,0,0
641,641,0,12896963097,24,00000000,0,21,2000000,4000,1,20000,2000000,"S_SAMPLE",23,2000000,2000000,43690,21845,"",00000000000000000000000000000000,"","",0,0,00,00,"S_WAIT_UTC",00,00,00,00,00,12896963097,"2",2394167296,4294439296,6656921312,ffffeb60,4263287296,0,1111,0000,00,"",0,00000000,"",0,1,"",0,0,000000000000000000,"","",0,0,f,0000000000000000,5555aaaa,0,00000000,0,0,1,1,0,1,0,0,0,0,1,1,1,0,0,1,1,0,0,1,0,0,1,0,1,1,0,0,0,0,1,0,0,0,0,0,0,0,0,0,0,0,0,0,0,0,0,0,0,0,0,0,0,0,0,0,0,0
642,642,0,12896963098,24,00000000,0,21,2000000,4000,1,20000,2000000,"S_SAMPLE",23,2000000,2000000,43690,21845,"",00000000000000000000000000000000,"","",0,0,00,00,"S_WAIT_UTC",00,00,00,00,00,12896963098,"2",2394167296,4294439296,6656921312,ffffeb60,4263287296,0,1111,0000,00,"",0,00000000,"",0,1,"",0,0,000000000000000000,"","",0,0,f,0000000000000000,5555aaaa,0,00000000,0,0,1,1,0,1,0,0,0,0,1,1,1,0,0,1,1,0,0,1,0,0,1,0,1,1,0,0,0,0,1,0,0,0,0,0,0,0,0,0,0,0,0,0,0,0,0,0,0,0,0,0,0,0,0,0,0,0
643,643,0,12896963099,24,00000000,0,21,2000000,4000,1,20000,2000000,"S_SAMPLE",23,2000000,2000000,43690,21845,"",00000000000000000000000000000000,"","",0,0,00,00,"S_WAIT_UTC",00,00,00,00,00,12896963099,"2",2394167296,4294439296,6656921312,ffffeb60,4263287296,0,1111,0000,00,"",0,00000000,"",0,1,"",0,0,000000000000000000,"","",0,0,f,0000000000000000,5555aaaa,0,00000000,0,0,1,1,0,1,0,0,0,0,1,1,1,0,0,1,1,0,0,1,0,0,1,0,1,1,0,0,0,0,1,0,0,0,0,0,0,0,0,0,0,0,0,0,0,0,0,0,0,0,0,0,0,0,0,0,0,0
644,644,0,12896963100,24,00000000,0,21,2000000,4000,1,20000,2000000,"S_SAMPLE",23,2000000,2000000,43690,21845,"",00000000000000000000000000000000,"","",0,0,00,00,"S_WAIT_UTC",00,00,00,00,00,12896963100,"2",2394167296,4294439296,6656921312,ffffeb60,4263287296,0,1111,0000,00,"",0,00000000,"",0,1,"",0,0,000000000000000000,"","",0,0,f,0000000000000000,5555aaaa,0,00000000,0,0,1,1,0,1,0,0,0,0,1,1,1,0,0,1,1,0,0,1,0,0,1,0,1,1,0,0,0,0,1,0,0,0,0,0,0,0,0,0,0,0,0,0,0,0,0,0,0,0,0,0,0,0,0,0,0,0
645,645,0,12896963101,24,00000000,0,21,2000000,4000,1,20000,2000000,"S_SAMPLE",23,2000000,2000000,43690,21845,"",00000000000000000000000000000000,"","",0,0,00,00,"S_WAIT_UTC",00,00,00,00,00,12896963101,"2",2394167296,4294439296,6656921312,ffffeb60,4263287296,0,1111,0000,00,"",0,00000000,"",0,1,"",0,0,000000000000000000,"","",0,0,f,0000000000000000,5555aaaa,0,00000000,0,0,1,1,0,1,0,0,0,0,1,1,1,0,0,1,1,0,0,1,0,0,1,0,1,1,0,0,0,0,1,0,0,0,0,0,0,0,0,0,0,0,0,0,0,0,0,0,0,0,0,0,0,0,0,0,0,0
646,646,0,12896963102,24,00000000,0,21,2000000,4000,1,20000,2000000,"S_SAMPLE",23,2000000,2000000,43690,21845,"",00000000000000000000000000000000,"","",0,0,00,00,"S_WAIT_UTC",00,00,00,00,00,12896963102,"2",2394167296,4294439296,6656921312,ffffeb60,4263287296,0,1111,0000,00,"",0,00000000,"",0,1,"",0,0,000000000000000000,"","",0,0,f,0000000000000000,5555aaaa,0,00000000,0,0,1,1,0,1,0,0,0,0,1,1,1,0,0,1,1,0,0,1,0,0,1,0,1,1,0,0,0,0,1,0,0,0,0,0,0,0,0,0,0,0,0,0,0,0,0,0,0,0,0,0,0,0,0,0,0,0
647,647,0,12896963103,24,00000000,0,21,2000000,4000,1,20000,2000000,"S_SAMPLE",23,2000000,2000000,43690,21845,"",00000000000000000000000000000000,"","",0,0,00,00,"S_WAIT_UTC",00,00,00,00,00,12896963103,"2",2394167296,4294439296,6656921312,ffffeb60,4263287296,0,1111,0000,00,"",0,00000000,"",0,1,"",0,0,000000000000000000,"","",0,0,f,0000000000000000,5555aaaa,0,00000000,0,0,1,1,0,1,0,0,0,0,1,1,1,0,0,1,1,0,0,1,0,0,1,0,1,1,0,0,0,0,1,0,0,0,0,0,0,0,0,0,0,0,0,0,0,0,0,0,0,0,0,0,0,0,0,0,0,0
648,648,0,12896963104,25,00000000,0,21,2000000,4000,1,20000,2000000,"S_SAMPLE",24,2000000,2000000,43690,21845,"",00000000000000000000000000000000,"","",0,0,00,00,"S_WAIT_UTC",00,00,00,00,00,12896963104,"2",2394167296,4294439296,6656921312,ffffeb60,4263287296,0,1111,0000,00,"",0,00000000,"",0,1,"",0,0,000000000000000000,"","",0,0,f,0000000000000000,5555aaaa,0,00000000,0,0,1,1,0,1,0,0,0,0,1,1,1,0,0,1,1,0,0,1,0,0,1,0,1,1,0,0,0,0,1,0,0,0,0,0,0,0,0,0,0,0,0,0,0,0,0,0,0,0,0,0,0,0,0,0,0,0
649,649,0,12896963105,25,00000000,0,21,2000000,4000,1,20000,2000000,"S_SAMPLE",24,2000000,2000000,43690,21845,"",00000000000000000000000000000000,"","",0,0,00,00,"S_WAIT_UTC",00,00,00,00,00,12896963105,"2",2394167296,4294439296,6656921312,ffffeb60,4263287296,0,1111,0000,00,"",0,00000000,"",0,1,"",0,0,000000000000000000,"","",0,0,f,0000000000000000,5555aaaa,0,00000000,0,0,1,1,0,1,0,0,0,0,1,1,1,0,0,1,1,0,0,1,0,0,1,0,1,1,0,0,0,0,1,0,0,0,0,0,0,0,0,0,0,0,0,0,0,0,0,0,0,0,0,0,0,0,0,0,0,0
650,650,0,12896963106,25,00000000,0,21,2000000,4000,1,20000,2000000,"S_SAMPLE",24,2000000,2000000,43690,21845,"",00000000000000000000000000000000,"","",0,0,00,00,"S_WAIT_UTC",00,00,00,00,00,12896963106,"2",2394167296,4294439296,6656921312,ffffeb60,4263287296,0,1111,0000,00,"",0,00000000,"",0,1,"",0,0,000000000000000000,"","",0,0,f,0000000000000000,5555aaaa,0,00000000,0,0,1,1,0,1,0,0,0,0,1,1,1,0,0,1,1,0,0,1,0,0,1,0,1,1,0,0,0,0,1,0,0,0,0,0,0,0,0,0,0,0,0,0,0,0,0,0,0,0,0,0,0,0,0,0,0,0
651,651,0,12896963107,25,00000000,0,21,2000000,4000,1,20000,2000000,"S_SAMPLE",24,2000000,2000000,43690,21845,"",00000000000000000000000000000000,"","",0,0,00,00,"S_WAIT_UTC",00,00,00,00,00,12896963107,"2",2394167296,4294439296,6656921312,ffffeb60,4263287296,0,1111,0000,00,"",0,00000000,"",0,1,"",0,0,000000000000000000,"","",0,0,f,0000000000000000,5555aaaa,0,00000000,0,0,1,1,0,1,0,0,0,0,1,1,1,0,0,1,1,0,0,1,0,0,1,0,1,1,0,0,0,0,1,0,0,0,0,0,0,0,0,0,0,0,0,0,0,0,0,0,0,0,0,0,0,0,0,0,0,0
652,652,0,12896963108,25,00000000,0,21,2000000,4000,1,20000,2000000,"S_SAMPLE",24,2000000,2000000,43690,21845,"",00000000000000000000000000000000,"","",0,0,00,00,"S_WAIT_UTC",00,00,00,00,00,12896963108,"2",2394167296,4294439296,6656921312,ffffeb60,4263287296,0,1111,0000,00,"",0,00000000,"",0,1,"",0,0,000000000000000000,"","",0,0,f,0000000000000000,5555aaaa,0,00000000,1,0,1,1,0,1,0,0,0,0,1,0,1,0,0,1,1,0,0,1,0,0,1,0,1,1,0,0,0,0,1,0,0,0,0,0,0,0,0,0,0,0,0,0,0,0,0,0,0,0,0,0,0,0,0,0,0,0
653,653,0,12896963109,25,00000000,0,21,2000000,4000,1,20000,2000000,"S_SAMPLE",24,2000000,2000000,21845,21845,"",00000000000000000000000000000000,"","",0,0,00,00,"S_WAIT_UTC",00,00,00,00,00,12896963109,"2",2394167296,4294439296,6656921312,ffffeb60,4263287296,0,1111,0000,00,"",0,00000000,"",0,1,"",0,0,000000000000000000,"","",0,0,f,0000000000000000,5555aaaa,0,00000000,0,1,1,1,0,1,0,0,0,0,1,1,1,0,0,1,1,0,0,1,1,0,1,0,1,1,0,0,0,0,1,0,0,0,0,0,0,0,0,0,0,0,0,0,0,0,0,0,0,0,0,0,0,0,0,0,0,0
654,654,0,12896963110,25,00000000,0,21,2000000,4000,1,20000,2000000,"S_SAMPLE",24,2000000,2000000,21845,21845,"",00000000000000000000000000000000,"","",0,0,00,00,"S_WAIT_UTC",00,00,00,00,00,12896963110,"2",2394167296,4294439296,6656921312,ffffeb60,4263287296,0,1111,0000,00,"",0,00000000,"",0,1,"",0,0,000000000000000000,"","",0,0,f,0000000000000000,5555aaaa,0,00000000,0,0,1,1,0,1,0,0,0,0,1,1,1,0,0,1,1,0,0,1,0,0,1,0,1,1,0,0,0,0,1,0,0,0,0,0,0,0,0,0,0,0,0,0,0,0,0,0,0,0,0,0,0,0,0,0,0,0
655,655,0,12896963111,25,00000000,0,22,2000000,4000,1,20000,2000000,"S_SAMPLE",24,2000000,2000000,21845,21845,"",00000000000000000000000000000000,"","",0,0,00,00,"S_WAIT_UTC",00,00,00,00,00,12896963111,"2",2394167296,4294439296,6656921312,ffffeb60,4263287296,0,1111,0000,00,"",0,00000000,"",0,1,"",0,0,000000000000000000,"","",0,0,f,0000000000000000,5555aaaa,0,00000000,0,0,1,1,0,1,0,0,0,0,1,1,1,0,0,1,1,0,0,1,0,0,1,0,1,1,0,0,0,0,1,0,0,0,0,0,0,0,0,0,0,0,0,0,0,0,0,0,0,0,0,0,0,0,0,0,0,0
656,656,0,12896963112,25,00000000,0,22,2000000,4000,1,20000,2000000,"S_SAMPLE",24,2000000,2000000,21845,21845,"",00000000000000000000000000000000,"","",0,0,00,00,"S_WAIT_UTC",00,00,00,00,00,12896963112,"2",2394167296,4294439296,6656921312,ffffeb60,4263287296,0,1111,0000,00,"",0,00000000,"",0,1,"",0,0,000000000000000000,"","",0,0,f,0000000000000000,5555aaaa,0,00000000,0,0,1,1,0,1,0,0,0,0,1,1,1,0,0,1,1,0,0,1,0,0,1,0,1,1,0,0,0,0,1,0,0,0,0,0,0,0,0,0,0,0,0,0,0,0,0,0,0,0,0,0,0,0,0,0,0,0
657,657,0,12896963113,25,00000000,0,22,2000000,4000,1,20000,2000000,"S_SAMPLE",24,2000000,2000000,21845,21845,"",00000000000000000000000000000000,"","",0,0,00,00,"S_WAIT_UTC",00,00,00,00,00,12896963113,"2",2394167296,4294439296,6656921312,ffffeb60,4263287296,0,1111,0000,00,"",0,00000000,"",0,1,"",0,0,000000000000000000,"","",0,0,f,0000000000000000,5555aaaa,0,00000000,0,0,1,1,0,1,0,0,0,0,1,1,1,0,0,1,1,0,0,1,0,0,1,0,1,1,0,0,0,0,1,0,0,0,0,0,0,0,0,0,0,0,0,0,0,0,0,0,0,0,0,0,0,0,0,0,0,0
658,658,0,12896963114,25,00000000,0,22,2000000,4000,1,20000,2000000,"S_SAMPLE",24,2000000,2000000,21845,21845,"",00000000000000000000000000000000,"","",0,0,00,00,"S_WAIT_UTC",00,00,00,00,00,12896963114,"2",2394167296,4294439296,6656921312,ffffeb60,4263287296,0,1111,0000,00,"",0,00000000,"",0,1,"",0,0,000000000000000000,"","",0,0,f,0000000000000000,5555aaaa,0,00000000,0,0,1,1,0,1,0,0,0,0,1,1,1,0,0,1,1,0,0,1,0,0,1,0,1,1,0,0,0,0,1,0,0,0,0,0,0,0,0,0,0,0,0,0,0,0,0,0,0,0,0,0,0,0,0,0,0,0
659,659,0,12896963115,25,00000000,0,22,2000000,4000,1,20000,2000000,"S_SAMPLE",24,2000000,2000000,21845,21845,"",00000000000000000000000000000000,"","",0,0,00,00,"S_WAIT_UTC",00,00,00,00,00,12896963115,"2",2394167296,4294439296,6656921312,ffffeb60,4263287296,0,1111,0000,00,"",0,00000000,"",0,1,"",0,0,000000000000000000,"","",0,0,f,0000000000000000,5555aaaa,0,00000000,0,0,1,1,0,1,0,0,0,0,1,1,1,0,0,1,1,0,0,1,0,0,1,0,1,1,0,0,0,0,1,0,0,0,0,0,0,0,0,0,0,0,0,0,0,0,0,0,0,0,0,0,0,0,0,0,0,0
660,660,0,12896963116,25,00000000,0,22,2000000,4000,1,20000,2000000,"S_SAMPLE",24,2000000,2000000,21845,43690,"",00000000000000000000000000000000,"","",0,0,00,00,"S_WAIT_UTC",00,00,00,00,00,12896963116,"2",2394167296,4294439296,6656921312,ffffeb60,4263287296,0,1111,0000,00,"",0,00000000,"",0,1,"",0,0,000000000000000000,"","",0,0,f,0000000000000000,5555aaaa,0,00000000,0,0,1,1,0,1,0,0,0,0,1,1,1,0,0,1,1,0,0,1,0,0,1,0,1,1,0,0,0,0,1,0,0,0,0,0,0,0,0,0,0,0,0,0,0,0,0,0,0,0,0,0,0,0,0,0,0,0
661,661,0,12896963117,25,00000000,0,22,2000000,4000,1,20000,2000000,"S_SAMPLE",24,2000000,2000000,21845,43690,"",00000000000000000000000000000000,"","",0,0,00,00,"S_WAIT_UTC",00,00,00,00,00,12896963117,"2",2394167296,4294439296,6656921312,ffffeb60,4263287296,0,1111,0000,00,"",0,00000000,"",0,1,"",0,0,000000000000000000,"","",0,0,f,0000000000000000,5555aaaa,0,00000000,0,0,1,1,0,1,0,0,0,0,1,1,1,0,0,1,1,0,0,1,0,0,1,0,1,1,0,0,0,0,1,0,0,0,0,0,0,0,0,0,0,0,0,0,0,0,0,0,0,0,0,0,0,0,0,0,0,0
662,662,0,12896963118,25,00000000,0,22,2000000,4000,1,20000,2000000,"S_SAMPLE",24,2000000,2000000,21845,43690,"",00000000000000000000000000000000,"","",0,0,00,00,"S_WAIT_UTC",00,00,00,00,00,12896963118,"2",2394167296,4294439296,6656921312,ffffeb60,4263287296,0,1111,0000,00,"",0,00000000,"",0,1,"",0,0,000000000000000000,"","",0,0,f,0000000000000000,5555aaaa,0,00000000,0,0,1,1,0,1,0,0,0,0,1,1,1,0,0,1,1,0,0,1,0,0,1,0,1,1,0,0,0,0,1,0,0,0,0,0,0,0,0,0,0,0,0,0,0,0,0,0,0,0,0,0,0,0,0,0,0,0
663,663,0,12896963119,25,00000000,0,22,2000000,4000,1,20000,2000000,"S_SAMPLE",24,2000000,2000000,21845,43690,"",00000000000000000000000000000000,"","",0,0,00,00,"S_WAIT_UTC",00,00,00,00,00,12896963119,"2",2394167296,4294439296,6656921312,ffffeb60,4263287296,0,1111,0000,00,"",0,00000000,"",0,1,"",0,0,000000000000000000,"","",0,0,f,0000000000000000,5555aaaa,0,00000000,0,0,1,1,0,1,0,0,0,0,1,1,1,0,0,1,1,0,0,1,0,0,1,0,1,1,0,0,0,0,1,0,0,0,0,0,0,0,0,0,0,0,0,0,0,0,0,0,0,0,0,0,0,0,0,0,0,0
664,664,0,12896963120,25,00000000,0,22,2000000,4000,1,20000,2000000,"S_SAMPLE",24,2000000,2000000,21845,43690,"",00000000000000000000000000000000,"","",0,0,00,00,"S_WAIT_UTC",00,00,00,00,00,12896963120,"2",2394167296,4294439296,6656921312,ffffeb60,4263287296,0,1111,0000,00,"",0,00000000,"",0,1,"",0,0,000000000000000000,"","",0,0,f,0000000000000000,5555aaaa,0,00000000,0,0,1,1,0,1,0,0,0,0,1,1,1,0,0,1,1,0,0,1,0,0,1,0,1,1,0,0,0,0,1,0,0,0,0,0,0,0,0,0,0,0,0,0,0,0,0,0,0,0,0,0,0,0,0,0,0,0
665,665,0,12896963121,25,00000000,0,22,2000000,4000,1,20000,2000000,"S_SAMPLE",24,2000000,2000000,21845,43690,"",00000000000000000000000000000000,"","",0,0,00,00,"S_WAIT_UTC",00,00,00,00,00,12896963121,"2",2394167296,4294439296,6656921312,ffffeb60,4263287296,0,1111,0000,00,"",0,00000000,"",0,1,"",0,0,000000000000000000,"","",0,0,f,0000000000000000,5555aaaa,0,00000000,0,0,1,1,0,1,0,0,0,0,1,1,1,0,0,1,1,0,0,1,0,0,1,0,1,1,0,0,0,0,1,0,0,0,0,0,0,0,0,0,0,0,0,0,0,0,0,0,0,0,0,0,0,0,0,0,0,0
666,666,0,12896963122,25,00000000,0,22,2000000,4000,1,20000,2000000,"S_SAMPLE",24,2000000,2000000,21845,43690,"",00000000000000000000000000000000,"","",0,0,00,00,"S_WAIT_UTC",00,00,00,00,00,12896963122,"2",2394167296,4294439296,6656921312,ffffeb60,4263287296,0,1111,0000,00,"",0,00000000,"",0,1,"",0,0,000000000000000000,"","",0,0,f,0000000000000000,5555aaaa,0,00000000,0,0,1,1,0,1,0,0,0,0,1,1,1,0,0,1,1,0,0,1,0,0,1,0,1,1,0,0,0,0,1,0,0,0,0,0,0,0,0,0,0,0,0,0,0,0,0,0,0,0,0,0,0,0,0,0,0,0
667,667,0,12896963123,25,00000000,0,22,2000000,4000,1,20000,2000000,"S_SAMPLE",24,2000000,2000000,21845,43690,"",00000000000000000000000000000000,"","",0,0,00,00,"S_WAIT_UTC",00,00,00,00,00,12896963123,"2",2394167296,4294439296,6656921312,ffffeb60,4263287296,0,1111,0000,00,"",0,00000000,"",0,1,"",0,0,000000000000000000,"","",0,0,f,0000000000000000,5555aaaa,0,00000000,0,0,1,1,0,1,0,0,0,0,1,1,1,0,0,1,1,0,0,1,0,0,1,0,1,1,0,0,0,0,1,0,0,0,0,0,0,0,0,0,0,0,0,0,0,0,0,0,0,0,0,0,0,0,0,0,0,0
668,668,0,12896963124,25,00000000,0,22,2000000,4000,1,20000,2000000,"S_SAMPLE",24,2000000,2000000,21845,43690,"",00000000000000000000000000000000,"","",0,0,00,00,"S_WAIT_UTC",00,00,00,00,00,12896963124,"2",2394167296,4294439296,6656921312,ffffeb60,4263287296,0,1111,0000,00,"",0,00000000,"",0,1,"",0,0,000000000000000000,"","",0,0,f,0000000000000000,5555aaaa,0,00000000,0,0,1,1,0,1,0,0,0,0,1,1,1,0,0,1,1,0,0,1,0,0,1,0,1,1,0,0,0,0,1,0,0,0,0,0,0,0,0,0,0,0,0,0,0,0,0,0,0,0,0,0,0,0,0,0,0,0
669,669,0,12896963125,25,00000000,0,22,2000000,4000,1,20000,2000000,"S_SAMPLE",24,2000000,2000000,21845,43690,"",00000000000000000000000000000000,"","",0,0,00,00,"S_WAIT_UTC",00,00,00,00,00,12896963125,"2",2394167296,4294439296,6656921312,ffffeb60,4263287296,0,1111,0000,00,"",0,00000000,"",0,1,"",0,0,000000000000000000,"","",0,0,f,0000000000000000,5555aaaa,0,00000000,0,0,1,1,0,1,0,0,0,0,1,1,1,0,0,1,1,0,0,1,0,0,1,0,1,1,0,0,0,0,1,0,0,0,0,0,0,0,0,0,0,0,0,0,0,0,0,0,0,0,0,0,0,0,0,0,0,0
670,670,0,12896963126,25,00000000,0,22,2000000,4000,1,20000,2000000,"S_SAMPLE",24,2000000,2000000,21845,43690,"",00000000000000000000000000000000,"","",0,0,00,00,"S_WAIT_UTC",00,00,00,00,00,12896963126,"2",2394167296,4294439296,6656921312,ffffeb60,4263287296,0,1111,0000,00,"",0,00000000,"",0,1,"",0,0,000000000000000000,"","",0,0,f,0000000000000000,5555aaaa,0,00000000,0,0,1,1,0,1,0,0,0,0,1,1,1,0,0,1,1,0,0,1,0,0,1,0,1,1,0,0,0,0,1,0,0,0,0,0,0,0,0,0,0,0,0,0,0,0,0,0,0,0,0,0,0,0,0,0,0,0
671,671,0,12896963127,25,00000000,0,22,2000000,4000,1,20000,2000000,"S_SAMPLE",24,2000000,2000000,21845,43690,"",00000000000000000000000000000000,"","",0,0,00,00,"S_WAIT_UTC",00,00,00,00,00,12896963127,"2",2394167296,4294439296,6656921312,ffffeb60,4263287296,0,1111,0000,00,"",0,00000000,"",0,1,"",0,0,000000000000000000,"","",0,0,f,0000000000000000,5555aaaa,0,00000000,0,0,1,1,0,1,0,0,0,0,1,1,1,0,0,1,1,0,0,1,0,0,1,0,1,1,0,0,0,0,1,0,0,0,0,0,0,0,0,0,0,0,0,0,0,0,0,0,0,0,0,0,0,0,0,0,0,0
672,672,0,12896963128,25,00000000,0,22,2000000,4000,1,20000,2000000,"S_SAMPLE",24,2000000,2000000,21845,43690,"",00000000000000000000000000000000,"","",0,0,00,00,"S_WAIT_UTC",00,00,00,00,00,12896963128,"2",2394167296,4294439296,6656921312,ffffeb60,4263287296,0,1111,0000,00,"",0,00000000,"",0,1,"",0,0,000000000000000000,"","",0,0,f,0000000000000000,5555aaaa,0,00000000,0,0,1,1,0,1,0,0,0,0,1,1,1,0,0,1,1,0,0,1,0,0,1,0,1,1,0,0,0,0,1,0,0,0,0,0,0,0,0,0,0,0,0,0,0,0,0,0,0,0,0,0,0,0,0,0,0,0
673,673,0,12896963129,26,00000000,0,22,2000000,4000,1,20000,2000000,"S_SAMPLE",25,2000000,2000000,21845,43690,"",00000000000000000000000000000000,"","",0,0,00,00,"S_WAIT_UTC",00,00,00,00,00,12896963129,"2",2394167296,4294439296,6656921312,ffffeb60,4263287296,0,1111,0000,00,"",0,00000000,"",0,1,"",0,0,000000000000000000,"","",0,0,f,0000000000000000,5555aaaa,0,00000000,0,0,1,1,0,1,0,0,0,0,1,1,1,0,0,1,1,0,0,1,0,0,1,0,1,1,0,0,0,0,1,0,0,0,0,0,0,0,0,0,0,0,0,0,0,0,0,0,0,0,0,0,0,0,0,0,0,0
674,674,0,12896963130,26,00000000,0,22,2000000,4000,1,20000,2000000,"S_SAMPLE",25,2000000,2000000,21845,43690,"",00000000000000000000000000000000,"","",0,0,00,00,"S_WAIT_UTC",00,00,00,00,00,12896963130,"2",2394167296,4294439296,6656921312,ffffeb60,4263287296,0,1111,0000,00,"",0,00000000,"",0,1,"",0,0,000000000000000000,"","",0,0,f,0000000000000000,5555aaaa,0,00000000,0,0,1,1,0,1,0,0,0,0,1,1,1,0,0,1,1,0,0,1,0,0,1,0,1,1,0,0,0,0,1,0,0,0,0,0,0,0,0,0,0,0,0,0,0,0,0,0,0,0,0,0,0,0,0,0,0,0
675,675,0,12896963131,26,00000000,0,22,2000000,4000,1,20000,2000000,"S_SAMPLE",25,2000000,2000000,21845,43690,"",00000000000000000000000000000000,"","",0,0,00,00,"S_WAIT_UTC",00,00,00,00,00,12896963131,"2",2394167296,4294439296,6656921312,ffffeb60,4263287296,0,1111,0000,00,"",0,00000000,"",0,1,"",0,0,000000000000000000,"","",0,0,f,0000000000000000,5555aaaa,0,00000000,0,0,1,1,0,1,0,0,0,0,1,1,1,0,0,1,1,0,0,1,0,0,1,0,1,1,0,0,0,0,1,0,0,0,0,0,0,0,0,0,0,0,0,0,0,0,0,0,0,0,0,0,0,0,0,0,0,0
676,676,0,12896963132,26,00000000,0,22,2000000,4000,1,20000,2000000,"S_SAMPLE",25,2000000,2000000,21845,43690,"",00000000000000000000000000000000,"","",0,0,00,00,"S_WAIT_UTC",00,00,00,00,00,12896963132,"2",2394167296,4294439296,6656921312,ffffeb60,4263287296,0,1111,0000,00,"",0,00000000,"",0,1,"",0,0,000000000000000000,"","",0,0,f,0000000000000000,5555aaaa,0,00000000,0,0,1,1,0,1,0,0,0,0,1,1,1,0,0,1,1,0,0,1,0,0,1,0,1,1,0,0,0,0,1,0,0,0,0,0,0,0,0,0,0,0,0,0,0,0,0,0,0,0,0,0,0,0,0,0,0,0
677,677,0,12896963133,26,00000000,0,22,2000000,4000,1,20000,2000000,"S_SAMPLE",25,2000000,2000000,21845,43690,"",00000000000000000000000000000000,"","",0,0,00,00,"S_WAIT_UTC",00,00,00,00,00,12896963133,"2",2394167296,4294439296,6656921312,ffffeb60,4263287296,0,1111,0000,00,"",0,00000000,"",0,1,"",0,0,000000000000000000,"","",0,0,f,0000000000000000,5555aaaa,0,00000000,1,0,1,1,0,1,0,0,0,0,1,0,1,0,0,1,1,0,0,1,0,0,1,0,1,1,0,0,0,0,1,0,0,0,0,0,0,0,0,0,0,0,0,0,0,0,0,0,0,0,0,0,0,0,0,0,0,0
678,678,0,12896963134,26,00000000,0,22,2000000,4000,1,20000,2000000,"S_SAMPLE",25,2000000,2000000,43690,43690,"",00000000000000000000000000000000,"","",0,0,00,00,"S_WAIT_UTC",00,00,00,00,00,12896963134,"2",2394167296,4294439296,6656921312,ffffeb60,4263287296,0,1111,0000,00,"",0,00000000,"",0,1,"",0,0,000000000000000000,"","",0,0,f,0000000000000000,5555aaaa,0,00000000,0,1,1,1,0,1,0,0,0,0,1,1,1,0,0,1,1,0,0,1,1,0,1,0,1,1,0,0,0,0,1,0,0,0,0,0,0,0,0,0,0,0,0,0,0,0,0,0,0,0,0,0,0,0,0,0,0,0
679,679,0,12896963135,26,00000000,0,22,2000000,4000,1,20000,2000000,"S_SAMPLE",25,2000000,2000000,43690,43690,"",00000000000000000000000000000000,"","",0,0,00,00,"S_WAIT_UTC",00,00,00,00,00,12896963135,"2",2394167296,4294439296,6656921312,ffffeb60,4263287296,0,1111,0000,00,"",0,00000000,"",0,1,"",0,0,000000000000000000,"","",0,0,f,0000000000000000,5555aaaa,0,00000000,0,0,1,1,0,1,0,0,0,0,1,1,1,0,0,1,1,0,0,1,0,0,1,0,1,1,0,0,0,0,1,0,0,0,0,0,0,0,0,0,0,0,0,0,0,0,0,0,0,0,0,0,0,0,0,0,0,0
680,680,0,12896963136,26,00000000,0,23,2000000,4000,1,20000,2000000,"S_SAMPLE",25,2000000,2000000,43690,43690,"",00000000000000000000000000000000,"","",0,0,00,00,"S_WAIT_UTC",00,00,00,00,00,12896963136,"2",2394167296,4294439296,6656921312,ffffeb60,4263287296,0,1111,0000,00,"",0,00000000,"",0,1,"",0,0,000000000000000000,"","",0,0,f,0000000000000000,5555aaaa,0,00000000,0,0,1,1,0,1,0,0,0,0,1,1,1,0,0,1,1,0,0,1,0,0,1,0,1,1,0,0,0,0,1,0,0,0,0,0,0,0,0,0,0,0,0,0,0,0,0,0,0,0,0,0,0,0,0,0,0,0
681,681,0,12896963137,26,00000000,0,23,2000000,4000,1,20000,2000000,"S_SAMPLE",25,2000000,2000000,43690,43690,"",00000000000000000000000000000000,"","",0,0,00,00,"S_WAIT_UTC",00,00,00,00,00,12896963137,"2",2394167296,4294439296,6656921312,ffffeb60,4263287296,0,1111,0000,00,"",0,00000000,"",0,1,"",0,0,000000000000000000,"","",0,0,f,0000000000000000,5555aaaa,0,00000000,0,0,1,1,0,1,0,0,0,0,1,1,1,0,0,1,1,0,0,1,0,0,1,0,1,1,0,0,0,0,1,0,0,0,0,0,0,0,0,0,0,0,0,0,0,0,0,0,0,0,0,0,0,0,0,0,0,0
682,682,0,12896963138,26,00000000,0,23,2000000,4000,1,20000,2000000,"S_SAMPLE",25,2000000,2000000,43690,43690,"",00000000000000000000000000000000,"","",0,0,00,00,"S_WAIT_UTC",00,00,00,00,00,12896963138,"2",2394167296,4294439296,6656921312,ffffeb60,4263287296,0,1111,0000,00,"",0,00000000,"",0,1,"",0,0,000000000000000000,"","",0,0,f,0000000000000000,5555aaaa,0,00000000,0,0,1,1,0,1,0,0,0,0,1,1,1,0,0,1,1,0,0,1,0,0,1,0,1,1,0,0,0,0,1,0,0,0,0,0,0,0,0,0,0,0,0,0,0,0,0,0,0,0,0,0,0,0,0,0,0,0
683,683,0,12896963139,26,00000000,0,23,2000000,4000,1,20000,2000000,"S_SAMPLE",25,2000000,2000000,43690,43690,"",00000000000000000000000000000000,"","",0,0,00,00,"S_WAIT_UTC",00,00,00,00,00,12896963139,"2",2394167296,4294439296,6656921312,ffffeb60,4263287296,0,1111,0000,00,"",0,00000000,"",0,1,"",0,0,000000000000000000,"","",0,0,f,0000000000000000,5555aaaa,0,00000000,0,0,1,1,0,1,0,0,0,0,1,1,1,0,0,1,1,0,0,1,0,0,1,0,1,1,0,0,0,0,1,0,0,0,0,0,0,0,0,0,0,0,0,0,0,0,0,0,0,0,0,0,0,0,0,0,0,0
684,684,0,12896963140,26,00000000,0,23,2000000,4000,1,20000,2000000,"S_SAMPLE",25,2000000,2000000,43690,43690,"",00000000000000000000000000000000,"","",0,0,00,00,"S_WAIT_UTC",00,00,00,00,00,12896963140,"2",2394167296,4294439296,6656921312,ffffeb60,4263287296,0,1111,0000,00,"",0,00000000,"",0,1,"",0,0,000000000000000000,"","",0,0,f,0000000000000000,5555aaaa,0,00000000,0,0,1,1,0,1,0,0,0,0,1,1,1,0,0,1,1,0,0,1,0,0,1,0,1,1,0,0,0,0,1,0,0,0,0,0,0,0,0,0,0,0,0,0,0,0,0,0,0,0,0,0,0,0,0,0,0,0
685,685,0,12896963141,26,00000000,0,23,2000000,4000,1,20000,2000000,"S_SAMPLE",25,2000000,2000000,43690,21845,"",00000000000000000000000000000000,"","",0,0,00,00,"S_WAIT_UTC",00,00,00,00,00,12896963141,"2",2394167296,4294439296,6656921312,ffffeb60,4263287296,0,1111,0000,00,"",0,00000000,"",0,1,"",0,0,000000000000000000,"","",0,0,f,0000000000000000,5555aaaa,0,00000000,0,0,1,1,0,1,0,0,0,0,1,1,1,0,0,1,1,0,0,1,0,0,1,0,1,1,0,0,0,0,1,0,0,0,0,0,0,0,0,0,0,0,0,0,0,0,0,0,0,0,0,0,0,0,0,0,0,0
686,686,0,12896963142,26,00000000,0,23,2000000,4000,1,20000,2000000,"S_SAMPLE",25,2000000,2000000,43690,21845,"",00000000000000000000000000000000,"","",0,0,00,00,"S_WAIT_UTC",00,00,00,00,00,12896963142,"2",2394167296,4294439296,6656921312,ffffeb60,4263287296,0,1111,0000,00,"",0,00000000,"",0,1,"",0,0,000000000000000000,"","",0,0,f,0000000000000000,5555aaaa,0,00000000,0,0,1,1,0,1,0,0,0,0,1,1,1,0,0,1,1,0,0,1,0,0,1,0,1,1,0,0,0,0,1,0,0,0,0,0,0,0,0,0,0,0,0,0,0,0,0,0,0,0,0,0,0,0,0,0,0,0
687,687,0,12896963143,26,00000000,0,23,2000000,4000,1,20000,2000000,"S_SAMPLE",25,2000000,2000000,43690,21845,"",00000000000000000000000000000000,"","",0,0,00,00,"S_WAIT_UTC",00,00,00,00,00,12896963143,"2",2394167296,4294439296,6656921312,ffffeb60,4263287296,0,1111,0000,00,"",0,00000000,"",0,1,"",0,0,000000000000000000,"","",0,0,f,0000000000000000,5555aaaa,0,00000000,0,0,1,1,0,1,0,0,0,0,1,1,1,0,0,1,1,0,0,1,0,0,1,0,1,1,0,0,0,0,1,0,0,0,0,0,0,0,0,0,0,0,0,0,0,0,0,0,0,0,0,0,0,0,0,0,0,0
688,688,0,12896963144,26,00000000,0,23,2000000,4000,1,20000,2000000,"S_SAMPLE",25,2000000,2000000,43690,21845,"",00000000000000000000000000000000,"","",0,0,00,00,"S_WAIT_UTC",00,00,00,00,00,12896963144,"2",2394167296,4294439296,6656921312,ffffeb60,4263287296,0,1111,0000,00,"",0,00000000,"",0,1,"",0,0,000000000000000000,"","",0,0,f,0000000000000000,5555aaaa,0,00000000,0,0,1,1,0,1,0,0,0,0,1,1,1,0,0,1,1,0,0,1,0,0,1,0,1,1,0,0,0,0,1,0,0,0,0,0,0,0,0,0,0,0,0,0,0,0,0,0,0,0,0,0,0,0,0,0,0,0
689,689,0,12896963145,26,00000000,0,23,2000000,4000,1,20000,2000000,"S_SAMPLE",25,2000000,2000000,43690,21845,"",00000000000000000000000000000000,"","",0,0,00,00,"S_WAIT_UTC",00,00,00,00,00,12896963145,"2",2394167296,4294439296,6656921312,ffffeb60,4263287296,0,1111,0000,00,"",0,00000000,"",0,1,"",0,0,000000000000000000,"","",0,0,f,0000000000000000,5555aaaa,0,00000000,0,0,1,1,0,1,0,0,0,0,1,1,1,0,0,1,1,0,0,1,0,0,1,0,1,1,0,0,0,0,1,0,0,0,0,0,0,0,0,0,0,0,0,0,0,0,0,0,0,0,0,0,0,0,0,0,0,0
690,690,0,12896963146,26,00000000,0,23,2000000,4000,1,20000,2000000,"S_SAMPLE",25,2000000,2000000,43690,21845,"",00000000000000000000000000000000,"","",0,0,00,00,"S_WAIT_UTC",00,00,00,00,00,12896963146,"2",2394167296,4294439296,6656921312,ffffeb60,4263287296,0,1111,0000,00,"",0,00000000,"",0,1,"",0,0,000000000000000000,"","",0,0,f,0000000000000000,5555aaaa,0,00000000,0,0,1,1,0,1,0,0,0,0,1,1,1,0,0,1,1,0,0,1,0,0,1,0,1,1,0,0,0,0,1,0,0,0,0,0,0,0,0,0,0,0,0,0,0,0,0,0,0,0,0,0,0,0,0,0,0,0
691,691,0,12896963147,26,00000000,0,23,2000000,4000,1,20000,2000000,"S_SAMPLE",25,2000000,2000000,43690,21845,"",00000000000000000000000000000000,"","",0,0,00,00,"S_WAIT_UTC",00,00,00,00,00,12896963147,"2",2394167296,4294439296,6656921312,ffffeb60,4263287296,0,1111,0000,00,"",0,00000000,"",0,1,"",0,0,000000000000000000,"","",0,0,f,0000000000000000,5555aaaa,0,00000000,0,0,1,1,0,1,0,0,0,0,1,1,1,0,0,1,1,0,0,1,0,0,1,0,1,1,0,0,0,0,1,0,0,0,0,0,0,0,0,0,0,0,0,0,0,0,0,0,0,0,0,0,0,0,0,0,0,0
692,692,0,12896963148,26,00000000,0,23,2000000,4000,1,20000,2000000,"S_SAMPLE",25,2000000,2000000,43690,21845,"",00000000000000000000000000000000,"","",0,0,00,00,"S_WAIT_UTC",00,00,00,00,00,12896963148,"2",2394167296,4294439296,6656921312,ffffeb60,4263287296,0,1111,0000,00,"",0,00000000,"",0,1,"",0,0,000000000000000000,"","",0,0,f,0000000000000000,5555aaaa,0,00000000,0,0,1,1,0,1,0,0,0,0,1,1,1,0,0,1,1,0,0,1,0,0,1,0,1,1,0,0,0,0,1,0,0,0,0,0,0,0,0,0,0,0,0,0,0,0,0,0,0,0,0,0,0,0,0,0,0,0
693,693,0,12896963149,26,00000000,0,23,2000000,4000,1,20000,2000000,"S_SAMPLE",25,2000000,2000000,43690,21845,"",00000000000000000000000000000000,"","",0,0,00,00,"S_WAIT_UTC",00,00,00,00,00,12896963149,"2",2394167296,4294439296,6656921312,ffffeb60,4263287296,0,1111,0000,00,"",0,00000000,"",0,1,"",0,0,000000000000000000,"","",0,0,f,0000000000000000,5555aaaa,0,00000000,0,0,1,1,0,1,0,0,0,0,1,1,1,0,0,1,1,0,0,1,0,0,1,0,1,1,0,0,0,0,1,0,0,0,0,0,0,0,0,0,0,0,0,0,0,0,0,0,0,0,0,0,0,0,0,0,0,0
694,694,0,12896963150,26,00000000,0,23,2000000,4000,1,20000,2000000,"S_SAMPLE",25,2000000,2000000,43690,21845,"",00000000000000000000000000000000,"","",0,0,00,00,"S_WAIT_UTC",00,00,00,00,00,12896963150,"2",2394167296,4294439296,6656921312,ffffeb60,4263287296,0,1111,0000,00,"",0,00000000,"",0,1,"",0,0,000000000000000000,"","",0,0,f,0000000000000000,5555aaaa,0,00000000,0,0,1,1,0,1,0,0,0,0,1,1,1,0,0,1,1,0,0,1,0,0,1,0,1,1,0,0,0,0,1,0,0,0,0,0,0,0,0,0,0,0,0,0,0,0,0,0,0,0,0,0,0,0,0,0,0,0
695,695,0,12896963151,26,00000000,0,23,2000000,4000,1,20000,2000000,"S_SAMPLE",25,2000000,2000000,43690,21845,"",00000000000000000000000000000000,"","",0,0,00,00,"S_WAIT_UTC",00,00,00,00,00,12896963151,"2",2394167296,4294439296,6656921312,ffffeb60,4263287296,0,1111,0000,00,"",0,00000000,"",0,1,"",0,0,000000000000000000,"","",0,0,f,0000000000000000,5555aaaa,0,00000000,0,0,1,1,0,1,0,0,0,0,1,1,1,0,0,1,1,0,0,1,0,0,1,0,1,1,0,0,0,0,1,0,0,0,0,0,0,0,0,0,0,0,0,0,0,0,0,0,0,0,0,0,0,0,0,0,0,0
696,696,0,12896963152,26,00000000,0,23,2000000,4000,1,20000,2000000,"S_SAMPLE",25,2000000,2000000,43690,21845,"",00000000000000000000000000000000,"","",0,0,00,00,"S_WAIT_UTC",00,00,00,00,00,12896963152,"2",2394167296,4294439296,6656921312,ffffeb60,4263287296,0,1111,0000,00,"",0,00000000,"",0,1,"",0,0,000000000000000000,"","",0,0,f,0000000000000000,5555aaaa,0,00000000,0,0,1,1,0,1,0,0,0,0,1,1,1,0,0,1,1,0,0,1,0,0,1,0,1,1,0,0,0,0,1,0,0,0,0,0,0,0,0,0,0,0,0,0,0,0,0,0,0,0,0,0,0,0,0,0,0,0
697,697,0,12896963153,26,00000000,0,23,2000000,4000,1,20000,2000000,"S_SAMPLE",25,2000000,2000000,43690,21845,"",00000000000000000000000000000000,"","",0,0,00,00,"S_WAIT_UTC",00,00,00,00,00,12896963153,"2",2394167296,4294439296,6656921312,ffffeb60,4263287296,0,1111,0000,00,"",0,00000000,"",0,1,"",0,0,000000000000000000,"","",0,0,f,0000000000000000,5555aaaa,0,00000000,0,0,1,1,0,1,0,0,0,0,1,1,1,0,0,1,1,0,0,1,0,0,1,0,1,1,0,0,0,0,1,0,0,0,0,0,0,0,0,0,0,0,0,0,0,0,0,0,0,0,0,0,0,0,0,0,0,0
698,698,0,12896963154,27,00000000,0,23,2000000,4000,1,20000,2000000,"S_SAMPLE",26,2000000,2000000,43690,21845,"",00000000000000000000000000000000,"","",0,0,00,00,"S_WAIT_UTC",00,00,00,00,00,12896963154,"2",2394167296,4294439296,6656921312,ffffeb60,4263287296,0,1111,0000,00,"",0,00000000,"",0,1,"",0,0,000000000000000000,"","",0,0,f,0000000000000000,5555aaaa,0,00000000,0,0,1,1,0,1,0,0,0,0,1,1,1,0,0,1,1,0,0,1,0,0,1,0,1,1,0,0,0,0,1,0,0,0,0,0,0,0,0,0,0,0,0,0,0,0,0,0,0,0,0,0,0,0,0,0,0,0
699,699,0,12896963155,27,00000000,0,23,2000000,4000,1,20000,2000000,"S_SAMPLE",26,2000000,2000000,43690,21845,"",00000000000000000000000000000000,"","",0,0,00,00,"S_WAIT_UTC",00,00,00,00,00,12896963155,"2",2394167296,4294439296,6656921312,ffffeb60,4263287296,0,1111,0000,00,"",0,00000000,"",0,1,"",0,0,000000000000000000,"","",0,0,f,0000000000000000,5555aaaa,0,00000000,0,0,1,1,0,1,0,0,0,0,1,1,1,0,0,1,1,0,0,1,0,0,1,0,1,1,0,0,0,0,1,0,0,0,0,0,0,0,0,0,0,0,0,0,0,0,0,0,0,0,0,0,0,0,0,0,0,0
700,700,0,12896963156,27,00000000,0,23,2000000,4000,1,20000,2000000,"S_SAMPLE",26,2000000,2000000,43690,21845,"",00000000000000000000000000000000,"","",0,0,00,00,"S_WAIT_UTC",00,00,00,00,00,12896963156,"2",2394167296,4294439296,6656921312,ffffeb60,4263287296,0,1111,0000,00,"",0,00000000,"",0,1,"",0,0,000000000000000000,"","",0,0,f,0000000000000000,5555aaaa,0,00000000,0,0,1,1,0,1,0,0,0,0,1,1,1,0,0,1,1,0,0,1,0,0,1,0,1,1,0,0,0,0,1,0,0,0,0,0,0,0,0,0,0,0,0,0,0,0,0,0,0,0,0,0,0,0,0,0,0,0
701,701,0,12896963157,27,00000000,0,23,2000000,4000,1,20000,2000000,"S_SAMPLE",26,2000000,2000000,43690,21845,"",00000000000000000000000000000000,"","",0,0,00,00,"S_WAIT_UTC",00,00,00,00,00,12896963157,"2",2394167296,4294439296,6656921312,ffffeb60,4263287296,0,1111,0000,00,"",0,00000000,"",0,1,"",0,0,000000000000000000,"","",0,0,f,0000000000000000,5555aaaa,0,00000000,0,0,1,1,0,1,0,0,0,0,1,1,1,0,0,1,1,0,0,1,0,0,1,0,1,1,0,0,0,0,1,0,0,0,0,0,0,0,0,0,0,0,0,0,0,0,0,0,0,0,0,0,0,0,0,0,0,0
702,702,0,12896963158,27,00000000,0,23,2000000,4000,1,20000,2000000,"S_SAMPLE",26,2000000,2000000,43690,21845,"",00000000000000000000000000000000,"","",0,0,00,00,"S_WAIT_UTC",00,00,00,00,00,12896963158,"2",2394167296,4294439296,6656921312,ffffeb60,4263287296,0,1111,0000,00,"",0,00000000,"",0,1,"",0,0,000000000000000000,"","",0,0,f,0000000000000000,5555aaaa,0,00000000,1,0,1,1,0,1,0,0,0,0,1,0,1,0,0,1,1,0,0,1,0,0,1,0,1,1,0,0,0,0,1,0,0,0,0,0,0,0,0,0,0,0,0,0,0,0,0,0,0,0,0,0,0,0,0,0,0,0
703,703,0,12896963159,27,00000000,0,23,2000000,4000,1,20000,2000000,"S_SAMPLE",26,2000000,2000000,21845,21845,"",00000000000000000000000000000000,"","",0,0,00,00,"S_WAIT_UTC",00,00,00,00,00,12896963159,"2",2394167296,4294439296,6656921312,ffffeb60,4263287296,0,1111,0000,00,"",0,00000000,"",0,1,"",0,0,000000000000000000,"","",0,0,f,0000000000000000,5555aaaa,0,00000000,0,1,1,1,0,1,0,0,0,0,1,1,1,0,0,1,1,0,0,1,1,0,1,0,1,1,0,0,0,0,1,0,0,0,0,0,0,0,0,0,0,0,0,0,0,0,0,0,0,0,0,0,0,0,0,0,0,0
704,704,0,12896963160,27,00000000,0,23,2000000,4000,1,20000,2000000,"S_SAMPLE",26,2000000,2000000,21845,21845,"",00000000000000000000000000000000,"","",0,0,00,00,"S_WAIT_UTC",00,00,00,00,00,12896963160,"2",2394167296,4294439296,6656921312,ffffeb60,4263287296,0,1111,0000,00,"",0,00000000,"",0,1,"",0,0,000000000000000000,"","",0,0,f,0000000000000000,5555aaaa,0,00000000,0,0,1,1,0,1,0,0,0,0,1,1,1,0,0,1,1,0,0,1,0,0,1,0,1,1,0,0,0,0,1,0,0,0,0,0,0,0,0,0,0,0,0,0,0,0,0,0,0,0,0,0,0,0,0,0,0,0
705,705,0,12896963161,27,00000000,0,24,2000000,4000,1,20000,2000000,"S_SAMPLE",26,2000000,2000000,21845,21845,"",00000000000000000000000000000000,"","",0,0,00,00,"S_WAIT_UTC",00,00,00,00,00,12896963161,"2",2394167296,4294439296,6656921312,ffffeb60,4263287296,0,1111,0000,00,"",0,00000000,"",0,1,"",0,0,000000000000000000,"","",0,0,f,0000000000000000,5555aaaa,0,00000000,0,0,1,1,0,1,0,0,0,0,1,1,1,0,0,1,1,0,0,1,0,0,1,0,1,1,0,0,0,0,1,0,0,0,0,0,0,0,0,0,0,0,0,0,0,0,0,0,0,0,0,0,0,0,0,0,0,0
706,706,0,12896963162,27,00000000,0,24,2000000,4000,1,20000,2000000,"S_SAMPLE",26,2000000,2000000,21845,21845,"",00000000000000000000000000000000,"","",0,0,00,00,"S_WAIT_UTC",00,00,00,00,00,12896963162,"2",2394167296,4294439296,6656921312,ffffeb60,4263287296,0,1111,0000,00,"",0,00000000,"",0,1,"",0,0,000000000000000000,"","",0,0,f,0000000000000000,5555aaaa,0,00000000,0,0,1,1,0,1,0,0,0,0,1,1,1,0,0,1,1,0,0,1,0,0,1,0,1,1,0,0,0,0,1,0,0,0,0,0,0,0,0,0,0,0,0,0,0,0,0,0,0,0,0,0,0,0,0,0,0,0
707,707,0,12896963163,27,00000000,0,24,2000000,4000,1,20000,2000000,"S_SAMPLE",26,2000000,2000000,21845,21845,"",00000000000000000000000000000000,"","",0,0,00,00,"S_WAIT_UTC",00,00,00,00,00,12896963163,"2",2394167296,4294439296,6656921312,ffffeb60,4263287296,0,1111,0000,00,"",0,00000000,"",0,1,"",0,0,000000000000000000,"","",0,0,f,0000000000000000,5555aaaa,0,00000000,0,0,1,1,0,1,0,0,0,0,1,1,1,0,0,1,1,0,0,1,0,0,1,0,1,1,0,0,0,0,1,0,0,0,0,0,0,0,0,0,0,0,0,0,0,0,0,0,0,0,0,0,0,0,0,0,0,0
708,708,0,12896963164,27,00000000,0,24,2000000,4000,1,20000,2000000,"S_SAMPLE",26,2000000,2000000,21845,21845,"",00000000000000000000000000000000,"","",0,0,00,00,"S_WAIT_UTC",00,00,00,00,00,12896963164,"2",2394167296,4294439296,6656921312,ffffeb60,4263287296,0,1111,0000,00,"",0,00000000,"",0,1,"",0,0,000000000000000000,"","",0,0,f,0000000000000000,5555aaaa,0,00000000,0,0,1,1,0,1,0,0,0,0,1,1,1,0,0,1,1,0,0,1,0,0,1,0,1,1,0,0,0,0,1,0,0,0,0,0,0,0,0,0,0,0,0,0,0,0,0,0,0,0,0,0,0,0,0,0,0,0
709,709,0,12896963165,27,00000000,0,24,2000000,4000,1,20000,2000000,"S_SAMPLE",26,2000000,2000000,21845,21845,"",00000000000000000000000000000000,"","",0,0,00,00,"S_WAIT_UTC",00,00,00,00,00,12896963165,"2",2394167296,4294439296,6656921312,ffffeb60,4263287296,0,1111,0000,00,"",0,00000000,"",0,1,"",0,0,000000000000000000,"","",0,0,f,0000000000000000,5555aaaa,0,00000000,0,0,1,1,0,1,0,0,0,0,1,1,1,0,0,1,1,0,0,1,0,0,1,0,1,1,0,0,0,0,1,0,0,0,0,0,0,0,0,0,0,0,0,0,0,0,0,0,0,0,0,0,0,0,0,0,0,0
710,710,0,12896963166,27,00000000,0,24,2000000,4000,1,20000,2000000,"S_SAMPLE",26,2000000,2000000,21845,43690,"",00000000000000000000000000000000,"","",0,0,00,00,"S_WAIT_UTC",00,00,00,00,00,12896963166,"2",2394167296,4294439296,6656921312,ffffeb60,4263287296,0,1111,0000,00,"",0,00000000,"",0,1,"",0,0,000000000000000000,"","",0,0,f,0000000000000000,5555aaaa,0,00000000,0,0,1,1,0,1,0,0,0,0,1,1,1,0,0,1,1,0,0,1,0,0,1,0,1,1,0,0,0,0,1,0,0,0,0,0,0,0,0,0,0,0,0,0,0,0,0,0,0,0,0,0,0,0,0,0,0,0
711,711,0,12896963167,27,00000000,0,24,2000000,4000,1,20000,2000000,"S_SAMPLE",26,2000000,2000000,21845,43690,"",00000000000000000000000000000000,"","",0,0,00,00,"S_WAIT_UTC",00,00,00,00,00,12896963167,"2",2394167296,4294439296,6656921312,ffffeb60,4263287296,0,1111,0000,00,"",0,00000000,"",0,1,"",0,0,000000000000000000,"","",0,0,f,0000000000000000,5555aaaa,0,00000000,0,0,1,1,0,1,0,0,0,0,1,1,1,0,0,1,1,0,0,1,0,0,1,0,1,1,0,0,0,0,1,0,0,0,0,0,0,0,0,0,0,0,0,0,0,0,0,0,0,0,0,0,0,0,0,0,0,0
712,712,0,12896963168,27,00000000,0,24,2000000,4000,1,20000,2000000,"S_SAMPLE",26,2000000,2000000,21845,43690,"",00000000000000000000000000000000,"","",0,0,00,00,"S_WAIT_UTC",00,00,00,00,00,12896963168,"2",2394167296,4294439296,6656921312,ffffeb60,4263287296,0,1111,0000,00,"",0,00000000,"",0,1,"",0,0,000000000000000000,"","",0,0,f,0000000000000000,5555aaaa,0,00000000,0,0,1,1,0,1,0,0,0,0,1,1,1,0,0,1,1,0,0,1,0,0,1,0,1,1,0,0,0,0,1,0,0,0,0,0,0,0,0,0,0,0,0,0,0,0,0,0,0,0,0,0,0,0,0,0,0,0
713,713,0,12896963169,27,00000000,0,24,2000000,4000,1,20000,2000000,"S_SAMPLE",26,2000000,2000000,21845,43690,"",00000000000000000000000000000000,"","",0,0,00,00,"S_WAIT_UTC",00,00,00,00,00,12896963169,"2",2394167296,4294439296,6656921312,ffffeb60,4263287296,0,1111,0000,00,"",0,00000000,"",0,1,"",0,0,000000000000000000,"","",0,0,f,0000000000000000,5555aaaa,0,00000000,0,0,1,1,0,1,0,0,0,0,1,1,1,0,0,1,1,0,0,1,0,0,1,0,1,1,0,0,0,0,1,0,0,0,0,0,0,0,0,0,0,0,0,0,0,0,0,0,0,0,0,0,0,0,0,0,0,0
714,714,0,12896963170,27,00000000,0,24,2000000,4000,1,20000,2000000,"S_SAMPLE",26,2000000,2000000,21845,43690,"",00000000000000000000000000000000,"","",0,0,00,00,"S_WAIT_UTC",00,00,00,00,00,12896963170,"2",2394167296,4294439296,6656921312,ffffeb60,4263287296,0,1111,0000,00,"",0,00000000,"",0,1,"",0,0,000000000000000000,"","",0,0,f,0000000000000000,5555aaaa,0,00000000,0,0,1,1,0,1,0,0,0,0,1,1,1,0,0,1,1,0,0,1,0,0,1,0,1,1,0,0,0,0,1,0,0,0,0,0,0,0,0,0,0,0,0,0,0,0,0,0,0,0,0,0,0,0,0,0,0,0
715,715,0,12896963171,27,00000000,0,24,2000000,4000,1,20000,2000000,"S_SAMPLE",26,2000000,2000000,21845,43690,"",00000000000000000000000000000000,"","",0,0,00,00,"S_WAIT_UTC",00,00,00,00,00,12896963171,"2",2394167296,4294439296,6656921312,ffffeb60,4263287296,0,1111,0000,00,"",0,00000000,"",0,1,"",0,0,000000000000000000,"","",0,0,f,0000000000000000,5555aaaa,0,00000000,0,0,1,1,0,1,0,0,0,0,1,1,1,0,0,1,1,0,0,1,0,0,1,0,1,1,0,0,0,0,1,0,0,0,0,0,0,0,0,0,0,0,0,0,0,0,0,0,0,0,0,0,0,0,0,0,0,0
716,716,0,12896963172,27,00000000,0,24,2000000,4000,1,20000,2000000,"S_SAMPLE",26,2000000,2000000,21845,43690,"",00000000000000000000000000000000,"","",0,0,00,00,"S_WAIT_UTC",00,00,00,00,00,12896963172,"2",2394167296,4294439296,6656921312,ffffeb60,4263287296,0,1111,0000,00,"",0,00000000,"",0,1,"",0,0,000000000000000000,"","",0,0,f,0000000000000000,5555aaaa,0,00000000,0,0,1,1,0,1,0,0,0,0,1,1,1,0,0,1,1,0,0,1,0,0,1,0,1,1,0,0,0,0,1,0,0,0,0,0,0,0,0,0,0,0,0,0,0,0,0,0,0,0,0,0,0,0,0,0,0,0
717,717,0,12896963173,27,00000000,0,24,2000000,4000,1,20000,2000000,"S_SAMPLE",26,2000000,2000000,21845,43690,"",00000000000000000000000000000000,"","",0,0,00,00,"S_WAIT_UTC",00,00,00,00,00,12896963173,"2",2394167296,4294439296,6656921312,ffffeb60,4263287296,0,1111,0000,00,"",0,00000000,"",0,1,"",0,0,000000000000000000,"","",0,0,f,0000000000000000,5555aaaa,0,00000000,0,0,1,1,0,1,0,0,0,0,1,1,1,0,0,1,1,0,0,1,0,0,1,0,1,1,0,0,0,0,1,0,0,0,0,0,0,0,0,0,0,0,0,0,0,0,0,0,0,0,0,0,0,0,0,0,0,0
718,718,0,12896963174,27,00000000,0,24,2000000,4000,1,20000,2000000,"S_SAMPLE",26,2000000,2000000,21845,43690,"",00000000000000000000000000000000,"","",0,0,00,00,"S_WAIT_UTC",00,00,00,00,00,12896963174,"2",2394167296,4294439296,6656921312,ffffeb60,4263287296,0,1111,0000,00,"",0,00000000,"",0,1,"",0,0,000000000000000000,"","",0,0,f,0000000000000000,5555aaaa,0,00000000,0,0,1,1,0,1,0,0,0,0,1,1,1,0,0,1,1,0,0,1,0,0,1,0,1,1,0,0,0,0,1,0,0,0,0,0,0,0,0,0,0,0,0,0,0,0,0,0,0,0,0,0,0,0,0,0,0,0
719,719,0,12896963175,27,00000000,0,24,2000000,4000,1,20000,2000000,"S_SAMPLE",26,2000000,2000000,21845,43690,"",00000000000000000000000000000000,"","",0,0,00,00,"S_WAIT_UTC",00,00,00,00,00,12896963175,"2",2394167296,4294439296,6656921312,ffffeb60,4263287296,0,1111,0000,00,"",0,00000000,"",0,1,"",0,0,000000000000000000,"","",0,0,f,0000000000000000,5555aaaa,0,00000000,0,0,1,1,0,1,0,0,0,0,1,1,1,0,0,1,1,0,0,1,0,0,1,0,1,1,0,0,0,0,1,0,0,0,0,0,0,0,0,0,0,0,0,0,0,0,0,0,0,0,0,0,0,0,0,0,0,0
720,720,0,12896963176,27,00000000,0,24,2000000,4000,1,20000,2000000,"S_SAMPLE",26,2000000,2000000,21845,43690,"",00000000000000000000000000000000,"","",0,0,00,00,"S_WAIT_UTC",00,00,00,00,00,12896963176,"2",2394167296,4294439296,6656921312,ffffeb60,4263287296,0,1111,0000,00,"",0,00000000,"",0,1,"",0,0,000000000000000000,"","",0,0,f,0000000000000000,5555aaaa,0,00000000,0,0,1,1,0,1,0,0,0,0,1,1,1,0,0,1,1,0,0,1,0,0,1,0,1,1,0,0,0,0,1,0,0,0,0,0,0,0,0,0,0,0,0,0,0,0,0,0,0,0,0,0,0,0,0,0,0,0
721,721,0,12896963177,27,00000000,0,24,2000000,4000,1,20000,2000000,"S_SAMPLE",26,2000000,2000000,21845,43690,"",00000000000000000000000000000000,"","",0,0,00,00,"S_WAIT_UTC",00,00,00,00,00,12896963177,"2",2394167296,4294439296,6656921312,ffffeb60,4263287296,0,1111,0000,00,"",0,00000000,"",0,1,"",0,0,000000000000000000,"","",0,0,f,0000000000000000,5555aaaa,0,00000000,0,0,1,1,0,1,0,0,0,0,1,1,1,0,0,1,1,0,0,1,0,0,1,0,1,1,0,0,0,0,1,0,0,0,0,0,0,0,0,0,0,0,0,0,0,0,0,0,0,0,0,0,0,0,0,0,0,0
722,722,0,12896963178,27,00000000,0,24,2000000,4000,1,20000,2000000,"S_SAMPLE",26,2000000,2000000,21845,43690,"",00000000000000000000000000000000,"","",0,0,00,00,"S_WAIT_UTC",00,00,00,00,00,12896963178,"2",2394167296,4294439296,6656921312,ffffeb60,4263287296,0,1111,0000,00,"",0,00000000,"",0,1,"",0,0,000000000000000000,"","",0,0,f,0000000000000000,5555aaaa,0,00000000,0,0,1,1,0,1,0,0,0,0,1,1,1,0,0,1,1,0,0,1,0,0,1,0,1,1,0,0,0,0,1,0,0,0,0,0,0,0,0,0,0,0,0,0,0,0,0,0,0,0,0,0,0,0,0,0,0,0
723,723,0,12896963179,28,00000000,0,24,2000000,4000,1,20000,2000000,"S_SAMPLE",27,2000000,2000000,21845,43690,"",00000000000000000000000000000000,"","",0,0,00,00,"S_WAIT_UTC",00,00,00,00,00,12896963179,"2",2394167296,4294439296,6656921312,ffffeb60,4263287296,0,1111,0000,00,"",0,00000000,"",0,1,"",0,0,000000000000000000,"","",0,0,f,0000000000000000,5555aaaa,0,00000000,0,0,1,1,0,1,0,0,0,0,1,1,1,0,0,1,1,0,0,1,0,0,1,0,1,1,0,0,0,0,1,0,0,0,0,0,0,0,0,0,0,0,0,0,0,0,0,0,0,0,0,0,0,0,0,0,0,0
724,724,0,12896963180,28,00000000,0,24,2000000,4000,1,20000,2000000,"S_SAMPLE",27,2000000,2000000,21845,43690,"",00000000000000000000000000000000,"","",0,0,00,00,"S_WAIT_UTC",00,00,00,00,00,12896963180,"2",2394167296,4294439296,6656921312,ffffeb60,4263287296,0,1111,0000,00,"",0,00000000,"",0,1,"",0,0,000000000000000000,"","",0,0,f,0000000000000000,5555aaaa,0,00000000,0,0,1,1,0,1,0,0,0,0,1,1,1,0,0,1,1,0,0,1,0,0,1,0,1,1,0,0,0,0,1,0,0,0,0,0,0,0,0,0,0,0,0,0,0,0,0,0,0,0,0,0,0,0,0,0,0,0
725,725,0,12896963181,28,00000000,0,24,2000000,4000,1,20000,2000000,"S_SAMPLE",27,2000000,2000000,21845,43690,"",00000000000000000000000000000000,"","",0,0,00,00,"S_WAIT_UTC",00,00,00,00,00,12896963181,"2",2394167296,4294439296,6656921312,ffffeb60,4263287296,0,1111,0000,00,"",0,00000000,"",0,1,"",0,0,000000000000000000,"","",0,0,f,0000000000000000,5555aaaa,0,00000000,0,0,1,1,0,1,0,0,0,0,1,1,1,0,0,1,1,0,0,1,0,0,1,0,1,1,0,0,0,0,1,0,0,0,0,0,0,0,0,0,0,0,0,0,0,0,0,0,0,0,0,0,0,0,0,0,0,0
726,726,0,12896963182,28,00000000,0,24,2000000,4000,1,20000,2000000,"S_SAMPLE",27,2000000,2000000,21845,43690,"",00000000000000000000000000000000,"","",0,0,00,00,"S_WAIT_UTC",00,00,00,00,00,12896963182,"2",2394167296,4294439296,6656921312,ffffeb60,4263287296,0,1111,0000,00,"",0,00000000,"",0,1,"",0,0,000000000000000000,"","",0,0,f,0000000000000000,5555aaaa,0,00000000,0,0,1,1,0,1,0,0,0,0,1,1,1,0,0,1,1,0,0,1,0,0,1,0,1,1,0,0,0,0,1,0,0,0,0,0,0,0,0,0,0,0,0,0,0,0,0,0,0,0,0,0,0,0,0,0,0,0
727,727,0,12896963183,28,00000000,0,24,2000000,4000,1,20000,2000000,"S_SAMPLE",27,2000000,2000000,21845,43690,"",00000000000000000000000000000000,"","",0,0,00,00,"S_WAIT_UTC",00,00,00,00,00,12896963183,"2",2394167296,4294439296,6656921312,ffffeb60,4263287296,0,1111,0000,00,"",0,00000000,"",0,1,"",0,0,000000000000000000,"","",0,0,f,0000000000000000,5555aaaa,0,00000000,1,0,1,1,0,1,0,0,0,0,1,0,1,0,0,1,1,0,0,1,0,0,1,0,1,1,0,0,0,0,1,0,0,0,0,0,0,0,0,0,0,0,0,0,0,0,0,0,0,0,0,0,0,0,0,0,0,0
728,728,0,12896963184,28,00000000,0,24,2000000,4000,1,20000,2000000,"S_SAMPLE",27,2000000,2000000,43690,43690,"",00000000000000000000000000000000,"","",0,0,00,00,"S_WAIT_UTC",00,00,00,00,00,12896963184,"2",2394167296,4294439296,6656921312,ffffeb60,4263287296,0,1111,0000,00,"",0,00000000,"",0,1,"",0,0,000000000000000000,"","",0,0,f,0000000000000000,5555aaaa,0,00000000,0,1,1,1,0,1,0,0,0,0,1,1,1,0,0,1,1,0,0,1,1,0,1,0,1,1,0,0,0,0,1,0,0,0,0,0,0,0,0,0,0,0,0,0,0,0,0,0,0,0,0,0,0,0,0,0,0,0
729,729,0,12896963185,28,00000000,0,24,2000000,4000,1,20000,2000000,"S_SAMPLE",27,2000000,2000000,43690,43690,"",00000000000000000000000000000000,"","",0,0,00,00,"S_WAIT_UTC",00,00,00,00,00,12896963185,"2",2394167296,4294439296,6656921312,ffffeb60,4263287296,0,1111,0000,00,"",0,00000000,"",0,1,"",0,0,000000000000000000,"","",0,0,f,0000000000000000,5555aaaa,0,00000000,0,0,1,1,0,1,0,0,0,0,1,1,1,0,0,1,1,0,0,1,0,0,1,0,1,1,0,0,0,0,1,0,0,0,0,0,0,0,0,0,0,0,0,0,0,0,0,0,0,0,0,0,0,0,0,0,0,0
730,730,0,12896963186,28,00000000,0,25,2000000,4000,1,20000,2000000,"S_SAMPLE",27,2000000,2000000,43690,43690,"",00000000000000000000000000000000,"","",0,0,00,00,"S_WAIT_UTC",00,00,00,00,00,12896963186,"2",2394167296,4294439296,6656921312,ffffeb60,4263287296,0,1111,0000,00,"",0,00000000,"",0,1,"",0,0,000000000000000000,"","",0,0,f,0000000000000000,5555aaaa,0,00000000,0,0,1,1,0,1,0,0,0,0,1,1,1,0,0,1,1,0,0,1,0,0,1,0,1,1,0,0,0,0,1,0,0,0,0,0,0,0,0,0,0,0,0,0,0,0,0,0,0,0,0,0,0,0,0,0,0,0
731,731,0,12896963187,28,00000000,0,25,2000000,4000,1,20000,2000000,"S_SAMPLE",27,2000000,2000000,43690,43690,"",00000000000000000000000000000000,"","",0,0,00,00,"S_WAIT_UTC",00,00,00,00,00,12896963187,"2",2394167296,4294439296,6656921312,ffffeb60,4263287296,0,1111,0000,00,"",0,00000000,"",0,1,"",0,0,000000000000000000,"","",0,0,f,0000000000000000,5555aaaa,0,00000000,0,0,1,1,0,1,0,0,0,0,1,1,1,0,0,1,1,0,0,1,0,0,1,0,1,1,0,0,0,0,1,0,0,0,0,0,0,0,0,0,0,0,0,0,0,0,0,0,0,0,0,0,0,0,0,0,0,0
732,732,0,12896963188,28,00000000,0,25,2000000,4000,1,20000,2000000,"S_SAMPLE",27,2000000,2000000,43690,43690,"",00000000000000000000000000000000,"","",0,0,00,00,"S_WAIT_UTC",00,00,00,00,00,12896963188,"2",2394167296,4294439296,6656921312,ffffeb60,4263287296,0,1111,0000,00,"",0,00000000,"",0,1,"",0,0,000000000000000000,"","",0,0,f,0000000000000000,5555aaaa,0,00000000,0,0,1,1,0,1,0,0,0,0,1,1,1,0,0,1,1,0,0,1,0,0,1,0,1,1,0,0,0,0,1,0,0,0,0,0,0,0,0,0,0,0,0,0,0,0,0,0,0,0,0,0,0,0,0,0,0,0
733,733,0,12896963189,28,00000000,0,25,2000000,4000,1,20000,2000000,"S_SAMPLE",27,2000000,2000000,43690,43690,"",00000000000000000000000000000000,"","",0,0,00,00,"S_WAIT_UTC",00,00,00,00,00,12896963189,"2",2394167296,4294439296,6656921312,ffffeb60,4263287296,0,1111,0000,00,"",0,00000000,"",0,1,"",0,0,000000000000000000,"","",0,0,f,0000000000000000,5555aaaa,0,00000000,0,0,1,1,0,1,0,0,0,0,1,1,1,0,0,1,1,0,0,1,0,0,1,0,1,1,0,0,0,0,1,0,0,0,0,0,0,0,0,0,0,0,0,0,0,0,0,0,0,0,0,0,0,0,0,0,0,0
734,734,0,12896963190,28,00000000,0,25,2000000,4000,1,20000,2000000,"S_SAMPLE",27,2000000,2000000,43690,43690,"",00000000000000000000000000000000,"","",0,0,00,00,"S_WAIT_UTC",00,00,00,00,00,12896963190,"2",2394167296,4294439296,6656921312,ffffeb60,4263287296,0,1111,0000,00,"",0,00000000,"",0,1,"",0,0,000000000000000000,"","",0,0,f,0000000000000000,5555aaaa,0,00000000,0,0,1,1,0,1,0,0,0,0,1,1,1,0,0,1,1,0,0,1,0,0,1,0,1,1,0,0,0,0,1,0,0,0,0,0,0,0,0,0,0,0,0,0,0,0,0,0,0,0,0,0,0,0,0,0,0,0
735,735,0,12896963191,28,00000000,0,25,2000000,4000,1,20000,2000000,"S_SAMPLE",27,2000000,2000000,43690,21845,"",00000000000000000000000000000000,"","",0,0,00,00,"S_WAIT_UTC",00,00,00,00,00,12896963191,"2",2394167296,4294439296,6656921312,ffffeb60,4263287296,0,1111,0000,00,"",0,00000000,"",0,1,"",0,0,000000000000000000,"","",0,0,f,0000000000000000,5555aaaa,0,00000000,0,0,1,1,0,1,0,0,0,0,1,1,1,0,0,1,1,0,0,1,0,0,1,0,1,1,0,0,0,0,1,0,0,0,0,0,0,0,0,0,0,0,0,0,0,0,0,0,0,0,0,0,0,0,0,0,0,0
736,736,0,12896963192,28,00000000,0,25,2000000,4000,1,20000,2000000,"S_SAMPLE",27,2000000,2000000,43690,21845,"",00000000000000000000000000000000,"","",0,0,00,00,"S_WAIT_UTC",00,00,00,00,00,12896963192,"2",2394167296,4294439296,6656921312,ffffeb60,4263287296,0,1111,0000,00,"",0,00000000,"",0,1,"",0,0,000000000000000000,"","",0,0,f,0000000000000000,5555aaaa,0,00000000,0,0,1,1,0,1,0,0,0,0,1,1,1,0,0,1,1,0,0,1,0,0,1,0,1,1,0,0,0,0,1,0,0,0,0,0,0,0,0,0,0,0,0,0,0,0,0,0,0,0,0,0,0,0,0,0,0,0
737,737,0,12896963193,28,00000000,0,25,2000000,4000,1,20000,2000000,"S_SAMPLE",27,2000000,2000000,43690,21845,"",00000000000000000000000000000000,"","",0,0,00,00,"S_WAIT_UTC",00,00,00,00,00,12896963193,"2",2394167296,4294439296,6656921312,ffffeb60,4263287296,0,1111,0000,00,"",0,00000000,"",0,1,"",0,0,000000000000000000,"","",0,0,f,0000000000000000,5555aaaa,0,00000000,0,0,1,1,0,1,0,0,0,0,1,1,1,0,0,1,1,0,0,1,0,0,1,0,1,1,0,0,0,0,1,0,0,0,0,0,0,0,0,0,0,0,0,0,0,0,0,0,0,0,0,0,0,0,0,0,0,0
738,738,0,12896963194,28,00000000,0,25,2000000,4000,1,20000,2000000,"S_SAMPLE",27,2000000,2000000,43690,21845,"",00000000000000000000000000000000,"","",0,0,00,00,"S_WAIT_UTC",00,00,00,00,00,12896963194,"2",2394167296,4294439296,6656921312,ffffeb60,4263287296,0,1111,0000,00,"",0,00000000,"",0,1,"",0,0,000000000000000000,"","",0,0,f,0000000000000000,5555aaaa,0,00000000,0,0,1,1,0,1,0,0,0,0,1,1,1,0,0,1,1,0,0,1,0,0,1,0,1,1,0,0,0,0,1,0,0,0,0,0,0,0,0,0,0,0,0,0,0,0,0,0,0,0,0,0,0,0,0,0,0,0
739,739,0,12896963195,28,00000000,0,25,2000000,4000,1,20000,2000000,"S_SAMPLE",27,2000000,2000000,43690,21845,"",00000000000000000000000000000000,"","",0,0,00,00,"S_WAIT_UTC",00,00,00,00,00,12896963195,"2",2394167296,4294439296,6656921312,ffffeb60,4263287296,0,1111,0000,00,"",0,00000000,"",0,1,"",0,0,000000000000000000,"","",0,0,f,0000000000000000,5555aaaa,0,00000000,0,0,1,1,0,1,0,0,0,0,1,1,1,0,0,1,1,0,0,1,0,0,1,0,1,1,0,0,0,0,1,0,0,0,0,0,0,0,0,0,0,0,0,0,0,0,0,0,0,0,0,0,0,0,0,0,0,0
740,740,0,12896963196,28,00000000,0,25,2000000,4000,1,20000,2000000,"S_SAMPLE",27,2000000,2000000,43690,21845,"",00000000000000000000000000000000,"","",0,0,00,00,"S_WAIT_UTC",00,00,00,00,00,12896963196,"2",2394167296,4294439296,6656921312,ffffeb60,4263287296,0,1111,0000,00,"",0,00000000,"",0,1,"",0,0,000000000000000000,"","",0,0,f,0000000000000000,5555aaaa,0,00000000,0,0,1,1,0,1,0,0,0,0,1,1,1,0,0,1,1,0,0,1,0,0,1,0,1,1,0,0,0,0,1,0,0,0,0,0,0,0,0,0,0,0,0,0,0,0,0,0,0,0,0,0,0,0,0,0,0,0
741,741,0,12896963197,28,00000000,0,25,2000000,4000,1,20000,2000000,"S_SAMPLE",27,2000000,2000000,43690,21845,"",00000000000000000000000000000000,"","",0,0,00,00,"S_WAIT_UTC",00,00,00,00,00,12896963197,"2",2394167296,4294439296,6656921312,ffffeb60,4263287296,0,1111,0000,00,"",0,00000000,"",0,1,"",0,0,000000000000000000,"","",0,0,f,0000000000000000,5555aaaa,0,00000000,0,0,1,1,0,1,0,0,0,0,1,1,1,0,0,1,1,0,0,1,0,0,1,0,1,1,0,0,0,0,1,0,0,0,0,0,0,0,0,0,0,0,0,0,0,0,0,0,0,0,0,0,0,0,0,0,0,0
742,742,0,12896963198,28,00000000,0,25,2000000,4000,1,20000,2000000,"S_SAMPLE",27,2000000,2000000,43690,21845,"",00000000000000000000000000000000,"","",0,0,00,00,"S_WAIT_UTC",00,00,00,00,00,12896963198,"2",2394167296,4294439296,6656921312,ffffeb60,4263287296,0,1111,0000,00,"",0,00000000,"",0,1,"",0,0,000000000000000000,"","",0,0,f,0000000000000000,5555aaaa,0,00000000,0,0,1,1,0,1,0,0,0,0,1,1,1,0,0,1,1,0,0,1,0,0,1,0,1,1,0,0,0,0,1,0,0,0,0,0,0,0,0,0,0,0,0,0,0,0,0,0,0,0,0,0,0,0,0,0,0,0
743,743,0,12896963199,28,00000000,0,25,2000000,4000,1,20000,2000000,"S_SAMPLE",27,2000000,2000000,43690,21845,"",00000000000000000000000000000000,"","",0,0,00,00,"S_WAIT_UTC",00,00,00,00,00,12896963199,"2",2394167296,4294439296,6656921312,ffffeb60,4263287296,0,1111,0000,00,"",0,00000000,"",0,1,"",0,0,000000000000000000,"","",0,0,f,0000000000000000,5555aaaa,0,00000000,0,0,1,1,0,1,0,0,0,0,1,1,1,0,0,1,1,0,0,1,0,0,1,0,1,1,0,0,0,0,1,0,0,0,0,0,0,0,0,0,0,0,0,0,0,0,0,0,0,0,0,0,0,0,0,0,0,0
744,744,0,12896963200,28,00000000,0,25,2000000,4000,1,20000,2000000,"S_SAMPLE",27,2000000,2000000,43690,21845,"",00000000000000000000000000000000,"","",0,0,00,00,"S_WAIT_UTC",00,00,00,00,00,12896963200,"2",2394167296,4294439296,6656921312,ffffeb60,4263287296,0,1111,0000,00,"",0,00000000,"",0,1,"",0,0,000000000000000000,"","",0,0,f,0000000000000000,5555aaaa,0,00000000,0,0,1,1,0,1,0,0,0,0,1,1,1,0,0,1,1,0,0,1,0,0,1,0,1,1,0,0,0,0,1,0,0,0,0,0,0,0,0,0,0,0,0,0,0,0,0,0,0,0,0,0,0,0,0,0,0,0
745,745,0,12896963201,28,00000000,0,25,2000000,4000,1,20000,2000000,"S_SAMPLE",27,2000000,2000000,43690,21845,"",00000000000000000000000000000000,"","",0,0,00,00,"S_WAIT_UTC",00,00,00,00,00,12896963201,"2",2394167296,4294439296,6656921312,ffffeb60,4263287296,0,1111,0000,00,"",0,00000000,"",0,1,"",0,0,000000000000000000,"","",0,0,f,0000000000000000,5555aaaa,0,00000000,0,0,1,1,0,1,0,0,0,0,1,1,1,0,0,1,1,0,0,1,0,0,1,0,1,1,0,0,0,0,1,0,0,0,0,0,0,0,0,0,0,0,0,0,0,0,0,0,0,0,0,0,0,0,0,0,0,0
746,746,0,12896963202,28,00000000,0,25,2000000,4000,1,20000,2000000,"S_SAMPLE",27,2000000,2000000,43690,21845,"",00000000000000000000000000000000,"","",0,0,00,00,"S_WAIT_UTC",00,00,00,00,00,12896963202,"2",2394167296,4294439296,6656921312,ffffeb60,4263287296,0,1111,0000,00,"",0,00000000,"",0,1,"",0,0,000000000000000000,"","",0,0,f,0000000000000000,5555aaaa,0,00000000,0,0,1,1,0,1,0,0,0,0,1,1,1,0,0,1,1,0,0,1,0,0,1,0,1,1,0,0,0,0,1,0,0,0,0,0,0,0,0,0,0,0,0,0,0,0,0,0,0,0,0,0,0,0,0,0,0,0
747,747,0,12896963203,28,00000000,0,25,2000000,4000,1,20000,2000000,"S_SAMPLE",27,2000000,2000000,43690,21845,"",00000000000000000000000000000000,"","",0,0,00,00,"S_WAIT_UTC",00,00,00,00,00,12896963203,"2",2394167296,4294439296,6656921312,ffffeb60,4263287296,0,1111,0000,00,"",0,00000000,"",0,1,"",0,0,000000000000000000,"","",0,0,f,0000000000000000,5555aaaa,0,00000000,0,0,1,1,0,1,0,0,0,0,1,1,1,0,0,1,1,0,0,1,0,0,1,0,1,1,0,0,0,0,1,0,0,0,0,0,0,0,0,0,0,0,0,0,0,0,0,0,0,0,0,0,0,0,0,0,0,0
748,748,0,12896963204,29,00000000,0,25,2000000,4000,1,20000,2000000,"S_SAMPLE",28,2000000,2000000,43690,21845,"",00000000000000000000000000000000,"","",0,0,00,00,"S_WAIT_UTC",00,00,00,00,00,12896963204,"2",2394167296,4294439296,6656921312,ffffeb60,4263287296,0,1111,0000,00,"",0,00000000,"",0,1,"",0,0,000000000000000000,"","",0,0,f,0000000000000000,5555aaaa,0,00000000,0,0,1,1,0,1,0,0,0,0,1,1,1,0,0,1,1,0,0,1,0,0,1,0,1,1,0,0,0,0,1,0,0,0,0,0,0,0,0,0,0,0,0,0,0,0,0,0,0,0,0,0,0,0,0,0,0,0
749,749,0,12896963205,29,00000000,0,25,2000000,4000,1,20000,2000000,"S_SAMPLE",28,2000000,2000000,43690,21845,"",00000000000000000000000000000000,"","",0,0,00,00,"S_WAIT_UTC",00,00,00,00,00,12896963205,"2",2394167296,4294439296,6656921312,ffffeb60,4263287296,0,1111,0000,00,"",0,00000000,"",0,1,"",0,0,000000000000000000,"","",0,0,f,0000000000000000,5555aaaa,0,00000000,0,0,1,1,0,1,0,0,0,0,1,1,1,0,0,1,1,0,0,1,0,0,1,0,1,1,0,0,0,0,1,0,0,0,0,0,0,0,0,0,0,0,0,0,0,0,0,0,0,0,0,0,0,0,0,0,0,0
750,750,0,12896963206,29,00000000,0,25,2000000,4000,1,20000,2000000,"S_SAMPLE",28,2000000,2000000,43690,21845,"",00000000000000000000000000000000,"","",0,0,00,00,"S_WAIT_UTC",00,00,00,00,00,12896963206,"2",2394167296,4294439296,6656921312,ffffeb60,4263287296,0,1111,0000,00,"",0,00000000,"",0,1,"",0,0,000000000000000000,"","",0,0,f,0000000000000000,5555aaaa,0,00000000,0,0,1,1,0,1,0,0,0,0,1,1,1,0,0,1,1,0,0,1,0,0,1,0,1,1,0,0,0,0,1,0,0,0,0,0,0,0,0,0,0,0,0,0,0,0,0,0,0,0,0,0,0,0,0,0,0,0
751,751,0,12896963207,29,00000000,0,25,2000000,4000,1,20000,2000000,"S_SAMPLE",28,2000000,2000000,43690,21845,"",00000000000000000000000000000000,"","",0,0,00,00,"S_WAIT_UTC",00,00,00,00,00,12896963207,"2",2394167296,4294439296,6656921312,ffffeb60,4263287296,0,1111,0000,00,"",0,00000000,"",0,1,"",0,0,000000000000000000,"","",0,0,f,0000000000000000,5555aaaa,0,00000000,0,0,1,1,0,1,0,0,0,0,1,1,1,0,0,1,1,0,0,1,0,0,1,0,1,1,0,0,0,0,1,0,0,0,0,0,0,0,0,0,0,0,0,0,0,0,0,0,0,0,0,0,0,0,0,0,0,0
752,752,0,12896963208,29,00000000,0,25,2000000,4000,1,20000,2000000,"S_SAMPLE",28,2000000,2000000,43690,21845,"",00000000000000000000000000000000,"","",0,0,00,00,"S_WAIT_UTC",00,00,00,00,00,12896963208,"2",2394167296,4294439296,6656921312,ffffeb60,4263287296,0,1111,0000,00,"",0,00000000,"",0,1,"",0,0,000000000000000000,"","",0,0,f,0000000000000000,5555aaaa,0,00000000,1,0,1,1,0,1,0,0,0,0,1,0,1,0,0,1,1,0,0,1,0,0,1,0,1,1,0,0,0,0,1,0,0,0,0,0,0,0,0,0,0,0,0,0,0,0,0,0,0,0,0,0,0,0,0,0,0,0
753,753,0,12896963209,29,00000000,0,25,2000000,4000,1,20000,2000000,"S_SAMPLE",28,2000000,2000000,21845,21845,"",00000000000000000000000000000000,"","",0,0,00,00,"S_WAIT_UTC",00,00,00,00,00,12896963209,"2",2394167296,4294439296,6656921312,ffffeb60,4263287296,0,1111,0000,00,"",0,00000000,"",0,1,"",0,0,000000000000000000,"","",0,0,f,0000000000000000,5555aaaa,0,00000000,0,1,1,1,0,1,0,0,0,0,1,1,1,0,0,1,1,0,0,1,1,0,1,0,1,1,0,0,0,0,1,0,0,0,0,0,0,0,0,0,0,0,0,0,0,0,0,0,0,0,0,0,0,0,0,0,0,0
754,754,0,12896963210,29,00000000,0,25,2000000,4000,1,20000,2000000,"S_SAMPLE",28,2000000,2000000,21845,21845,"",00000000000000000000000000000000,"","",0,0,00,00,"S_WAIT_UTC",00,00,00,00,00,12896963210,"2",2394167296,4294439296,6656921312,ffffeb60,4263287296,0,1111,0000,00,"",0,00000000,"",0,1,"",0,0,000000000000000000,"","",0,0,f,0000000000000000,5555aaaa,0,00000000,0,0,1,1,0,1,0,0,0,0,1,1,1,0,0,1,1,0,0,1,0,0,1,0,1,1,0,0,0,0,1,0,0,0,0,0,0,0,0,0,0,0,0,0,0,0,0,0,0,0,0,0,0,0,0,0,0,0
755,755,0,12896963211,29,00000000,0,26,2000000,4000,1,20000,2000000,"S_SAMPLE",28,2000000,2000000,21845,21845,"",00000000000000000000000000000000,"","",0,0,00,00,"S_WAIT_UTC",00,00,00,00,00,12896963211,"2",2394167296,4294439296,6656921312,ffffeb60,4263287296,0,1111,0000,00,"",0,00000000,"",0,1,"",0,0,000000000000000000,"","",0,0,f,0000000000000000,5555aaaa,0,00000000,0,0,1,1,0,1,0,0,0,0,1,1,1,0,0,1,1,0,0,1,0,0,1,0,1,1,0,0,0,0,1,0,0,0,0,0,0,0,0,0,0,0,0,0,0,0,0,0,0,0,0,0,0,0,0,0,0,0
756,756,0,12896963212,29,00000000,0,26,2000000,4000,1,20000,2000000,"S_SAMPLE",28,2000000,2000000,21845,21845,"",00000000000000000000000000000000,"","",0,0,00,00,"S_WAIT_UTC",00,00,00,00,00,12896963212,"2",2394167296,4294439296,6656921312,ffffeb60,4263287296,0,1111,0000,00,"",0,00000000,"",0,1,"",0,0,000000000000000000,"","",0,0,f,0000000000000000,5555aaaa,0,00000000,0,0,1,1,0,1,0,0,0,0,1,1,1,0,0,1,1,0,0,1,0,0,1,0,1,1,0,0,0,0,1,0,0,0,0,0,0,0,0,0,0,0,0,0,0,0,0,0,0,0,0,0,0,0,0,0,0,0
757,757,0,12896963213,29,00000000,0,26,2000000,4000,1,20000,2000000,"S_SAMPLE",28,2000000,2000000,21845,21845,"",00000000000000000000000000000000,"","",0,0,00,00,"S_WAIT_UTC",00,00,00,00,00,12896963213,"2",2394167296,4294439296,6656921312,ffffeb60,4263287296,0,1111,0000,00,"",0,00000000,"",0,1,"",0,0,000000000000000000,"","",0,0,f,0000000000000000,5555aaaa,0,00000000,0,0,1,1,0,1,0,0,0,0,1,1,1,0,0,1,1,0,0,1,0,0,1,0,1,1,0,0,0,0,1,0,0,0,0,0,0,0,0,0,0,0,0,0,0,0,0,0,0,0,0,0,0,0,0,0,0,0
758,758,0,12896963214,29,00000000,0,26,2000000,4000,1,20000,2000000,"S_SAMPLE",28,2000000,2000000,21845,21845,"",00000000000000000000000000000000,"","",0,0,00,00,"S_WAIT_UTC",00,00,00,00,00,12896963214,"2",2394167296,4294439296,6656921312,ffffeb60,4263287296,0,1111,0000,00,"",0,00000000,"",0,1,"",0,0,000000000000000000,"","",0,0,f,0000000000000000,5555aaaa,0,00000000,0,0,1,1,0,1,0,0,0,0,1,1,1,0,0,1,1,0,0,1,0,0,1,0,1,1,0,0,0,0,1,0,0,0,0,0,0,0,0,0,0,0,0,0,0,0,0,0,0,0,0,0,0,0,0,0,0,0
759,759,0,12896963215,29,00000000,0,26,2000000,4000,1,20000,2000000,"S_SAMPLE",28,2000000,2000000,21845,21845,"",00000000000000000000000000000000,"","",0,0,00,00,"S_WAIT_UTC",00,00,00,00,00,12896963215,"2",2394167296,4294439296,6656921312,ffffeb60,4263287296,0,1111,0000,00,"",0,00000000,"",0,1,"",0,0,000000000000000000,"","",0,0,f,0000000000000000,5555aaaa,0,00000000,0,0,1,1,0,1,0,0,0,0,1,1,1,0,0,1,1,0,0,1,0,0,1,0,1,1,0,0,0,0,1,0,0,0,0,0,0,0,0,0,0,0,0,0,0,0,0,0,0,0,0,0,0,0,0,0,0,0
760,760,0,12896963216,29,00000000,0,26,2000000,4000,1,20000,2000000,"S_SAMPLE",28,2000000,2000000,21845,43690,"",00000000000000000000000000000000,"","",0,0,00,00,"S_WAIT_UTC",00,00,00,00,00,12896963216,"2",2394167296,4294439296,6656921312,ffffeb60,4263287296,0,1111,0000,00,"",0,00000000,"",0,1,"",0,0,000000000000000000,"","",0,0,f,0000000000000000,5555aaaa,0,00000000,0,0,1,1,0,1,0,0,0,0,1,1,1,0,0,1,1,0,0,1,0,0,1,0,1,1,0,0,0,0,1,0,0,0,0,0,0,0,0,0,0,0,0,0,0,0,0,0,0,0,0,0,0,0,0,0,0,0
761,761,0,12896963217,29,00000000,0,26,2000000,4000,1,20000,2000000,"S_SAMPLE",28,2000000,2000000,21845,43690,"",00000000000000000000000000000000,"","",0,0,00,00,"S_WAIT_UTC",00,00,00,00,00,12896963217,"2",2394167296,4294439296,6656921312,ffffeb60,4263287296,0,1111,0000,00,"",0,00000000,"",0,1,"",0,0,000000000000000000,"","",0,0,f,0000000000000000,5555aaaa,0,00000000,0,0,1,1,0,1,0,0,0,0,1,1,1,0,0,1,1,0,0,1,0,0,1,0,1,1,0,0,0,0,1,0,0,0,0,0,0,0,0,0,0,0,0,0,0,0,0,0,0,0,0,0,0,0,0,0,0,0
762,762,0,12896963218,29,00000000,0,26,2000000,4000,1,20000,2000000,"S_SAMPLE",28,2000000,2000000,21845,43690,"",00000000000000000000000000000000,"","",0,0,00,00,"S_WAIT_UTC",00,00,00,00,00,12896963218,"2",2394167296,4294439296,6656921312,ffffeb60,4263287296,0,1111,0000,00,"",0,00000000,"",0,1,"",0,0,000000000000000000,"","",0,0,f,0000000000000000,5555aaaa,0,00000000,0,0,1,1,0,1,0,0,0,0,1,1,1,0,0,1,1,0,0,1,0,0,1,0,1,1,0,0,0,0,1,0,0,0,0,0,0,0,0,0,0,0,0,0,0,0,0,0,0,0,0,0,0,0,0,0,0,0
763,763,0,12896963219,29,00000000,0,26,2000000,4000,1,20000,2000000,"S_SAMPLE",28,2000000,2000000,21845,43690,"",00000000000000000000000000000000,"","",0,0,00,00,"S_WAIT_UTC",00,00,00,00,00,12896963219,"2",2394167296,4294439296,6656921312,ffffeb60,4263287296,0,1111,0000,00,"",0,00000000,"",0,1,"",0,0,000000000000000000,"","",0,0,f,0000000000000000,5555aaaa,0,00000000,0,0,1,1,0,1,0,0,0,0,1,1,1,0,0,1,1,0,0,1,0,0,1,0,1,1,0,0,0,0,1,0,0,0,0,0,0,0,0,0,0,0,0,0,0,0,0,0,0,0,0,0,0,0,0,0,0,0
764,764,0,12896963220,29,00000000,0,26,2000000,4000,1,20000,2000000,"S_SAMPLE",28,2000000,2000000,21845,43690,"",00000000000000000000000000000000,"","",0,0,00,00,"S_WAIT_UTC",00,00,00,00,00,12896963220,"2",2394167296,4294439296,6656921312,ffffeb60,4263287296,0,1111,0000,00,"",0,00000000,"",0,1,"",0,0,000000000000000000,"","",0,0,f,0000000000000000,5555aaaa,0,00000000,0,0,1,1,0,1,0,0,0,0,1,1,1,0,0,1,1,0,0,1,0,0,1,0,1,1,0,0,0,0,1,0,0,0,0,0,0,0,0,0,0,0,0,0,0,0,0,0,0,0,0,0,0,0,0,0,0,0
765,765,0,12896963221,29,00000000,0,26,2000000,4000,1,20000,2000000,"S_SAMPLE",28,2000000,2000000,21845,43690,"",00000000000000000000000000000000,"","",0,0,00,00,"S_WAIT_UTC",00,00,00,00,00,12896963221,"2",2394167296,4294439296,6656921312,ffffeb60,4263287296,0,1111,0000,00,"",0,00000000,"",0,1,"",0,0,000000000000000000,"","",0,0,f,0000000000000000,5555aaaa,0,00000000,0,0,1,1,0,1,0,0,0,0,1,1,1,0,0,1,1,0,0,1,0,0,1,0,1,1,0,0,0,0,1,0,0,0,0,0,0,0,0,0,0,0,0,0,0,0,0,0,0,0,0,0,0,0,0,0,0,0
766,766,0,12896963222,29,00000000,0,26,2000000,4000,1,20000,2000000,"S_SAMPLE",28,2000000,2000000,21845,43690,"",00000000000000000000000000000000,"","",0,0,00,00,"S_WAIT_UTC",00,00,00,00,00,12896963222,"2",2394167296,4294439296,6656921312,ffffeb60,4263287296,0,1111,0000,00,"",0,00000000,"",0,1,"",0,0,000000000000000000,"","",0,0,f,0000000000000000,5555aaaa,0,00000000,0,0,1,1,0,1,0,0,0,0,1,1,1,0,0,1,1,0,0,1,0,0,1,0,1,1,0,0,0,0,1,0,0,0,0,0,0,0,0,0,0,0,0,0,0,0,0,0,0,0,0,0,0,0,0,0,0,0
767,767,0,12896963223,29,00000000,0,26,2000000,4000,1,20000,2000000,"S_SAMPLE",28,2000000,2000000,21845,43690,"",00000000000000000000000000000000,"","",0,0,00,00,"S_WAIT_UTC",00,00,00,00,00,12896963223,"2",2394167296,4294439296,6656921312,ffffeb60,4263287296,0,1111,0000,00,"",0,00000000,"",0,1,"",0,0,000000000000000000,"","",0,0,f,0000000000000000,5555aaaa,0,00000000,0,0,1,1,0,1,0,0,0,0,1,1,1,0,0,1,1,0,0,1,0,0,1,0,1,1,0,0,0,0,1,0,0,0,0,0,0,0,0,0,0,0,0,0,0,0,0,0,0,0,0,0,0,0,0,0,0,0
768,768,0,12896963224,29,00000000,0,26,2000000,4000,1,20000,2000000,"S_SAMPLE",28,2000000,2000000,21845,43690,"",00000000000000000000000000000000,"","",0,0,00,00,"S_WAIT_UTC",00,00,00,00,00,12896963224,"2",2394167296,4294439296,6656921312,ffffeb60,4263287296,0,1111,0000,00,"",0,00000000,"",0,1,"",0,0,000000000000000000,"","",0,0,f,0000000000000000,5555aaaa,0,00000000,0,0,1,1,0,1,0,0,0,0,1,1,1,0,0,1,1,0,0,1,0,0,1,0,1,1,0,0,0,0,1,0,0,0,0,0,0,0,0,0,0,0,0,0,0,0,0,0,0,0,0,0,0,0,0,0,0,0
769,769,0,12896963225,29,00000000,0,26,2000000,4000,1,20000,2000000,"S_SAMPLE",28,2000000,2000000,21845,43690,"",00000000000000000000000000000000,"","",0,0,00,00,"S_WAIT_UTC",00,00,00,00,00,12896963225,"2",2394167296,4294439296,6656921312,ffffeb60,4263287296,0,1111,0000,00,"",0,00000000,"",0,1,"",0,0,000000000000000000,"","",0,0,f,0000000000000000,5555aaaa,0,00000000,0,0,1,1,0,1,0,0,0,0,1,1,1,0,0,1,1,0,0,1,0,0,1,0,1,1,0,0,0,0,1,0,0,0,0,0,0,0,0,0,0,0,0,0,0,0,0,0,0,0,0,0,0,0,0,0,0,0
770,770,0,12896963226,29,00000000,0,26,2000000,4000,1,20000,2000000,"S_SAMPLE",28,2000000,2000000,21845,43690,"",00000000000000000000000000000000,"","",0,0,00,00,"S_WAIT_UTC",00,00,00,00,00,12896963226,"2",2394167296,4294439296,6656921312,ffffeb60,4263287296,0,1111,0000,00,"",0,00000000,"",0,1,"",0,0,000000000000000000,"","",0,0,f,0000000000000000,5555aaaa,0,00000000,0,0,1,1,0,1,0,0,0,0,1,1,1,0,0,1,1,0,0,1,0,0,1,0,1,1,0,0,0,0,1,0,0,0,0,0,0,0,0,0,0,0,0,0,0,0,0,0,0,0,0,0,0,0,0,0,0,0
771,771,0,12896963227,29,00000000,0,26,2000000,4000,1,20000,2000000,"S_SAMPLE",28,2000000,2000000,21845,43690,"",00000000000000000000000000000000,"","",0,0,00,00,"S_WAIT_UTC",00,00,00,00,00,12896963227,"2",2394167296,4294439296,6656921312,ffffeb60,4263287296,0,1111,0000,00,"",0,00000000,"",0,1,"",0,0,000000000000000000,"","",0,0,f,0000000000000000,5555aaaa,0,00000000,0,0,1,1,0,1,0,0,0,0,1,1,1,0,0,1,1,0,0,1,0,0,1,0,1,1,0,0,0,0,1,0,0,0,0,0,0,0,0,0,0,0,0,0,0,0,0,0,0,0,0,0,0,0,0,0,0,0
772,772,0,12896963228,29,00000000,0,26,2000000,4000,1,20000,2000000,"S_SAMPLE",28,2000000,2000000,21845,43690,"",00000000000000000000000000000000,"","",0,0,00,00,"S_WAIT_UTC",00,00,00,00,00,12896963228,"2",2394167296,4294439296,6656921312,ffffeb60,4263287296,0,1111,0000,00,"",0,00000000,"",0,1,"",0,0,000000000000000000,"","",0,0,f,0000000000000000,5555aaaa,0,00000000,0,0,1,1,0,1,0,0,0,0,1,1,1,0,0,1,1,0,0,1,0,0,1,0,1,1,0,0,0,0,1,0,0,0,0,0,0,0,0,0,0,0,0,0,0,0,0,0,0,0,0,0,0,0,0,0,0,0
773,773,0,12896963229,30,00000000,0,26,2000000,4000,1,20000,2000000,"S_SAMPLE",29,2000000,2000000,21845,43690,"",00000000000000000000000000000000,"","",0,0,00,00,"S_WAIT_UTC",00,00,00,00,00,12896963229,"2",2394167296,4294439296,6656921312,ffffeb60,4263287296,0,1111,0000,00,"",0,00000000,"",0,1,"",0,0,000000000000000000,"","",0,0,f,0000000000000000,5555aaaa,0,00000000,0,0,1,1,0,1,0,0,0,0,1,1,1,0,0,1,1,0,0,1,0,0,1,0,1,1,0,0,0,0,1,0,0,0,0,0,0,0,0,0,0,0,0,0,0,0,0,0,0,0,0,0,0,0,0,0,0,0
774,774,0,12896963230,30,00000000,0,26,2000000,4000,1,20000,2000000,"S_SAMPLE",29,2000000,2000000,21845,43690,"",00000000000000000000000000000000,"","",0,0,00,00,"S_WAIT_UTC",00,00,00,00,00,12896963230,"2",2394167296,4294439296,6656921312,ffffeb60,4263287296,0,1111,0000,00,"",0,00000000,"",0,1,"",0,0,000000000000000000,"","",0,0,f,0000000000000000,5555aaaa,0,00000000,0,0,1,1,0,1,0,0,0,0,1,1,1,0,0,1,1,0,0,1,0,0,1,0,1,1,0,0,0,0,1,0,0,0,0,0,0,0,0,0,0,0,0,0,0,0,0,0,0,0,0,0,0,0,0,0,0,0
775,775,0,12896963231,30,00000000,0,26,2000000,4000,1,20000,2000000,"S_SAMPLE",29,2000000,2000000,21845,43690,"",00000000000000000000000000000000,"","",0,0,00,00,"S_WAIT_UTC",00,00,00,00,00,12896963231,"2",2394167296,4294439296,6656921312,ffffeb60,4263287296,0,1111,0000,00,"",0,00000000,"",0,1,"",0,0,000000000000000000,"","",0,0,f,0000000000000000,5555aaaa,0,00000000,0,0,1,1,0,1,0,0,0,0,1,1,1,0,0,1,1,0,0,1,0,0,1,0,1,1,0,0,0,0,1,0,0,0,0,0,0,0,0,0,0,0,0,0,0,0,0,0,0,0,0,0,0,0,0,0,0,0
776,776,0,12896963232,30,00000000,0,26,2000000,4000,1,20000,2000000,"S_SAMPLE",29,2000000,2000000,21845,43690,"",00000000000000000000000000000000,"","",0,0,00,00,"S_WAIT_UTC",00,00,00,00,00,12896963232,"2",2394167296,4294439296,6656921312,ffffeb60,4263287296,0,1111,0000,00,"",0,00000000,"",0,1,"",0,0,000000000000000000,"","",0,0,f,0000000000000000,5555aaaa,0,00000000,0,0,1,1,0,1,0,0,0,0,1,1,1,0,0,1,1,0,0,1,0,0,1,0,1,1,0,0,0,0,1,0,0,0,0,0,0,0,0,0,0,0,0,0,0,0,0,0,0,0,0,0,0,0,0,0,0,0
777,777,0,12896963233,30,00000000,0,26,2000000,4000,1,20000,2000000,"S_SAMPLE",29,2000000,2000000,21845,43690,"",00000000000000000000000000000000,"","",0,0,00,00,"S_WAIT_UTC",00,00,00,00,00,12896963233,"2",2394167296,4294439296,6656921312,ffffeb60,4263287296,0,1111,0000,00,"",0,00000000,"",0,1,"",0,0,000000000000000000,"","",0,0,f,0000000000000000,5555aaaa,0,00000000,1,0,1,1,0,1,0,0,0,0,1,0,1,0,0,1,1,0,0,1,0,0,1,0,1,1,0,0,0,0,1,0,0,0,0,0,0,0,0,0,0,0,0,0,0,0,0,0,0,0,0,0,0,0,0,0,0,0
778,778,0,12896963234,30,00000000,0,26,2000000,4000,1,20000,2000000,"S_SAMPLE",29,2000000,2000000,43690,43690,"",00000000000000000000000000000000,"","",0,0,00,00,"S_WAIT_UTC",00,00,00,00,00,12896963234,"2",2394167296,4294439296,6656921312,ffffeb60,4263287296,0,1111,0000,00,"",0,00000000,"",0,1,"",0,0,000000000000000000,"","",0,0,f,0000000000000000,5555aaaa,0,00000000,0,1,1,1,0,1,0,0,0,0,1,1,1,0,0,1,1,0,0,1,1,0,1,0,1,1,0,0,0,0,1,0,0,0,0,0,0,0,0,0,0,0,0,0,0,0,0,0,0,0,0,0,0,0,0,0,0,0
779,779,0,12896963235,30,00000000,0,26,2000000,4000,1,20000,2000000,"S_SAMPLE",29,2000000,2000000,43690,43690,"",00000000000000000000000000000000,"","",0,0,00,00,"S_WAIT_UTC",00,00,00,00,00,12896963235,"2",2394167296,4294439296,6656921312,ffffeb60,4263287296,0,1111,0000,00,"",0,00000000,"",0,1,"",0,0,000000000000000000,"","",0,0,f,0000000000000000,5555aaaa,0,00000000,0,0,1,1,0,1,0,0,0,0,1,1,1,0,0,1,1,0,0,1,0,0,1,0,1,1,0,0,0,0,1,0,0,0,0,0,0,0,0,0,0,0,0,0,0,0,0,0,0,0,0,0,0,0,0,0,0,0
780,780,0,12896963236,30,00000000,0,27,2000000,4000,1,20000,2000000,"S_SAMPLE",29,2000000,2000000,43690,43690,"",00000000000000000000000000000000,"","",0,0,00,00,"S_WAIT_UTC",00,00,00,00,00,12896963236,"2",2394167296,4294439296,6656921312,ffffeb60,4263287296,0,1111,0000,00,"",0,00000000,"",0,1,"",0,0,000000000000000000,"","",0,0,f,0000000000000000,5555aaaa,0,00000000,0,0,1,1,0,1,0,0,0,0,1,1,1,0,0,1,1,0,0,1,0,0,1,0,1,1,0,0,0,0,1,0,0,0,0,0,0,0,0,0,0,0,0,0,0,0,0,0,0,0,0,0,0,0,0,0,0,0
781,781,0,12896963237,30,00000000,0,27,2000000,4000,1,20000,2000000,"S_SAMPLE",29,2000000,2000000,43690,43690,"",00000000000000000000000000000000,"","",0,0,00,00,"S_WAIT_UTC",00,00,00,00,00,12896963237,"2",2394167296,4294439296,6656921312,ffffeb60,4263287296,0,1111,0000,00,"",0,00000000,"",0,1,"",0,0,000000000000000000,"","",0,0,f,0000000000000000,5555aaaa,0,00000000,0,0,1,1,0,1,0,0,0,0,1,1,1,0,0,1,1,0,0,1,0,0,1,0,1,1,0,0,0,0,1,0,0,0,0,0,0,0,0,0,0,0,0,0,0,0,0,0,0,0,0,0,0,0,0,0,0,0
782,782,0,12896963238,30,00000000,0,27,2000000,4000,1,20000,2000000,"S_SAMPLE",29,2000000,2000000,43690,43690,"",00000000000000000000000000000000,"","",0,0,00,00,"S_WAIT_UTC",00,00,00,00,00,12896963238,"2",2394167296,4294439296,6656921312,ffffeb60,4263287296,0,1111,0000,00,"",0,00000000,"",0,1,"",0,0,000000000000000000,"","",0,0,f,0000000000000000,5555aaaa,0,00000000,0,0,1,1,0,1,0,0,0,0,1,1,1,0,0,1,1,0,0,1,0,0,1,0,1,1,0,0,0,0,1,0,0,0,0,0,0,0,0,0,0,0,0,0,0,0,0,0,0,0,0,0,0,0,0,0,0,0
783,783,0,12896963239,30,00000000,0,27,2000000,4000,1,20000,2000000,"S_SAMPLE",29,2000000,2000000,43690,43690,"",00000000000000000000000000000000,"","",0,0,00,00,"S_WAIT_UTC",00,00,00,00,00,12896963239,"2",2394167296,4294439296,6656921312,ffffeb60,4263287296,0,1111,0000,00,"",0,00000000,"",0,1,"",0,0,000000000000000000,"","",0,0,f,0000000000000000,5555aaaa,0,00000000,0,0,1,1,0,1,0,0,0,0,1,1,1,0,0,1,1,0,0,1,0,0,1,0,1,1,0,0,0,0,1,0,0,0,0,0,0,0,0,0,0,0,0,0,0,0,0,0,0,0,0,0,0,0,0,0,0,0
784,784,0,12896963240,30,00000000,0,27,2000000,4000,1,20000,2000000,"S_SAMPLE",29,2000000,2000000,43690,43690,"",00000000000000000000000000000000,"","",0,0,00,00,"S_WAIT_UTC",00,00,00,00,00,12896963240,"2",2394167296,4294439296,6656921312,ffffeb60,4263287296,0,1111,0000,00,"",0,00000000,"",0,1,"",0,0,000000000000000000,"","",0,0,f,0000000000000000,5555aaaa,0,00000000,0,0,1,1,0,1,0,0,0,0,1,1,1,0,0,1,1,0,0,1,0,0,1,0,1,1,0,0,0,0,1,0,0,0,0,0,0,0,0,0,0,0,0,0,0,0,0,0,0,0,0,0,0,0,0,0,0,0
785,785,0,12896963241,30,00000000,0,27,2000000,4000,1,20000,2000000,"S_SAMPLE",29,2000000,2000000,43690,21845,"",00000000000000000000000000000000,"","",0,0,00,00,"S_WAIT_UTC",00,00,00,00,00,12896963241,"2",2394167296,4294439296,6656921312,ffffeb60,4263287296,0,1111,0000,00,"",0,00000000,"",0,1,"",0,0,000000000000000000,"","",0,0,f,0000000000000000,5555aaaa,0,00000000,0,0,1,1,0,1,0,0,0,0,1,1,1,0,0,1,1,0,0,1,0,0,1,0,1,1,0,0,0,0,1,0,0,0,0,0,0,0,0,0,0,0,0,0,0,0,0,0,0,0,0,0,0,0,0,0,0,0
786,786,0,12896963242,30,00000000,0,27,2000000,4000,1,20000,2000000,"S_SAMPLE",29,2000000,2000000,43690,21845,"",00000000000000000000000000000000,"","",0,0,00,00,"S_WAIT_UTC",00,00,00,00,00,12896963242,"2",2394167296,4294439296,6656921312,ffffeb60,4263287296,0,1111,0000,00,"",0,00000000,"",0,1,"",0,0,000000000000000000,"","",0,0,f,0000000000000000,5555aaaa,0,00000000,0,0,1,1,0,1,0,0,0,0,1,1,1,0,0,1,1,0,0,1,0,0,1,0,1,1,0,0,0,0,1,0,0,0,0,0,0,0,0,0,0,0,0,0,0,0,0,0,0,0,0,0,0,0,0,0,0,0
787,787,0,12896963243,30,00000000,0,27,2000000,4000,1,20000,2000000,"S_SAMPLE",29,2000000,2000000,43690,21845,"",00000000000000000000000000000000,"","",0,0,00,00,"S_WAIT_UTC",00,00,00,00,00,12896963243,"2",2394167296,4294439296,6656921312,ffffeb60,4263287296,0,1111,0000,00,"",0,00000000,"",0,1,"",0,0,000000000000000000,"","",0,0,f,0000000000000000,5555aaaa,0,00000000,0,0,1,1,0,1,0,0,0,0,1,1,1,0,0,1,1,0,0,1,0,0,1,0,1,1,0,0,0,0,1,0,0,0,0,0,0,0,0,0,0,0,0,0,0,0,0,0,0,0,0,0,0,0,0,0,0,0
788,788,0,12896963244,30,00000000,0,27,2000000,4000,1,20000,2000000,"S_SAMPLE",29,2000000,2000000,43690,21845,"",00000000000000000000000000000000,"","",0,0,00,00,"S_WAIT_UTC",00,00,00,00,00,12896963244,"2",2394167296,4294439296,6656921312,ffffeb60,4263287296,0,1111,0000,00,"",0,00000000,"",0,1,"",0,0,000000000000000000,"","",0,0,f,0000000000000000,5555aaaa,0,00000000,0,0,1,1,0,1,0,0,0,0,1,1,1,0,0,1,1,0,0,1,0,0,1,0,1,1,0,0,0,0,1,0,0,0,0,0,0,0,0,0,0,0,0,0,0,0,0,0,0,0,0,0,0,0,0,0,0,0
789,789,0,12896963245,30,00000000,0,27,2000000,4000,1,20000,2000000,"S_SAMPLE",29,2000000,2000000,43690,21845,"",00000000000000000000000000000000,"","",0,0,00,00,"S_WAIT_UTC",00,00,00,00,00,12896963245,"2",2394167296,4294439296,6656921312,ffffeb60,4263287296,0,1111,0000,00,"",0,00000000,"",0,1,"",0,0,000000000000000000,"","",0,0,f,0000000000000000,5555aaaa,0,00000000,0,0,1,1,0,1,0,0,0,0,1,1,1,0,0,1,1,0,0,1,0,0,1,0,1,1,0,0,0,0,1,0,0,0,0,0,0,0,0,0,0,0,0,0,0,0,0,0,0,0,0,0,0,0,0,0,0,0
790,790,0,12896963246,30,00000000,0,27,2000000,4000,1,20000,2000000,"S_SAMPLE",29,2000000,2000000,43690,21845,"",00000000000000000000000000000000,"","",0,0,00,00,"S_WAIT_UTC",00,00,00,00,00,12896963246,"2",2394167296,4294439296,6656921312,ffffeb60,4263287296,0,1111,0000,00,"",0,00000000,"",0,1,"",0,0,000000000000000000,"","",0,0,f,0000000000000000,5555aaaa,0,00000000,0,0,1,1,0,1,0,0,0,0,1,1,1,0,0,1,1,0,0,1,0,0,1,0,1,1,0,0,0,0,1,0,0,0,0,0,0,0,0,0,0,0,0,0,0,0,0,0,0,0,0,0,0,0,0,0,0,0
791,791,0,12896963247,30,00000000,0,27,2000000,4000,1,20000,2000000,"S_SAMPLE",29,2000000,2000000,43690,21845,"",00000000000000000000000000000000,"","",0,0,00,00,"S_WAIT_UTC",00,00,00,00,00,12896963247,"2",2394167296,4294439296,6656921312,ffffeb60,4263287296,0,1111,0000,00,"",0,00000000,"",0,1,"",0,0,000000000000000000,"","",0,0,f,0000000000000000,5555aaaa,0,00000000,0,0,1,1,0,1,0,0,0,0,1,1,1,0,0,1,1,0,0,1,0,0,1,0,1,1,0,0,0,0,1,0,0,0,0,0,0,0,0,0,0,0,0,0,0,0,0,0,0,0,0,0,0,0,0,0,0,0
792,792,0,12896963248,30,00000000,0,27,2000000,4000,1,20000,2000000,"S_SAMPLE",29,2000000,2000000,43690,21845,"",00000000000000000000000000000000,"","",0,0,00,00,"S_WAIT_UTC",00,00,00,00,00,12896963248,"2",2394167296,4294439296,6656921312,ffffeb60,4263287296,0,1111,0000,00,"",0,00000000,"",0,1,"",0,0,000000000000000000,"","",0,0,f,0000000000000000,5555aaaa,0,00000000,0,0,1,1,0,1,0,0,0,0,1,1,1,0,0,1,1,0,0,1,0,0,1,0,1,1,0,0,0,0,1,0,0,0,0,0,0,0,0,0,0,0,0,0,0,0,0,0,0,0,0,0,0,0,0,0,0,0
793,793,0,12896963249,30,00000000,0,27,2000000,4000,1,20000,2000000,"S_SAMPLE",29,2000000,2000000,43690,21845,"",00000000000000000000000000000000,"","",0,0,00,00,"S_WAIT_UTC",00,00,00,00,00,12896963249,"2",2394167296,4294439296,6656921312,ffffeb60,4263287296,0,1111,0000,00,"",0,00000000,"",0,1,"",0,0,000000000000000000,"","",0,0,f,0000000000000000,5555aaaa,0,00000000,0,0,1,1,0,1,0,0,0,0,1,1,1,0,0,1,1,0,0,1,0,0,1,0,1,1,0,0,0,0,1,0,0,0,0,0,0,0,0,0,0,0,0,0,0,0,0,0,0,0,0,0,0,0,0,0,0,0
794,794,0,12896963250,30,00000000,0,27,2000000,4000,1,20000,2000000,"S_SAMPLE",29,2000000,2000000,43690,21845,"",00000000000000000000000000000000,"","",0,0,00,00,"S_WAIT_UTC",00,00,00,00,00,12896963250,"2",2394167296,4294439296,6656921312,ffffeb60,4263287296,0,1111,0000,00,"",0,00000000,"",0,1,"",0,0,000000000000000000,"","",0,0,f,0000000000000000,5555aaaa,0,00000000,0,0,1,1,0,1,0,0,0,0,1,1,1,0,0,1,1,0,0,1,0,0,1,0,1,1,0,0,0,0,1,0,0,0,0,0,0,0,0,0,0,0,0,0,0,0,0,0,0,0,0,0,0,0,0,0,0,0
795,795,0,12896963251,30,00000000,0,27,2000000,4000,1,20000,2000000,"S_SAMPLE",29,2000000,2000000,43690,21845,"",00000000000000000000000000000000,"","",0,0,00,00,"S_WAIT_UTC",00,00,00,00,00,12896963251,"2",2394167296,4294439296,6656921312,ffffeb60,4263287296,0,1111,0000,00,"",0,00000000,"",0,1,"",0,0,000000000000000000,"","",0,0,f,0000000000000000,5555aaaa,0,00000000,0,0,1,1,0,1,0,0,0,0,1,1,1,0,0,1,1,0,0,1,0,0,1,0,1,1,0,0,0,0,1,0,0,0,0,0,0,0,0,0,0,0,0,0,0,0,0,0,0,0,0,0,0,0,0,0,0,0
796,796,0,12896963252,30,00000000,0,27,2000000,4000,1,20000,2000000,"S_SAMPLE",29,2000000,2000000,43690,21845,"",00000000000000000000000000000000,"","",0,0,00,00,"S_WAIT_UTC",00,00,00,00,00,12896963252,"2",2394167296,4294439296,6656921312,ffffeb60,4263287296,0,1111,0000,00,"",0,00000000,"",0,1,"",0,0,000000000000000000,"","",0,0,f,0000000000000000,5555aaaa,0,00000000,0,0,1,1,0,1,0,0,0,0,1,1,1,0,0,1,1,0,0,1,0,0,1,0,1,1,0,0,0,0,1,0,0,0,0,0,0,0,0,0,0,0,0,0,0,0,0,0,0,0,0,0,0,0,0,0,0,0
797,797,0,12896963253,30,00000000,0,27,2000000,4000,1,20000,2000000,"S_SAMPLE",29,2000000,2000000,43690,21845,"",00000000000000000000000000000000,"","",0,0,00,00,"S_WAIT_UTC",00,00,00,00,00,12896963253,"2",2394167296,4294439296,6656921312,ffffeb60,4263287296,0,1111,0000,00,"",0,00000000,"",0,1,"",0,0,000000000000000000,"","",0,0,f,0000000000000000,5555aaaa,0,00000000,0,0,1,1,0,1,0,0,0,0,1,1,1,0,0,1,1,0,0,1,0,0,1,0,1,1,0,0,0,0,1,0,0,0,0,0,0,0,0,0,0,0,0,0,0,0,0,0,0,0,0,0,0,0,0,0,0,0
798,798,0,12896963254,31,00000000,0,27,2000000,4000,1,20000,2000000,"S_SAMPLE",30,2000000,2000000,43690,21845,"",00000000000000000000000000000000,"","",0,0,00,00,"S_WAIT_UTC",00,00,00,00,00,12896963254,"2",2394167296,4294439296,6656921312,ffffeb60,4263287296,0,1111,0000,00,"",0,00000000,"",0,1,"",0,0,000000000000000000,"","",0,0,f,0000000000000000,5555aaaa,0,00000000,0,0,1,1,0,1,0,0,0,0,1,1,1,0,0,1,1,0,0,1,0,0,1,0,1,1,0,0,0,0,1,0,0,0,0,0,0,0,0,0,0,0,0,0,0,0,0,0,0,0,0,0,0,0,0,0,0,0
799,799,0,12896963255,31,00000000,0,27,2000000,4000,1,20000,2000000,"S_SAMPLE",30,2000000,2000000,43690,21845,"",00000000000000000000000000000000,"","",0,0,00,00,"S_WAIT_UTC",00,00,00,00,00,12896963255,"2",2394167296,4294439296,6656921312,ffffeb60,4263287296,0,1111,0000,00,"",0,00000000,"",0,1,"",0,0,000000000000000000,"","",0,0,f,0000000000000000,5555aaaa,0,00000000,0,0,1,1,0,1,0,0,0,0,1,1,1,0,0,1,1,0,0,1,0,0,1,0,1,1,0,0,0,0,1,0,0,0,0,0,0,0,0,0,0,0,0,0,0,0,0,0,0,0,0,0,0,0,0,0,0,0
800,800,0,12896963256,31,00000000,0,27,2000000,4000,1,20000,2000000,"S_SAMPLE",30,2000000,2000000,43690,21845,"",00000000000000000000000000000000,"","",0,0,00,00,"S_WAIT_UTC",00,00,00,00,00,12896963256,"2",2394167296,4294439296,6656921312,ffffeb60,4263287296,0,1111,0000,00,"",0,00000000,"",0,1,"",0,0,000000000000000000,"","",0,0,f,0000000000000000,5555aaaa,0,00000000,0,0,1,1,0,1,0,0,0,0,1,1,1,0,0,1,1,0,0,1,0,0,1,0,1,1,0,0,0,0,1,0,0,0,0,0,0,0,0,0,0,0,0,0,0,0,0,0,0,0,0,0,0,0,0,0,0,0
801,801,0,12896963257,31,00000000,0,27,2000000,4000,1,20000,2000000,"S_SAMPLE",30,2000000,2000000,43690,21845,"",00000000000000000000000000000000,"","",0,0,00,00,"S_WAIT_UTC",00,00,00,00,00,12896963257,"2",2394167296,4294439296,6656921312,ffffeb60,4263287296,0,1111,0000,00,"",0,00000000,"",0,1,"",0,0,000000000000000000,"","",0,0,f,0000000000000000,5555aaaa,0,00000000,0,0,1,1,0,1,0,0,0,0,1,1,1,0,0,1,1,0,0,1,0,0,1,0,1,1,0,0,0,0,1,0,0,0,0,0,0,0,0,0,0,0,0,0,0,0,0,0,0,0,0,0,0,0,0,0,0,0
802,802,0,12896963258,31,00000000,0,27,2000000,4000,1,20000,2000000,"S_SAMPLE",30,2000000,2000000,43690,21845,"",00000000000000000000000000000000,"","",0,0,00,00,"S_WAIT_UTC",00,00,00,00,00,12896963258,"2",2394167296,4294439296,6656921312,ffffeb60,4263287296,0,1111,0000,00,"",0,00000000,"",0,1,"",0,0,000000000000000000,"","",0,0,f,0000000000000000,5555aaaa,0,00000000,1,0,1,1,0,1,0,0,0,0,1,0,1,0,0,1,1,0,0,1,0,0,1,0,1,1,0,0,0,0,1,0,0,0,0,0,0,0,0,0,0,0,0,0,0,0,0,0,0,0,0,0,0,0,0,0,0,0
803,803,0,12896963259,31,00000000,0,27,2000000,4000,1,20000,2000000,"S_SAMPLE",30,2000000,2000000,21845,21845,"",00000000000000000000000000000000,"","",0,0,00,00,"S_WAIT_UTC",00,00,00,00,00,12896963259,"2",2394167296,4294439296,6656921312,ffffeb60,4263287296,0,1111,0000,00,"",0,00000000,"",0,1,"",0,0,000000000000000000,"","",0,0,f,0000000000000000,5555aaaa,0,00000000,0,1,1,1,0,1,0,0,0,0,1,1,1,0,0,1,1,0,0,1,1,0,1,0,1,1,0,0,0,0,1,0,0,0,0,0,0,0,0,0,0,0,0,0,0,0,0,0,0,0,0,0,0,0,0,0,0,0
804,804,0,12896963260,31,00000000,0,27,2000000,4000,1,20000,2000000,"S_SAMPLE",30,2000000,2000000,21845,21845,"",00000000000000000000000000000000,"","",0,0,00,00,"S_WAIT_UTC",00,00,00,00,00,12896963260,"2",2394167296,4294439296,6656921312,ffffeb60,4263287296,0,1111,0000,00,"",0,00000000,"",0,1,"",0,0,000000000000000000,"","",0,0,f,0000000000000000,5555aaaa,0,00000000,0,0,1,1,0,1,0,0,0,0,1,1,1,0,0,1,1,0,0,1,0,0,1,0,1,1,0,0,0,0,1,0,0,0,0,0,0,0,0,0,0,0,0,0,0,0,0,0,0,0,0,0,0,0,0,0,0,0
805,805,0,12896963261,31,00000000,0,28,2000000,4000,1,20000,2000000,"S_SAMPLE",30,2000000,2000000,21845,21845,"",00000000000000000000000000000000,"","",0,0,00,00,"S_WAIT_UTC",00,00,00,00,00,12896963261,"2",2394167296,4294439296,6656921312,ffffeb60,4263287296,0,1111,0000,00,"",0,00000000,"",0,1,"",0,0,000000000000000000,"","",0,0,f,0000000000000000,5555aaaa,0,00000000,0,0,1,1,0,1,0,0,0,0,1,1,1,0,0,1,1,0,0,1,0,0,1,0,1,1,0,0,0,0,1,0,0,0,0,0,0,0,0,0,0,0,0,0,0,0,0,0,0,0,0,0,0,0,0,0,0,0
806,806,0,12896963262,31,00000000,0,28,2000000,4000,1,20000,2000000,"S_SAMPLE",30,2000000,2000000,21845,21845,"",00000000000000000000000000000000,"","",0,0,00,00,"S_WAIT_UTC",00,00,00,00,00,12896963262,"2",2394167296,4294439296,6656921312,ffffeb60,4263287296,0,1111,0000,00,"",0,00000000,"",0,1,"",0,0,000000000000000000,"","",0,0,f,0000000000000000,5555aaaa,0,00000000,0,0,1,1,0,1,0,0,0,0,1,1,1,0,0,1,1,0,0,1,0,0,1,0,1,1,0,0,0,0,1,0,0,0,0,0,0,0,0,0,0,0,0,0,0,0,0,0,0,0,0,0,0,0,0,0,0,0
807,807,0,12896963263,31,00000000,0,28,2000000,4000,1,20000,2000000,"S_SAMPLE",30,2000000,2000000,21845,21845,"",00000000000000000000000000000000,"","",0,0,00,00,"S_WAIT_UTC",00,00,00,00,00,12896963263,"2",2394167296,4294439296,6656921312,ffffeb60,4263287296,0,1111,0000,00,"",0,00000000,"",0,1,"",0,0,000000000000000000,"","",0,0,f,0000000000000000,5555aaaa,0,00000000,0,0,1,1,0,1,0,0,0,0,1,1,1,0,0,1,1,0,0,1,0,0,1,0,1,1,0,0,0,0,1,0,0,0,0,0,0,0,0,0,0,0,0,0,0,0,0,0,0,0,0,0,0,0,0,0,0,0
808,808,0,12896963264,31,00000000,0,28,2000000,4000,1,20000,2000000,"S_SAMPLE",30,2000000,2000000,21845,21845,"",00000000000000000000000000000000,"","",0,0,00,00,"S_WAIT_UTC",00,00,00,00,00,12896963264,"2",2394167296,4294439296,6656921312,ffffeb60,4263287296,0,1111,0000,00,"",0,00000000,"",0,1,"",0,0,000000000000000000,"","",0,0,f,0000000000000000,5555aaaa,0,00000000,0,0,1,1,0,1,0,0,0,0,1,1,1,0,0,1,1,0,0,1,0,0,1,0,1,1,0,0,0,0,1,0,0,0,0,0,0,0,0,0,0,0,0,0,0,0,0,0,0,0,0,0,0,0,0,0,0,0
809,809,0,12896963265,31,00000000,0,28,2000000,4000,1,20000,2000000,"S_SAMPLE",30,2000000,2000000,21845,21845,"",00000000000000000000000000000000,"","",0,0,00,00,"S_WAIT_UTC",00,00,00,00,00,12896963265,"2",2394167296,4294439296,6656921312,ffffeb60,4263287296,0,1111,0000,00,"",0,00000000,"",0,1,"",0,0,000000000000000000,"","",0,0,f,0000000000000000,5555aaaa,0,00000000,0,0,1,1,0,1,0,0,0,0,1,1,1,0,0,1,1,0,0,1,0,0,1,0,1,1,0,0,0,0,1,0,0,0,0,0,0,0,0,0,0,0,0,0,0,0,0,0,0,0,0,0,0,0,0,0,0,0
810,810,0,12896963266,31,00000000,0,28,2000000,4000,1,20000,2000000,"S_SAMPLE",30,2000000,2000000,21845,43690,"",00000000000000000000000000000000,"","",0,0,00,00,"S_WAIT_UTC",00,00,00,00,00,12896963266,"2",2394167296,4294439296,6656921312,ffffeb60,4263287296,0,1111,0000,00,"",0,00000000,"",0,1,"",0,0,000000000000000000,"","",0,0,f,0000000000000000,5555aaaa,0,00000000,0,0,1,1,0,1,0,0,0,0,1,1,1,0,0,1,1,0,0,1,0,0,1,0,1,1,0,0,0,0,1,0,0,0,0,0,0,0,0,0,0,0,0,0,0,0,0,0,0,0,0,0,0,0,0,0,0,0
811,811,0,12896963267,31,00000000,0,28,2000000,4000,1,20000,2000000,"S_SAMPLE",30,2000000,2000000,21845,43690,"",00000000000000000000000000000000,"","",0,0,00,00,"S_WAIT_UTC",00,00,00,00,00,12896963267,"2",2394167296,4294439296,6656921312,ffffeb60,4263287296,0,1111,0000,00,"",0,00000000,"",0,1,"",0,0,000000000000000000,"","",0,0,f,0000000000000000,5555aaaa,0,00000000,0,0,1,1,0,1,0,0,0,0,1,1,1,0,0,1,1,0,0,1,0,0,1,0,1,1,0,0,0,0,1,0,0,0,0,0,0,0,0,0,0,0,0,0,0,0,0,0,0,0,0,0,0,0,0,0,0,0
812,812,0,12896963268,31,00000000,0,28,2000000,4000,1,20000,2000000,"S_SAMPLE",30,2000000,2000000,21845,43690,"",00000000000000000000000000000000,"","",0,0,00,00,"S_WAIT_UTC",00,00,00,00,00,12896963268,"2",2394167296,4294439296,6656921312,ffffeb60,4263287296,0,1111,0000,00,"",0,00000000,"",0,1,"",0,0,000000000000000000,"","",0,0,f,0000000000000000,5555aaaa,0,00000000,0,0,1,1,0,1,0,0,0,0,1,1,1,0,0,1,1,0,0,1,0,0,1,0,1,1,0,0,0,0,1,0,0,0,0,0,0,0,0,0,0,0,0,0,0,0,0,0,0,0,0,0,0,0,0,0,0,0
813,813,0,12896963269,31,00000000,0,28,2000000,4000,1,20000,2000000,"S_SAMPLE",30,2000000,2000000,21845,43690,"",00000000000000000000000000000000,"","",0,0,00,00,"S_WAIT_UTC",00,00,00,00,00,12896963269,"2",2394167296,4294439296,6656921312,ffffeb60,4263287296,0,1111,0000,00,"",0,00000000,"",0,1,"",0,0,000000000000000000,"","",0,0,f,0000000000000000,5555aaaa,0,00000000,0,0,1,1,0,1,0,0,0,0,1,1,1,0,0,1,1,0,0,1,0,0,1,0,1,1,0,0,0,0,1,0,0,0,0,0,0,0,0,0,0,0,0,0,0,0,0,0,0,0,0,0,0,0,0,0,0,0
814,814,0,12896963270,31,00000000,0,28,2000000,4000,1,20000,2000000,"S_SAMPLE",30,2000000,2000000,21845,43690,"",00000000000000000000000000000000,"","",0,0,00,00,"S_WAIT_UTC",00,00,00,00,00,12896963270,"2",2394167296,4294439296,6656921312,ffffeb60,4263287296,0,1111,0000,00,"",0,00000000,"",0,1,"",0,0,000000000000000000,"","",0,0,f,0000000000000000,5555aaaa,0,00000000,0,0,1,1,0,1,0,0,0,0,1,1,1,0,0,1,1,0,0,1,0,0,1,0,1,1,0,0,0,0,1,0,0,0,0,0,0,0,0,0,0,0,0,0,0,0,0,0,0,0,0,0,0,0,0,0,0,0
815,815,0,12896963271,31,00000000,0,28,2000000,4000,1,20000,2000000,"S_SAMPLE",30,2000000,2000000,21845,43690,"",00000000000000000000000000000000,"","",0,0,00,00,"S_WAIT_UTC",00,00,00,00,00,12896963271,"2",2394167296,4294439296,6656921312,ffffeb60,4263287296,0,1111,0000,00,"",0,00000000,"",0,1,"",0,0,000000000000000000,"","",0,0,f,0000000000000000,5555aaaa,0,00000000,0,0,1,1,0,1,0,0,0,0,1,1,1,0,0,1,1,0,0,1,0,0,1,0,1,1,0,0,0,0,1,0,0,0,0,0,0,0,0,0,0,0,0,0,0,0,0,0,0,0,0,0,0,0,0,0,0,0
816,816,0,12896963272,31,00000000,0,28,2000000,4000,1,20000,2000000,"S_SAMPLE",30,2000000,2000000,21845,43690,"",00000000000000000000000000000000,"","",0,0,00,00,"S_WAIT_UTC",00,00,00,00,00,12896963272,"2",2394167296,4294439296,6656921312,ffffeb60,4263287296,0,1111,0000,00,"",0,00000000,"",0,1,"",0,0,000000000000000000,"","",0,0,f,0000000000000000,5555aaaa,0,00000000,0,0,1,1,0,1,0,0,0,0,1,1,1,0,0,1,1,0,0,1,0,0,1,0,1,1,0,0,0,0,1,0,0,0,0,0,0,0,0,0,0,0,0,0,0,0,0,0,0,0,0,0,0,0,0,0,0,0
817,817,0,12896963273,31,00000000,0,28,2000000,4000,1,20000,2000000,"S_SAMPLE",30,2000000,2000000,21845,43690,"",00000000000000000000000000000000,"","",0,0,00,00,"S_WAIT_UTC",00,00,00,00,00,12896963273,"2",2394167296,4294439296,6656921312,ffffeb60,4263287296,0,1111,0000,00,"",0,00000000,"",0,1,"",0,0,000000000000000000,"","",0,0,f,0000000000000000,5555aaaa,0,00000000,0,0,1,1,0,1,0,0,0,0,1,1,1,0,0,1,1,0,0,1,0,0,1,0,1,1,0,0,0,0,1,0,0,0,0,0,0,0,0,0,0,0,0,0,0,0,0,0,0,0,0,0,0,0,0,0,0,0
818,818,0,12896963274,31,00000000,0,28,2000000,4000,1,20000,2000000,"S_SAMPLE",30,2000000,2000000,21845,43690,"",00000000000000000000000000000000,"","",0,0,00,00,"S_WAIT_UTC",00,00,00,00,00,12896963274,"2",2394167296,4294439296,6656921312,ffffeb60,4263287296,0,1111,0000,00,"",0,00000000,"",0,1,"",0,0,000000000000000000,"","",0,0,f,0000000000000000,5555aaaa,0,00000000,0,0,1,1,0,1,0,0,0,0,1,1,1,0,0,1,1,0,0,1,0,0,1,0,1,1,0,0,0,0,1,0,0,0,0,0,0,0,0,0,0,0,0,0,0,0,0,0,0,0,0,0,0,0,0,0,0,0
819,819,0,12896963275,31,00000000,0,28,2000000,4000,1,20000,2000000,"S_SAMPLE",30,2000000,2000000,21845,43690,"",00000000000000000000000000000000,"","",0,0,00,00,"S_WAIT_UTC",00,00,00,00,00,12896963275,"2",2394167296,4294439296,6656921312,ffffeb60,4263287296,0,1111,0000,00,"",0,00000000,"",0,1,"",0,0,000000000000000000,"","",0,0,f,0000000000000000,5555aaaa,0,00000000,0,0,1,1,0,1,0,0,0,0,1,1,1,0,0,1,1,0,0,1,0,0,1,0,1,1,0,0,0,0,1,0,0,0,0,0,0,0,0,0,0,0,0,0,0,0,0,0,0,0,0,0,0,0,0,0,0,0
820,820,0,12896963276,31,00000000,0,28,2000000,4000,1,20000,2000000,"S_SAMPLE",30,2000000,2000000,21845,43690,"",00000000000000000000000000000000,"","",0,0,00,00,"S_WAIT_UTC",00,00,00,00,00,12896963276,"2",2394167296,4294439296,6656921312,ffffeb60,4263287296,0,1111,0000,00,"",0,00000000,"",0,1,"",0,0,000000000000000000,"","",0,0,f,0000000000000000,5555aaaa,0,00000000,0,0,1,1,0,1,0,0,0,0,1,1,1,0,0,1,1,0,0,1,0,0,1,0,1,1,0,0,0,0,1,0,0,0,0,0,0,0,0,0,0,0,0,0,0,0,0,0,0,0,0,0,0,0,0,0,0,0
821,821,0,12896963277,31,00000000,0,28,2000000,4000,1,20000,2000000,"S_SAMPLE",30,2000000,2000000,21845,43690,"",00000000000000000000000000000000,"","",0,0,00,00,"S_WAIT_UTC",00,00,00,00,00,12896963277,"2",2394167296,4294439296,6656921312,ffffeb60,4263287296,0,1111,0000,00,"",0,00000000,"",0,1,"",0,0,000000000000000000,"","",0,0,f,0000000000000000,5555aaaa,0,00000000,0,0,1,1,0,1,0,0,0,0,1,1,1,0,0,1,1,0,0,1,0,0,1,0,1,1,0,0,0,0,1,0,0,0,0,0,0,0,0,0,0,0,0,0,0,0,0,0,0,0,0,0,0,0,0,0,0,0
822,822,0,12896963278,31,00000000,0,28,2000000,4000,1,20000,2000000,"S_SAMPLE",30,2000000,2000000,21845,43690,"",00000000000000000000000000000000,"","",0,0,00,00,"S_WAIT_UTC",00,00,00,00,00,12896963278,"2",2394167296,4294439296,6656921312,ffffeb60,4263287296,0,1111,0000,00,"",0,00000000,"",0,1,"",0,0,000000000000000000,"","",0,0,f,0000000000000000,5555aaaa,0,00000000,0,0,1,1,0,1,0,0,0,0,1,1,1,0,0,1,1,0,0,1,0,0,1,0,1,1,0,0,0,0,1,0,0,0,0,0,0,0,0,0,0,0,0,0,0,0,0,0,0,0,0,0,0,0,0,0,0,0
823,823,0,12896963279,32,00000000,0,28,2000000,4000,1,20000,2000000,"S_SAMPLE",31,2000000,2000000,21845,43690,"",00000000000000000000000000000000,"","",0,0,00,00,"S_WAIT_UTC",00,00,00,00,00,12896963279,"2",2394167296,4294439296,6656921312,ffffeb60,4263287296,0,1111,0000,00,"",0,00000000,"",0,1,"",0,0,000000000000000000,"","",0,0,f,0000000000000000,5555aaaa,0,00000000,0,0,1,1,0,1,0,0,0,0,1,1,1,0,0,1,1,0,0,1,0,0,1,0,1,1,0,0,0,0,1,0,0,0,0,0,0,0,0,0,0,0,0,0,0,0,0,0,0,0,0,0,0,0,0,0,0,0
824,824,0,12896963280,32,00000000,0,28,2000000,4000,1,20000,2000000,"S_SAMPLE",31,2000000,2000000,21845,43690,"",00000000000000000000000000000000,"","",0,0,00,00,"S_WAIT_UTC",00,00,00,00,00,12896963280,"2",2394167296,4294439296,6656921312,ffffeb60,4263287296,0,1111,0000,00,"",0,00000000,"",0,1,"",0,0,000000000000000000,"","",0,0,f,0000000000000000,5555aaaa,0,00000000,0,0,1,1,0,1,0,0,0,0,1,1,1,0,0,1,1,0,0,1,0,0,1,0,1,1,0,0,0,0,1,0,0,0,0,0,0,0,0,0,0,0,0,0,0,0,0,0,0,0,0,0,0,0,0,0,0,0
825,825,0,12896963281,32,00000000,0,28,2000000,4000,1,20000,2000000,"S_SAMPLE",31,2000000,2000000,21845,43690,"",00000000000000000000000000000000,"","",0,0,00,00,"S_WAIT_UTC",00,00,00,00,00,12896963281,"2",2394167296,4294439296,6656921312,ffffeb60,4263287296,0,1111,0000,00,"",0,00000000,"",0,1,"",0,0,000000000000000000,"","",0,0,f,0000000000000000,5555aaaa,0,00000000,0,0,1,1,0,1,0,0,0,0,1,1,1,0,0,1,1,0,0,1,0,0,1,0,1,1,0,0,0,0,1,0,0,0,0,0,0,0,0,0,0,0,0,0,0,0,0,0,0,0,0,0,0,0,0,0,0,0
826,826,0,12896963282,32,00000000,0,28,2000000,4000,1,20000,2000000,"S_SAMPLE",31,2000000,2000000,21845,43690,"",00000000000000000000000000000000,"","",0,0,00,00,"S_WAIT_UTC",00,00,00,00,00,12896963282,"2",2394167296,4294439296,6656921312,ffffeb60,4263287296,0,1111,0000,00,"",0,00000000,"",0,1,"",0,0,000000000000000000,"","",0,0,f,0000000000000000,5555aaaa,0,00000000,0,0,1,1,0,1,0,0,0,0,1,1,1,0,0,1,1,0,0,1,0,0,1,0,1,1,0,0,0,0,1,0,0,0,0,0,0,0,0,0,0,0,0,0,0,0,0,0,0,0,0,0,0,0,0,0,0,0
827,827,0,12896963283,32,00000000,0,28,2000000,4000,1,20000,2000000,"S_SAMPLE",31,2000000,2000000,21845,43690,"",00000000000000000000000000000000,"","",0,0,00,00,"S_WAIT_UTC",00,00,00,00,00,12896963283,"2",2394167296,4294439296,6656921312,ffffeb60,4263287296,0,1111,0000,00,"",0,00000000,"",0,1,"",0,0,000000000000000000,"","",0,0,f,0000000000000000,5555aaaa,0,00000000,1,0,1,1,0,1,0,0,0,0,1,0,1,0,0,1,1,0,0,1,0,0,1,0,1,1,0,0,0,0,1,0,0,0,0,0,0,0,0,0,0,0,0,0,0,0,0,0,0,0,0,0,0,0,0,0,0,0
828,828,0,12896963284,32,00000000,0,28,2000000,4000,1,20000,2000000,"S_SAMPLE",31,2000000,2000000,43690,43690,"",00000000000000000000000000000000,"","",0,0,00,00,"S_WAIT_UTC",00,00,00,00,00,12896963284,"2",2394167296,4294439296,6656921312,ffffeb60,4263287296,0,1111,0000,00,"",0,00000000,"",0,1,"",0,0,000000000000000000,"","",0,0,f,0000000000000000,5555aaaa,0,00000000,0,1,1,1,0,1,0,0,0,0,1,1,1,0,0,1,1,0,0,1,1,0,1,0,1,1,0,0,0,0,1,0,0,0,0,0,0,0,0,0,0,0,0,0,0,0,0,0,0,0,0,0,0,0,0,0,0,0
829,829,0,12896963285,32,00000000,0,28,2000000,4000,1,20000,2000000,"S_SAMPLE",31,2000000,2000000,43690,43690,"",00000000000000000000000000000000,"","",0,0,00,00,"S_WAIT_UTC",00,00,00,00,00,12896963285,"2",2394167296,4294439296,6656921312,ffffeb60,4263287296,0,1111,0000,00,"",0,00000000,"",0,1,"",0,0,000000000000000000,"","",0,0,f,0000000000000000,5555aaaa,0,00000000,0,0,1,1,0,1,0,0,0,0,1,1,1,0,0,1,1,0,0,1,0,0,1,0,1,1,0,0,0,0,1,0,0,0,0,0,0,0,0,0,0,0,0,0,0,0,0,0,0,0,0,0,0,0,0,0,0,0
830,830,0,12896963286,32,00000000,0,29,2000000,4000,1,20000,2000000,"S_SAMPLE",31,2000000,2000000,43690,43690,"",00000000000000000000000000000000,"","",0,0,00,00,"S_WAIT_UTC",00,00,00,00,00,12896963286,"2",2394167296,4294439296,6656921312,ffffeb60,4263287296,0,1111,0000,00,"",0,00000000,"",0,1,"",0,0,000000000000000000,"","",0,0,f,0000000000000000,5555aaaa,0,00000000,0,0,1,1,0,1,0,0,0,0,1,1,1,0,0,1,1,0,0,1,0,0,1,0,1,1,0,0,0,0,1,0,0,0,0,0,0,0,0,0,0,0,0,0,0,0,0,0,0,0,0,0,0,0,0,0,0,0
831,831,0,12896963287,32,00000000,0,29,2000000,4000,1,20000,2000000,"S_SAMPLE",31,2000000,2000000,43690,43690,"",00000000000000000000000000000000,"","",0,0,00,00,"S_WAIT_UTC",00,00,00,00,00,12896963287,"2",2394167296,4294439296,6656921312,ffffeb60,4263287296,0,1111,0000,00,"",0,00000000,"",0,1,"",0,0,000000000000000000,"","",0,0,f,0000000000000000,5555aaaa,0,00000000,0,0,1,1,0,1,0,0,0,0,1,1,1,0,0,1,1,0,0,1,0,0,1,0,1,1,0,0,0,0,1,0,0,0,0,0,0,0,0,0,0,0,0,0,0,0,0,0,0,0,0,0,0,0,0,0,0,0
832,832,0,12896963288,32,00000000,0,29,2000000,4000,1,20000,2000000,"S_SAMPLE",31,2000000,2000000,43690,43690,"",00000000000000000000000000000000,"","",0,0,00,00,"S_WAIT_UTC",00,00,00,00,00,12896963288,"2",2394167296,4294439296,6656921312,ffffeb60,4263287296,0,1111,0000,00,"",0,00000000,"",0,1,"",0,0,000000000000000000,"","",0,0,f,0000000000000000,5555aaaa,0,00000000,0,0,1,1,0,1,0,0,0,0,1,1,1,0,0,1,1,0,0,1,0,0,1,0,1,1,0,0,0,0,1,0,0,0,0,0,0,0,0,0,0,0,0,0,0,0,0,0,0,0,0,0,0,0,0,0,0,0
833,833,0,12896963289,32,00000000,0,29,2000000,4000,1,20000,2000000,"S_SAMPLE",31,2000000,2000000,43690,43690,"",00000000000000000000000000000000,"","",0,0,00,00,"S_WAIT_UTC",00,00,00,00,00,12896963289,"2",2394167296,4294439296,6656921312,ffffeb60,4263287296,0,1111,0000,00,"",0,00000000,"",0,1,"",0,0,000000000000000000,"","",0,0,f,0000000000000000,5555aaaa,0,00000000,0,0,1,1,0,1,0,0,0,0,1,1,1,0,0,1,1,0,0,1,0,0,1,0,1,1,0,0,0,0,1,0,0,0,0,0,0,0,0,0,0,0,0,0,0,0,0,0,0,0,0,0,0,0,0,0,0,0
834,834,0,12896963290,32,00000000,0,29,2000000,4000,1,20000,2000000,"S_SAMPLE",31,2000000,2000000,43690,43690,"",00000000000000000000000000000000,"","",0,0,00,00,"S_WAIT_UTC",00,00,00,00,00,12896963290,"2",2394167296,4294439296,6656921312,ffffeb60,4263287296,0,1111,0000,00,"",0,00000000,"",0,1,"",0,0,000000000000000000,"","",0,0,f,0000000000000000,5555aaaa,0,00000000,0,0,1,1,0,1,0,0,0,0,1,1,1,0,0,1,1,0,0,1,0,0,1,0,1,1,0,0,0,0,1,0,0,0,0,0,0,0,0,0,0,0,0,0,0,0,0,0,0,0,0,0,0,0,0,0,0,0
835,835,0,12896963291,32,00000000,0,29,2000000,4000,1,20000,2000000,"S_SAMPLE",31,2000000,2000000,43690,21845,"",00000000000000000000000000000000,"","",0,0,00,00,"S_WAIT_UTC",00,00,00,00,00,12896963291,"2",2394167296,4294439296,6656921312,ffffeb60,4263287296,0,1111,0000,00,"",0,00000000,"",0,1,"",0,0,000000000000000000,"","",0,0,f,0000000000000000,5555aaaa,0,00000000,0,0,1,1,0,1,0,0,0,0,1,1,1,0,0,1,1,0,0,1,0,0,1,0,1,1,0,0,0,0,1,0,0,0,0,0,0,0,0,0,0,0,0,0,0,0,0,0,0,0,0,0,0,0,0,0,0,0
836,836,0,12896963292,32,00000000,0,29,2000000,4000,1,20000,2000000,"S_SAMPLE",31,2000000,2000000,43690,21845,"",00000000000000000000000000000000,"","",0,0,00,00,"S_WAIT_UTC",00,00,00,00,00,12896963292,"2",2394167296,4294439296,6656921312,ffffeb60,4263287296,0,1111,0000,00,"",0,00000000,"",0,1,"",0,0,000000000000000000,"","",0,0,f,0000000000000000,5555aaaa,0,00000000,0,0,1,1,0,1,0,0,0,0,1,1,1,0,0,1,1,0,0,1,0,0,1,0,1,1,0,0,0,0,1,0,0,0,0,0,0,0,0,0,0,0,0,0,0,0,0,0,0,0,0,0,0,0,0,0,0,0
837,837,0,12896963293,32,00000000,0,29,2000000,4000,1,20000,2000000,"S_SAMPLE",31,2000000,2000000,43690,21845,"",00000000000000000000000000000000,"","",0,0,00,00,"S_WAIT_UTC",00,00,00,00,00,12896963293,"2",2394167296,4294439296,6656921312,ffffeb60,4263287296,0,1111,0000,00,"",0,00000000,"",0,1,"",0,0,000000000000000000,"","",0,0,f,0000000000000000,5555aaaa,0,00000000,0,0,1,1,0,1,0,0,0,0,1,1,1,0,0,1,1,0,0,1,0,0,1,0,1,1,0,0,0,0,1,0,0,0,0,0,0,0,0,0,0,0,0,0,0,0,0,0,0,0,0,0,0,0,0,0,0,0
838,838,0,12896963294,32,00000000,0,29,2000000,4000,1,20000,2000000,"S_SAMPLE",31,2000000,2000000,43690,21845,"",00000000000000000000000000000000,"","",0,0,00,00,"S_WAIT_UTC",00,00,00,00,00,12896963294,"2",2394167296,4294439296,6656921312,ffffeb60,4263287296,0,1111,0000,00,"",0,00000000,"",0,1,"",0,0,000000000000000000,"","",0,0,f,0000000000000000,5555aaaa,0,00000000,0,0,1,1,0,1,0,0,0,0,1,1,1,0,0,1,1,0,0,1,0,0,1,0,1,1,0,0,0,0,1,0,0,0,0,0,0,0,0,0,0,0,0,0,0,0,0,0,0,0,0,0,0,0,0,0,0,0
839,839,0,12896963295,32,00000000,0,29,2000000,4000,1,20000,2000000,"S_SAMPLE",31,2000000,2000000,43690,21845,"",00000000000000000000000000000000,"","",0,0,00,00,"S_WAIT_UTC",00,00,00,00,00,12896963295,"2",2394167296,4294439296,6656921312,ffffeb60,4263287296,0,1111,0000,00,"",0,00000000,"",0,1,"",0,0,000000000000000000,"","",0,0,f,0000000000000000,5555aaaa,0,00000000,0,0,1,1,0,1,0,0,0,0,1,1,1,0,0,1,1,0,0,1,0,0,1,0,1,1,0,0,0,0,1,0,0,0,0,0,0,0,0,0,0,0,0,0,0,0,0,0,0,0,0,0,0,0,0,0,0,0
840,840,0,12896963296,32,00000000,0,29,2000000,4000,1,20000,2000000,"S_SAMPLE",31,2000000,2000000,43690,21845,"",00000000000000000000000000000000,"","",0,0,00,00,"S_WAIT_UTC",00,00,00,00,00,12896963296,"2",2394167296,4294439296,6656921312,ffffeb60,4263287296,0,1111,0000,00,"",0,00000000,"",0,1,"",0,0,000000000000000000,"","",0,0,f,0000000000000000,5555aaaa,0,00000000,0,0,1,1,0,1,0,0,0,0,1,1,1,0,0,1,1,0,0,1,0,0,1,0,1,1,0,0,0,0,1,0,0,0,0,0,0,0,0,0,0,0,0,0,0,0,0,0,0,0,0,0,0,0,0,0,0,0
841,841,0,12896963297,32,00000000,0,29,2000000,4000,1,20000,2000000,"S_SAMPLE",31,2000000,2000000,43690,21845,"",00000000000000000000000000000000,"","",0,0,00,00,"S_WAIT_UTC",00,00,00,00,00,12896963297,"2",2394167296,4294439296,6656921312,ffffeb60,4263287296,0,1111,0000,00,"",0,00000000,"",0,1,"",0,0,000000000000000000,"","",0,0,f,0000000000000000,5555aaaa,0,00000000,0,0,1,1,0,1,0,0,0,0,1,1,1,0,0,1,1,0,0,1,0,0,1,0,1,1,0,0,0,0,1,0,0,0,0,0,0,0,0,0,0,0,0,0,0,0,0,0,0,0,0,0,0,0,0,0,0,0
842,842,0,12896963298,32,00000000,0,29,2000000,4000,1,20000,2000000,"S_SAMPLE",31,2000000,2000000,43690,21845,"",00000000000000000000000000000000,"","",0,0,00,00,"S_WAIT_UTC",00,00,00,00,00,12896963298,"2",2394167296,4294439296,6656921312,ffffeb60,4263287296,0,1111,0000,00,"",0,00000000,"",0,1,"",0,0,000000000000000000,"","",0,0,f,0000000000000000,5555aaaa,0,00000000,0,0,1,1,0,1,0,0,0,0,1,1,1,0,0,1,1,0,0,1,0,0,1,0,1,1,0,0,0,0,1,0,0,0,0,0,0,0,0,0,0,0,0,0,0,0,0,0,0,0,0,0,0,0,0,0,0,0
843,843,0,12896963299,32,00000000,0,29,2000000,4000,1,20000,2000000,"S_SAMPLE",31,2000000,2000000,43690,21845,"",00000000000000000000000000000000,"","",0,0,00,00,"S_WAIT_UTC",00,00,00,00,00,12896963299,"2",2394167296,4294439296,6656921312,ffffeb60,4263287296,0,1111,0000,00,"",0,00000000,"",0,1,"",0,0,000000000000000000,"","",0,0,f,0000000000000000,5555aaaa,0,00000000,0,0,1,1,0,1,0,0,0,0,1,1,1,0,0,1,1,0,0,1,0,0,1,0,1,1,0,0,0,0,1,0,0,0,0,0,0,0,0,0,0,0,0,0,0,0,0,0,0,0,0,0,0,0,0,0,0,0
844,844,0,12896963300,32,00000000,0,29,2000000,4000,1,20000,2000000,"S_SAMPLE",31,2000000,2000000,43690,21845,"",00000000000000000000000000000000,"","",0,0,00,00,"S_WAIT_UTC",00,00,00,00,00,12896963300,"2",2394167296,4294439296,6656921312,ffffeb60,4263287296,0,1111,0000,00,"",0,00000000,"",0,1,"",0,0,000000000000000000,"","",0,0,f,0000000000000000,5555aaaa,0,00000000,0,0,1,1,0,1,0,0,0,0,1,1,1,0,0,1,1,0,0,1,0,0,1,0,1,1,0,0,0,0,1,0,0,0,0,0,0,0,0,0,0,0,0,0,0,0,0,0,0,0,0,0,0,0,0,0,0,0
845,845,0,12896963301,32,00000000,0,29,2000000,4000,1,20000,2000000,"S_SAMPLE",31,2000000,2000000,43690,21845,"",00000000000000000000000000000000,"","",0,0,00,00,"S_WAIT_UTC",00,00,00,00,00,12896963301,"2",2394167296,4294439296,6656921312,ffffeb60,4263287296,0,1111,0000,00,"",0,00000000,"",0,1,"",0,0,000000000000000000,"","",0,0,f,0000000000000000,5555aaaa,0,00000000,0,0,1,1,0,1,0,0,0,0,1,1,1,0,0,1,1,0,0,1,0,0,1,0,1,1,0,0,0,0,1,0,0,0,0,0,0,0,0,0,0,0,0,0,0,0,0,0,0,0,0,0,0,0,0,0,0,0
846,846,0,12896963302,32,00000000,0,29,2000000,4000,1,20000,2000000,"S_SAMPLE",31,2000000,2000000,43690,21845,"",00000000000000000000000000000000,"","",0,0,00,00,"S_WAIT_UTC",00,00,00,00,00,12896963302,"2",2394167296,4294439296,6656921312,ffffeb60,4263287296,0,1111,0000,00,"",0,00000000,"",0,1,"",0,0,000000000000000000,"","",0,0,f,0000000000000000,5555aaaa,0,00000000,0,0,1,1,0,1,0,0,0,0,1,1,1,0,0,1,1,0,0,1,0,0,1,0,1,1,0,0,0,0,1,0,0,0,0,0,0,0,0,0,0,0,0,0,0,0,0,0,0,0,0,0,0,0,0,0,0,0
847,847,0,12896963303,32,00000000,0,29,2000000,4000,1,20000,2000000,"S_SAMPLE",31,2000000,2000000,43690,21845,"",00000000000000000000000000000000,"","",0,0,00,00,"S_WAIT_UTC",00,00,00,00,00,12896963303,"2",2394167296,4294439296,6656921312,ffffeb60,4263287296,0,1111,0000,00,"",0,00000000,"",0,1,"",0,0,000000000000000000,"","",0,0,f,0000000000000000,5555aaaa,0,00000000,0,0,1,1,0,1,0,0,0,0,1,1,1,0,0,1,1,0,0,1,0,0,1,0,1,1,0,0,0,0,1,0,0,0,0,0,0,0,0,0,0,0,0,0,0,0,0,0,0,0,0,0,0,0,0,0,0,0
848,848,0,12896963304,33,00000000,0,29,2000000,4000,1,20000,2000000,"S_SAMPLE",32,2000000,2000000,43690,21845,"",00000000000000000000000000000000,"","",0,0,00,00,"S_WAIT_UTC",00,00,00,00,00,12896963304,"2",2394167296,4294439296,6656921312,ffffeb60,4263287296,0,1111,0000,00,"",0,00000000,"",0,1,"",0,0,000000000000000000,"","",0,0,f,0000000000000000,5555aaaa,0,00000000,0,0,1,1,0,1,0,0,0,0,1,1,1,0,0,1,1,0,0,1,0,0,1,0,1,1,0,0,0,0,1,0,0,0,0,0,0,0,0,0,0,0,0,0,0,0,0,0,0,0,0,0,0,0,0,0,0,0
849,849,0,12896963305,33,00000000,0,29,2000000,4000,1,20000,2000000,"S_SAMPLE",32,2000000,2000000,43690,21845,"",00000000000000000000000000000000,"","",0,0,00,00,"S_WAIT_UTC",00,00,00,00,00,12896963305,"2",2394167296,4294439296,6656921312,ffffeb60,4263287296,0,1111,0000,00,"",0,00000000,"",0,1,"",0,0,000000000000000000,"","",0,0,f,0000000000000000,5555aaaa,0,00000000,0,0,1,1,0,1,0,0,0,0,1,1,1,0,0,1,1,0,0,1,0,0,1,0,1,1,0,0,0,0,1,0,0,0,0,0,0,0,0,0,0,0,0,0,0,0,0,0,0,0,0,0,0,0,0,0,0,0
850,850,0,12896963306,33,00000000,0,29,2000000,4000,1,20000,2000000,"S_SAMPLE",32,2000000,2000000,43690,21845,"",00000000000000000000000000000000,"","",0,0,00,00,"S_WAIT_UTC",00,00,00,00,00,12896963306,"2",2394167296,4294439296,6656921312,ffffeb60,4263287296,0,1111,0000,00,"",0,00000000,"",0,1,"",0,0,000000000000000000,"","",0,0,f,0000000000000000,5555aaaa,0,00000000,0,0,1,1,0,1,0,0,0,0,1,1,1,0,0,1,1,0,0,1,0,0,1,0,1,1,0,0,0,0,1,0,0,0,0,0,0,0,0,0,0,0,0,0,0,0,0,0,0,0,0,0,0,0,0,0,0,0
851,851,0,12896963307,33,00000000,0,29,2000000,4000,1,20000,2000000,"S_SAMPLE",32,2000000,2000000,43690,21845,"",00000000000000000000000000000000,"","",0,0,00,00,"S_WAIT_UTC",00,00,00,00,00,12896963307,"2",2394167296,4294439296,6656921312,ffffeb60,4263287296,0,1111,0000,00,"",0,00000000,"",0,1,"",0,0,000000000000000000,"","",0,0,f,0000000000000000,5555aaaa,0,00000000,0,0,1,1,0,1,0,0,0,0,1,1,1,0,0,1,1,0,0,1,0,0,1,0,1,1,0,0,0,0,1,0,0,0,0,0,0,0,0,0,0,0,0,0,0,0,0,0,0,0,0,0,0,0,0,0,0,0
852,852,0,12896963308,33,00000000,0,29,2000000,4000,1,20000,2000000,"S_SAMPLE",32,2000000,2000000,43690,21845,"",00000000000000000000000000000000,"","",0,0,00,00,"S_WAIT_UTC",00,00,00,00,00,12896963308,"2",2394167296,4294439296,6656921312,ffffeb60,4263287296,0,1111,0000,00,"",0,00000000,"",0,1,"",0,0,000000000000000000,"","",0,0,f,0000000000000000,5555aaaa,0,00000000,1,0,1,1,0,1,0,0,0,0,1,0,1,0,0,1,1,0,0,1,0,0,1,0,1,1,0,0,0,0,1,0,0,0,0,0,0,0,0,0,0,0,0,0,0,0,0,0,0,0,0,0,0,0,0,0,0,0
853,853,0,12896963309,33,00000000,0,29,2000000,4000,1,20000,2000000,"S_SAMPLE",32,2000000,2000000,21845,21845,"",00000000000000000000000000000000,"","",0,0,00,00,"S_WAIT_UTC",00,00,00,00,00,12896963309,"2",2394167296,4294439296,6656921312,ffffeb60,4263287296,0,1111,0000,00,"",0,00000000,"",0,1,"",0,0,000000000000000000,"","",0,0,f,0000000000000000,5555aaaa,0,00000000,0,1,1,1,0,1,0,0,0,0,1,1,1,0,0,1,1,0,0,1,1,0,1,0,1,1,0,0,0,0,1,0,0,0,0,0,0,0,0,0,0,0,0,0,0,0,0,0,0,0,0,0,0,0,0,0,0,0
854,854,0,12896963310,33,00000000,0,29,2000000,4000,1,20000,2000000,"S_SAMPLE",32,2000000,2000000,21845,21845,"",00000000000000000000000000000000,"","",0,0,00,00,"S_WAIT_UTC",00,00,00,00,00,12896963310,"2",2394167296,4294439296,6656921312,ffffeb60,4263287296,0,1111,0000,00,"",0,00000000,"",0,1,"",0,0,000000000000000000,"","",0,0,f,0000000000000000,5555aaaa,0,00000000,0,0,1,1,0,1,0,0,0,0,1,1,1,0,0,1,1,0,0,1,0,0,1,0,1,1,0,0,0,0,1,0,0,0,0,0,0,0,0,0,0,0,0,0,0,0,0,0,0,0,0,0,0,0,0,0,0,0
855,855,0,12896963311,33,00000000,0,30,2000000,4000,1,20000,2000000,"S_SAMPLE",32,2000000,2000000,21845,21845,"",00000000000000000000000000000000,"","",0,0,00,00,"S_WAIT_UTC",00,00,00,00,00,12896963311,"2",2394167296,4294439296,6656921312,ffffeb60,4263287296,0,1111,0000,00,"",0,00000000,"",0,1,"",0,0,000000000000000000,"","",0,0,f,0000000000000000,5555aaaa,0,00000000,0,0,1,1,0,1,0,0,0,0,1,1,1,0,0,1,1,0,0,1,0,0,1,0,1,1,0,0,0,0,1,0,0,0,0,0,0,0,0,0,0,0,0,0,0,0,0,0,0,0,0,0,0,0,0,0,0,0
856,856,0,12896963312,33,00000000,0,30,2000000,4000,1,20000,2000000,"S_SAMPLE",32,2000000,2000000,21845,21845,"",00000000000000000000000000000000,"","",0,0,00,00,"S_WAIT_UTC",00,00,00,00,00,12896963312,"2",2394167296,4294439296,6656921312,ffffeb60,4263287296,0,1111,0000,00,"",0,00000000,"",0,1,"",0,0,000000000000000000,"","",0,0,f,0000000000000000,5555aaaa,0,00000000,0,0,1,1,0,1,0,0,0,0,1,1,1,0,0,1,1,0,0,1,0,0,1,0,1,1,0,0,0,0,1,0,0,0,0,0,0,0,0,0,0,0,0,0,0,0,0,0,0,0,0,0,0,0,0,0,0,0
857,857,0,12896963313,33,00000000,0,30,2000000,4000,1,20000,2000000,"S_SAMPLE",32,2000000,2000000,21845,21845,"",00000000000000000000000000000000,"","",0,0,00,00,"S_WAIT_UTC",00,00,00,00,00,12896963313,"2",2394167296,4294439296,6656921312,ffffeb60,4263287296,0,1111,0000,00,"",0,00000000,"",0,1,"",0,0,000000000000000000,"","",0,0,f,0000000000000000,5555aaaa,0,00000000,0,0,1,1,0,1,0,0,0,0,1,1,1,0,0,1,1,0,0,1,0,0,1,0,1,1,0,0,0,0,1,0,0,0,0,0,0,0,0,0,0,0,0,0,0,0,0,0,0,0,0,0,0,0,0,0,0,0
858,858,0,12896963314,33,00000000,0,30,2000000,4000,1,20000,2000000,"S_SAMPLE",32,2000000,2000000,21845,21845,"",00000000000000000000000000000000,"","",0,0,00,00,"S_WAIT_UTC",00,00,00,00,00,12896963314,"2",2394167296,4294439296,6656921312,ffffeb60,4263287296,0,1111,0000,00,"",0,00000000,"",0,1,"",0,0,000000000000000000,"","",0,0,f,0000000000000000,5555aaaa,0,00000000,0,0,1,1,0,1,0,0,0,0,1,1,1,0,0,1,1,0,0,1,0,0,1,0,1,1,0,0,0,0,1,0,0,0,0,0,0,0,0,0,0,0,0,0,0,0,0,0,0,0,0,0,0,0,0,0,0,0
859,859,0,12896963315,33,00000000,0,30,2000000,4000,1,20000,2000000,"S_SAMPLE",32,2000000,2000000,21845,21845,"",00000000000000000000000000000000,"","",0,0,00,00,"S_WAIT_UTC",00,00,00,00,00,12896963315,"2",2394167296,4294439296,6656921312,ffffeb60,4263287296,0,1111,0000,00,"",0,00000000,"",0,1,"",0,0,000000000000000000,"","",0,0,f,0000000000000000,5555aaaa,0,00000000,0,0,1,1,0,1,0,0,0,0,1,1,1,0,0,1,1,0,0,1,0,0,1,0,1,1,0,0,0,0,1,0,0,0,0,0,0,0,0,0,0,0,0,0,0,0,0,0,0,0,0,0,0,0,0,0,0,0
860,860,0,12896963316,33,00000000,0,30,2000000,4000,1,20000,2000000,"S_SAMPLE",32,2000000,2000000,21845,43690,"",00000000000000000000000000000000,"","",0,0,00,00,"S_WAIT_UTC",00,00,00,00,00,12896963316,"2",2394167296,4294439296,6656921312,ffffeb60,4263287296,0,1111,0000,00,"",0,00000000,"",0,1,"",0,0,000000000000000000,"","",0,0,f,0000000000000000,5555aaaa,0,00000000,0,0,1,1,0,1,0,0,0,0,1,1,1,0,0,1,1,0,0,1,0,0,1,0,1,1,0,0,0,0,1,0,0,0,0,0,0,0,0,0,0,0,0,0,0,0,0,0,0,0,0,0,0,0,0,0,0,0
861,861,0,12896963317,33,00000000,0,30,2000000,4000,1,20000,2000000,"S_SAMPLE",32,2000000,2000000,21845,43690,"",00000000000000000000000000000000,"","",0,0,00,00,"S_WAIT_UTC",00,00,00,00,00,12896963317,"2",2394167296,4294439296,6656921312,ffffeb60,4263287296,0,1111,0000,00,"",0,00000000,"",0,1,"",0,0,000000000000000000,"","",0,0,f,0000000000000000,5555aaaa,0,00000000,0,0,1,1,0,1,0,0,0,0,1,1,1,0,0,1,1,0,0,1,0,0,1,0,1,1,0,0,0,0,1,0,0,0,0,0,0,0,0,0,0,0,0,0,0,0,0,0,0,0,0,0,0,0,0,0,0,0
862,862,0,12896963318,33,00000000,0,30,2000000,4000,1,20000,2000000,"S_SAMPLE",32,2000000,2000000,21845,43690,"",00000000000000000000000000000000,"","",0,0,00,00,"S_WAIT_UTC",00,00,00,00,00,12896963318,"2",2394167296,4294439296,6656921312,ffffeb60,4263287296,0,1111,0000,00,"",0,00000000,"",0,1,"",0,0,000000000000000000,"","",0,0,f,0000000000000000,5555aaaa,0,00000000,0,0,1,1,0,1,0,0,0,0,1,1,1,0,0,1,1,0,0,1,0,0,1,0,1,1,0,0,0,0,1,0,0,0,0,0,0,0,0,0,0,0,0,0,0,0,0,0,0,0,0,0,0,0,0,0,0,0
863,863,0,12896963319,33,00000000,0,30,2000000,4000,1,20000,2000000,"S_SAMPLE",32,2000000,2000000,21845,43690,"",00000000000000000000000000000000,"","",0,0,00,00,"S_WAIT_UTC",00,00,00,00,00,12896963319,"2",2394167296,4294439296,6656921312,ffffeb60,4263287296,0,1111,0000,00,"",0,00000000,"",0,1,"",0,0,000000000000000000,"","",0,0,f,0000000000000000,5555aaaa,0,00000000,0,0,1,1,0,1,0,0,0,0,1,1,1,0,0,1,1,0,0,1,0,0,1,0,1,1,0,0,0,0,1,0,0,0,0,0,0,0,0,0,0,0,0,0,0,0,0,0,0,0,0,0,0,0,0,0,0,0
864,864,0,12896963320,33,00000000,0,30,2000000,4000,1,20000,2000000,"S_SAMPLE",32,2000000,2000000,21845,43690,"",00000000000000000000000000000000,"","",0,0,00,00,"S_WAIT_UTC",00,00,00,00,00,12896963320,"2",2394167296,4294439296,6656921312,ffffeb60,4263287296,0,1111,0000,00,"",0,00000000,"",0,1,"",0,0,000000000000000000,"","",0,0,f,0000000000000000,5555aaaa,0,00000000,0,0,1,1,0,1,0,0,0,0,1,1,1,0,0,1,1,0,0,1,0,0,1,0,1,1,0,0,0,0,1,0,0,0,0,0,0,0,0,0,0,0,0,0,0,0,0,0,0,0,0,0,0,0,0,0,0,0
865,865,0,12896963321,33,00000000,0,30,2000000,4000,1,20000,2000000,"S_SAMPLE",32,2000000,2000000,21845,43690,"",00000000000000000000000000000000,"","",0,0,00,00,"S_WAIT_UTC",00,00,00,00,00,12896963321,"2",2394167296,4294439296,6656921312,ffffeb60,4263287296,0,1111,0000,00,"",0,00000000,"",0,1,"",0,0,000000000000000000,"","",0,0,f,0000000000000000,5555aaaa,0,00000000,0,0,1,1,0,1,0,0,0,0,1,1,1,0,0,1,1,0,0,1,0,0,1,0,1,1,0,0,0,0,1,0,0,0,0,0,0,0,0,0,0,0,0,0,0,0,0,0,0,0,0,0,0,0,0,0,0,0
866,866,0,12896963322,33,00000000,0,30,2000000,4000,1,20000,2000000,"S_SAMPLE",32,2000000,2000000,21845,43690,"",00000000000000000000000000000000,"","",0,0,00,00,"S_WAIT_UTC",00,00,00,00,00,12896963322,"2",2394167296,4294439296,6656921312,ffffeb60,4263287296,0,1111,0000,00,"",0,00000000,"",0,1,"",0,0,000000000000000000,"","",0,0,f,0000000000000000,5555aaaa,0,00000000,0,0,1,1,0,1,0,0,0,0,1,1,1,0,0,1,1,0,0,1,0,0,1,0,1,1,0,0,0,0,1,0,0,0,0,0,0,0,0,0,0,0,0,0,0,0,0,0,0,0,0,0,0,0,0,0,0,0
867,867,0,12896963323,33,00000000,0,30,2000000,4000,1,20000,2000000,"S_SAMPLE",32,2000000,2000000,21845,43690,"",00000000000000000000000000000000,"","",0,0,00,00,"S_WAIT_UTC",00,00,00,00,00,12896963323,"2",2394167296,4294439296,6656921312,ffffeb60,4263287296,0,1111,0000,00,"",0,00000000,"",0,1,"",0,0,000000000000000000,"","",0,0,f,0000000000000000,5555aaaa,0,00000000,0,0,1,1,0,1,0,0,0,0,1,1,1,0,0,1,1,0,0,1,0,0,1,0,1,1,0,0,0,0,1,0,0,0,0,0,0,0,0,0,0,0,0,0,0,0,0,0,0,0,0,0,0,0,0,0,0,0
868,868,0,12896963324,33,00000000,0,30,2000000,4000,1,20000,2000000,"S_SAMPLE",32,2000000,2000000,21845,43690,"",00000000000000000000000000000000,"","",0,0,00,00,"S_WAIT_UTC",00,00,00,00,00,12896963324,"2",2394167296,4294439296,6656921312,ffffeb60,4263287296,0,1111,0000,00,"",0,00000000,"",0,1,"",0,0,000000000000000000,"","",0,0,f,0000000000000000,5555aaaa,0,00000000,0,0,1,1,0,1,0,0,0,0,1,1,1,0,0,1,1,0,0,1,0,0,1,0,1,1,0,0,0,0,1,0,0,0,0,0,0,0,0,0,0,0,0,0,0,0,0,0,0,0,0,0,0,0,0,0,0,0
869,869,0,12896963325,33,00000000,0,30,2000000,4000,1,20000,2000000,"S_SAMPLE",32,2000000,2000000,21845,43690,"",00000000000000000000000000000000,"","",0,0,00,00,"S_WAIT_UTC",00,00,00,00,00,12896963325,"2",2394167296,4294439296,6656921312,ffffeb60,4263287296,0,1111,0000,00,"",0,00000000,"",0,1,"",0,0,000000000000000000,"","",0,0,f,0000000000000000,5555aaaa,0,00000000,0,0,1,1,0,1,0,0,0,0,1,1,1,0,0,1,1,0,0,1,0,0,1,0,1,1,0,0,0,0,1,0,0,0,0,0,0,0,0,0,0,0,0,0,0,0,0,0,0,0,0,0,0,0,0,0,0,0
870,870,0,12896963326,33,00000000,0,30,2000000,4000,1,20000,2000000,"S_SAMPLE",32,2000000,2000000,21845,43690,"",00000000000000000000000000000000,"","",0,0,00,00,"S_WAIT_UTC",00,00,00,00,00,12896963326,"2",2394167296,4294439296,6656921312,ffffeb60,4263287296,0,1111,0000,00,"",0,00000000,"",0,1,"",0,0,000000000000000000,"","",0,0,f,0000000000000000,5555aaaa,0,00000000,0,0,1,1,0,1,0,0,0,0,1,1,1,0,0,1,1,0,0,1,0,0,1,0,1,1,0,0,0,0,1,0,0,0,0,0,0,0,0,0,0,0,0,0,0,0,0,0,0,0,0,0,0,0,0,0,0,0
871,871,0,12896963327,33,00000000,0,30,2000000,4000,1,20000,2000000,"S_SAMPLE",32,2000000,2000000,21845,43690,"",00000000000000000000000000000000,"","",0,0,00,00,"S_WAIT_UTC",00,00,00,00,00,12896963327,"2",2394167296,4294439296,6656921312,ffffeb60,4263287296,0,1111,0000,00,"",0,00000000,"",0,1,"",0,0,000000000000000000,"","",0,0,f,0000000000000000,5555aaaa,0,00000000,0,0,1,1,0,1,0,0,0,0,1,1,1,0,0,1,1,0,0,1,0,0,1,0,1,1,0,0,0,0,1,0,0,0,0,0,0,0,0,0,0,0,0,0,0,0,0,0,0,0,0,0,0,0,0,0,0,0
872,872,0,12896963328,33,00000000,0,30,2000000,4000,1,20000,2000000,"S_SAMPLE",32,2000000,2000000,21845,43690,"",00000000000000000000000000000000,"","",0,0,00,00,"S_WAIT_UTC",00,00,00,00,00,12896963328,"2",2394167296,4294439296,6656921312,ffffeb60,4263287296,0,1111,0000,00,"",0,00000000,"",0,1,"",0,0,000000000000000000,"","",0,0,f,0000000000000000,5555aaaa,0,00000000,0,0,1,1,0,1,0,0,0,0,1,1,1,0,0,1,1,0,0,1,0,0,1,0,1,1,0,0,0,0,1,0,0,0,0,0,0,0,0,0,0,0,0,0,0,0,0,0,0,0,0,0,0,0,0,0,0,0
873,873,0,12896963329,34,00000000,0,30,2000000,4000,1,20000,2000000,"S_SAMPLE",33,2000000,2000000,21845,43690,"",00000000000000000000000000000000,"","",0,0,00,00,"S_WAIT_UTC",00,00,00,00,00,12896963329,"2",2394167296,4294439296,6656921312,ffffeb60,4263287296,0,1111,0000,00,"",0,00000000,"",0,1,"",0,0,000000000000000000,"","",0,0,f,0000000000000000,5555aaaa,0,00000000,0,0,1,1,0,1,0,0,0,0,1,1,1,0,0,1,1,0,0,1,0,0,1,0,1,1,0,0,0,0,1,0,0,0,0,0,0,0,0,0,0,0,0,0,0,0,0,0,0,0,0,0,0,0,0,0,0,0
874,874,0,12896963330,34,00000000,0,30,2000000,4000,1,20000,2000000,"S_SAMPLE",33,2000000,2000000,21845,43690,"",00000000000000000000000000000000,"","",0,0,00,00,"S_WAIT_UTC",00,00,00,00,00,12896963330,"2",2394167296,4294439296,6656921312,ffffeb60,4263287296,0,1111,0000,00,"",0,00000000,"",0,1,"",0,0,000000000000000000,"","",0,0,f,0000000000000000,5555aaaa,0,00000000,0,0,1,1,0,1,0,0,0,0,1,1,1,0,0,1,1,0,0,1,0,0,1,0,1,1,0,0,0,0,1,0,0,0,0,0,0,0,0,0,0,0,0,0,0,0,0,0,0,0,0,0,0,0,0,0,0,0
875,875,0,12896963331,34,00000000,0,30,2000000,4000,1,20000,2000000,"S_SAMPLE",33,2000000,2000000,21845,43690,"",00000000000000000000000000000000,"","",0,0,00,00,"S_WAIT_UTC",00,00,00,00,00,12896963331,"2",2394167296,4294439296,6656921312,ffffeb60,4263287296,0,1111,0000,00,"",0,00000000,"",0,1,"",0,0,000000000000000000,"","",0,0,f,0000000000000000,5555aaaa,0,00000000,0,0,1,1,0,1,0,0,0,0,1,1,1,0,0,1,1,0,0,1,0,0,1,0,1,1,0,0,0,0,1,0,0,0,0,0,0,0,0,0,0,0,0,0,0,0,0,0,0,0,0,0,0,0,0,0,0,0
876,876,0,12896963332,34,00000000,0,30,2000000,4000,1,20000,2000000,"S_SAMPLE",33,2000000,2000000,21845,43690,"",00000000000000000000000000000000,"","",0,0,00,00,"S_WAIT_UTC",00,00,00,00,00,12896963332,"2",2394167296,4294439296,6656921312,ffffeb60,4263287296,0,1111,0000,00,"",0,00000000,"",0,1,"",0,0,000000000000000000,"","",0,0,f,0000000000000000,5555aaaa,0,00000000,0,0,1,1,0,1,0,0,0,0,1,1,1,0,0,1,1,0,0,1,0,0,1,0,1,1,0,0,0,0,1,0,0,0,0,0,0,0,0,0,0,0,0,0,0,0,0,0,0,0,0,0,0,0,0,0,0,0
877,877,0,12896963333,34,00000000,0,30,2000000,4000,1,20000,2000000,"S_SAMPLE",33,2000000,2000000,21845,43690,"",00000000000000000000000000000000,"","",0,0,00,00,"S_WAIT_UTC",00,00,00,00,00,12896963333,"2",2394167296,4294439296,6656921312,ffffeb60,4263287296,0,1111,0000,00,"",0,00000000,"",0,1,"",0,0,000000000000000000,"","",0,0,f,0000000000000000,5555aaaa,0,00000000,1,0,1,1,0,1,0,0,0,0,1,0,1,0,0,1,1,0,0,1,0,0,1,0,1,1,0,0,0,0,1,0,0,0,0,0,0,0,0,0,0,0,0,0,0,0,0,0,0,0,0,0,0,0,0,0,0,0
878,878,0,12896963334,34,00000000,0,30,2000000,4000,1,20000,2000000,"S_SAMPLE",33,2000000,2000000,43690,43690,"",00000000000000000000000000000000,"","",0,0,00,00,"S_WAIT_UTC",00,00,00,00,00,12896963334,"2",2394167296,4294439296,6656921312,ffffeb60,4263287296,0,1111,0000,00,"",0,00000000,"",0,1,"",0,0,000000000000000000,"","",0,0,f,0000000000000000,5555aaaa,0,00000000,0,1,1,1,0,1,0,0,0,0,1,1,1,0,0,1,1,0,0,1,1,0,1,0,1,1,0,0,0,0,1,0,0,0,0,0,0,0,0,0,0,0,0,0,0,0,0,0,0,0,0,0,0,0,0,0,0,0
879,879,0,12896963335,34,00000000,0,30,2000000,4000,1,20000,2000000,"S_SAMPLE",33,2000000,2000000,43690,43690,"",00000000000000000000000000000000,"","",0,0,00,00,"S_WAIT_UTC",00,00,00,00,00,12896963335,"2",2394167296,4294439296,6656921312,ffffeb60,4263287296,0,1111,0000,00,"",0,00000000,"",0,1,"",0,0,000000000000000000,"","",0,0,f,0000000000000000,5555aaaa,0,00000000,0,0,1,1,0,1,0,0,0,0,1,1,1,0,0,1,1,0,0,1,0,0,1,0,1,1,0,0,0,0,1,0,0,0,0,0,0,0,0,0,0,0,0,0,0,0,0,0,0,0,0,0,0,0,0,0,0,0
880,880,0,12896963336,34,00000000,0,31,2000000,4000,1,20000,2000000,"S_SAMPLE",33,2000000,2000000,43690,43690,"",00000000000000000000000000000000,"","",0,0,00,00,"S_WAIT_UTC",00,00,00,00,00,12896963336,"2",2394167296,4294439296,6656921312,ffffeb60,4263287296,0,1111,0000,00,"",0,00000000,"",0,1,"",0,0,000000000000000000,"","",0,0,f,0000000000000000,5555aaaa,0,00000000,0,0,1,1,0,1,0,0,0,0,1,1,1,0,0,1,1,0,0,1,0,0,1,0,1,1,0,0,0,0,1,0,0,0,0,0,0,0,0,0,0,0,0,0,0,0,0,0,0,0,0,0,0,0,0,0,0,0
881,881,0,12896963337,34,00000000,0,31,2000000,4000,1,20000,2000000,"S_SAMPLE",33,2000000,2000000,43690,43690,"",00000000000000000000000000000000,"","",0,0,00,00,"S_WAIT_UTC",00,00,00,00,00,12896963337,"2",2394167296,4294439296,6656921312,ffffeb60,4263287296,0,1111,0000,00,"",0,00000000,"",0,1,"",0,0,000000000000000000,"","",0,0,f,0000000000000000,5555aaaa,0,00000000,0,0,1,1,0,1,0,0,0,0,1,1,1,0,0,1,1,0,0,1,0,0,1,0,1,1,0,0,0,0,1,0,0,0,0,0,0,0,0,0,0,0,0,0,0,0,0,0,0,0,0,0,0,0,0,0,0,0
882,882,0,12896963338,34,00000000,0,31,2000000,4000,1,20000,2000000,"S_SAMPLE",33,2000000,2000000,43690,43690,"",00000000000000000000000000000000,"","",0,0,00,00,"S_WAIT_UTC",00,00,00,00,00,12896963338,"2",2394167296,4294439296,6656921312,ffffeb60,4263287296,0,1111,0000,00,"",0,00000000,"",0,1,"",0,0,000000000000000000,"","",0,0,f,0000000000000000,5555aaaa,0,00000000,0,0,1,1,0,1,0,0,0,0,1,1,1,0,0,1,1,0,0,1,0,0,1,0,1,1,0,0,0,0,1,0,0,0,0,0,0,0,0,0,0,0,0,0,0,0,0,0,0,0,0,0,0,0,0,0,0,0
883,883,0,12896963339,34,00000000,0,31,2000000,4000,1,20000,2000000,"S_SAMPLE",33,2000000,2000000,43690,43690,"",00000000000000000000000000000000,"","",0,0,00,00,"S_WAIT_UTC",00,00,00,00,00,12896963339,"2",2394167296,4294439296,6656921312,ffffeb60,4263287296,0,1111,0000,00,"",0,00000000,"",0,1,"",0,0,000000000000000000,"","",0,0,f,0000000000000000,5555aaaa,0,00000000,0,0,1,1,0,1,0,0,0,0,1,1,1,0,0,1,1,0,0,1,0,0,1,0,1,1,0,0,0,0,1,0,0,0,0,0,0,0,0,0,0,0,0,0,0,0,0,0,0,0,0,0,0,0,0,0,0,0
884,884,0,12896963340,34,00000000,0,31,2000000,4000,1,20000,2000000,"S_SAMPLE",33,2000000,2000000,43690,43690,"",00000000000000000000000000000000,"","",0,0,00,00,"S_WAIT_UTC",00,00,00,00,00,12896963340,"2",2394167296,4294439296,6656921312,ffffeb60,4263287296,0,1111,0000,00,"",0,00000000,"",0,1,"",0,0,000000000000000000,"","",0,0,f,0000000000000000,5555aaaa,0,00000000,0,0,1,1,0,1,0,0,0,0,1,1,1,0,0,1,1,0,0,1,0,0,1,0,1,1,0,0,0,0,1,0,0,0,0,0,0,0,0,0,0,0,0,0,0,0,0,0,0,0,0,0,0,0,0,0,0,0
885,885,0,12896963341,34,00000000,0,31,2000000,4000,1,20000,2000000,"S_SAMPLE",33,2000000,2000000,43690,21845,"",00000000000000000000000000000000,"","",0,0,00,00,"S_WAIT_UTC",00,00,00,00,00,12896963341,"2",2394167296,4294439296,6656921312,ffffeb60,4263287296,0,1111,0000,00,"",0,00000000,"",0,1,"",0,0,000000000000000000,"","",0,0,f,0000000000000000,5555aaaa,0,00000000,0,0,1,1,0,1,0,0,0,0,1,1,1,0,0,1,1,0,0,1,0,0,1,0,1,1,0,0,0,0,1,0,0,0,0,0,0,0,0,0,0,0,0,0,0,0,0,0,0,0,0,0,0,0,0,0,0,0
886,886,0,12896963342,34,00000000,0,31,2000000,4000,1,20000,2000000,"S_SAMPLE",33,2000000,2000000,43690,21845,"",00000000000000000000000000000000,"","",0,0,00,00,"S_WAIT_UTC",00,00,00,00,00,12896963342,"2",2394167296,4294439296,6656921312,ffffeb60,4263287296,0,1111,0000,00,"",0,00000000,"",0,1,"",0,0,000000000000000000,"","",0,0,f,0000000000000000,5555aaaa,0,00000000,0,0,1,1,0,1,0,0,0,0,1,1,1,0,0,1,1,0,0,1,0,0,1,0,1,1,0,0,0,0,1,0,0,0,0,0,0,0,0,0,0,0,0,0,0,0,0,0,0,0,0,0,0,0,0,0,0,0
887,887,0,12896963343,34,00000000,0,31,2000000,4000,1,20000,2000000,"S_SAMPLE",33,2000000,2000000,43690,21845,"",00000000000000000000000000000000,"","",0,0,00,00,"S_WAIT_UTC",00,00,00,00,00,12896963343,"2",2394167296,4294439296,6656921312,ffffeb60,4263287296,0,1111,0000,00,"",0,00000000,"",0,1,"",0,0,000000000000000000,"","",0,0,f,0000000000000000,5555aaaa,0,00000000,0,0,1,1,0,1,0,0,0,0,1,1,1,0,0,1,1,0,0,1,0,0,1,0,1,1,0,0,0,0,1,0,0,0,0,0,0,0,0,0,0,0,0,0,0,0,0,0,0,0,0,0,0,0,0,0,0,0
888,888,0,12896963344,34,00000000,0,31,2000000,4000,1,20000,2000000,"S_SAMPLE",33,2000000,2000000,43690,21845,"",00000000000000000000000000000000,"","",0,0,00,00,"S_WAIT_UTC",00,00,00,00,00,12896963344,"2",2394167296,4294439296,6656921312,ffffeb60,4263287296,0,1111,0000,00,"",0,00000000,"",0,1,"",0,0,000000000000000000,"","",0,0,f,0000000000000000,5555aaaa,0,00000000,0,0,1,1,0,1,0,0,0,0,1,1,1,0,0,1,1,0,0,1,0,0,1,0,1,1,0,0,0,0,1,0,0,0,0,0,0,0,0,0,0,0,0,0,0,0,0,0,0,0,0,0,0,0,0,0,0,0
889,889,0,12896963345,34,00000000,0,31,2000000,4000,1,20000,2000000,"S_SAMPLE",33,2000000,2000000,43690,21845,"",00000000000000000000000000000000,"","",0,0,00,00,"S_WAIT_UTC",00,00,00,00,00,12896963345,"2",2394167296,4294439296,6656921312,ffffeb60,4263287296,0,1111,0000,00,"",0,00000000,"",0,1,"",0,0,000000000000000000,"","",0,0,f,0000000000000000,5555aaaa,0,00000000,0,0,1,1,0,1,0,0,0,0,1,1,1,0,0,1,1,0,0,1,0,0,1,0,1,1,0,0,0,0,1,0,0,0,0,0,0,0,0,0,0,0,0,0,0,0,0,0,0,0,0,0,0,0,0,0,0,0
890,890,0,12896963346,34,00000000,0,31,2000000,4000,1,20000,2000000,"S_SAMPLE",33,2000000,2000000,43690,21845,"",00000000000000000000000000000000,"","",0,0,00,00,"S_WAIT_UTC",00,00,00,00,00,12896963346,"2",2394167296,4294439296,6656921312,ffffeb60,4263287296,0,1111,0000,00,"",0,00000000,"",0,1,"",0,0,000000000000000000,"","",0,0,f,0000000000000000,5555aaaa,0,00000000,0,0,1,1,0,1,0,0,0,0,1,1,1,0,0,1,1,0,0,1,0,0,1,0,1,1,0,0,0,0,1,0,0,0,0,0,0,0,0,0,0,0,0,0,0,0,0,0,0,0,0,0,0,0,0,0,0,0
891,891,0,12896963347,34,00000000,0,31,2000000,4000,1,20000,2000000,"S_SAMPLE",33,2000000,2000000,43690,21845,"",00000000000000000000000000000000,"","",0,0,00,00,"S_WAIT_UTC",00,00,00,00,00,12896963347,"2",2394167296,4294439296,6656921312,ffffeb60,4263287296,0,1111,0000,00,"",0,00000000,"",0,1,"",0,0,000000000000000000,"","",0,0,f,0000000000000000,5555aaaa,0,00000000,0,0,1,1,0,1,0,0,0,0,1,1,1,0,0,1,1,0,0,1,0,0,1,0,1,1,0,0,0,0,1,0,0,0,0,0,0,0,0,0,0,0,0,0,0,0,0,0,0,0,0,0,0,0,0,0,0,0
892,892,0,12896963348,34,00000000,0,31,2000000,4000,1,20000,2000000,"S_SAMPLE",33,2000000,2000000,43690,21845,"",00000000000000000000000000000000,"","",0,0,00,00,"S_WAIT_UTC",00,00,00,00,00,12896963348,"2",2394167296,4294439296,6656921312,ffffeb60,4263287296,0,1111,0000,00,"",0,00000000,"",0,1,"",0,0,000000000000000000,"","",0,0,f,0000000000000000,5555aaaa,0,00000000,0,0,1,1,0,1,0,0,0,0,1,1,1,0,0,1,1,0,0,1,0,0,1,0,1,1,0,0,0,0,1,0,0,0,0,0,0,0,0,0,0,0,0,0,0,0,0,0,0,0,0,0,0,0,0,0,0,0
893,893,0,12896963349,34,00000000,0,31,2000000,4000,1,20000,2000000,"S_SAMPLE",33,2000000,2000000,43690,21845,"",00000000000000000000000000000000,"","",0,0,00,00,"S_WAIT_UTC",00,00,00,00,00,12896963349,"2",2394167296,4294439296,6656921312,ffffeb60,4263287296,0,1111,0000,00,"",0,00000000,"",0,1,"",0,0,000000000000000000,"","",0,0,f,0000000000000000,5555aaaa,0,00000000,0,0,1,1,0,1,0,0,0,0,1,1,1,0,0,1,1,0,0,1,0,0,1,0,1,1,0,0,0,0,1,0,0,0,0,0,0,0,0,0,0,0,0,0,0,0,0,0,0,0,0,0,0,0,0,0,0,0
894,894,0,12896963350,34,00000000,0,31,2000000,4000,1,20000,2000000,"S_SAMPLE",33,2000000,2000000,43690,21845,"",00000000000000000000000000000000,"","",0,0,00,00,"S_WAIT_UTC",00,00,00,00,00,12896963350,"2",2394167296,4294439296,6656921312,ffffeb60,4263287296,0,1111,0000,00,"",0,00000000,"",0,1,"",0,0,000000000000000000,"","",0,0,f,0000000000000000,5555aaaa,0,00000000,0,0,1,1,0,1,0,0,0,0,1,1,1,0,0,1,1,0,0,1,0,0,1,0,1,1,0,0,0,0,1,0,0,0,0,0,0,0,0,0,0,0,0,0,0,0,0,0,0,0,0,0,0,0,0,0,0,0
895,895,0,12896963351,34,00000000,0,31,2000000,4000,1,20000,2000000,"S_SAMPLE",33,2000000,2000000,43690,21845,"",00000000000000000000000000000000,"","",0,0,00,00,"S_WAIT_UTC",00,00,00,00,00,12896963351,"2",2394167296,4294439296,6656921312,ffffeb60,4263287296,0,1111,0000,00,"",0,00000000,"",0,1,"",0,0,000000000000000000,"","",0,0,f,0000000000000000,5555aaaa,0,00000000,0,0,1,1,0,1,0,0,0,0,1,1,1,0,0,1,1,0,0,1,0,0,1,0,1,1,0,0,0,0,1,0,0,0,0,0,0,0,0,0,0,0,0,0,0,0,0,0,0,0,0,0,0,0,0,0,0,0
896,896,0,12896963352,34,00000000,0,31,2000000,4000,1,20000,2000000,"S_SAMPLE",33,2000000,2000000,43690,21845,"",00000000000000000000000000000000,"","",0,0,00,00,"S_WAIT_UTC",00,00,00,00,00,12896963352,"2",2394167296,4294439296,6656921312,ffffeb60,4263287296,0,1111,0000,00,"",0,00000000,"",0,1,"",0,0,000000000000000000,"","",0,0,f,0000000000000000,5555aaaa,0,00000000,0,0,1,1,0,1,0,0,0,0,1,1,1,0,0,1,1,0,0,1,0,0,1,0,1,1,0,0,0,0,1,0,0,0,0,0,0,0,0,0,0,0,0,0,0,0,0,0,0,0,0,0,0,0,0,0,0,0
897,897,0,12896963353,34,00000000,0,31,2000000,4000,1,20000,2000000,"S_SAMPLE",33,2000000,2000000,43690,21845,"",00000000000000000000000000000000,"","",0,0,00,00,"S_WAIT_UTC",00,00,00,00,00,12896963353,"2",2394167296,4294439296,6656921312,ffffeb60,4263287296,0,1111,0000,00,"",0,00000000,"",0,1,"",0,0,000000000000000000,"","",0,0,f,0000000000000000,5555aaaa,0,00000000,0,0,1,1,0,1,0,0,0,0,1,1,1,0,0,1,1,0,0,1,0,0,1,0,1,1,0,0,0,0,1,0,0,0,0,0,0,0,0,0,0,0,0,0,0,0,0,0,0,0,0,0,0,0,0,0,0,0
898,898,0,12896963354,35,00000000,0,31,2000000,4000,1,20000,2000000,"S_SAMPLE",34,2000000,2000000,43690,21845,"",00000000000000000000000000000000,"","",0,0,00,00,"S_WAIT_UTC",00,00,00,00,00,12896963354,"2",2394167296,4294439296,6656921312,ffffeb60,4263287296,0,1111,0000,00,"",0,00000000,"",0,1,"",0,0,000000000000000000,"","",0,0,f,0000000000000000,5555aaaa,0,00000000,0,0,1,1,0,1,0,0,0,0,1,1,1,0,0,1,1,0,0,1,0,0,1,0,1,1,0,0,0,0,1,0,0,0,0,0,0,0,0,0,0,0,0,0,0,0,0,0,0,0,0,0,0,0,0,0,0,0
899,899,0,12896963355,35,00000000,0,31,2000000,4000,1,20000,2000000,"S_SAMPLE",34,2000000,2000000,43690,21845,"",00000000000000000000000000000000,"","",0,0,00,00,"S_WAIT_UTC",00,00,00,00,00,12896963355,"2",2394167296,4294439296,6656921312,ffffeb60,4263287296,0,1111,0000,00,"",0,00000000,"",0,1,"",0,0,000000000000000000,"","",0,0,f,0000000000000000,5555aaaa,0,00000000,0,0,1,1,0,1,0,0,0,0,1,1,1,0,0,1,1,0,0,1,0,0,1,0,1,1,0,0,0,0,1,0,0,0,0,0,0,0,0,0,0,0,0,0,0,0,0,0,0,0,0,0,0,0,0,0,0,0
900,900,0,12896963356,35,00000000,0,31,2000000,4000,1,20000,2000000,"S_SAMPLE",34,2000000,2000000,43690,21845,"",00000000000000000000000000000000,"","",0,0,00,00,"S_WAIT_UTC",00,00,00,00,00,12896963356,"2",2394167296,4294439296,6656921312,ffffeb60,4263287296,0,1111,0000,00,"",0,00000000,"",0,1,"",0,0,000000000000000000,"","",0,0,f,0000000000000000,5555aaaa,0,00000000,0,0,1,1,0,1,0,0,0,0,1,1,1,0,0,1,1,0,0,1,0,0,1,0,1,1,0,0,0,0,1,0,0,0,0,0,0,0,0,0,0,0,0,0,0,0,0,0,0,0,0,0,0,0,0,0,0,0
901,901,0,12896963357,35,00000000,0,31,2000000,4000,1,20000,2000000,"S_SAMPLE",34,2000000,2000000,43690,21845,"",00000000000000000000000000000000,"","",0,0,00,00,"S_WAIT_UTC",00,00,00,00,00,12896963357,"2",2394167296,4294439296,6656921312,ffffeb60,4263287296,0,1111,0000,00,"",0,00000000,"",0,1,"",0,0,000000000000000000,"","",0,0,f,0000000000000000,5555aaaa,0,00000000,0,0,1,1,0,1,0,0,0,0,1,1,1,0,0,1,1,0,0,1,0,0,1,0,1,1,0,0,0,0,1,0,0,0,0,0,0,0,0,0,0,0,0,0,0,0,0,0,0,0,0,0,0,0,0,0,0,0
902,902,0,12896963358,35,00000000,0,31,2000000,4000,1,20000,2000000,"S_SAMPLE",34,2000000,2000000,43690,21845,"",00000000000000000000000000000000,"","",0,0,00,00,"S_WAIT_UTC",00,00,00,00,00,12896963358,"2",2394167296,4294439296,6656921312,ffffeb60,4263287296,0,1111,0000,00,"",0,00000000,"",0,1,"",0,0,000000000000000000,"","",0,0,f,0000000000000000,5555aaaa,0,00000000,1,0,1,1,0,1,0,0,0,0,1,0,1,0,0,1,1,0,0,1,0,0,1,0,1,1,0,0,0,0,1,0,0,0,0,0,0,0,0,0,0,0,0,0,0,0,0,0,0,0,0,0,0,0,0,0,0,0
903,903,0,12896963359,35,00000000,0,31,2000000,4000,1,20000,2000000,"S_SAMPLE",34,2000000,2000000,21845,21845,"",00000000000000000000000000000000,"","",0,0,00,00,"S_WAIT_UTC",00,00,00,00,00,12896963359,"2",2394167296,4294439296,6656921312,ffffeb60,4263287296,0,1111,0000,00,"",0,00000000,"",0,1,"",0,0,000000000000000000,"","",0,0,f,0000000000000000,5555aaaa,0,00000000,0,1,1,1,0,1,0,0,0,0,1,1,1,0,0,1,1,0,0,1,1,0,1,0,1,1,0,0,0,0,1,0,0,0,0,0,0,0,0,0,0,0,0,0,0,0,0,0,0,0,0,0,0,0,0,0,0,0
904,904,0,12896963360,35,00000000,0,31,2000000,4000,1,20000,2000000,"S_SAMPLE",34,2000000,2000000,21845,21845,"",00000000000000000000000000000000,"","",0,0,00,00,"S_WAIT_UTC",00,00,00,00,00,12896963360,"2",2394167296,4294439296,6656921312,ffffeb60,4263287296,0,1111,0000,00,"",0,00000000,"",0,1,"",0,0,000000000000000000,"","",0,0,f,0000000000000000,5555aaaa,0,00000000,0,0,1,1,0,1,0,0,0,0,1,1,1,0,0,1,1,0,0,1,0,0,1,0,1,1,0,0,0,0,1,0,0,0,0,0,0,0,0,0,0,0,0,0,0,0,0,0,0,0,0,0,0,0,0,0,0,0
905,905,0,12896963361,35,00000000,0,32,2000000,4000,1,20000,2000000,"S_SAMPLE",34,2000000,2000000,21845,21845,"",00000000000000000000000000000000,"","",0,0,00,00,"S_WAIT_UTC",00,00,00,00,00,12896963361,"2",2394167296,4294439296,6656921312,ffffeb60,4263287296,0,1111,0000,00,"",0,00000000,"",0,1,"",0,0,000000000000000000,"","",0,0,f,0000000000000000,5555aaaa,0,00000000,0,0,1,1,0,1,0,0,0,0,1,1,1,0,0,1,1,0,0,1,0,0,1,0,1,1,0,0,0,0,1,0,0,0,0,0,0,0,0,0,0,0,0,0,0,0,0,0,0,0,0,0,0,0,0,0,0,0
906,906,0,12896963362,35,00000000,0,32,2000000,4000,1,20000,2000000,"S_SAMPLE",34,2000000,2000000,21845,21845,"",00000000000000000000000000000000,"","",0,0,00,00,"S_WAIT_UTC",00,00,00,00,00,12896963362,"2",2394167296,4294439296,6656921312,ffffeb60,4263287296,0,1111,0000,00,"",0,00000000,"",0,1,"",0,0,000000000000000000,"","",0,0,f,0000000000000000,5555aaaa,0,00000000,0,0,1,1,0,1,0,0,0,0,1,1,1,0,0,1,1,0,0,1,0,0,1,0,1,1,0,0,0,0,1,0,0,0,0,0,0,0,0,0,0,0,0,0,0,0,0,0,0,0,0,0,0,0,0,0,0,0
907,907,0,12896963363,35,00000000,0,32,2000000,4000,1,20000,2000000,"S_SAMPLE",34,2000000,2000000,21845,21845,"",00000000000000000000000000000000,"","",0,0,00,00,"S_WAIT_UTC",00,00,00,00,00,12896963363,"2",2394167296,4294439296,6656921312,ffffeb60,4263287296,0,1111,0000,00,"",0,00000000,"",0,1,"",0,0,000000000000000000,"","",0,0,f,0000000000000000,5555aaaa,0,00000000,0,0,1,1,0,1,0,0,0,0,1,1,1,0,0,1,1,0,0,1,0,0,1,0,1,1,0,0,0,0,1,0,0,0,0,0,0,0,0,0,0,0,0,0,0,0,0,0,0,0,0,0,0,0,0,0,0,0
908,908,0,12896963364,35,00000000,0,32,2000000,4000,1,20000,2000000,"S_SAMPLE",34,2000000,2000000,21845,21845,"",00000000000000000000000000000000,"","",0,0,00,00,"S_WAIT_UTC",00,00,00,00,00,12896963364,"2",2394167296,4294439296,6656921312,ffffeb60,4263287296,0,1111,0000,00,"",0,00000000,"",0,1,"",0,0,000000000000000000,"","",0,0,f,0000000000000000,5555aaaa,0,00000000,0,0,1,1,0,1,0,0,0,0,1,1,1,0,0,1,1,0,0,1,0,0,1,0,1,1,0,0,0,0,1,0,0,0,0,0,0,0,0,0,0,0,0,0,0,0,0,0,0,0,0,0,0,0,0,0,0,0
909,909,0,12896963365,35,00000000,0,32,2000000,4000,1,20000,2000000,"S_SAMPLE",34,2000000,2000000,21845,21845,"",00000000000000000000000000000000,"","",0,0,00,00,"S_WAIT_UTC",00,00,00,00,00,12896963365,"2",2394167296,4294439296,6656921312,ffffeb60,4263287296,0,1111,0000,00,"",0,00000000,"",0,1,"",0,0,000000000000000000,"","",0,0,f,0000000000000000,5555aaaa,0,00000000,0,0,1,1,0,1,0,0,0,0,1,1,1,0,0,1,1,0,0,1,0,0,1,0,1,1,0,0,0,0,1,0,0,0,0,0,0,0,0,0,0,0,0,0,0,0,0,0,0,0,0,0,0,0,0,0,0,0
910,910,0,12896963366,35,00000000,0,32,2000000,4000,1,20000,2000000,"S_SAMPLE",34,2000000,2000000,21845,43690,"",00000000000000000000000000000000,"","",0,0,00,00,"S_WAIT_UTC",00,00,00,00,00,12896963366,"2",2394167296,4294439296,6656921312,ffffeb60,4263287296,0,1111,0000,00,"",0,00000000,"",0,1,"",0,0,000000000000000000,"","",0,0,f,0000000000000000,5555aaaa,0,00000000,0,0,1,1,0,1,0,0,0,0,1,1,1,0,0,1,1,0,0,1,0,0,1,0,1,1,0,0,0,0,1,0,0,0,0,0,0,0,0,0,0,0,0,0,0,0,0,0,0,0,0,0,0,0,0,0,0,0
911,911,0,12896963367,35,00000000,0,32,2000000,4000,1,20000,2000000,"S_SAMPLE",34,2000000,2000000,21845,43690,"",00000000000000000000000000000000,"","",0,0,00,00,"S_WAIT_UTC",00,00,00,00,00,12896963367,"2",2394167296,4294439296,6656921312,ffffeb60,4263287296,0,1111,0000,00,"",0,00000000,"",0,1,"",0,0,000000000000000000,"","",0,0,f,0000000000000000,5555aaaa,0,00000000,0,0,1,1,0,1,0,0,0,0,1,1,1,0,0,1,1,0,0,1,0,0,1,0,1,1,0,0,0,0,1,0,0,0,0,0,0,0,0,0,0,0,0,0,0,0,0,0,0,0,0,0,0,0,0,0,0,0
912,912,0,12896963368,35,00000000,0,32,2000000,4000,1,20000,2000000,"S_SAMPLE",34,2000000,2000000,21845,43690,"",00000000000000000000000000000000,"","",0,0,00,00,"S_WAIT_UTC",00,00,00,00,00,12896963368,"2",2394167296,4294439296,6656921312,ffffeb60,4263287296,0,1111,0000,00,"",0,00000000,"",0,1,"",0,0,000000000000000000,"","",0,0,f,0000000000000000,5555aaaa,0,00000000,0,0,1,1,0,1,0,0,0,0,1,1,1,0,0,1,1,0,0,1,0,0,1,0,1,1,0,0,0,0,1,0,0,0,0,0,0,0,0,0,0,0,0,0,0,0,0,0,0,0,0,0,0,0,0,0,0,0
913,913,0,12896963369,35,00000000,0,32,2000000,4000,1,20000,2000000,"S_SAMPLE",34,2000000,2000000,21845,43690,"",00000000000000000000000000000000,"","",0,0,00,00,"S_WAIT_UTC",00,00,00,00,00,12896963369,"2",2394167296,4294439296,6656921312,ffffeb60,4263287296,0,1111,0000,00,"",0,00000000,"",0,1,"",0,0,000000000000000000,"","",0,0,f,0000000000000000,5555aaaa,0,00000000,0,0,1,1,0,1,0,0,0,0,1,1,1,0,0,1,1,0,0,1,0,0,1,0,1,1,0,0,0,0,1,0,0,0,0,0,0,0,0,0,0,0,0,0,0,0,0,0,0,0,0,0,0,0,0,0,0,0
914,914,0,12896963370,35,00000000,0,32,2000000,4000,1,20000,2000000,"S_SAMPLE",34,2000000,2000000,21845,43690,"",00000000000000000000000000000000,"","",0,0,00,00,"S_WAIT_UTC",00,00,00,00,00,12896963370,"2",2394167296,4294439296,6656921312,ffffeb60,4263287296,0,1111,0000,00,"",0,00000000,"",0,1,"",0,0,000000000000000000,"","",0,0,f,0000000000000000,5555aaaa,0,00000000,0,0,1,1,0,1,0,0,0,0,1,1,1,0,0,1,1,0,0,1,0,0,1,0,1,1,0,0,0,0,1,0,0,0,0,0,0,0,0,0,0,0,0,0,0,0,0,0,0,0,0,0,0,0,0,0,0,0
915,915,0,12896963371,35,00000000,0,32,2000000,4000,1,20000,2000000,"S_SAMPLE",34,2000000,2000000,21845,43690,"",00000000000000000000000000000000,"","",0,0,00,00,"S_WAIT_UTC",00,00,00,00,00,12896963371,"2",2394167296,4294439296,6656921312,ffffeb60,4263287296,0,1111,0000,00,"",0,00000000,"",0,1,"",0,0,000000000000000000,"","",0,0,f,0000000000000000,5555aaaa,0,00000000,0,0,1,1,0,1,0,0,0,0,1,1,1,0,0,1,1,0,0,1,0,0,1,0,1,1,0,0,0,0,1,0,0,0,0,0,0,0,0,0,0,0,0,0,0,0,0,0,0,0,0,0,0,0,0,0,0,0
916,916,0,12896963372,35,00000000,0,32,2000000,4000,1,20000,2000000,"S_SAMPLE",34,2000000,2000000,21845,43690,"",00000000000000000000000000000000,"","",0,0,00,00,"S_WAIT_UTC",00,00,00,00,00,12896963372,"2",2394167296,4294439296,6656921312,ffffeb60,4263287296,0,1111,0000,00,"",0,00000000,"",0,1,"",0,0,000000000000000000,"","",0,0,f,0000000000000000,5555aaaa,0,00000000,0,0,1,1,0,1,0,0,0,0,1,1,1,0,0,1,1,0,0,1,0,0,1,0,1,1,0,0,0,0,1,0,0,0,0,0,0,0,0,0,0,0,0,0,0,0,0,0,0,0,0,0,0,0,0,0,0,0
917,917,0,12896963373,35,00000000,0,32,2000000,4000,1,20000,2000000,"S_SAMPLE",34,2000000,2000000,21845,43690,"",00000000000000000000000000000000,"","",0,0,00,00,"S_WAIT_UTC",00,00,00,00,00,12896963373,"2",2394167296,4294439296,6656921312,ffffeb60,4263287296,0,1111,0000,00,"",0,00000000,"",0,1,"",0,0,000000000000000000,"","",1,0,f,0000000066400000,5555aaaa,0,00000000,0,0,1,1,1,1,0,0,0,0,1,1,1,0,0,1,1,0,0,1,0,0,1,0,1,1,0,0,0,0,1,0,0,0,0,0,0,0,0,0,0,0,0,0,0,0,0,0,0,0,0,0,0,0,0,0,0,0
918,918,0,12896963374,35,00000000,0,32,2000000,4000,1,20000,2000000,"S_SAMPLE",34,2000000,2000000,21845,43690,"",00000000000000000000000000000000,"","",0,0,00,00,"S_WAIT_UTC",00,00,00,00,00,12896963374,"2",2394167296,4294439296,6656921312,ffffeb60,4263287296,0,1111,0000,00,"",0,00000000,"",0,1,"",0,0,000000000000000000,"","",0,0,f,0000000000000000,5555aaaa,0,00000000,0,0,1,0,0,1,0,0,0,0,1,1,1,0,0,1,1,0,0,1,0,0,1,0,1,1,0,0,0,0,1,0,0,0,0,0,0,0,0,0,0,0,0,0,0,0,0,0,0,0,0,0,0,0,0,0,0,0
919,919,0,12896963375,35,00000000,0,32,2000000,4000,1,20000,2000000,"S_SAMPLE",34,2000000,2000000,21845,43690,"",00000000000000000000000000000000,"","",0,0,00,00,"S_WAIT_UTC",00,00,00,00,00,12896963375,"2",2394167296,4294439296,6656921312,ffffeb60,4263287296,0,1111,0000,00,"",0,00000000,"",0,1,"",0,0,000000000000000000,"","",0,0,f,0000000000000000,5555aaaa,0,00000000,0,0,1,0,0,1,0,0,0,1,1,1,1,0,0,1,1,0,0,1,0,0,1,0,1,1,0,0,0,0,1,0,0,0,0,0,0,0,0,0,0,0,0,0,0,0,0,0,0,0,0,0,0,0,0,0,0,0
920,920,0,12896963376,35,00000000,0,32,2000000,4000,1,20000,2000000,"S_SAMPLE",34,2000000,2000000,21845,43690,"",00000000000000000000000000000000,"","",0,0,00,00,"S_WAIT_UTC",00,00,00,00,00,12896963376,"2",2394167296,4294439296,6656921312,ffffeb60,4263287296,0,1111,0000,00,"",0,00000000,"",0,1,"",0,0,000000000000000000,"","",0,0,f,0000000000000000,5555aaaa,0,00000000,0,0,1,0,0,1,0,0,1,1,1,1,1,0,0,1,1,0,0,1,0,0,1,0,1,1,0,0,0,0,1,0,0,0,0,0,0,0,0,0,0,0,0,0,0,0,0,0,0,0,0,0,0,0,0,0,0,0
921,921,0,12896963377,35,00000000,0,32,2000000,4000,1,20000,2000000,"S_SAMPLE",34,2000000,2000000,21845,43690,"",00000000000000000000000000000000,"","",0,0,00,00,"S_WAIT_UTC",00,00,00,00,00,12896963377,"2",2394167296,4294439296,6656921312,ffffeb60,4263287296,0,1111,0000,00,"",0,00000000,"",0,1,"",0,0,000000000000000000,"","",0,0,f,0000000000000000,5555aaaa,0,00000000,0,0,1,1,0,1,0,0,1,1,1,1,1,0,0,1,1,0,0,1,0,0,1,0,1,1,0,0,0,0,1,0,0,0,0,0,0,0,0,0,0,0,0,0,0,0,0,0,0,0,0,0,0,0,0,0,0,0
922,922,0,12896963378,35,00000000,0,32,2000000,4000,1,20000,2000000,"S_SAMPLE",34,2000000,2000000,21845,43690,"",00000000000000000000000000000000,"","",0,0,00,00,"S_WAIT_UTC",00,00,00,00,00,12896963378,"2",2394167296,4294439296,6656921312,ffffeb60,4263287296,0,1111,0000,00,"",0,00000000,"",0,1,"",0,0,000000000000000000,"","",0,0,f,0000000000000000,5555aaaa,0,00000000,0,0,1,1,0,1,0,0,1,1,1,1,1,0,0,1,1,0,0,1,0,0,1,0,1,1,0,0,0,0,1,0,0,0,0,0,0,0,0,0,0,0,0,0,0,0,0,0,0,0,0,0,0,0,0,0,0,0
923,923,0,12896963379,36,00000000,0,32,2000000,4000,1,20000,2000000,"S_SAMPLE",35,2000000,2000000,21845,43690,"",00000000000000000000000000000000,"","",0,0,00,00,"S_WAIT_UTC",00,00,00,00,00,12896963379,"2",2394167296,4294439296,6656921312,ffffeb60,4263287296,0,1111,0000,00,"",0,00000000,"",0,1,"",0,0,000000000000000000,"","",0,0,f,0000000000000000,5555aaaa,0,00000000,0,0,1,1,0,1,0,0,1,1,1,1,1,0,0,1,1,0,0,1,0,0,1,0,1,1,0,0,0,0,1,0,0,0,0,0,0,0,0,0,0,0,0,0,0,0,0,0,0,0,0,0,0,0,0,0,0,0
924,924,0,12896963380,36,00000000,0,32,2000000,4000,1,20000,2000000,"S_SAMPLE",35,2000000,2000000,21845,43690,"",00000000000000000000000000000000,"","",0,0,00,00,"S_WAIT_UTC",00,00,00,00,00,12896963380,"2",2394167296,4294439296,6656921312,ffffeb60,4263287296,0,1111,0000,00,"",0,00000000,"",0,1,"",0,0,000000000000000000,"","",0,0,f,0000000000000000,5555aaaa,0,00000000,0,0,1,1,0,1,0,0,1,1,1,1,1,0,0,1,1,0,0,1,0,0,1,0,1,1,0,0,0,0,1,0,0,0,0,0,0,0,0,0,0,0,0,0,0,0,0,0,0,0,0,0,0,0,0,0,0,0
925,925,0,12896963381,36,00000000,0,32,2000000,4000,1,20000,2000000,"S_SAMPLE",35,2000000,2000000,21845,43690,"",00000000000000000000000000000000,"","",0,0,00,00,"S_WAIT_UTC",00,00,00,00,00,12896963381,"2",2394167296,4294439296,6656921312,ffffeb60,4263287296,0,1111,0000,00,"",0,00000000,"",0,1,"",0,0,000000000000000000,"","",0,0,f,0000000000000000,5555aaaa,0,00000000,0,0,1,1,0,1,0,0,1,1,1,1,1,0,0,1,1,0,0,1,0,0,1,0,1,1,0,0,0,0,1,0,0,0,0,0,0,0,0,0,0,0,0,0,0,0,0,0,0,0,0,0,0,0,0,0,0,0
926,926,0,12896963382,36,00000000,0,32,2000000,4000,1,20000,2000000,"S_SAMPLE",35,2000000,2000000,21845,43690,"",00000000000000000000000000000000,"","",0,0,00,00,"S_WAIT_UTC",00,00,00,00,00,12896963382,"2",2394167296,4294439296,6656921312,ffffeb60,4263287296,0,1111,0000,00,"",0,00000000,"",0,1,"",0,0,000000000000000000,"","",0,0,f,0000000000000000,5555aaaa,0,00000000,0,0,1,1,0,1,0,0,1,1,1,1,1,0,0,1,1,0,0,1,0,0,1,0,1,1,0,0,0,0,1,0,0,0,0,0,0,0,0,0,0,0,0,0,0,0,0,0,0,0,0,0,0,0,0,0,0,0
927,927,0,12896963383,36,00000000,0,32,2000000,4000,1,20000,2000000,"S_SAMPLE",35,2000000,2000000,21845,43690,"",00000000000000000000000000000000,"","",0,0,00,00,"S_WAIT_UTC",00,00,00,00,00,12896963383,"2",2394167296,4294439296,6656921312,ffffeb60,4263287296,0,1111,0000,00,"",0,00000000,"",0,1,"",0,0,000000000000000000,"","",0,0,f,0000000000000000,5555aaaa,0,00000000,1,0,1,1,0,1,0,0,1,1,1,0,1,0,0,1,1,0,0,1,0,0,1,0,1,1,0,0,0,0,1,0,0,0,0,0,0,0,0,0,0,0,0,0,0,0,0,0,0,0,0,0,0,0,0,0,0,0
928,928,0,12896963384,36,00000000,0,32,2000000,4000,1,20000,2000000,"S_SAMPLE",35,2000000,2000000,43690,43690,"",00000000000000000000000000000000,"","",0,0,00,00,"S_WAIT_UTC",00,00,00,00,00,12896963384,"2",2394167296,4294439296,6656921312,ffffeb60,4263287296,0,1111,0000,00,"",0,00000000,"",0,1,"",0,0,000000000000000000,"","",0,0,f,0000000000000000,5555aaaa,0,00000000,0,1,1,1,0,1,0,0,1,1,1,1,1,0,0,1,1,0,0,1,1,0,1,0,1,1,0,0,0,0,1,0,0,0,0,0,0,0,0,0,0,0,0,0,0,0,0,0,0,0,0,0,0,0,0,0,0,0
929,929,0,12896963385,36,00000000,0,32,2000000,4000,1,20000,2000000,"S_SAMPLE",35,2000000,2000000,43690,43690,"",00000000000000000000000000000000,"","",0,0,00,00,"S_WAIT_UTC",00,00,00,00,00,12896963385,"2",2394167296,4294439296,6656921312,ffffeb60,4263287296,0,1111,0000,00,"",0,00000000,"",0,1,"",0,0,000000000000000000,"","",0,0,f,0000000000000000,5555aaaa,0,00000000,0,0,1,1,0,1,0,0,1,1,1,1,1,0,0,1,1,0,0,1,0,0,1,0,1,1,0,0,0,0,1,0,0,0,0,0,0,0,0,0,0,0,0,0,0,0,0,0,0,0,0,0,0,0,0,0,0,0
930,930,0,12896963386,36,00000000,0,33,2000000,4000,1,20000,2000000,"S_SAMPLE",35,2000000,2000000,43690,43690,"",00000000000000000000000000000000,"","",0,0,00,00,"S_WAIT_UTC",00,00,00,00,00,12896963386,"2",2394167296,4294439296,6656921312,ffffeb60,4263287296,0,1111,0000,00,"",0,00000000,"",0,1,"",0,0,000000000000000000,"","",0,0,f,0000000000000000,5555aaaa,0,00000000,0,0,1,1,0,1,0,0,1,1,1,1,1,0,0,1,1,0,0,1,0,0,1,0,1,1,0,0,0,0,1,0,0,0,0,0,0,0,0,0,0,0,0,0,0,0,0,0,0,0,0,0,0,0,0,0,0,0
931,931,0,12896963387,36,00000000,0,33,2000000,4000,1,20000,2000000,"S_SAMPLE",35,2000000,2000000,43690,43690,"",00000000000000000000000000000000,"","",0,0,00,00,"S_WAIT_UTC",00,00,00,00,00,12896963387,"2",2394167296,4294439296,6656921312,ffffeb60,4263287296,0,1111,0000,00,"",0,00000000,"",0,1,"",0,0,000000000000000000,"","",0,0,f,0000000000000000,5555aaaa,0,00000000,0,0,1,1,0,1,0,0,1,1,1,1,1,0,0,1,1,0,0,1,0,0,1,0,1,1,0,0,0,0,1,0,0,0,0,0,0,0,0,0,0,0,0,0,0,0,0,0,0,0,0,0,0,0,0,0,0,0
932,932,0,12896963388,36,00000000,0,33,2000000,4000,1,20000,2000000,"S_SAMPLE",35,2000000,2000000,43690,43690,"",00000000000000000000000000000000,"","",0,0,00,00,"S_WAIT_UTC",00,00,00,00,00,12896963388,"2",2394167296,4294439296,6656921312,ffffeb60,4263287296,0,1111,0000,00,"",0,00000000,"",0,1,"",0,0,000000000000000000,"","",0,0,f,0000000000000000,5555aaaa,0,00000000,0,0,1,1,0,1,0,0,1,1,1,1,1,0,0,1,1,0,0,1,0,0,1,0,1,1,0,0,0,0,1,0,0,0,0,0,0,0,0,0,0,0,0,0,0,0,0,0,0,0,0,0,0,0,0,0,0,0
933,933,0,12896963389,36,00000000,0,33,2000000,4000,1,20000,2000000,"S_SAMPLE",35,2000000,2000000,43690,43690,"",00000000000000000000000000000000,"","",0,0,00,00,"S_WAIT_UTC",00,00,00,00,00,12896963389,"2",2394167296,4294439296,6656921312,ffffeb60,4263287296,0,1111,0000,00,"",0,00000000,"",0,1,"",0,0,000000000000000000,"","",0,0,f,0000000000000000,5555aaaa,0,00000000,0,0,1,1,0,1,0,0,1,1,1,1,1,0,0,1,1,0,0,1,0,0,1,0,1,1,0,0,0,0,1,0,0,0,0,0,0,0,0,0,0,0,0,0,0,0,0,0,0,0,0,0,0,0,0,0,0,0
934,934,0,12896963390,36,00000000,0,33,2000000,4000,1,20000,2000000,"S_SAMPLE",35,2000000,2000000,43690,43690,"",00000000000000000000000000000000,"","",0,0,00,00,"S_WAIT_UTC",00,00,00,00,00,12896963390,"2",2394167296,4294439296,6656921312,ffffeb60,4263287296,0,1111,0000,00,"",0,00000000,"",0,1,"",0,0,000000000000000000,"","",0,0,f,0000000000000000,5555aaaa,0,00000000,0,0,1,1,0,1,0,0,1,1,1,1,1,0,0,1,1,0,0,1,0,0,1,0,1,1,0,0,0,0,1,0,0,0,0,0,0,0,0,0,0,0,0,0,0,0,0,0,0,0,0,0,0,0,0,0,0,0
935,935,0,12896963391,36,00000000,0,33,2000000,4000,1,20000,2000000,"S_SAMPLE",35,2000000,2000000,43690,21845,"",00000000000000000000000000000000,"","",0,0,00,00,"S_WAIT_UTC",00,00,00,00,00,12896963391,"2",2394167296,4294439296,6656921312,ffffeb60,4263287296,0,1111,0000,00,"",0,00000000,"",0,1,"",0,0,000000000000000000,"","",0,0,f,0000000000000000,5555aaaa,0,00000000,0,0,1,1,0,1,0,1,1,1,1,1,1,0,0,1,1,0,0,1,0,0,1,0,1,1,0,0,0,0,1,0,0,0,0,0,0,0,0,0,0,0,0,0,0,0,0,0,0,0,0,0,0,0,0,0,0,0
936,936,0,12896963392,36,00000000,0,33,2000000,4000,1,20000,2000000,"S_SAMPLE",35,2000000,2000000,43690,21845,"",00000000000000000000000000000000,"","",0,0,00,00,"S_WAIT_UTC",00,00,00,00,00,12896963392,"2",2394167296,4294439296,6656921312,ffffeb60,4263287296,0,1111,0000,00,"",0,00000000,"",0,1,"",0,0,000000000000000000,"","",0,0,f,0000000000000000,5555aaaa,0,00000000,0,0,1,1,0,1,0,0,0,0,1,1,1,0,0,1,1,0,0,1,0,0,1,0,1,1,0,0,0,0,1,0,0,0,0,0,0,0,0,0,0,0,0,0,0,0,0,0,0,0,0,0,0,0,0,0,0,0
937,937,0,12896963393,36,00000000,0,33,2000000,4000,1,20000,2000000,"S_SAMPLE",35,2000000,2000000,43690,21845,"",00000000000000000000000000000000,"","",0,0,00,00,"S_WAIT_UTC",00,00,00,00,00,12896963393,"2",2394167296,4294439296,6656921312,ffffeb60,4263287296,0,1111,0000,00,"",0,00000000,"",0,1,"",0,0,000000000000000000,"","",0,0,f,0000000000000000,5555aaaa,0,00000000,0,0,1,1,0,1,0,0,0,0,1,1,1,0,0,1,1,0,0,1,0,0,1,0,1,1,0,0,0,0,1,0,0,0,0,0,0,0,0,0,0,0,0,0,0,0,0,0,0,0,0,0,0,0,0,0,0,0
938,938,0,12896963394,36,00000000,0,33,2000000,4000,1,20000,2000000,"S_SAMPLE",35,2000000,2000000,43690,21845,"",00000000000000000000000000000000,"","",0,0,00,00,"S_WAIT_UTC",00,00,00,00,00,12896963394,"2",2394167296,4294439296,6656921312,ffffeb60,4263287296,0,1111,0000,00,"",0,00000000,"",0,1,"",0,0,000000000000000000,"","",0,0,f,0000000000000000,5555aaaa,0,00000000,0,0,1,1,0,1,0,0,0,0,1,1,1,0,0,1,1,0,0,1,0,0,1,0,1,1,0,0,0,0,1,0,0,0,0,0,0,0,0,0,0,0,0,0,0,0,0,0,0,0,0,0,0,0,0,0,0,0
939,939,0,12896963395,36,00000000,0,33,2000000,4000,1,20000,2000000,"S_SAMPLE",35,2000000,2000000,43690,21845,"",00000000000000000000000000000000,"","",0,0,00,00,"S_WAIT_UTC",00,00,00,00,00,12896963395,"2",2394167296,4294439296,6656921312,ffffeb60,4263287296,0,1111,0000,00,"",0,00000000,"",0,1,"",0,0,000000000000000000,"","",0,0,f,0000000000000000,5555aaaa,0,00000000,0,0,1,1,0,1,0,0,0,0,1,1,1,0,0,1,1,0,0,1,0,0,1,0,1,1,0,0,0,0,1,0,0,0,0,0,0,0,0,0,0,0,0,0,0,0,0,0,0,0,0,0,0,0,0,0,0,0
940,940,0,12896963396,36,00000000,0,33,2000000,4000,1,20000,2000000,"S_SAMPLE",35,2000000,2000000,43690,21845,"",00000000000000000000000000000000,"","",0,0,00,00,"S_WAIT_UTC",00,00,00,00,00,12896963396,"2",2394167296,4294439296,6656921312,ffffeb60,4263287296,0,1111,0000,00,"",0,00000000,"",0,1,"",0,0,000000000000000000,"","",0,0,f,0000000000000000,5555aaaa,0,00000000,0,0,1,1,0,1,0,0,0,0,1,1,1,0,0,1,1,0,0,1,0,0,1,0,1,1,0,0,0,0,1,0,0,0,0,0,0,0,0,0,0,0,0,0,0,0,0,0,0,0,0,0,0,0,0,0,0,0
941,941,0,12896963397,36,00000000,0,33,2000000,4000,1,20000,2000000,"S_SAMPLE",35,2000000,2000000,43690,21845,"",00000000000000000000000000000000,"","",0,0,00,00,"S_WAIT_UTC",00,00,00,00,00,12896963397,"2",2394167296,4294439296,6656921312,ffffeb60,4263287296,0,1111,0000,00,"",0,00000000,"",0,1,"",0,0,000000000000000000,"","",0,0,f,0000000000000000,5555aaaa,0,00000000,0,0,1,1,0,1,0,0,0,0,1,1,1,0,0,1,1,0,0,1,0,0,1,0,1,1,0,0,0,0,1,0,0,0,0,0,0,0,0,0,0,0,0,0,0,0,0,0,0,0,0,0,0,0,0,0,0,0
942,942,0,12896963398,36,00000000,0,33,2000000,4000,1,20000,2000000,"S_SAMPLE",35,2000000,2000000,43690,21845,"",00000000000000000000000000000000,"","",0,0,00,00,"S_WAIT_UTC",00,00,00,00,00,12896963398,"2",2394167296,4294439296,6656921312,ffffeb60,4263287296,0,1111,0000,00,"",0,00000000,"",0,1,"",0,0,000000000000000000,"","",0,0,f,0000000000000000,5555aaaa,0,00000000,0,0,1,1,0,1,0,0,0,0,1,1,1,0,0,1,1,0,0,1,0,0,1,0,1,1,0,0,0,0,1,0,0,0,0,0,0,0,0,0,0,0,0,0,0,0,0,0,0,0,0,0,0,0,0,0,0,0
943,943,0,12896963399,36,00000000,0,33,2000000,4000,1,20000,2000000,"S_SAMPLE",35,2000000,2000000,43690,21845,"",00000000000000000000000000000000,"","",0,0,00,00,"S_WAIT_UTC",00,00,00,00,00,12896963399,"2",2394167296,4294439296,6656921312,ffffeb60,4263287296,0,1111,0000,00,"",0,00000000,"",0,1,"",0,0,000000000000000000,"","",0,0,f,0000000000000000,5555aaaa,0,00000000,0,0,1,1,0,1,0,0,0,0,1,1,1,0,0,1,1,0,0,1,0,0,1,0,1,1,0,0,0,0,1,0,0,0,0,0,0,0,0,0,0,0,0,0,0,0,0,0,0,0,0,0,0,0,0,0,0,0
944,944,0,12896963400,36,00000000,0,33,2000000,4000,1,20000,2000000,"S_SAMPLE",35,2000000,2000000,43690,21845,"",00000000000000000000000000000000,"","",0,0,00,00,"S_WAIT_UTC",00,00,00,00,00,12896963400,"2",2394167296,4294439296,6656921312,ffffeb60,4263287296,0,1111,0000,00,"",0,00000000,"",0,1,"",0,0,000000000000000000,"","",0,0,f,0000000000000000,5555aaaa,0,00000000,0,0,1,1,0,1,0,0,0,0,1,1,1,0,0,1,1,0,0,1,0,0,1,0,1,1,0,0,0,0,1,0,0,0,0,0,0,0,0,0,0,0,0,0,0,0,0,0,0,0,0,0,0,0,0,0,0,0
945,945,0,12896963401,36,00000000,0,33,2000000,4000,1,20000,2000000,"S_SAMPLE",35,2000000,2000000,43690,21845,"",00000000000000000000000000000000,"","",0,0,00,00,"S_WAIT_UTC",00,00,00,00,00,12896963401,"2",2394167296,4294439296,6656921312,ffffeb60,4263287296,0,1111,0000,00,"",0,00000000,"",0,1,"",0,0,000000000000000000,"","",0,0,f,0000000000000000,5555aaaa,0,00000000,0,0,1,1,0,1,0,0,0,0,1,1,1,0,0,1,1,0,0,1,0,0,1,0,1,1,0,0,0,0,1,0,0,0,0,0,0,0,0,0,0,0,0,0,0,0,0,0,0,0,0,0,0,0,0,0,0,0
946,946,0,12896963402,36,00000000,0,33,2000000,4000,1,20000,2000000,"S_SAMPLE",35,2000000,2000000,43690,21845,"",00000000000000000000000000000000,"","",0,0,00,00,"S_WAIT_UTC",00,00,00,00,00,12896963402,"2",2394167296,4294439296,6656921312,ffffeb60,4263287296,0,1111,0000,00,"",0,00000000,"",0,1,"",0,0,000000000000000000,"","",0,0,f,0000000000000000,5555aaaa,0,00000000,0,0,1,1,0,1,0,0,0,0,1,1,1,0,0,1,1,0,0,1,0,0,1,0,1,1,0,0,0,0,1,0,0,0,0,0,0,0,0,0,0,0,0,0,0,0,0,0,0,0,0,0,0,0,0,0,0,0
947,947,0,12896963403,36,00000000,0,33,2000000,4000,1,20000,2000000,"S_SAMPLE",35,2000000,2000000,43690,21845,"",00000000000000000000000000000000,"","",0,0,00,00,"S_WAIT_UTC",00,00,00,00,00,12896963403,"2",2394167296,4294439296,6656921312,ffffeb60,4263287296,0,1111,0000,00,"",0,00000000,"",0,1,"",0,0,000000000000000000,"","",0,0,f,0000000000000000,5555aaaa,0,00000000,0,0,1,1,0,1,1,0,0,0,1,1,1,0,0,1,1,0,0,1,0,0,1,0,1,1,0,0,0,0,1,0,0,0,0,0,0,0,0,0,0,0,0,0,0,0,0,0,0,0,0,0,0,0,0,0,0,0
948,948,0,12896963404,37,00000000,0,33,2000000,4000,1,20000,2000000,"S_SAMPLE",36,2000000,2000000,43690,21845,"",00000000000000000000000000000000,"","",0,0,00,00,"S_WAIT_UTC",00,00,00,00,00,12896963404,"2",2394167296,4294439296,6656921312,ffffeb60,4263287296,0,1111,0000,00,"",0,00000000,"",0,1,"",0,0,000000000000000000,"","",0,0,f,0000000000000000,5555aaaa,0,00000000,0,0,1,1,0,1,0,0,0,0,1,1,1,0,0,1,1,0,0,1,0,0,1,0,1,1,0,0,0,0,1,0,0,0,0,0,0,0,0,0,0,0,0,0,0,0,0,0,0,0,0,0,0,0,0,0,0,0
949,949,0,12896963405,37,00000000,0,33,2000000,4000,1,20000,2000000,"S_SAMPLE",36,2000000,2000000,43690,21845,"",00000000000000000000000000000000,"","",0,0,00,00,"S_WAIT_UTC",00,00,00,00,00,12896963405,"2",2394167296,4294439296,6656921312,ffffeb60,4263287296,0,1111,0000,00,"",0,00000000,"",0,1,"",0,0,000000000000000000,"","",0,0,f,0000000000000000,5555aaaa,0,00000000,0,0,1,1,0,1,0,0,0,0,1,1,1,0,0,1,1,0,0,1,0,0,1,0,1,1,0,0,0,0,1,0,0,0,0,0,0,0,0,0,0,0,0,0,0,0,0,0,0,0,0,0,0,0,0,0,0,0
950,950,0,12896963406,37,00000000,0,33,2000000,4000,1,20000,2000000,"S_SAMPLE",36,2000000,2000000,43690,21845,"",00000000000000000000000000000000,"","",0,0,00,00,"S_WAIT_UTC",00,00,00,00,00,12896963406,"2",2394167296,4294439296,6656921312,ffffeb60,4263287296,0,1111,0000,00,"",0,00000000,"",0,1,"",0,0,000000000000000000,"","",0,0,f,0000000000000000,5555aaaa,0,00000000,0,0,1,1,0,1,0,0,0,0,1,1,1,0,0,1,1,0,0,1,0,0,1,0,1,1,0,0,0,0,1,0,0,0,0,0,0,0,0,0,0,0,0,0,0,0,0,0,0,0,0,0,0,0,0,0,0,0
951,951,0,12896963407,37,00000000,0,33,2000000,4000,1,20000,2000000,"S_SAMPLE",36,2000000,2000000,43690,21845,"",00000000000000000000000000000000,"","",0,0,00,00,"S_WAIT_UTC",00,00,00,00,00,12896963407,"2",2394167296,4294439296,6656921312,ffffeb60,4263287296,0,1111,0000,00,"",0,00000000,"",0,1,"",0,0,000000000000000000,"","",0,0,f,0000000000000000,5555aaaa,0,00000000,0,0,1,1,0,1,0,0,0,0,1,1,1,0,0,1,1,0,0,1,0,0,1,0,1,1,0,0,0,0,1,0,0,0,0,0,0,0,0,0,0,0,0,0,0,0,0,0,0,0,0,0,0,0,0,0,0,0
952,952,0,12896963408,37,00000000,0,33,2000000,4000,1,20000,2000000,"S_SAMPLE",36,2000000,2000000,43690,21845,"",00000000000000000000000000000000,"","",0,0,00,00,"S_WAIT_UTC",00,00,00,00,00,12896963408,"2",2394167296,4294439296,6656921312,ffffeb60,4263287296,0,1111,0000,00,"",0,00000000,"",0,1,"",0,0,000000000000000000,"","",0,0,f,0000000000000000,5555aaaa,0,00000000,1,0,1,1,0,1,0,0,0,0,1,0,1,0,0,1,1,0,0,1,0,0,1,0,1,1,0,0,0,0,1,0,0,0,0,0,0,0,0,0,0,0,0,0,0,0,0,0,0,0,0,0,0,0,0,0,0,0
953,953,0,12896963409,37,00000000,0,33,2000000,4000,1,20000,2000000,"S_SAMPLE",36,2000000,2000000,21845,21845,"",00000000000000000000000000000000,"","",0,0,00,00,"S_WAIT_UTC",00,00,00,00,00,12896963409,"2",2394167296,4294439296,6656921312,ffffeb60,4263287296,0,1111,0000,00,"",0,00000000,"",0,1,"",0,0,000000000000000000,"","",0,0,f,0000000000000000,5555aaaa,0,00000000,0,1,1,1,0,1,0,0,0,0,1,1,1,0,0,1,1,0,0,1,1,0,1,0,1,1,0,0,0,0,1,0,0,0,0,0,0,0,0,0,0,0,0,0,0,0,0,0,0,0,0,0,0,0,0,0,0,0
954,954,0,12896963410,37,00000000,0,33,2000000,4000,1,20000,2000000,"S_SAMPLE",36,2000000,2000000,21845,21845,"",00000000000000000000000000000000,"","",0,0,00,00,"S_WAIT_UTC",00,00,00,00,00,12896963410,"2",2394167296,4294439296,6656921312,ffffeb60,4263287296,0,1111,0000,00,"",0,00000000,"",0,1,"",0,0,000000000000000000,"","",0,0,f,0000000000000000,5555aaaa,0,00000000,0,0,1,1,0,1,0,0,0,0,1,1,1,0,0,1,1,0,0,1,0,0,1,0,1,1,0,0,0,0,1,0,0,0,0,0,0,0,0,0,0,0,0,0,0,0,0,0,0,0,0,0,0,0,0,0,0,0
955,955,0,12896963411,37,00000000,0,34,2000000,4000,1,20000,2000000,"S_SAMPLE",36,2000000,2000000,21845,21845,"",00000000000000000000000000000000,"","",0,0,00,00,"S_WAIT_UTC",00,00,00,00,00,12896963411,"2",2394167296,4294439296,6656921312,ffffeb60,4263287296,0,1111,0000,00,"",0,00000000,"",0,1,"",0,0,000000000000000000,"","",0,0,f,0000000000000000,5555aaaa,0,00000000,0,0,1,1,0,1,0,0,0,0,1,1,1,0,0,1,1,0,0,1,0,0,1,0,1,1,0,0,0,0,1,0,0,0,0,0,0,0,0,0,0,0,0,0,0,0,0,0,0,0,0,0,0,0,0,0,0,0
956,956,0,12896963412,37,00000000,0,34,2000000,4000,1,20000,2000000,"S_SAMPLE",36,2000000,2000000,21845,21845,"",00000000000000000000000000000000,"","",0,0,00,00,"S_WAIT_UTC",00,00,00,00,00,12896963412,"2",2394167296,4294439296,6656921312,ffffeb60,4263287296,0,1111,0000,00,"",0,00000000,"",0,1,"",0,0,000000000000000000,"","",0,0,f,0000000000000000,5555aaaa,0,00000000,0,0,1,1,0,1,0,0,0,0,1,1,1,0,0,1,1,0,0,1,0,0,1,0,1,1,0,0,0,0,1,0,0,0,0,0,0,0,0,0,0,0,0,0,0,0,0,0,0,0,0,0,0,0,0,0,0,0
957,957,0,12896963413,37,00000000,0,34,2000000,4000,1,20000,2000000,"S_SAMPLE",36,2000000,2000000,21845,21845,"",00000000000000000000000000000000,"","",0,0,00,00,"S_WAIT_UTC",00,00,00,00,00,12896963413,"2",2394167296,4294439296,6656921312,ffffeb60,4263287296,0,1111,0000,00,"",0,00000000,"",0,1,"",0,0,000000000000000000,"","",0,0,f,0000000000000000,5555aaaa,0,00000000,0,0,1,1,0,1,0,0,0,0,1,1,1,0,0,1,1,0,0,1,0,0,1,0,1,1,0,0,0,0,1,0,0,0,0,0,0,0,0,0,0,0,0,0,0,0,0,0,0,0,0,0,0,0,0,0,0,0
958,958,0,12896963414,37,00000000,0,34,2000000,4000,1,20000,2000000,"S_SAMPLE",36,2000000,2000000,21845,21845,"",00000000000000000000000000000000,"","",0,0,00,00,"S_WAIT_UTC",00,00,00,00,00,12896963414,"2",2394167296,4294439296,6656921312,ffffeb60,4263287296,0,1111,0000,00,"",0,00000000,"",0,1,"",0,0,000000000000000000,"","",0,0,f,0000000000000000,5555aaaa,0,00000000,0,0,1,1,0,1,0,0,0,0,1,1,1,0,0,1,1,0,0,1,0,0,1,0,1,1,0,0,0,0,1,0,0,0,0,0,0,0,0,0,0,0,0,0,0,0,0,0,0,0,0,0,0,0,0,0,0,0
959,959,0,12896963415,37,00000000,0,34,2000000,4000,1,20000,2000000,"S_SAMPLE",36,2000000,2000000,21845,21845,"",00000000000000000000000000000000,"","",0,0,00,00,"S_WAIT_UTC",00,00,00,00,00,12896963415,"2",2394167296,4294439296,6656921312,ffffeb60,4263287296,0,1111,0000,00,"",0,00000000,"",0,1,"",0,0,000000000000000000,"","",0,0,f,0000000000000000,5555aaaa,0,00000000,0,0,1,1,0,1,0,0,0,0,1,1,1,0,0,1,1,0,0,1,0,0,1,0,1,1,0,0,0,0,1,0,0,0,0,0,0,0,0,0,0,0,0,0,0,0,0,0,0,0,0,0,0,0,0,0,0,0
960,960,0,12896963416,37,00000000,0,34,2000000,4000,1,20000,2000000,"S_SAMPLE",36,2000000,2000000,21845,43690,"",00000000000000000000000000000000,"","",0,0,00,00,"S_WAIT_UTC",00,00,00,00,00,12896963416,"2",2394167296,4294439296,6656921312,ffffeb60,4263287296,0,1111,0000,00,"",0,00000000,"",0,1,"",0,0,000000000000000000,"","",0,0,f,0000000000000000,5555aaaa,0,00000000,0,0,1,1,0,1,0,0,0,0,1,1,1,0,0,1,1,0,0,1,0,0,1,0,1,1,0,0,0,0,1,0,0,0,0,0,0,0,0,0,0,0,0,0,0,0,0,0,0,0,0,0,0,0,0,0,0,0
961,961,0,12896963417,37,00000000,0,34,2000000,4000,1,20000,2000000,"S_SAMPLE",36,2000000,2000000,21845,43690,"",00000000000000000000000000000000,"","",0,0,00,00,"S_WAIT_UTC",00,00,00,00,00,12896963417,"2",2394167296,4294439296,6656921312,ffffeb60,4263287296,0,1111,0000,00,"",0,00000000,"",0,1,"",0,0,000000000000000000,"","",0,0,f,0000000000000000,5555aaaa,0,00000000,0,0,1,1,0,1,0,0,0,0,1,1,1,0,0,1,1,0,0,1,0,0,1,0,1,1,0,0,0,0,1,0,0,0,0,0,0,0,0,0,0,0,0,0,0,0,0,0,0,0,0,0,0,0,0,0,0,0
962,962,0,12896963418,37,00000000,0,34,2000000,4000,1,20000,2000000,"S_SAMPLE",36,2000000,2000000,21845,43690,"",00000000000000000000000000000000,"","",0,0,00,00,"S_WAIT_UTC",00,00,00,00,00,12896963418,"2",2394167296,4294439296,6656921312,ffffeb60,4263287296,0,1111,0000,00,"",0,00000000,"",0,1,"",0,0,000000000000000000,"","",0,0,f,0000000000000000,5555aaaa,0,00000000,0,0,1,1,0,1,0,0,0,0,1,1,1,0,0,1,1,0,0,1,0,0,1,0,1,1,0,0,0,0,1,0,0,0,0,0,0,0,0,0,0,0,0,0,0,0,0,0,0,0,0,0,0,0,0,0,0,0
963,963,0,12896963419,37,00000000,0,34,2000000,4000,1,20000,2000000,"S_SAMPLE",36,2000000,2000000,21845,43690,"",00000000000000000000000000000000,"","",0,0,00,00,"S_WAIT_UTC",00,00,00,00,00,12896963419,"2",2394167296,4294439296,6656921312,ffffeb60,4263287296,0,1111,0000,00,"",0,00000000,"",0,1,"",0,0,000000000000000000,"","",0,0,f,0000000000000000,5555aaaa,0,00000000,0,0,1,1,0,1,0,0,0,0,1,1,1,0,0,1,1,0,0,1,0,0,1,0,1,1,0,0,0,0,1,0,0,0,0,0,0,0,0,0,0,0,0,0,0,0,0,0,0,0,0,0,0,0,0,0,0,0
964,964,0,12896963420,37,00000000,0,34,2000000,4000,1,20000,2000000,"S_SAMPLE",36,2000000,2000000,21845,43690,"",00000000000000000000000000000000,"","",0,0,00,00,"S_WAIT_UTC",00,00,00,00,00,12896963420,"2",2394167296,4294439296,6656921312,ffffeb60,4263287296,0,1111,0000,00,"",0,00000000,"",0,1,"",0,0,000000000000000000,"","",0,0,f,0000000000000000,5555aaaa,0,00000000,0,0,1,1,0,1,0,0,0,0,1,1,1,0,0,1,1,0,0,1,0,0,1,0,1,1,0,0,0,0,1,0,0,0,0,0,0,0,0,0,0,0,0,0,0,0,0,0,0,0,0,0,0,0,0,0,0,0
965,965,0,12896963421,37,00000000,0,34,2000000,4000,1,20000,2000000,"S_SAMPLE",36,2000000,2000000,21845,43690,"",00000000000000000000000000000000,"","",0,0,00,00,"S_WAIT_UTC",00,00,00,00,00,12896963421,"2",2394167296,4294439296,6656921312,ffffeb60,4263287296,0,1111,0000,00,"",0,00000000,"",0,1,"",0,0,000000000000000000,"","",0,0,f,0000000000000000,5555aaaa,0,00000000,0,0,1,1,0,1,0,0,0,0,1,1,1,0,0,1,1,0,0,1,0,0,1,0,1,1,0,0,0,0,1,0,0,0,0,0,0,0,0,0,0,0,0,0,0,0,0,0,0,0,0,0,0,0,0,0,0,0
966,966,0,12896963422,37,00000000,0,34,2000000,4000,1,20000,2000000,"S_SAMPLE",36,2000000,2000000,21845,43690,"",00000000000000000000000000000000,"","",0,0,00,00,"S_WAIT_UTC",00,00,00,00,00,12896963422,"2",2394167296,4294439296,6656921312,ffffeb60,4263287296,0,1111,0000,00,"",0,00000000,"",0,1,"",0,0,000000000000000000,"","",0,0,f,0000000000000000,5555aaaa,0,00000000,0,0,1,1,0,1,0,0,0,0,1,1,1,0,0,1,1,0,0,1,0,0,1,0,1,1,0,0,0,0,1,0,0,0,0,0,0,0,0,0,0,0,0,0,0,0,0,0,0,0,0,0,0,0,0,0,0,0
967,967,0,12896963423,37,00000000,0,34,2000000,4000,1,20000,2000000,"S_SAMPLE",36,2000000,2000000,21845,43690,"",00000000000000000000000000000000,"","",0,0,00,00,"S_WAIT_UTC",00,00,00,00,00,12896963423,"2",2394167296,4294439296,6656921312,ffffeb60,4263287296,0,1111,0000,00,"",0,00000000,"",0,1,"",0,0,000000000000000000,"","",0,0,f,0000000000000000,5555aaaa,0,00000000,0,0,1,1,0,1,0,0,0,0,1,1,1,0,0,1,1,0,0,1,0,0,1,0,1,1,0,0,0,0,1,0,0,0,0,0,0,0,0,0,0,0,0,0,0,0,0,0,0,0,0,0,0,0,0,0,0,0
968,968,0,12896963424,37,00000000,0,34,2000000,4000,1,20000,2000000,"S_SAMPLE",36,2000000,2000000,21845,43690,"",00000000000000000000000000000000,"","",0,0,00,00,"S_WAIT_UTC",00,00,00,00,00,12896963424,"2",2394167296,4294439296,6656921312,ffffeb60,4263287296,0,1111,0000,00,"",0,00000000,"",0,1,"",0,0,000000000000000000,"","",0,0,f,0000000000000000,5555aaaa,0,00000000,0,0,1,1,0,1,0,0,0,0,1,1,1,0,0,1,1,0,0,1,0,0,1,0,1,1,0,0,0,0,1,0,0,0,0,0,0,0,0,0,0,0,0,0,0,0,0,0,0,0,0,0,0,0,0,0,0,0
969,969,0,12896963425,37,00000000,0,34,2000000,4000,1,20000,2000000,"S_SAMPLE",36,2000000,2000000,21845,43690,"",00000000000000000000000000000000,"","",0,0,00,00,"S_WAIT_UTC",00,00,00,00,00,12896963425,"2",2394167296,4294439296,6656921312,ffffeb60,4263287296,0,1111,0000,00,"",0,00000000,"",0,1,"",0,0,000000000000000000,"","",0,0,f,0000000000000000,5555aaaa,0,00000000,0,0,1,1,0,1,0,0,0,0,1,1,1,0,0,1,1,0,0,1,0,0,1,0,1,1,0,0,0,0,1,0,0,0,0,0,0,0,0,0,0,0,0,0,0,0,0,0,0,0,0,0,0,0,0,0,0,0
970,970,0,12896963426,37,00000000,0,34,2000000,4000,1,20000,2000000,"S_SAMPLE",36,2000000,2000000,21845,43690,"",00000000000000000000000000000000,"","",0,0,00,00,"S_WAIT_UTC",00,00,00,00,00,12896963426,"2",2394167296,4294439296,6656921312,ffffeb60,4263287296,0,1111,0000,00,"",0,00000000,"",0,1,"",0,0,000000000000000000,"","",0,0,f,0000000000000000,5555aaaa,0,00000000,0,0,1,1,0,1,0,0,0,0,1,1,1,0,0,1,1,0,0,1,0,0,1,0,1,1,0,0,0,0,1,0,0,0,0,0,0,0,0,0,0,0,0,0,0,0,0,0,0,0,0,0,0,0,0,0,0,0
971,971,0,12896963427,37,00000000,0,34,2000000,4000,1,20000,2000000,"S_SAMPLE",36,2000000,2000000,21845,43690,"",00000000000000000000000000000000,"","",0,0,00,00,"S_WAIT_UTC",00,00,00,00,00,12896963427,"2",2394167296,4294439296,6656921312,ffffeb60,4263287296,0,1111,0000,00,"",0,00000000,"",0,1,"",0,0,000000000000000000,"","",0,0,f,0000000000000000,5555aaaa,0,00000000,0,0,1,1,0,1,0,0,0,0,1,1,1,0,0,1,1,0,0,1,0,0,1,0,1,1,0,0,0,0,1,0,0,0,0,0,0,0,0,0,0,0,0,0,0,0,0,0,0,0,0,0,0,0,0,0,0,0
972,972,0,12896963428,37,00000000,0,34,2000000,4000,1,20000,2000000,"S_SAMPLE",36,2000000,2000000,21845,43690,"",00000000000000000000000000000000,"","",0,0,00,00,"S_WAIT_UTC",00,00,00,00,00,12896963428,"2",2394167296,4294439296,6656921312,ffffeb60,4263287296,0,1111,0000,00,"",0,00000000,"",0,1,"",0,0,000000000000000000,"","",0,0,f,0000000000000000,5555aaaa,0,00000000,0,0,1,1,0,1,0,0,0,0,1,1,1,0,0,1,1,0,0,1,0,0,1,0,1,1,0,0,0,0,1,0,0,0,0,0,0,0,0,0,0,0,0,0,0,0,0,0,0,0,0,0,0,0,0,0,0,0
973,973,0,12896963429,38,00000000,0,34,2000000,4000,1,20000,2000000,"S_SAMPLE",37,2000000,2000000,21845,43690,"",00000000000000000000000000000000,"","",0,0,00,00,"S_WAIT_UTC",00,00,00,00,00,12896963429,"2",2394167296,4294439296,6656921312,ffffeb60,4263287296,0,1111,0000,00,"",0,00000000,"",0,1,"",0,0,000000000000000000,"","",0,0,f,0000000000000000,5555aaaa,0,00000000,0,0,1,1,0,1,0,0,0,0,1,1,1,0,0,1,1,0,0,1,0,0,1,0,1,1,0,0,0,0,1,0,0,0,0,0,0,0,0,0,0,0,0,0,0,0,0,0,0,0,0,0,0,0,0,0,0,0
974,974,0,12896963430,38,00000000,0,34,2000000,4000,1,20000,2000000,"S_SAMPLE",37,2000000,2000000,21845,43690,"",00000000000000000000000000000000,"","",0,0,00,00,"S_WAIT_UTC",00,00,00,00,00,12896963430,"2",2394167296,4294439296,6656921312,ffffeb60,4263287296,0,1111,0000,00,"",0,00000000,"",0,1,"",0,0,000000000000000000,"","",0,0,f,0000000000000000,5555aaaa,0,00000000,0,0,1,1,0,1,0,0,0,0,1,1,1,0,0,1,1,0,0,1,0,0,1,0,1,1,0,0,0,0,1,0,0,0,0,0,0,0,0,0,0,0,0,0,0,0,0,0,0,0,0,0,0,0,0,0,0,0
975,975,0,12896963431,38,00000000,0,34,2000000,4000,1,20000,2000000,"S_SAMPLE",37,2000000,2000000,21845,43690,"",00000000000000000000000000000000,"","",0,0,00,00,"S_WAIT_UTC",00,00,00,00,00,12896963431,"2",2394167296,4294439296,6656921312,ffffeb60,4263287296,0,1111,0000,00,"",0,00000000,"",0,1,"",0,0,000000000000000000,"","",0,0,f,0000000000000000,5555aaaa,0,00000000,0,0,1,1,0,1,0,0,0,0,1,1,1,0,0,1,1,0,0,1,0,0,1,0,1,1,0,0,0,0,1,0,0,0,0,0,0,0,0,0,0,0,0,0,0,0,0,0,0,0,0,0,0,0,0,0,0,0
976,976,0,12896963432,38,00000000,0,34,2000000,4000,1,20000,2000000,"S_SAMPLE",37,2000000,2000000,21845,43690,"",00000000000000000000000000000000,"","",0,0,00,00,"S_WAIT_UTC",00,00,00,00,00,12896963432,"2",2394167296,4294439296,6656921312,ffffeb60,4263287296,0,1111,0000,00,"",0,00000000,"",0,1,"",0,0,000000000000000000,"","",0,0,f,0000000000000000,5555aaaa,0,00000000,0,0,1,1,0,1,0,0,0,0,1,1,1,0,0,1,1,0,0,1,0,0,1,0,1,1,0,0,0,0,1,0,0,0,0,0,0,0,0,0,0,0,0,0,0,0,0,0,0,0,0,0,0,0,0,0,0,0
977,977,0,12896963433,38,00000000,0,34,2000000,4000,1,20000,2000000,"S_SAMPLE",37,2000000,2000000,21845,43690,"",00000000000000000000000000000000,"","",0,0,00,00,"S_WAIT_UTC",00,00,00,00,00,12896963433,"2",2394167296,4294439296,6656921312,ffffeb60,4263287296,0,1111,0000,00,"",0,00000000,"",0,1,"",0,0,000000000000000000,"","",0,0,f,0000000000000000,5555aaaa,0,00000000,1,0,1,1,0,1,0,0,0,0,1,0,1,0,0,1,1,0,0,1,0,0,1,0,1,1,0,0,0,0,1,0,0,0,0,0,0,0,0,0,0,0,0,0,0,0,0,0,0,0,0,0,0,0,0,0,0,0
978,978,0,12896963434,38,00000000,0,34,2000000,4000,1,20000,2000000,"S_SAMPLE",37,2000000,2000000,43690,43690,"",00000000000000000000000000000000,"","",0,0,00,00,"S_WAIT_UTC",00,00,00,00,00,12896963434,"2",2394167296,4294439296,6656921312,ffffeb60,4263287296,0,1111,0000,00,"",0,00000000,"",0,1,"",0,0,000000000000000000,"","",0,0,f,0000000000000000,5555aaaa,0,00000000,0,1,1,1,0,1,0,0,0,0,1,1,1,0,0,1,1,0,0,1,1,0,1,0,1,1,0,0,0,0,1,0,0,0,0,0,0,0,0,0,0,0,0,0,0,0,0,0,0,0,0,0,0,0,0,0,0,0
979,979,0,12896963435,38,00000000,0,34,2000000,4000,1,20000,2000000,"S_SAMPLE",37,2000000,2000000,43690,43690,"",00000000000000000000000000000000,"","",0,0,00,00,"S_WAIT_UTC",00,00,00,00,00,12896963435,"2",2394167296,4294439296,6656921312,ffffeb60,4263287296,0,1111,0000,00,"",0,00000000,"",0,1,"",0,0,000000000000000000,"","",0,0,f,0000000000000000,5555aaaa,0,00000000,0,0,1,1,0,1,0,0,0,0,1,1,1,0,0,1,1,0,0,1,0,0,1,0,1,1,0,0,0,0,1,0,0,0,0,0,0,0,0,0,0,0,0,0,0,0,0,0,0,0,0,0,0,0,0,0,0,0
980,980,0,12896963436,38,00000000,0,35,2000000,4000,1,20000,2000000,"S_SAMPLE",37,2000000,2000000,43690,43690,"",00000000000000000000000000000000,"","",0,0,00,00,"S_WAIT_UTC",00,00,00,00,00,12896963436,"2",2394167296,4294439296,6656921312,ffffeb60,4263287296,0,1111,0000,00,"",0,00000000,"",0,1,"",0,0,000000000000000000,"","",0,0,f,0000000000000000,5555aaaa,0,00000000,0,0,1,1,0,1,0,0,0,0,1,1,1,0,0,1,1,0,0,1,0,0,1,0,1,1,0,0,0,0,1,0,0,0,0,0,0,0,0,0,0,0,0,0,0,0,0,0,0,0,0,0,0,0,0,0,0,0
981,981,0,12896963437,38,00000000,0,35,2000000,4000,1,20000,2000000,"S_SAMPLE",37,2000000,2000000,43690,43690,"",00000000000000000000000000000000,"","",0,0,00,00,"S_WAIT_UTC",00,00,00,00,00,12896963437,"2",2394167296,4294439296,6656921312,ffffeb60,4263287296,0,1111,0000,00,"",0,00000000,"",0,1,"",0,0,000000000000000000,"","",0,0,f,0000000000000000,5555aaaa,0,00000000,0,0,1,1,0,1,0,0,0,0,1,1,1,0,0,1,1,0,0,1,0,0,1,0,1,1,0,0,0,0,1,0,0,0,0,0,0,0,0,0,0,0,0,0,0,0,0,0,0,0,0,0,0,0,0,0,0,0
982,982,0,12896963438,38,00000000,0,35,2000000,4000,1,20000,2000000,"S_SAMPLE",37,2000000,2000000,43690,43690,"",00000000000000000000000000000000,"","",0,0,00,00,"S_WAIT_UTC",00,00,00,00,00,12896963438,"2",2394167296,4294439296,6656921312,ffffeb60,4263287296,0,1111,0000,00,"",0,00000000,"",0,1,"",0,0,000000000000000000,"","",0,0,f,0000000000000000,5555aaaa,0,00000000,0,0,1,1,0,1,0,0,0,0,1,1,1,0,0,1,1,0,0,1,0,0,1,0,1,1,0,0,0,0,1,0,0,0,0,0,0,0,0,0,0,0,0,0,0,0,0,0,0,0,0,0,0,0,0,0,0,0
983,983,0,12896963439,38,00000000,0,35,2000000,4000,1,20000,2000000,"S_SAMPLE",37,2000000,2000000,43690,43690,"",00000000000000000000000000000000,"","",0,0,00,00,"S_WAIT_UTC",00,00,00,00,00,12896963439,"2",2394167296,4294439296,6656921312,ffffeb60,4263287296,0,1111,0000,00,"",0,00000000,"",0,1,"",0,0,000000000000000000,"","",0,0,f,0000000000000000,5555aaaa,0,00000000,0,0,1,1,0,1,0,0,0,0,1,1,1,0,0,1,1,0,0,1,0,0,1,0,1,1,0,0,0,0,1,0,0,0,0,0,0,0,0,0,0,0,0,0,0,0,0,0,0,0,0,0,0,0,0,0,0,0
984,984,0,12896963440,38,00000000,0,35,2000000,4000,1,20000,2000000,"S_SAMPLE",37,2000000,2000000,43690,43690,"",00000000000000000000000000000000,"","",0,0,00,00,"S_WAIT_UTC",00,00,00,00,00,12896963440,"2",2394167296,4294439296,6656921312,ffffeb60,4263287296,0,1111,0000,00,"",0,00000000,"",0,1,"",0,0,000000000000000000,"","",0,0,f,0000000000000000,5555aaaa,0,00000000,0,0,1,1,0,1,0,0,0,0,1,1,1,0,0,1,1,0,0,1,0,0,1,0,1,1,0,0,0,0,1,0,0,0,0,0,0,0,0,0,0,0,0,0,0,0,0,0,0,0,0,0,0,0,0,0,0,0
985,985,0,12896963441,38,00000000,0,35,2000000,4000,1,20000,2000000,"S_SAMPLE",37,2000000,2000000,43690,21845,"",00000000000000000000000000000000,"","",0,0,00,00,"S_WAIT_UTC",00,00,00,00,00,12896963441,"2",2394167296,4294439296,6656921312,ffffeb60,4263287296,0,1111,0000,00,"",0,00000000,"",0,1,"",0,0,000000000000000000,"","",0,0,f,0000000000000000,5555aaaa,0,00000000,0,0,1,1,0,1,0,0,0,0,1,1,1,0,0,1,1,0,0,1,0,0,1,0,1,1,0,0,0,0,1,0,0,0,0,0,0,0,0,0,0,0,0,0,0,0,0,0,0,0,0,0,0,0,0,0,0,0
986,986,0,12896963442,38,00000000,0,35,2000000,4000,1,20000,2000000,"S_SAMPLE",37,2000000,2000000,43690,21845,"",00000000000000000000000000000000,"","",0,0,00,00,"S_WAIT_UTC",00,00,00,00,00,12896963442,"2",2394167296,4294439296,6656921312,ffffeb60,4263287296,0,1111,0000,00,"",0,00000000,"",0,1,"",0,0,000000000000000000,"","",0,0,f,0000000000000000,5555aaaa,0,00000000,0,0,1,1,0,1,0,0,0,0,1,1,1,0,0,1,1,0,0,1,0,0,1,0,1,1,0,0,0,0,1,0,0,0,0,0,0,0,0,0,0,0,0,0,0,0,0,0,0,0,0,0,0,0,0,0,0,0
987,987,0,12896963443,38,00000000,0,35,2000000,4000,1,20000,2000000,"S_SAMPLE",37,2000000,2000000,43690,21845,"",00000000000000000000000000000000,"","",0,0,00,00,"S_WAIT_UTC",00,00,00,00,00,12896963443,"2",2394167296,4294439296,6656921312,ffffeb60,4263287296,0,1111,0000,00,"",0,00000000,"",0,1,"",0,0,000000000000000000,"","",0,0,f,0000000000000000,5555aaaa,0,00000000,0,0,1,1,0,1,0,0,0,0,1,1,1,0,0,1,1,0,0,1,0,0,1,0,1,1,0,0,0,0,1,0,0,0,0,0,0,0,0,0,0,0,0,0,0,0,0,0,0,0,0,0,0,0,0,0,0,0
988,988,0,12896963444,38,00000000,0,35,2000000,4000,1,20000,2000000,"S_SAMPLE",37,2000000,2000000,43690,21845,"",00000000000000000000000000000000,"","",0,0,00,00,"S_WAIT_UTC",00,00,00,00,00,12896963444,"2",2394167296,4294439296,6656921312,ffffeb60,4263287296,0,1111,0000,00,"",0,00000000,"",0,1,"",0,0,000000000000000000,"","",0,0,f,0000000000000000,5555aaaa,0,00000000,0,0,1,1,0,1,0,0,0,0,1,1,1,0,0,1,1,0,0,1,0,0,1,0,1,1,0,0,0,0,1,0,0,0,0,0,0,0,0,0,0,0,0,0,0,0,0,0,0,0,0,0,0,0,0,0,0,0
989,989,0,12896963445,38,00000000,0,35,2000000,4000,1,20000,2000000,"S_SAMPLE",37,2000000,2000000,43690,21845,"",00000000000000000000000000000000,"","",0,0,00,00,"S_WAIT_UTC",00,00,00,00,00,12896963445,"2",2394167296,4294439296,6656921312,ffffeb60,4263287296,0,1111,0000,00,"",0,00000000,"",0,1,"",0,0,000000000000000000,"","",0,0,f,0000000000000000,5555aaaa,0,00000000,0,0,1,1,0,1,0,0,0,0,1,1,1,0,0,1,1,0,0,1,0,0,1,0,1,1,0,0,0,0,1,0,0,0,0,0,0,0,0,0,0,0,0,0,0,0,0,0,0,0,0,0,0,0,0,0,0,0
990,990,0,12896963446,38,00000000,0,35,2000000,4000,1,20000,2000000,"S_SAMPLE",37,2000000,2000000,43690,21845,"",00000000000000000000000000000000,"","",0,0,00,00,"S_WAIT_UTC",00,00,00,00,00,12896963446,"2",2394167296,4294439296,6656921312,ffffeb60,4263287296,0,1111,0000,00,"",0,00000000,"",0,1,"",0,0,000000000000000000,"","",0,0,f,0000000000000000,5555aaaa,0,00000000,0,0,1,1,0,1,0,0,0,0,1,1,1,0,0,1,1,0,0,1,0,0,1,0,1,1,0,0,0,0,1,0,0,0,0,0,0,0,0,0,0,0,0,0,0,0,0,0,0,0,0,0,0,0,0,0,0,0
991,991,0,12896963447,38,00000000,0,35,2000000,4000,1,20000,2000000,"S_SAMPLE",37,2000000,2000000,43690,21845,"",00000000000000000000000000000000,"","",0,0,00,00,"S_WAIT_UTC",00,00,00,00,00,12896963447,"2",2394167296,4294439296,6656921312,ffffeb60,4263287296,0,1111,0000,00,"",0,00000000,"",0,1,"",0,0,000000000000000000,"","",0,0,f,0000000000000000,5555aaaa,0,00000000,0,0,1,1,0,1,0,0,0,0,1,1,1,0,0,1,1,0,0,1,0,0,1,0,1,1,0,0,0,0,1,0,0,0,0,0,0,0,0,0,0,0,0,0,0,0,0,0,0,0,0,0,0,0,0,0,0,0
992,992,0,12896963448,38,00000000,0,35,2000000,4000,1,20000,2000000,"S_SAMPLE",37,2000000,2000000,43690,21845,"",00000000000000000000000000000000,"","",0,0,00,00,"S_WAIT_UTC",00,00,00,00,00,12896963448,"2",2394167296,4294439296,6656921312,ffffeb60,4263287296,0,1111,0000,00,"",0,00000000,"",0,1,"",0,0,000000000000000000,"","",0,0,f,0000000000000000,5555aaaa,0,00000000,0,0,1,1,0,1,0,0,0,0,1,1,1,0,0,1,1,0,0,1,0,0,1,0,1,1,0,0,0,0,1,0,0,0,0,0,0,0,0,0,0,0,0,0,0,0,0,0,0,0,0,0,0,0,0,0,0,0
993,993,0,12896963449,38,00000000,0,35,2000000,4000,1,20000,2000000,"S_SAMPLE",37,2000000,2000000,43690,21845,"",00000000000000000000000000000000,"","",0,0,00,00,"S_WAIT_UTC",00,00,00,00,00,12896963449,"2",2394167296,4294439296,6656921312,ffffeb60,4263287296,0,1111,0000,00,"",0,00000000,"",0,1,"",0,0,000000000000000000,"","",0,0,f,0000000000000000,5555aaaa,0,00000000,0,0,1,1,0,1,0,0,0,0,1,1,1,0,0,1,1,0,0,1,0,0,1,0,1,1,0,0,0,0,1,0,0,0,0,0,0,0,0,0,0,0,0,0,0,0,0,0,0,0,0,0,0,0,0,0,0,0
994,994,0,12896963450,38,00000000,0,35,2000000,4000,1,20000,2000000,"S_SAMPLE",37,2000000,2000000,43690,21845,"",00000000000000000000000000000000,"","",0,0,00,00,"S_WAIT_UTC",00,00,00,00,00,12896963450,"2",2394167296,4294439296,6656921312,ffffeb60,4263287296,0,1111,0000,00,"",0,00000000,"",0,1,"",0,0,000000000000000000,"","",0,0,f,0000000000000000,5555aaaa,0,00000000,0,0,1,1,0,1,0,0,0,0,1,1,1,0,0,1,1,0,0,1,0,0,1,0,1,1,0,0,0,0,1,0,0,0,0,0,0,0,0,0,0,0,0,0,0,0,0,0,0,0,0,0,0,0,0,0,0,0
995,995,0,12896963451,38,00000000,0,35,2000000,4000,1,20000,2000000,"S_SAMPLE",37,2000000,2000000,43690,21845,"",00000000000000000000000000000000,"","",0,0,00,00,"S_WAIT_UTC",00,00,00,00,00,12896963451,"2",2394167296,4294439296,6656921312,ffffeb60,4263287296,0,1111,0000,00,"",0,00000000,"",0,1,"",0,0,000000000000000000,"","",0,0,f,0000000000000000,5555aaaa,0,00000000,0,0,1,1,0,1,0,0,0,0,1,1,1,0,0,1,1,0,0,1,0,0,1,0,1,1,0,0,0,0,1,0,0,0,0,0,0,0,0,0,0,0,0,0,0,0,0,0,0,0,0,0,0,0,0,0,0,0
996,996,0,12896963452,38,00000000,0,35,2000000,4000,1,20000,2000000,"S_SAMPLE",37,2000000,2000000,43690,21845,"",00000000000000000000000000000000,"","",0,0,00,00,"S_WAIT_UTC",00,00,00,00,00,12896963452,"2",2394167296,4294439296,6656921312,ffffeb60,4263287296,0,1111,0000,00,"",0,00000000,"",0,1,"",0,0,000000000000000000,"","",0,0,f,0000000000000000,5555aaaa,0,00000000,0,0,1,1,0,1,0,0,0,0,1,1,1,0,0,1,1,0,0,1,0,0,1,0,1,1,0,0,0,0,1,0,0,0,0,0,0,0,0,0,0,0,0,0,0,0,0,0,0,0,0,0,0,0,0,0,0,0
997,997,0,12896963453,38,00000000,0,35,2000000,4000,1,20000,2000000,"S_SAMPLE",37,2000000,2000000,43690,21845,"",00000000000000000000000000000000,"","",0,0,00,00,"S_WAIT_UTC",00,00,00,00,00,12896963453,"2",2394167296,4294439296,6656921312,ffffeb60,4263287296,0,1111,0000,00,"",0,00000000,"",0,1,"",0,0,000000000000000000,"","",0,0,f,0000000000000000,5555aaaa,0,00000000,0,0,1,1,0,1,0,0,0,0,1,1,1,0,0,1,1,0,0,1,0,0,1,0,1,1,0,0,0,0,1,0,0,0,0,0,0,0,0,0,0,0,0,0,0,0,0,0,0,0,0,0,0,0,0,0,0,0
998,998,0,12896963454,39,00000000,0,35,2000000,4000,1,20000,2000000,"S_SAMPLE",38,2000000,2000000,43690,21845,"",00000000000000000000000000000000,"","",0,0,00,00,"S_WAIT_UTC",00,00,00,00,00,12896963454,"2",2394167296,4294439296,6656921312,ffffeb60,4263287296,0,1111,0000,00,"",0,00000000,"",0,1,"",0,0,000000000000000000,"","",0,0,f,0000000000000000,5555aaaa,0,00000000,0,0,1,1,0,1,0,0,0,0,1,1,1,0,0,1,1,0,0,1,0,0,1,0,1,1,0,0,0,0,1,0,0,0,0,0,0,0,0,0,0,0,0,0,0,0,0,0,0,0,0,0,0,0,0,0,0,0
999,999,0,12896963455,39,00000000,0,35,2000000,4000,1,20000,2000000,"S_SAMPLE",38,2000000,2000000,43690,21845,"",00000000000000000000000000000000,"","",0,0,00,00,"S_WAIT_UTC",00,00,00,00,00,12896963455,"2",2394167296,4294439296,6656921312,ffffeb60,4263287296,0,1111,0000,00,"",0,00000000,"",0,1,"",0,0,000000000000000000,"","",0,0,f,0000000000000000,5555aaaa,0,00000000,0,0,1,1,0,1,0,0,0,0,1,1,1,0,0,1,1,0,0,1,0,0,1,0,1,1,0,0,0,0,1,0,0,0,0,0,0,0,0,0,0,0,0,0,0,0,0,0,0,0,0,0,0,0,0,0,0,0
1000,1000,0,12896963456,39,00000000,0,35,2000000,4000,1,20000,2000000,"S_SAMPLE",38,2000000,2000000,43690,21845,"",00000000000000000000000000000000,"","",0,0,00,00,"S_WAIT_UTC",00,00,00,00,00,12896963456,"2",2394167296,4294439296,6656921312,ffffeb60,4263287296,0,1111,0000,00,"",0,00000000,"",0,1,"",0,0,000000000000000000,"","",0,0,f,0000000000000000,5555aaaa,0,00000000,0,0,1,1,0,1,0,0,0,0,1,1,1,0,0,1,1,0,0,1,0,0,1,0,1,1,0,0,0,0,1,0,0,0,0,0,0,0,0,0,0,0,0,0,0,0,0,0,0,0,0,0,0,0,0,0,0,0
1001,1001,0,12896963457,39,00000000,0,35,2000000,4000,1,20000,2000000,"S_SAMPLE",38,2000000,2000000,43690,21845,"",00000000000000000000000000000000,"","",0,0,00,00,"S_WAIT_UTC",00,00,00,00,00,12896963457,"2",2394167296,4294439296,6656921312,ffffeb60,4263287296,0,1111,0000,00,"",0,00000000,"",0,1,"",0,0,000000000000000000,"","",0,0,f,0000000000000000,5555aaaa,0,00000000,0,0,1,1,0,1,0,0,0,0,1,1,1,0,0,1,1,0,0,1,0,0,1,0,1,1,0,0,0,0,1,0,0,0,0,0,0,0,0,0,0,0,0,0,0,0,0,0,0,0,0,0,0,0,0,0,0,0
1002,1002,0,12896963458,39,00000000,0,35,2000000,4000,1,20000,2000000,"S_SAMPLE",38,2000000,2000000,43690,21845,"",00000000000000000000000000000000,"","",0,0,00,00,"S_WAIT_UTC",00,00,00,00,00,12896963458,"2",2394167296,4294439296,6656921312,ffffeb60,4263287296,0,1111,0000,00,"",0,00000000,"",0,1,"",0,0,000000000000000000,"","",0,0,f,0000000000000000,5555aaaa,0,00000000,1,0,1,1,0,1,0,0,0,0,1,0,1,0,0,1,1,0,0,1,0,0,1,0,1,1,0,0,0,0,1,0,0,0,0,0,0,0,0,0,0,0,0,0,0,0,0,0,0,0,0,0,0,0,0,0,0,0
1003,1003,0,12896963459,39,00000000,0,35,2000000,4000,1,20000,2000000,"S_SAMPLE",38,2000000,2000000,21845,21845,"",00000000000000000000000000000000,"","",0,0,00,00,"S_WAIT_UTC",00,00,00,00,00,12896963459,"2",2394167296,4294439296,6656921312,ffffeb60,4263287296,0,1111,0000,00,"",0,00000000,"",0,1,"",0,0,000000000000000000,"","",0,0,f,0000000000000000,5555aaaa,0,00000000,0,1,1,1,0,1,0,0,0,0,1,1,1,0,0,1,1,0,0,1,1,0,1,0,1,1,0,0,0,0,1,0,0,0,0,0,0,0,0,0,0,0,0,0,0,0,0,0,0,0,0,0,0,0,0,0,0,0
1004,1004,0,12896963460,39,00000000,0,35,2000000,4000,1,20000,2000000,"S_SAMPLE",38,2000000,2000000,21845,21845,"",00000000000000000000000000000000,"","",0,0,00,00,"S_WAIT_UTC",00,00,00,00,00,12896963460,"2",2394167296,4294439296,6656921312,ffffeb60,4263287296,0,1111,0000,00,"",0,00000000,"",0,1,"",0,0,000000000000000000,"","",0,0,f,0000000000000000,5555aaaa,0,00000000,0,0,1,1,0,1,0,0,0,0,1,1,1,0,0,1,1,0,0,1,0,0,1,0,1,1,0,0,0,0,1,0,0,0,0,0,0,0,0,0,0,0,0,0,0,0,0,0,0,0,0,0,0,0,0,0,0,0
1005,1005,0,12896963461,39,00000000,0,36,2000000,4000,1,20000,2000000,"S_SAMPLE",38,2000000,2000000,21845,21845,"",00000000000000000000000000000000,"","",0,0,00,00,"S_WAIT_UTC",00,00,00,00,00,12896963461,"2",2394167296,4294439296,6656921312,ffffeb60,4263287296,0,1111,0000,00,"",0,00000000,"",0,1,"",0,0,000000000000000000,"","",0,0,f,0000000000000000,5555aaaa,0,00000000,0,0,1,1,0,1,0,0,0,0,1,1,1,0,0,1,1,0,0,1,0,0,1,0,1,1,0,0,0,0,1,0,0,0,0,0,0,0,0,0,0,0,0,0,0,0,0,0,0,0,0,0,0,0,0,0,0,0
1006,1006,0,12896963462,39,00000000,0,36,2000000,4000,1,20000,2000000,"S_SAMPLE",38,2000000,2000000,21845,21845,"",00000000000000000000000000000000,"","",0,0,00,00,"S_WAIT_UTC",00,00,00,00,00,12896963462,"2",2394167296,4294439296,6656921312,ffffeb60,4263287296,0,1111,0000,00,"",0,00000000,"",0,1,"",0,0,000000000000000000,"","",0,0,f,0000000000000000,5555aaaa,0,00000000,0,0,1,1,0,1,0,0,0,0,1,1,1,0,0,1,1,0,0,1,0,0,1,0,1,1,0,0,0,0,1,0,0,0,0,0,0,0,0,0,0,0,0,0,0,0,0,0,0,0,0,0,0,0,0,0,0,0
1007,1007,0,12896963463,39,00000000,0,36,2000000,4000,1,20000,2000000,"S_SAMPLE",38,2000000,2000000,21845,21845,"",00000000000000000000000000000000,"","",0,0,00,00,"S_WAIT_UTC",00,00,00,00,00,12896963463,"2",2394167296,4294439296,6656921312,ffffeb60,4263287296,0,1111,0000,00,"",0,00000000,"",0,1,"",0,0,000000000000000000,"","",0,0,f,0000000000000000,5555aaaa,0,00000000,0,0,1,1,0,1,0,0,0,0,1,1,1,0,0,1,1,0,0,1,0,0,1,0,1,1,0,0,0,0,1,0,0,0,0,0,0,0,0,0,0,0,0,0,0,0,0,0,0,0,0,0,0,0,0,0,0,0
1008,1008,0,12896963464,39,00000000,0,36,2000000,4000,1,20000,2000000,"S_SAMPLE",38,2000000,2000000,21845,21845,"",00000000000000000000000000000000,"","",0,0,00,00,"S_WAIT_UTC",00,00,00,00,00,12896963464,"2",2394167296,4294439296,6656921312,ffffeb60,4263287296,0,1111,0000,00,"",0,00000000,"",0,1,"",0,0,000000000000000000,"","",0,0,f,0000000000000000,5555aaaa,0,00000000,0,0,1,1,0,1,0,0,0,0,1,1,1,0,0,1,1,0,0,1,0,0,1,0,1,1,0,0,0,0,1,0,0,0,0,0,0,0,0,0,0,0,0,0,0,0,0,0,0,0,0,0,0,0,0,0,0,0
1009,1009,0,12896963465,39,00000000,0,36,2000000,4000,1,20000,2000000,"S_SAMPLE",38,2000000,2000000,21845,21845,"",00000000000000000000000000000000,"","",0,0,00,00,"S_WAIT_UTC",00,00,00,00,00,12896963465,"2",2394167296,4294439296,6656921312,ffffeb60,4263287296,0,1111,0000,00,"",0,00000000,"",0,1,"",0,0,000000000000000000,"","",0,0,f,0000000000000000,5555aaaa,0,00000000,0,0,1,1,0,1,0,0,0,0,1,1,1,0,0,1,1,0,0,1,0,0,1,0,1,1,0,0,0,0,1,0,0,0,0,0,0,0,0,0,0,0,0,0,0,0,0,0,0,0,0,0,0,0,0,0,0,0
1010,1010,0,12896963466,39,00000000,0,36,2000000,4000,1,20000,2000000,"S_SAMPLE",38,2000000,2000000,21845,43690,"",00000000000000000000000000000000,"","",0,0,00,00,"S_WAIT_UTC",00,00,00,00,00,12896963466,"2",2394167296,4294439296,6656921312,ffffeb60,4263287296,0,1111,0000,00,"",0,00000000,"",0,1,"",0,0,000000000000000000,"","",0,0,f,0000000000000000,5555aaaa,0,00000000,0,0,1,1,0,1,0,0,0,0,1,1,1,0,0,1,1,0,0,1,0,0,1,0,1,1,0,0,0,0,1,0,0,0,0,0,0,0,0,0,0,0,0,0,0,0,0,0,0,0,0,0,0,0,0,0,0,0
1011,1011,0,12896963467,39,00000000,0,36,2000000,4000,1,20000,2000000,"S_SAMPLE",38,2000000,2000000,21845,43690,"",00000000000000000000000000000000,"","",0,0,00,00,"S_WAIT_UTC",00,00,00,00,00,12896963467,"2",2394167296,4294439296,6656921312,ffffeb60,4263287296,0,1111,0000,00,"",0,00000000,"",0,1,"",0,0,000000000000000000,"","",0,0,f,0000000000000000,5555aaaa,0,00000000,0,0,1,1,0,1,0,0,0,0,1,1,1,0,0,1,1,0,0,1,0,0,1,0,1,1,0,0,0,0,1,0,0,0,0,0,0,0,0,0,0,0,0,0,0,0,0,0,0,0,0,0,0,0,0,0,0,0
1012,1012,0,12896963468,39,00000000,0,36,2000000,4000,1,20000,2000000,"S_SAMPLE",38,2000000,2000000,21845,43690,"",00000000000000000000000000000000,"","",0,0,00,00,"S_WAIT_UTC",00,00,00,00,00,12896963468,"2",2394167296,4294439296,6656921312,ffffeb60,4263287296,0,1111,0000,00,"",0,00000000,"",0,1,"",0,0,000000000000000000,"","",0,0,f,0000000000000000,5555aaaa,0,00000000,0,0,1,1,0,1,0,0,0,0,1,1,1,0,0,1,1,0,0,1,0,0,1,0,1,1,0,0,0,0,1,0,0,0,0,0,0,0,0,0,0,0,0,0,0,0,0,0,0,0,0,0,0,0,0,0,0,0
1013,1013,0,12896963469,39,00000000,0,36,2000000,4000,1,20000,2000000,"S_SAMPLE",38,2000000,2000000,21845,43690,"",00000000000000000000000000000000,"","",0,0,00,00,"S_WAIT_UTC",00,00,00,00,00,12896963469,"2",2394167296,4294439296,6656921312,ffffeb60,4263287296,0,1111,0000,00,"",0,00000000,"",0,1,"",0,0,000000000000000000,"","",0,0,f,0000000000000000,5555aaaa,0,00000000,0,0,1,1,0,1,0,0,0,0,1,1,1,0,0,1,1,0,0,1,0,0,1,0,1,1,0,0,0,0,1,0,0,0,0,0,0,0,0,0,0,0,0,0,0,0,0,0,0,0,0,0,0,0,0,0,0,0
1014,1014,0,12896963470,39,00000000,0,36,2000000,4000,1,20000,2000000,"S_SAMPLE",38,2000000,2000000,21845,43690,"",00000000000000000000000000000000,"","",0,0,00,00,"S_WAIT_UTC",00,00,00,00,00,12896963470,"2",2394167296,4294439296,6656921312,ffffeb60,4263287296,0,1111,0000,00,"",0,00000000,"",0,1,"",0,0,000000000000000000,"","",0,0,f,0000000000000000,5555aaaa,0,00000000,0,0,1,1,0,1,0,0,0,0,1,1,1,0,0,1,1,0,0,1,0,0,1,0,1,1,0,0,0,0,1,0,0,0,0,0,0,0,0,0,0,0,0,0,0,0,0,0,0,0,0,0,0,0,0,0,0,0
1015,1015,0,12896963471,39,00000000,0,36,2000000,4000,1,20000,2000000,"S_SAMPLE",38,2000000,2000000,21845,43690,"",00000000000000000000000000000000,"","",0,0,00,00,"S_WAIT_UTC",00,00,00,00,00,12896963471,"2",2394167296,4294439296,6656921312,ffffeb60,4263287296,0,1111,0000,00,"",0,00000000,"",0,1,"",0,0,000000000000000000,"","",0,0,f,0000000000000000,5555aaaa,0,00000000,0,0,1,1,0,1,0,0,0,0,1,1,1,0,0,1,1,0,0,1,0,0,1,0,1,1,0,0,0,0,1,0,0,0,0,0,0,0,0,0,0,0,0,0,0,0,0,0,0,0,0,0,0,0,0,0,0,0
1016,1016,0,12896963472,39,00000000,0,36,2000000,4000,1,20000,2000000,"S_SAMPLE",38,2000000,2000000,21845,43690,"",00000000000000000000000000000000,"","",0,0,00,00,"S_WAIT_UTC",00,00,00,00,00,12896963472,"2",2394167296,4294439296,6656921312,ffffeb60,4263287296,0,1111,0000,00,"",0,00000000,"",0,1,"",0,0,000000000000000000,"","",0,0,f,0000000000000000,5555aaaa,0,00000000,0,0,1,1,0,1,0,0,0,0,1,1,1,0,0,1,1,0,0,1,0,0,1,0,1,1,0,0,0,0,1,0,0,0,0,0,0,0,0,0,0,0,0,0,0,0,0,0,0,0,0,0,0,0,0,0,0,0
1017,1017,0,12896963473,39,00000000,0,36,2000000,4000,1,20000,2000000,"S_SAMPLE",38,2000000,2000000,21845,43690,"",00000000000000000000000000000000,"","",0,0,00,00,"S_WAIT_UTC",00,00,00,00,00,12896963473,"2",2394167296,4294439296,6656921312,ffffeb60,4263287296,0,1111,0000,00,"",0,00000000,"",0,1,"",0,0,000000000000000000,"","",0,0,f,0000000000000000,5555aaaa,0,00000000,0,0,1,1,0,1,0,0,0,0,1,1,1,0,0,1,1,0,0,1,0,0,1,0,1,1,0,0,0,0,1,0,0,0,0,0,0,0,0,0,0,0,0,0,0,0,0,0,0,0,0,0,0,0,0,0,0,0
1018,1018,0,12896963474,39,00000000,0,36,2000000,4000,1,20000,2000000,"S_SAMPLE",38,2000000,2000000,21845,43690,"",00000000000000000000000000000000,"","",0,0,00,00,"S_WAIT_UTC",00,00,00,00,00,12896963474,"2",2394167296,4294439296,6656921312,ffffeb60,4263287296,0,1111,0000,00,"",0,00000000,"",0,1,"",0,0,000000000000000000,"","",0,0,f,0000000000000000,5555aaaa,0,00000000,0,0,1,1,0,1,0,0,0,0,1,1,1,0,0,1,1,0,0,1,0,0,1,0,1,1,0,0,0,0,1,0,0,0,0,0,0,0,0,0,0,0,0,0,0,0,0,0,0,0,0,0,0,0,0,0,0,0
1019,1019,0,12896963475,39,00000000,0,36,2000000,4000,1,20000,2000000,"S_SAMPLE",38,2000000,2000000,21845,43690,"",00000000000000000000000000000000,"","",0,0,00,00,"S_WAIT_UTC",00,00,00,00,00,12896963475,"2",2394167296,4294439296,6656921312,ffffeb60,4263287296,0,1111,0000,00,"",0,00000000,"",0,1,"",0,0,000000000000000000,"","",0,0,f,0000000000000000,5555aaaa,0,00000000,0,0,1,1,0,1,0,0,0,0,1,1,1,0,0,1,1,0,0,1,0,0,1,0,1,1,0,0,0,0,1,0,0,0,0,0,0,0,0,0,0,0,0,0,0,0,0,0,0,0,0,0,0,0,0,0,0,0
1020,1020,0,12896963476,39,00000000,0,36,2000000,4000,1,20000,2000000,"S_SAMPLE",38,2000000,2000000,21845,43690,"",00000000000000000000000000000000,"","",0,0,00,00,"S_WAIT_UTC",00,00,00,00,00,12896963476,"2",2394167296,4294439296,6656921312,ffffeb60,4263287296,0,1111,0000,00,"",0,00000000,"",0,1,"",0,0,000000000000000000,"","",0,0,f,0000000000000000,5555aaaa,0,00000000,0,0,1,1,0,1,0,0,0,0,1,1,1,0,0,1,1,0,0,1,0,0,1,0,1,1,0,0,0,0,1,0,0,0,0,0,0,0,0,0,0,0,0,0,0,0,0,0,0,0,0,0,0,0,0,0,0,0
1021,1021,0,12896963477,39,00000000,0,36,2000000,4000,1,20000,2000000,"S_SAMPLE",38,2000000,2000000,21845,43690,"",00000000000000000000000000000000,"","",0,0,00,00,"S_WAIT_UTC",00,00,00,00,00,12896963477,"2",2394167296,4294439296,6656921312,ffffeb60,4263287296,0,1111,0000,00,"",0,00000000,"",0,1,"",0,0,000000000000000000,"","",0,0,f,0000000000000000,5555aaaa,0,00000000,0,0,1,1,0,1,0,0,0,0,1,1,1,0,0,1,1,0,0,1,0,0,1,0,1,1,0,0,0,0,1,0,0,0,0,0,0,0,0,0,0,0,0,0,0,0,0,0,0,0,0,0,0,0,0,0,0,0
1022,1022,0,12896963478,39,00000000,0,36,2000000,4000,1,20000,2000000,"S_SAMPLE",38,2000000,2000000,21845,43690,"",00000000000000000000000000000000,"","",0,0,00,00,"S_WAIT_UTC",00,00,00,00,00,12896963478,"2",2394167296,4294439296,6656921312,ffffeb60,4263287296,0,1111,0000,00,"",0,00000000,"",0,1,"",0,0,000000000000000000,"","",0,0,f,0000000000000000,5555aaaa,0,00000000,0,0,1,1,0,1,0,0,0,0,1,1,1,0,0,1,1,0,0,1,0,0,1,0,1,1,0,0,0,0,1,0,0,0,0,0,0,0,0,0,0,0,0,0,0,0,0,0,0,0,0,0,0,0,0,0,0,0
1023,1023,0,12896963479,40,00000000,0,36,2000000,4000,1,20000,2000000,"S_SAMPLE",39,2000000,2000000,21845,43690,"",00000000000000000000000000000000,"","",0,0,00,00,"S_WAIT_UTC",00,00,00,00,00,12896963479,"2",2394167296,4294439296,6656921312,ffffeb60,4263287296,0,1111,0000,00,"",0,00000000,"",0,1,"",0,0,000000000000000000,"","",0,0,f,0000000000000000,5555aaaa,0,00000000,0,0,1,1,0,1,0,0,0,0,1,1,1,0,0,1,1,0,0,1,0,0,1,0,1,1,0,0,0,0,1,0,0,0,0,0,0,0,0,0,0,0,0,0,0,0,0,0,0,0,0,0,0,0,0,0,0,0
