$date
        2025-Jan-16 15:11:27
$end
$version
        Vivado v2020.1_AR75502 (64-bit)
$end
$timescale
        1ps
$end
$scope module dut $end
$var reg 32 " uav_sar_i/zynq_ultra_pl/uart_nav_data_0/inst/uart_nav_data_v1_0_S00_AXI_inst/u_uart_rx/u_bram_wr/bram_data_reg [31:0] $end
$var reg 32 B uav_sar_i/zynq_ultra_pl/uart_nav_data_0/inst/uart_nav_data_v1_0_S00_AXI_inst/u_uart_rx/u_bram_wr/ram_wr_data [31:0] $end
$var reg 32 b uav_sar_i/zynq_ultra_pl/uart_nav_data_0/inst/uart_nav_data_v1_0_S00_AXI_inst/u_uart_rx/u_bram_wr/ram_addr [31:0] $end
$var reg 4 $" uav_sar_i/zynq_ultra_pl/uart_nav_data_0/inst/uart_nav_data_v1_0_S00_AXI_inst/u_uart_rx/u_bram_wr/ram_we [3:0] $end
$var reg 3 (" uav_sar_i/zynq_ultra_pl/uart_nav_data_0/inst/uart_nav_data_v1_0_S00_AXI_inst/u_uart_rx/u_bram_wr/uart_data_count [2:0] $end
$var reg 8 +" \uav_sar_i/zynq_ultra_pl/uart_nav_data_0/inst/uart_nav_data_v1_0_S00_AXI_inst/u_uart_rx/u_bram_wr/uart_data_reg[0] [7:0] $end
$var reg 8 3" \uav_sar_i/zynq_ultra_pl/uart_nav_data_0/inst/uart_nav_data_v1_0_S00_AXI_inst/u_uart_rx/u_bram_wr/uart_data_reg[1] [7:0] $end
$var reg 8 ;" \uav_sar_i/zynq_ultra_pl/uart_nav_data_0/inst/uart_nav_data_v1_0_S00_AXI_inst/u_uart_rx/u_bram_wr/uart_data_reg[3] [7:0] $end
$var reg 8 C" uav_sar_i/zynq_ultra_pl/uart_nav_data_0/inst/uart_nav_data_v1_0_S00_AXI_inst/u_uart_rx/u_bram_wr/uart_rx_data [7:0] $end
$var reg 8 K" \uav_sar_i/zynq_ultra_pl/uart_nav_data_0/inst/uart_nav_data_v1_0_S00_AXI_inst/u_uart_rx/u_bram_wr/uart_data_reg[2] [7:0] $end
$var reg 4 S" uav_sar_i/zynq_ultra_pl/uart_nav_data_0/inst/uart_nav_data_v1_0_S00_AXI_inst/u_uart_rx/rx_cnt [3:0] $end
$var reg 16 W" uav_sar_i/zynq_ultra_pl/uart_nav_data_0/inst/uart_nav_data_v1_0_S00_AXI_inst/u_uart_rx/baud_cnt [15:0] $end
$var reg 8 g" uav_sar_i/zynq_ultra_pl/uart_nav_data_0/inst/uart_nav_data_v1_0_S00_AXI_inst/u_uart_rx/rx_data_t [7:0] $end
$var reg 8 o" uav_sar_i/zynq_ultra_pl/uart_nav_data_0/inst/uart_nav_data_v1_0_S00_AXI_inst/u_uart_rx/uart_rx_data [7:0] $end
$var reg 1 w" uav_sar_i/zynq_ultra_pl/uart_nav_data_0/inst/uart_nav_data_v1_0_S00_AXI_inst/u_uart_rx/clk $end
$var reg 1 x" uav_sar_i/zynq_ultra_pl/uart_nav_data_0/inst/uart_nav_data_v1_0_S00_AXI_inst/u_uart_rx/u_bram_wr/ram_clk $end
$var reg 1 y" uav_sar_i/zynq_ultra_pl/uart_nav_data_0/inst/uart_nav_data_v1_0_S00_AXI_inst/u_uart_rx/u_bram_wr/ram_en $end
$var reg 1 z" uav_sar_i/zynq_ultra_pl/uart_nav_data_0/inst/uart_nav_data_v1_0_S00_AXI_inst/u_uart_rx/u_bram_wr/ram_rd_data $end
$var reg 1 {" uav_sar_i/zynq_ultra_pl/uart_nav_data_0/inst/uart_nav_data_v1_0_S00_AXI_inst/u_uart_rx/u_bram_wr/ram_rst $end
$var reg 1 |" uav_sar_i/zynq_ultra_pl/uart_nav_data_0/inst/uart_nav_data_v1_0_S00_AXI_inst/u_uart_rx/u_bram_wr/ram_we_reg $end
$var reg 1 }" uav_sar_i/zynq_ultra_pl/uart_nav_data_0/inst/uart_nav_data_v1_0_S00_AXI_inst/u_uart_rx/rst_n $end
$var reg 1 ~" uav_sar_i/zynq_ultra_pl/uart_nav_data_0/inst/uart_nav_data_v1_0_S00_AXI_inst/u_uart_rx/rx_flag $end
$var reg 1 !# uav_sar_i/zynq_ultra_pl/uart_nav_data_0/inst/uart_nav_data_v1_0_S00_AXI_inst/u_uart_rx/start_en $end
$var reg 1 "# uav_sar_i/zynq_ultra_pl/uart_nav_data_0/inst/uart_nav_data_v1_0_S00_AXI_inst/u_uart_rx/u_bram_wr/uart_data_count_3 $end
$var reg 1 ## uav_sar_i/zynq_ultra_pl/uart_nav_data_0/inst/uart_nav_data_v1_0_S00_AXI_inst/u_uart_rx/u_bram_wr/uart_rx_done $end
$var reg 1 $# uav_sar_i/zynq_ultra_pl/uart_nav_data_0/inst/uart_nav_data_v1_0_S00_AXI_inst/u_uart_rx/uart_rx_done $end
$var reg 1 %# uav_sar_i/zynq_ultra_pl/uart_nav_data_0/inst/uart_nav_data_v1_0_S00_AXI_inst/u_uart_rx/uart_rxd $end
$var reg 1 &# uav_sar_i/zynq_ultra_pl/uart_nav_data_0/inst/uart_nav_data_v1_0_S00_AXI_inst/u_uart_rx/uart_rxd_d0 $end
$var reg 1 '# uav_sar_i/zynq_ultra_pl/uart_nav_data_0/inst/uart_nav_data_v1_0_S00_AXI_inst/u_uart_rx/uart_rxd_d1 $end
$var reg 1 (# uav_sar_i/zynq_ultra_pl/uart_nav_data_0/inst/uart_nav_data_v1_0_S00_AXI_inst/u_uart_rx/uart_rxd_d2 $end
$var reg 1 )# _TRIGGER $end
$var reg 1 *# _WINDOW $end
$var reg 1 +# _GAP $end
$upscope $end
$enddefinitions $end
#0
$dumpvars
b0 "
b0 B
b0 b
b0 $"
b0 ("
b0 +"
b0 3"
b0 ;"
b0 C"
b0 K"
b1001 S"
b11010111 W"
b1000001 g"
b0 o"
0w"
0x"
1y"
0z"
0{"
0|"
1}"
1~"
0!#
0"#
0##
0$#
1%#
1&#
1'#
1(#
0)#
1*#
0+#
$end
#1
b11011000 W"
#2
b1000001 C"
b11011001 W"
b1000001 o"
0~"
1##
1$#
1)#
#3
b1 ("
b1000001 +"
b0 S"
b0 W"
b0 g"
0##
0$#
#209
0%#
#210
0&#
#211
1!#
0'#
#212
1~"
0!#
0(#
#213
b1 W"
#214
b10 W"
#215
b11 W"
#216
b100 W"
#217
b101 W"
#218
b110 W"
#219
b111 W"
#220
b1000 W"
#221
b1001 W"
#222
b1010 W"
#223
b1011 W"
#224
b1100 W"
#225
b1101 W"
#226
b1110 W"
#227
b1111 W"
#228
b10000 W"
#229
b10001 W"
#230
b10010 W"
#231
b10011 W"
#232
b10100 W"
#233
b10101 W"
#234
b10110 W"
#235
b10111 W"
#236
b11000 W"
#237
b11001 W"
#238
b11010 W"
#239
b11011 W"
#240
b11100 W"
#241
b11101 W"
#242
b11110 W"
#243
b11111 W"
#244
b100000 W"
#245
b100001 W"
#246
b100010 W"
#247
b100011 W"
#248
b100100 W"
#249
b100101 W"
#250
b100110 W"
#251
b100111 W"
#252
b101000 W"
#253
b101001 W"
#254
b101010 W"
#255
b101011 W"
#256
b101100 W"
#257
b101101 W"
#258
b101110 W"
#259
b101111 W"
#260
b110000 W"
#261
b110001 W"
#262
b110010 W"
#263
b110011 W"
#264
b110100 W"
#265
b110101 W"
#266
b110110 W"
#267
b110111 W"
#268
b111000 W"
#269
b111001 W"
#270
b111010 W"
#271
b111011 W"
#272
b111100 W"
#273
b111101 W"
#274
b111110 W"
#275
b111111 W"
#276
b1000000 W"
#277
b1000001 W"
#278
b1000010 W"
#279
b1000011 W"
#280
b1000100 W"
#281
b1000101 W"
#282
b1000110 W"
#283
b1000111 W"
#284
b1001000 W"
#285
b1001001 W"
#286
b1001010 W"
#287
b1001011 W"
#288
b1001100 W"
#289
b1001101 W"
#290
b1001110 W"
#291
b1001111 W"
#292
b1010000 W"
#293
b1010001 W"
#294
b1010010 W"
#295
b1010011 W"
#296
b1010100 W"
#297
b1010101 W"
#298
b1010110 W"
#299
b1010111 W"
#300
b1011000 W"
#301
b1011001 W"
#302
b1011010 W"
#303
b1011011 W"
#304
b1011100 W"
#305
b1011101 W"
#306
b1011110 W"
#307
b1011111 W"
#308
b1100000 W"
#309
b1100001 W"
#310
b1100010 W"
#311
b1100011 W"
#312
b1100100 W"
#313
b1100101 W"
#314
b1100110 W"
#315
b1100111 W"
#316
b1101000 W"
#317
b1101001 W"
#318
b1101010 W"
#319
b1101011 W"
#320
b1101100 W"
#321
b1101101 W"
#322
b1101110 W"
#323
b1101111 W"
#324
b1110000 W"
#325
b1110001 W"
#326
b1110010 W"
#327
b1110011 W"
#328
b1110100 W"
#329
b1110101 W"
#330
b1110110 W"
#331
b1110111 W"
#332
b1111000 W"
#333
b1111001 W"
#334
b1111010 W"
#335
b1111011 W"
#336
b1111100 W"
#337
b1111101 W"
#338
b1111110 W"
#339
b1111111 W"
#340
b10000000 W"
#341
b10000001 W"
#342
b10000010 W"
#343
b10000011 W"
#344
b10000100 W"
#345
b10000101 W"
#346
b10000110 W"
#347
b10000111 W"
#348
b10001000 W"
#349
b10001001 W"
#350
b10001010 W"
#351
b10001011 W"
#352
b10001100 W"
#353
b10001101 W"
#354
b10001110 W"
#355
b10001111 W"
#356
b10010000 W"
#357
b10010001 W"
#358
b10010010 W"
#359
b10010011 W"
#360
b10010100 W"
#361
b10010101 W"
#362
b10010110 W"
#363
b10010111 W"
#364
b10011000 W"
#365
b10011001 W"
#366
b10011010 W"
#367
b10011011 W"
#368
b10011100 W"
#369
b10011101 W"
#370
b10011110 W"
#371
b10011111 W"
#372
b10100000 W"
#373
b10100001 W"
#374
b10100010 W"
#375
b10100011 W"
#376
b10100100 W"
#377
b10100101 W"
#378
b10100110 W"
#379
b10100111 W"
#380
b10101000 W"
#381
b10101001 W"
#382
b10101010 W"
#383
b10101011 W"
#384
b10101100 W"
#385
b10101101 W"
#386
b10101110 W"
#387
b10101111 W"
#388
b10110000 W"
#389
b10110001 W"
#390
b10110010 W"
#391
b10110011 W"
#392
b10110100 W"
#393
b10110101 W"
#394
b10110110 W"
#395
b10110111 W"
#396
b10111000 W"
#397
b10111001 W"
#398
b10111010 W"
#399
b10111011 W"
#400
b10111100 W"
#401
b10111101 W"
#402
b10111110 W"
#403
b10111111 W"
#404
b11000000 W"
#405
b11000001 W"
#406
b11000010 W"
#407
b11000011 W"
#408
b11000100 W"
#409
b11000101 W"
#410
b11000110 W"
#411
b11000111 W"
#412
b11001000 W"
#413
b11001001 W"
#414
b11001010 W"
#415
b11001011 W"
#416
b11001100 W"
#417
b11001101 W"
#418
b11001110 W"
#419
b11001111 W"
#420
b11010000 W"
#421
b11010001 W"
#422
b11010010 W"
#423
b11010011 W"
#424
b11010100 W"
#425
b11010101 W"
#426
b11010110 W"
#427
b11010111 W"
#428
b11011000 W"
#429
b11011001 W"
#430
b11011010 W"
#431
b11011011 W"
#432
b11011100 W"
#433
b11011101 W"
#434
b11011110 W"
#435
b11011111 W"
#436
b11100000 W"
#437
b11100001 W"
#438
b11100010 W"
#439
b11100011 W"
#440
b11100100 W"
#441
b11100101 W"
#442
b11100110 W"
#443
b11100111 W"
#444
b11101000 W"
#445
b11101001 W"
#446
b11101010 W"
#447
b11101011 W"
#448
b11101100 W"
#449
b11101101 W"
#450
b11101110 W"
#451
b11101111 W"
#452
b11110000 W"
#453
b11110001 W"
#454
b11110010 W"
#455
b11110011 W"
#456
b11110100 W"
#457
b11110101 W"
#458
b11110110 W"
#459
b11110111 W"
#460
b11111000 W"
#461
b11111001 W"
#462
b11111010 W"
#463
b11111011 W"
#464
b11111100 W"
#465
b11111101 W"
#466
b11111110 W"
#467
b11111111 W"
#468
b100000000 W"
#469
b100000001 W"
#470
b100000010 W"
#471
b100000011 W"
#472
b100000100 W"
#473
b100000101 W"
#474
b100000110 W"
#475
b100000111 W"
#476
b100001000 W"
#477
b100001001 W"
#478
b100001010 W"
#479
b100001011 W"
#480
b100001100 W"
#481
b100001101 W"
#482
b100001110 W"
#483
b100001111 W"
#484
b100010000 W"
#485
b100010001 W"
#486
b100010010 W"
#487
b100010011 W"
#488
b100010100 W"
#489
b100010101 W"
#490
b100010110 W"
#491
b100010111 W"
#492
b100011000 W"
#493
b100011001 W"
#494
b100011010 W"
#495
b100011011 W"
#496
b100011100 W"
#497
b100011101 W"
#498
b100011110 W"
#499
b100011111 W"
#500
b100100000 W"
#501
b100100001 W"
#502
b100100010 W"
#503
b100100011 W"
#504
b100100100 W"
#505
b100100101 W"
#506
b100100110 W"
#507
b100100111 W"
#508
b100101000 W"
#509
b100101001 W"
#510
b100101010 W"
#511
b100101011 W"
#512
b100101100 W"
#513
b100101101 W"
#514
b100101110 W"
#515
b100101111 W"
#516
b100110000 W"
#517
b100110001 W"
#518
b100110010 W"
#519
b100110011 W"
#520
b100110100 W"
#521
b100110101 W"
#522
b100110110 W"
#523
b100110111 W"
#524
b100111000 W"
#525
b100111001 W"
#526
b100111010 W"
#527
b100111011 W"
#528
b100111100 W"
#529
b100111101 W"
#530
b100111110 W"
#531
b100111111 W"
#532
b101000000 W"
#533
b101000001 W"
#534
b101000010 W"
#535
b101000011 W"
#536
b101000100 W"
#537
b101000101 W"
#538
b101000110 W"
#539
b101000111 W"
#540
b101001000 W"
#541
b101001001 W"
#542
b101001010 W"
#543
b101001011 W"
#544
b101001100 W"
#545
b101001101 W"
#546
b101001110 W"
#547
b101001111 W"
#548
b101010000 W"
#549
b101010001 W"
#550
b101010010 W"
#551
b101010011 W"
#552
b101010100 W"
#553
b101010101 W"
#554
b101010110 W"
#555
b101010111 W"
#556
b101011000 W"
#557
b101011001 W"
#558
b101011010 W"
#559
b101011011 W"
#560
b101011100 W"
#561
b101011101 W"
#562
b101011110 W"
#563
b101011111 W"
#564
b101100000 W"
#565
b101100001 W"
#566
b101100010 W"
#567
b101100011 W"
#568
b101100100 W"
#569
b101100101 W"
#570
b101100110 W"
#571
b101100111 W"
#572
b101101000 W"
#573
b101101001 W"
#574
b101101010 W"
#575
b101101011 W"
#576
b101101100 W"
#577
b101101101 W"
#578
b101101110 W"
#579
b101101111 W"
#580
b101110000 W"
#581
b101110001 W"
#582
b101110010 W"
#583
b101110011 W"
#584
b101110100 W"
#585
b101110101 W"
#586
b101110110 W"
#587
b101110111 W"
#588
b101111000 W"
#589
b101111001 W"
#590
b101111010 W"
#591
b101111011 W"
#592
b101111100 W"
#593
b101111101 W"
#594
b101111110 W"
#595
b101111111 W"
#596
b110000000 W"
#597
b110000001 W"
#598
b110000010 W"
#599
b110000011 W"
#600
b110000100 W"
#601
b110000101 W"
#602
b110000110 W"
#603
b110000111 W"
#604
b110001000 W"
#605
b110001001 W"
#606
b110001010 W"
#607
b110001011 W"
#608
b110001100 W"
#609
b110001101 W"
#610
b110001110 W"
#611
b110001111 W"
#612
b110010000 W"
#613
b110010001 W"
#614
b110010010 W"
#615
b110010011 W"
#616
b110010100 W"
#617
b110010101 W"
#618
b110010110 W"
#619
b110010111 W"
#620
b110011000 W"
#621
b110011001 W"
#622
b110011010 W"
#623
b110011011 W"
#624
b110011100 W"
#625
b110011101 W"
#626
b110011110 W"
#627
b110011111 W"
#628
b110100000 W"
#629
b110100001 W"
#630
b110100010 W"
#631
b110100011 W"
#632
b110100100 W"
#633
b110100101 W"
#634
b110100110 W"
#635
b110100111 W"
#636
b110101000 W"
#637
b110101001 W"
#638
b110101010 W"
#639
b110101011 W"
#640
b110101100 W"
#641
b110101101 W"
#642
b110101110 W"
#643
b110101111 W"
#644
b110110000 W"
#645
b110110001 W"
#646
b1 S"
b0 W"
#647
b1 W"
#648
b10 W"
#649
b11 W"
#650
b100 W"
#651
b101 W"
#652
b110 W"
#653
b111 W"
#654
b1000 W"
#655
b1001 W"
#656
b1010 W"
#657
b1011 W"
#658
b1100 W"
#659
b1101 W"
#660
b1110 W"
#661
b1111 W"
#662
b10000 W"
#663
b10001 W"
#664
b10010 W"
#665
b10011 W"
#666
b10100 W"
#667
b10101 W"
#668
b10110 W"
#669
b10111 W"
#670
b11000 W"
#671
b11001 W"
#672
b11010 W"
#673
b11011 W"
#674
b11100 W"
#675
b11101 W"
#676
b11110 W"
#677
b11111 W"
#678
b100000 W"
#679
b100001 W"
#680
b100010 W"
#681
b100011 W"
#682
b100100 W"
#683
b100101 W"
#684
b100110 W"
#685
b100111 W"
#686
b101000 W"
#687
b101001 W"
#688
b101010 W"
#689
b101011 W"
#690
b101100 W"
#691
b101101 W"
#692
b101110 W"
#693
b101111 W"
#694
b110000 W"
#695
b110001 W"
#696
b110010 W"
#697
b110011 W"
#698
b110100 W"
#699
b110101 W"
#700
b110110 W"
#701
b110111 W"
#702
b111000 W"
#703
b111001 W"
#704
b111010 W"
#705
b111011 W"
#706
b111100 W"
#707
b111101 W"
#708
b111110 W"
#709
b111111 W"
#710
b1000000 W"
#711
b1000001 W"
#712
b1000010 W"
#713
b1000011 W"
#714
b1000100 W"
#715
b1000101 W"
#716
b1000110 W"
#717
b1000111 W"
#718
b1001000 W"
#719
b1001001 W"
#720
b1001010 W"
#721
b1001011 W"
#722
b1001100 W"
#723
b1001101 W"
#724
b1001110 W"
#725
b1001111 W"
#726
b1010000 W"
#727
b1010001 W"
#728
b1010010 W"
#729
b1010011 W"
#730
b1010100 W"
#731
b1010101 W"
#732
b1010110 W"
#733
b1010111 W"
#734
b1011000 W"
#735
b1011001 W"
#736
b1011010 W"
#737
b1011011 W"
#738
b1011100 W"
#739
b1011101 W"
#740
b1011110 W"
#741
b1011111 W"
#742
b1100000 W"
#743
b1100001 W"
#744
b1100010 W"
#745
b1100011 W"
#746
b1100100 W"
#747
b1100101 W"
#748
b1100110 W"
#749
b1100111 W"
#750
b1101000 W"
#751
b1101001 W"
#752
b1101010 W"
#753
b1101011 W"
#754
b1101100 W"
#755
b1101101 W"
#756
b1101110 W"
#757
b1101111 W"
#758
b1110000 W"
#759
b1110001 W"
#760
b1110010 W"
#761
b1110011 W"
#762
b1110100 W"
#763
b1110101 W"
#764
b1110110 W"
#765
b1110111 W"
#766
b1111000 W"
#767
b1111001 W"
#768
b1111010 W"
#769
b1111011 W"
#770
b1111100 W"
#771
b1111101 W"
#772
b1111110 W"
#773
b1111111 W"
#774
b10000000 W"
#775
b10000001 W"
#776
b10000010 W"
#777
b10000011 W"
#778
b10000100 W"
#779
b10000101 W"
#780
b10000110 W"
#781
b10000111 W"
#782
b10001000 W"
#783
b10001001 W"
#784
b10001010 W"
#785
b10001011 W"
#786
b10001100 W"
#787
b10001101 W"
#788
b10001110 W"
#789
b10001111 W"
#790
b10010000 W"
#791
b10010001 W"
#792
b10010010 W"
#793
b10010011 W"
#794
b10010100 W"
#795
b10010101 W"
#796
b10010110 W"
#797
b10010111 W"
#798
b10011000 W"
#799
b10011001 W"
#800
b10011010 W"
#801
b10011011 W"
#802
b10011100 W"
#803
b10011101 W"
#804
b10011110 W"
#805
b10011111 W"
#806
b10100000 W"
#807
b10100001 W"
#808
b10100010 W"
#809
b10100011 W"
#810
b10100100 W"
#811
b10100101 W"
#812
b10100110 W"
#813
b10100111 W"
#814
b10101000 W"
#815
b10101001 W"
#816
b10101010 W"
#817
b10101011 W"
#818
b10101100 W"
#819
b10101101 W"
#820
b10101110 W"
#821
b10101111 W"
#822
b10110000 W"
#823
b10110001 W"
#824
b10110010 W"
#825
b10110011 W"
#826
b10110100 W"
#827
b10110101 W"
#828
b10110110 W"
#829
b10110111 W"
#830
b10111000 W"
#831
b10111001 W"
#832
b10111010 W"
#833
b10111011 W"
#834
b10111100 W"
#835
b10111101 W"
#836
b10111110 W"
#837
b10111111 W"
#838
b11000000 W"
#839
b11000001 W"
#840
b11000010 W"
#841
b11000011 W"
#842
b11000100 W"
#843
b11000101 W"
#844
b11000110 W"
#845
b11000111 W"
#846
b11001000 W"
#847
b11001001 W"
#848
b11001010 W"
#849
b11001011 W"
#850
b11001100 W"
#851
b11001101 W"
#852
b11001110 W"
#853
b11001111 W"
#854
b11010000 W"
#855
b11010001 W"
#856
b11010010 W"
#857
b11010011 W"
#858
b11010100 W"
#859
b11010101 W"
#860
b11010110 W"
#861
b11010111 W"
#862
b11011000 W"
#863
b11011001 W"
#864
b11011010 W"
#865
b11011011 W"
#866
b11011100 W"
#867
b11011101 W"
#868
b11011110 W"
#869
b11011111 W"
#870
b11100000 W"
#871
b11100001 W"
#872
b11100010 W"
#873
b11100011 W"
#874
b11100100 W"
#875
b11100101 W"
#876
b11100110 W"
#877
b11100111 W"
#878
b11101000 W"
#879
b11101001 W"
#880
b11101010 W"
#881
b11101011 W"
#882
b11101100 W"
#883
b11101101 W"
#884
b11101110 W"
#885
b11101111 W"
#886
b11110000 W"
#887
b11110001 W"
#888
b11110010 W"
#889
b11110011 W"
#890
b11110100 W"
#891
b11110101 W"
#892
b11110110 W"
#893
b11110111 W"
#894
b11111000 W"
#895
b11111001 W"
#896
b11111010 W"
#897
b11111011 W"
#898
b11111100 W"
#899
b11111101 W"
#900
b11111110 W"
#901
b11111111 W"
#902
b100000000 W"
#903
b100000001 W"
#904
b100000010 W"
#905
b100000011 W"
#906
b100000100 W"
#907
b100000101 W"
#908
b100000110 W"
#909
b100000111 W"
#910
b100001000 W"
#911
b100001001 W"
#912
b100001010 W"
#913
b100001011 W"
#914
b100001100 W"
#915
b100001101 W"
#916
b100001110 W"
#917
b100001111 W"
#918
b100010000 W"
#919
b100010001 W"
#920
b100010010 W"
#921
b100010011 W"
#922
b100010100 W"
#923
b100010101 W"
#924
b100010110 W"
#925
b100010111 W"
#926
b100011000 W"
#927
b100011001 W"
#928
b100011010 W"
#929
b100011011 W"
#930
b100011100 W"
#931
b100011101 W"
#932
b100011110 W"
#933
b100011111 W"
#934
b100100000 W"
#935
b100100001 W"
#936
b100100010 W"
#937
b100100011 W"
#938
b100100100 W"
#939
b100100101 W"
#940
b100100110 W"
#941
b100100111 W"
#942
b100101000 W"
#943
b100101001 W"
#944
b100101010 W"
#945
b100101011 W"
#946
b100101100 W"
#947
b100101101 W"
#948
b100101110 W"
#949
b100101111 W"
#950
b100110000 W"
#951
b100110001 W"
#952
b100110010 W"
#953
b100110011 W"
#954
b100110100 W"
#955
b100110101 W"
#956
b100110110 W"
#957
b100110111 W"
#958
b100111000 W"
#959
b100111001 W"
#960
b100111010 W"
#961
b100111011 W"
#962
b100111100 W"
#963
b100111101 W"
#964
b100111110 W"
#965
b100111111 W"
#966
b101000000 W"
#967
b101000001 W"
#968
b101000010 W"
#969
b101000011 W"
#970
b101000100 W"
#971
b101000101 W"
#972
b101000110 W"
#973
b101000111 W"
#974
b101001000 W"
#975
b101001001 W"
#976
b101001010 W"
#977
b101001011 W"
#978
b101001100 W"
#979
b101001101 W"
#980
b101001110 W"
#981
b101001111 W"
#982
b101010000 W"
#983
b101010001 W"
#984
b101010010 W"
#985
b101010011 W"
#986
b101010100 W"
#987
b101010101 W"
#988
b101010110 W"
#989
b101010111 W"
#990
b101011000 W"
#991
b101011001 W"
#992
b101011010 W"
#993
b101011011 W"
#994
b101011100 W"
#995
b101011101 W"
#996
b101011110 W"
#997
b101011111 W"
#998
b101100000 W"
#999
b101100001 W"
#1000
b101100010 W"
#1001
b101100011 W"
#1002
b101100100 W"
#1003
b101100101 W"
#1004
b101100110 W"
#1005
b101100111 W"
#1006
b101101000 W"
#1007
b101101001 W"
#1008
b101101010 W"
#1009
b101101011 W"
#1010
b101101100 W"
#1011
b101101101 W"
#1012
b101101110 W"
#1013
b101101111 W"
#1014
b101110000 W"
#1015
b101110001 W"
#1016
b101110010 W"
#1017
b101110011 W"
#1018
b101110100 W"
#1019
b101110101 W"
#1020
b101110110 W"
#1021
b101110111 W"
#1022
b101111000 W"
#1023
b101111001 W"
#1024
b101111010 W"
#1025
b101111011 W"
#1026
b101111100 W"
#1027
b101111101 W"
#1028
b101111110 W"
#1029
b101111111 W"
#1030
b110000000 W"
#1031
b110000001 W"
#1032
b110000010 W"
#1033
b110000011 W"
#1034
b110000100 W"
#1035
b110000101 W"
#1036
b110000110 W"
#1037
b110000111 W"
#1038
b110001000 W"
#1039
b110001001 W"
#1040
b110001010 W"
#1041
b110001011 W"
#1042
b110001100 W"
#1043
b110001101 W"
#1044
b110001110 W"
#1045
b110001111 W"
#1046
b110010000 W"
#1047
b110010001 W"
#1048
b110010010 W"
#1049
b110010011 W"
#1050
b110010100 W"
#1051
b110010101 W"
#1052
b110010110 W"
#1053
b110010111 W"
#1054
b110011000 W"
#1055
b110011001 W"
#1056
b110011010 W"
#1057
b110011011 W"
#1058
b110011100 W"
#1059
b110011101 W"
#1060
b110011110 W"
#1061
b110011111 W"
#1062
b110100000 W"
#1063
b110100001 W"
#1064
b110100010 W"
#1065
b110100011 W"
#1066
b110100100 W"
#1067
b110100101 W"
#1068
b110100110 W"
#1069
b110100111 W"
#1070
b110101000 W"
#1071
b110101001 W"
#1072
b110101010 W"
#1073
b110101011 W"
#1074
b110101100 W"
#1075
b110101101 W"
#1076
b110101110 W"
1%#
#1077
b110101111 W"
1&#
#1078
b110110000 W"
1'#
#1079
b110110001 W"
1(#
#1080
b10 S"
b0 W"
#1081
b1 W"
#1082
b10 W"
#1083
b11 W"
#1084
b100 W"
#1085
b101 W"
#1086
b110 W"
#1087
b111 W"
#1088
b1000 W"
#1089
b1001 W"
#1090
b1010 W"
#1091
b1011 W"
#1092
b1100 W"
#1093
b1101 W"
#1094
b1110 W"
#1095
b1111 W"
#1096
b10000 W"
#1097
b10001 W"
#1098
b10010 W"
#1099
b10011 W"
#1100
b10100 W"
#1101
b10101 W"
#1102
b10110 W"
#1103
b10111 W"
#1104
b11000 W"
#1105
b11001 W"
#1106
b11010 W"
#1107
b11011 W"
#1108
b11100 W"
#1109
b11101 W"
#1110
b11110 W"
#1111
b11111 W"
#1112
b100000 W"
#1113
b100001 W"
#1114
b100010 W"
#1115
b100011 W"
#1116
b100100 W"
#1117
b100101 W"
#1118
b100110 W"
#1119
b100111 W"
#1120
b101000 W"
#1121
b101001 W"
#1122
b101010 W"
#1123
b101011 W"
#1124
b101100 W"
#1125
b101101 W"
#1126
b101110 W"
#1127
b101111 W"
#1128
b110000 W"
#1129
b110001 W"
#1130
b110010 W"
#1131
b110011 W"
#1132
b110100 W"
#1133
b110101 W"
#1134
b110110 W"
#1135
b110111 W"
#1136
b111000 W"
#1137
b111001 W"
#1138
b111010 W"
#1139
b111011 W"
#1140
b111100 W"
#1141
b111101 W"
#1142
b111110 W"
#1143
b111111 W"
#1144
b1000000 W"
#1145
b1000001 W"
#1146
b1000010 W"
#1147
b1000011 W"
#1148
b1000100 W"
#1149
b1000101 W"
#1150
b1000110 W"
#1151
b1000111 W"
#1152
b1001000 W"
#1153
b1001001 W"
#1154
b1001010 W"
#1155
b1001011 W"
#1156
b1001100 W"
#1157
b1001101 W"
#1158
b1001110 W"
#1159
b1001111 W"
#1160
b1010000 W"
#1161
b1010001 W"
#1162
b1010010 W"
#1163
b1010011 W"
#1164
b1010100 W"
#1165
b1010101 W"
#1166
b1010110 W"
#1167
b1010111 W"
#1168
b1011000 W"
#1169
b1011001 W"
#1170
b1011010 W"
#1171
b1011011 W"
#1172
b1011100 W"
#1173
b1011101 W"
#1174
b1011110 W"
#1175
b1011111 W"
#1176
b1100000 W"
#1177
b1100001 W"
#1178
b1100010 W"
#1179
b1100011 W"
#1180
b1100100 W"
#1181
b1100101 W"
#1182
b1100110 W"
#1183
b1100111 W"
#1184
b1101000 W"
#1185
b1101001 W"
#1186
b1101010 W"
#1187
b1101011 W"
#1188
b1101100 W"
#1189
b1101101 W"
#1190
b1101110 W"
#1191
b1101111 W"
#1192
b1110000 W"
#1193
b1110001 W"
#1194
b1110010 W"
#1195
b1110011 W"
#1196
b1110100 W"
#1197
b1110101 W"
#1198
b1110110 W"
#1199
b1110111 W"
#1200
b1111000 W"
#1201
b1111001 W"
#1202
b1111010 W"
#1203
b1111011 W"
#1204
b1111100 W"
#1205
b1111101 W"
#1206
b1111110 W"
#1207
b1111111 W"
#1208
b10000000 W"
#1209
b10000001 W"
#1210
b10000010 W"
#1211
b10000011 W"
#1212
b10000100 W"
#1213
b10000101 W"
#1214
b10000110 W"
#1215
b10000111 W"
#1216
b10001000 W"
#1217
b10001001 W"
#1218
b10001010 W"
#1219
b10001011 W"
#1220
b10001100 W"
#1221
b10001101 W"
#1222
b10001110 W"
#1223
b10001111 W"
#1224
b10010000 W"
#1225
b10010001 W"
#1226
b10010010 W"
#1227
b10010011 W"
#1228
b10010100 W"
#1229
b10010101 W"
#1230
b10010110 W"
#1231
b10010111 W"
#1232
b10011000 W"
#1233
b10011001 W"
#1234
b10011010 W"
#1235
b10011011 W"
#1236
b10011100 W"
#1237
b10011101 W"
#1238
b10011110 W"
#1239
b10011111 W"
#1240
b10100000 W"
#1241
b10100001 W"
#1242
b10100010 W"
#1243
b10100011 W"
#1244
b10100100 W"
#1245
b10100101 W"
#1246
b10100110 W"
#1247
b10100111 W"
#1248
b10101000 W"
#1249
b10101001 W"
#1250
b10101010 W"
#1251
b10101011 W"
#1252
b10101100 W"
#1253
b10101101 W"
#1254
b10101110 W"
#1255
b10101111 W"
#1256
b10110000 W"
#1257
b10110001 W"
#1258
b10110010 W"
#1259
b10110011 W"
#1260
b10110100 W"
#1261
b10110101 W"
#1262
b10110110 W"
#1263
b10110111 W"
#1264
b10111000 W"
#1265
b10111001 W"
#1266
b10111010 W"
#1267
b10111011 W"
#1268
b10111100 W"
#1269
b10111101 W"
#1270
b10111110 W"
#1271
b10111111 W"
#1272
b11000000 W"
#1273
b11000001 W"
#1274
b11000010 W"
#1275
b11000011 W"
#1276
b11000100 W"
#1277
b11000101 W"
#1278
b11000110 W"
#1279
b11000111 W"
#1280
b11001000 W"
#1281
b11001001 W"
#1282
b11001010 W"
#1283
b11001011 W"
#1284
b11001100 W"
#1285
b11001101 W"
#1286
b11001110 W"
#1287
b11001111 W"
#1288
b11010000 W"
#1289
b11010001 W"
#1290
b11010010 W"
#1291
b11010011 W"
#1292
b11010100 W"
#1293
b11010101 W"
#1294
b11010110 W"
#1295
b11010111 W"
#1296
b11011000 W"
#1297
b11011001 W"
b10 g"
#1298
b11011010 W"
#1299
b11011011 W"
#1300
b11011100 W"
#1301
b11011101 W"
#1302
b11011110 W"
#1303
b11011111 W"
#1304
b11100000 W"
#1305
b11100001 W"
#1306
b11100010 W"
#1307
b11100011 W"
#1308
b11100100 W"
#1309
b11100101 W"
#1310
b11100110 W"
#1311
b11100111 W"
#1312
b11101000 W"
#1313
b11101001 W"
#1314
b11101010 W"
#1315
b11101011 W"
#1316
b11101100 W"
#1317
b11101101 W"
#1318
b11101110 W"
#1319
b11101111 W"
#1320
b11110000 W"
#1321
b11110001 W"
#1322
b11110010 W"
#1323
b11110011 W"
#1324
b11110100 W"
#1325
b11110101 W"
#1326
b11110110 W"
#1327
b11110111 W"
#1328
b11111000 W"
#1329
b11111001 W"
#1330
b11111010 W"
#1331
b11111011 W"
#1332
b11111100 W"
#1333
b11111101 W"
#1334
b11111110 W"
#1335
b11111111 W"
#1336
b100000000 W"
#1337
b100000001 W"
#1338
b100000010 W"
#1339
b100000011 W"
#1340
b100000100 W"
#1341
b100000101 W"
#1342
b100000110 W"
#1343
b100000111 W"
#1344
b100001000 W"
#1345
b100001001 W"
#1346
b100001010 W"
#1347
b100001011 W"
#1348
b100001100 W"
#1349
b100001101 W"
#1350
b100001110 W"
#1351
b100001111 W"
#1352
b100010000 W"
#1353
b100010001 W"
#1354
b100010010 W"
#1355
b100010011 W"
#1356
b100010100 W"
#1357
b100010101 W"
#1358
b100010110 W"
#1359
b100010111 W"
#1360
b100011000 W"
#1361
b100011001 W"
#1362
b100011010 W"
#1363
b100011011 W"
#1364
b100011100 W"
#1365
b100011101 W"
#1366
b100011110 W"
#1367
b100011111 W"
#1368
b100100000 W"
#1369
b100100001 W"
#1370
b100100010 W"
#1371
b100100011 W"
#1372
b100100100 W"
#1373
b100100101 W"
#1374
b100100110 W"
#1375
b100100111 W"
#1376
b100101000 W"
#1377
b100101001 W"
#1378
b100101010 W"
#1379
b100101011 W"
#1380
b100101100 W"
#1381
b100101101 W"
#1382
b100101110 W"
#1383
b100101111 W"
#1384
b100110000 W"
#1385
b100110001 W"
#1386
b100110010 W"
#1387
b100110011 W"
#1388
b100110100 W"
#1389
b100110101 W"
#1390
b100110110 W"
#1391
b100110111 W"
#1392
b100111000 W"
#1393
b100111001 W"
#1394
b100111010 W"
#1395
b100111011 W"
#1396
b100111100 W"
#1397
b100111101 W"
#1398
b100111110 W"
#1399
b100111111 W"
#1400
b101000000 W"
#1401
b101000001 W"
#1402
b101000010 W"
#1403
b101000011 W"
#1404
b101000100 W"
#1405
b101000101 W"
#1406
b101000110 W"
#1407
b101000111 W"
#1408
b101001000 W"
#1409
b101001001 W"
#1410
b101001010 W"
#1411
b101001011 W"
#1412
b101001100 W"
#1413
b101001101 W"
#1414
b101001110 W"
#1415
b101001111 W"
#1416
b101010000 W"
#1417
b101010001 W"
#1418
b101010010 W"
#1419
b101010011 W"
#1420
b101010100 W"
#1421
b101010101 W"
#1422
b101010110 W"
#1423
b101010111 W"
#1424
b101011000 W"
#1425
b101011001 W"
#1426
b101011010 W"
#1427
b101011011 W"
#1428
b101011100 W"
#1429
b101011101 W"
#1430
b101011110 W"
#1431
b101011111 W"
#1432
b101100000 W"
#1433
b101100001 W"
#1434
b101100010 W"
#1435
b101100011 W"
#1436
b101100100 W"
#1437
b101100101 W"
#1438
b101100110 W"
#1439
b101100111 W"
#1440
b101101000 W"
#1441
b101101001 W"
#1442
b101101010 W"
#1443
b101101011 W"
#1444
b101101100 W"
#1445
b101101101 W"
#1446
b101101110 W"
#1447
b101101111 W"
#1448
b101110000 W"
#1449
b101110001 W"
#1450
b101110010 W"
#1451
b101110011 W"
#1452
b101110100 W"
#1453
b101110101 W"
#1454
b101110110 W"
#1455
b101110111 W"
#1456
b101111000 W"
#1457
b101111001 W"
#1458
b101111010 W"
#1459
b101111011 W"
#1460
b101111100 W"
#1461
b101111101 W"
#1462
b101111110 W"
#1463
b101111111 W"
#1464
b110000000 W"
#1465
b110000001 W"
#1466
b110000010 W"
#1467
b110000011 W"
#1468
b110000100 W"
#1469
b110000101 W"
#1470
b110000110 W"
#1471
b110000111 W"
#1472
b110001000 W"
#1473
b110001001 W"
#1474
b110001010 W"
#1475
b110001011 W"
#1476
b110001100 W"
#1477
b110001101 W"
#1478
b110001110 W"
#1479
b110001111 W"
#1480
b110010000 W"
#1481
b110010001 W"
#1482
b110010010 W"
#1483
b110010011 W"
#1484
b110010100 W"
#1485
b110010101 W"
#1486
b110010110 W"
#1487
b110010111 W"
#1488
b110011000 W"
#1489
b110011001 W"
#1490
b110011010 W"
#1491
b110011011 W"
#1492
b110011100 W"
#1493
b110011101 W"
#1494
b110011110 W"
#1495
b110011111 W"
#1496
b110100000 W"
#1497
b110100001 W"
#1498
b110100010 W"
#1499
b110100011 W"
#1500
b110100100 W"
#1501
b110100101 W"
#1502
b110100110 W"
#1503
b110100111 W"
#1504
b110101000 W"
#1505
b110101001 W"
#1506
b110101010 W"
#1507
b110101011 W"
#1508
b110101100 W"
#1509
b110101101 W"
0%#
#1510
b110101110 W"
0&#
#1511
b110101111 W"
0'#
#1512
b110110000 W"
0(#
#1513
b110110001 W"
#1514
b11 S"
b0 W"
#1515
b1 W"
#1516
b10 W"
#1517
b11 W"
#1518
b100 W"
#1519
b101 W"
#1520
b110 W"
#1521
b111 W"
#1522
b1000 W"
#1523
b1001 W"
#1524
b1010 W"
#1525
b1011 W"
#1526
b1100 W"
#1527
b1101 W"
#1528
b1110 W"
#1529
b1111 W"
#1530
b10000 W"
#1531
b10001 W"
#1532
b10010 W"
#1533
b10011 W"
#1534
b10100 W"
#1535
b10101 W"
#1536
b10110 W"
#1537
b10111 W"
#1538
b11000 W"
#1539
b11001 W"
#1540
b11010 W"
#1541
b11011 W"
#1542
b11100 W"
#1543
b11101 W"
#1544
b11110 W"
#1545
b11111 W"
#1546
b100000 W"
#1547
b100001 W"
#1548
b100010 W"
#1549
b100011 W"
#1550
b100100 W"
#1551
b100101 W"
#1552
b100110 W"
#1553
b100111 W"
#1554
b101000 W"
#1555
b101001 W"
#1556
b101010 W"
#1557
b101011 W"
#1558
b101100 W"
#1559
b101101 W"
#1560
b101110 W"
#1561
b101111 W"
#1562
b110000 W"
#1563
b110001 W"
#1564
b110010 W"
#1565
b110011 W"
#1566
b110100 W"
#1567
b110101 W"
#1568
b110110 W"
#1569
b110111 W"
#1570
b111000 W"
#1571
b111001 W"
#1572
b111010 W"
#1573
b111011 W"
#1574
b111100 W"
#1575
b111101 W"
#1576
b111110 W"
#1577
b111111 W"
#1578
b1000000 W"
#1579
b1000001 W"
#1580
b1000010 W"
#1581
b1000011 W"
#1582
b1000100 W"
#1583
b1000101 W"
#1584
b1000110 W"
#1585
b1000111 W"
#1586
b1001000 W"
#1587
b1001001 W"
#1588
b1001010 W"
#1589
b1001011 W"
#1590
b1001100 W"
#1591
b1001101 W"
#1592
b1001110 W"
#1593
b1001111 W"
#1594
b1010000 W"
#1595
b1010001 W"
#1596
b1010010 W"
#1597
b1010011 W"
#1598
b1010100 W"
#1599
b1010101 W"
#1600
b1010110 W"
#1601
b1010111 W"
#1602
b1011000 W"
#1603
b1011001 W"
#1604
b1011010 W"
#1605
b1011011 W"
#1606
b1011100 W"
#1607
b1011101 W"
#1608
b1011110 W"
#1609
b1011111 W"
#1610
b1100000 W"
#1611
b1100001 W"
#1612
b1100010 W"
#1613
b1100011 W"
#1614
b1100100 W"
#1615
b1100101 W"
#1616
b1100110 W"
#1617
b1100111 W"
#1618
b1101000 W"
#1619
b1101001 W"
#1620
b1101010 W"
#1621
b1101011 W"
#1622
b1101100 W"
#1623
b1101101 W"
#1624
b1101110 W"
#1625
b1101111 W"
#1626
b1110000 W"
#1627
b1110001 W"
#1628
b1110010 W"
#1629
b1110011 W"
#1630
b1110100 W"
#1631
b1110101 W"
#1632
b1110110 W"
#1633
b1110111 W"
#1634
b1111000 W"
#1635
b1111001 W"
#1636
b1111010 W"
#1637
b1111011 W"
#1638
b1111100 W"
#1639
b1111101 W"
#1640
b1111110 W"
#1641
b1111111 W"
#1642
b10000000 W"
#1643
b10000001 W"
#1644
b10000010 W"
#1645
b10000011 W"
#1646
b10000100 W"
#1647
b10000101 W"
#1648
b10000110 W"
#1649
b10000111 W"
#1650
b10001000 W"
#1651
b10001001 W"
#1652
b10001010 W"
#1653
b10001011 W"
#1654
b10001100 W"
#1655
b10001101 W"
#1656
b10001110 W"
#1657
b10001111 W"
#1658
b10010000 W"
#1659
b10010001 W"
#1660
b10010010 W"
#1661
b10010011 W"
#1662
b10010100 W"
#1663
b10010101 W"
#1664
b10010110 W"
#1665
b10010111 W"
#1666
b10011000 W"
#1667
b10011001 W"
#1668
b10011010 W"
#1669
b10011011 W"
#1670
b10011100 W"
#1671
b10011101 W"
#1672
b10011110 W"
#1673
b10011111 W"
#1674
b10100000 W"
#1675
b10100001 W"
#1676
b10100010 W"
#1677
b10100011 W"
#1678
b10100100 W"
#1679
b10100101 W"
#1680
b10100110 W"
#1681
b10100111 W"
#1682
b10101000 W"
#1683
b10101001 W"
#1684
b10101010 W"
#1685
b10101011 W"
#1686
b10101100 W"
#1687
b10101101 W"
#1688
b10101110 W"
#1689
b10101111 W"
#1690
b10110000 W"
#1691
b10110001 W"
#1692
b10110010 W"
#1693
b10110011 W"
#1694
b10110100 W"
#1695
b10110101 W"
#1696
b10110110 W"
#1697
b10110111 W"
#1698
b10111000 W"
#1699
b10111001 W"
#1700
b10111010 W"
#1701
b10111011 W"
#1702
b10111100 W"
#1703
b10111101 W"
#1704
b10111110 W"
#1705
b10111111 W"
#1706
b11000000 W"
#1707
b11000001 W"
#1708
b11000010 W"
#1709
b11000011 W"
#1710
b11000100 W"
#1711
b11000101 W"
#1712
b11000110 W"
#1713
b11000111 W"
#1714
b11001000 W"
#1715
b11001001 W"
#1716
b11001010 W"
#1717
b11001011 W"
#1718
b11001100 W"
#1719
b11001101 W"
#1720
b11001110 W"
#1721
b11001111 W"
#1722
b11010000 W"
#1723
b11010001 W"
#1724
b11010010 W"
#1725
b11010011 W"
#1726
b11010100 W"
#1727
b11010101 W"
#1728
b11010110 W"
#1729
b11010111 W"
#1730
b11011000 W"
#1731
b11011001 W"
#1732
b11011010 W"
#1733
b11011011 W"
#1734
b11011100 W"
#1735
b11011101 W"
#1736
b11011110 W"
#1737
b11011111 W"
#1738
b11100000 W"
#1739
b11100001 W"
#1740
b11100010 W"
#1741
b11100011 W"
#1742
b11100100 W"
#1743
b11100101 W"
#1744
b11100110 W"
#1745
b11100111 W"
#1746
b11101000 W"
#1747
b11101001 W"
#1748
b11101010 W"
#1749
b11101011 W"
#1750
b11101100 W"
#1751
b11101101 W"
#1752
b11101110 W"
#1753
b11101111 W"
#1754
b11110000 W"
#1755
b11110001 W"
#1756
b11110010 W"
#1757
b11110011 W"
#1758
b11110100 W"
#1759
b11110101 W"
#1760
b11110110 W"
#1761
b11110111 W"
#1762
b11111000 W"
#1763
b11111001 W"
#1764
b11111010 W"
#1765
b11111011 W"
#1766
b11111100 W"
#1767
b11111101 W"
#1768
b11111110 W"
#1769
b11111111 W"
#1770
b100000000 W"
#1771
b100000001 W"
#1772
b100000010 W"
#1773
b100000011 W"
#1774
b100000100 W"
#1775
b100000101 W"
#1776
b100000110 W"
#1777
b100000111 W"
#1778
b100001000 W"
#1779
b100001001 W"
#1780
b100001010 W"
#1781
b100001011 W"
#1782
b100001100 W"
#1783
b100001101 W"
#1784
b100001110 W"
#1785
b100001111 W"
#1786
b100010000 W"
#1787
b100010001 W"
#1788
b100010010 W"
#1789
b100010011 W"
#1790
b100010100 W"
#1791
b100010101 W"
#1792
b100010110 W"
#1793
b100010111 W"
#1794
b100011000 W"
#1795
b100011001 W"
#1796
b100011010 W"
#1797
b100011011 W"
#1798
b100011100 W"
#1799
b100011101 W"
#1800
b100011110 W"
#1801
b100011111 W"
#1802
b100100000 W"
#1803
b100100001 W"
#1804
b100100010 W"
#1805
b100100011 W"
#1806
b100100100 W"
#1807
b100100101 W"
#1808
b100100110 W"
#1809
b100100111 W"
#1810
b100101000 W"
#1811
b100101001 W"
#1812
b100101010 W"
#1813
b100101011 W"
#1814
b100101100 W"
#1815
b100101101 W"
#1816
b100101110 W"
#1817
b100101111 W"
#1818
b100110000 W"
#1819
b100110001 W"
#1820
b100110010 W"
#1821
b100110011 W"
#1822
b100110100 W"
#1823
b100110101 W"
#1824
b100110110 W"
#1825
b100110111 W"
#1826
b100111000 W"
#1827
b100111001 W"
#1828
b100111010 W"
#1829
b100111011 W"
#1830
b100111100 W"
#1831
b100111101 W"
#1832
b100111110 W"
#1833
b100111111 W"
#1834
b101000000 W"
#1835
b101000001 W"
#1836
b101000010 W"
#1837
b101000011 W"
#1838
b101000100 W"
#1839
b101000101 W"
#1840
b101000110 W"
#1841
b101000111 W"
#1842
b101001000 W"
#1843
b101001001 W"
#1844
b101001010 W"
#1845
b101001011 W"
#1846
b101001100 W"
#1847
b101001101 W"
#1848
b101001110 W"
#1849
b101001111 W"
#1850
b101010000 W"
#1851
b101010001 W"
#1852
b101010010 W"
#1853
b101010011 W"
#1854
b101010100 W"
#1855
b101010101 W"
#1856
b101010110 W"
#1857
b101010111 W"
#1858
b101011000 W"
#1859
b101011001 W"
#1860
b101011010 W"
#1861
b101011011 W"
#1862
b101011100 W"
#1863
b101011101 W"
#1864
b101011110 W"
#1865
b101011111 W"
#1866
b101100000 W"
#1867
b101100001 W"
#1868
b101100010 W"
#1869
b101100011 W"
#1870
b101100100 W"
#1871
b101100101 W"
#1872
b101100110 W"
#1873
b101100111 W"
#1874
b101101000 W"
#1875
b101101001 W"
#1876
b101101010 W"
#1877
b101101011 W"
#1878
b101101100 W"
#1879
b101101101 W"
#1880
b101101110 W"
#1881
b101101111 W"
#1882
b101110000 W"
#1883
b101110001 W"
#1884
b101110010 W"
#1885
b101110011 W"
#1886
b101110100 W"
#1887
b101110101 W"
#1888
b101110110 W"
#1889
b101110111 W"
#1890
b101111000 W"
#1891
b101111001 W"
#1892
b101111010 W"
#1893
b101111011 W"
#1894
b101111100 W"
#1895
b101111101 W"
#1896
b101111110 W"
#1897
b101111111 W"
#1898
b110000000 W"
#1899
b110000001 W"
#1900
b110000010 W"
#1901
b110000011 W"
#1902
b110000100 W"
#1903
b110000101 W"
#1904
b110000110 W"
#1905
b110000111 W"
#1906
b110001000 W"
#1907
b110001001 W"
#1908
b110001010 W"
#1909
b110001011 W"
#1910
b110001100 W"
#1911
b110001101 W"
#1912
b110001110 W"
#1913
b110001111 W"
#1914
b110010000 W"
#1915
b110010001 W"
#1916
b110010010 W"
#1917
b110010011 W"
#1918
b110010100 W"
#1919
b110010101 W"
#1920
b110010110 W"
#1921
b110010111 W"
#1922
b110011000 W"
#1923
b110011001 W"
#1924
b110011010 W"
#1925
b110011011 W"
#1926
b110011100 W"
#1927
b110011101 W"
#1928
b110011110 W"
#1929
b110011111 W"
#1930
b110100000 W"
#1931
b110100001 W"
#1932
b110100010 W"
#1933
b110100011 W"
#1934
b110100100 W"
#1935
b110100101 W"
#1936
b110100110 W"
#1937
b110100111 W"
#1938
b110101000 W"
#1939
b110101001 W"
#1940
b110101010 W"
#1941
b110101011 W"
#1942
b110101100 W"
#1943
b110101101 W"
#1944
b110101110 W"
#1945
b110101111 W"
#1946
b110110000 W"
#1947
b110110001 W"
#1948
b100 S"
b0 W"
#1949
b1 W"
#1950
b10 W"
#1951
b11 W"
#1952
b100 W"
#1953
b101 W"
#1954
b110 W"
#1955
b111 W"
#1956
b1000 W"
#1957
b1001 W"
#1958
b1010 W"
#1959
b1011 W"
#1960
b1100 W"
#1961
b1101 W"
#1962
b1110 W"
#1963
b1111 W"
#1964
b10000 W"
#1965
b10001 W"
#1966
b10010 W"
#1967
b10011 W"
#1968
b10100 W"
#1969
b10101 W"
#1970
b10110 W"
#1971
b10111 W"
#1972
b11000 W"
#1973
b11001 W"
#1974
b11010 W"
#1975
b11011 W"
#1976
b11100 W"
#1977
b11101 W"
#1978
b11110 W"
#1979
b11111 W"
#1980
b100000 W"
#1981
b100001 W"
#1982
b100010 W"
#1983
b100011 W"
#1984
b100100 W"
#1985
b100101 W"
#1986
b100110 W"
#1987
b100111 W"
#1988
b101000 W"
#1989
b101001 W"
#1990
b101010 W"
#1991
b101011 W"
#1992
b101100 W"
#1993
b101101 W"
#1994
b101110 W"
#1995
b101111 W"
#1996
b110000 W"
#1997
b110001 W"
#1998
b110010 W"
#1999
b110011 W"
#2000
b110100 W"
#2001
b110101 W"
#2002
b110110 W"
#2003
b110111 W"
#2004
b111000 W"
#2005
b111001 W"
#2006
b111010 W"
#2007
b111011 W"
#2008
b111100 W"
#2009
b111101 W"
#2010
b111110 W"
#2011
b111111 W"
#2012
b1000000 W"
#2013
b1000001 W"
#2014
b1000010 W"
#2015
b1000011 W"
#2016
b1000100 W"
#2017
b1000101 W"
#2018
b1000110 W"
#2019
b1000111 W"
#2020
b1001000 W"
#2021
b1001001 W"
#2022
b1001010 W"
#2023
b1001011 W"
#2024
b1001100 W"
#2025
b1001101 W"
#2026
b1001110 W"
#2027
b1001111 W"
#2028
b1010000 W"
#2029
b1010001 W"
#2030
b1010010 W"
#2031
b1010011 W"
#2032
b1010100 W"
#2033
b1010101 W"
#2034
b1010110 W"
#2035
b1010111 W"
#2036
b1011000 W"
#2037
b1011001 W"
#2038
b1011010 W"
#2039
b1011011 W"
#2040
b1011100 W"
#2041
b1011101 W"
#2042
b1011110 W"
#2043
b1011111 W"
#2044
b1100000 W"
#2045
b1100001 W"
#2046
b1100010 W"
#2047
b1100011 W"
#2048
b1100100 W"
#2049
b1100101 W"
#2050
b1100110 W"
#2051
b1100111 W"
#2052
b1101000 W"
#2053
b1101001 W"
#2054
b1101010 W"
#2055
b1101011 W"
#2056
b1101100 W"
#2057
b1101101 W"
#2058
b1101110 W"
#2059
b1101111 W"
#2060
b1110000 W"
#2061
b1110001 W"
#2062
b1110010 W"
#2063
b1110011 W"
#2064
b1110100 W"
#2065
b1110101 W"
#2066
b1110110 W"
#2067
b1110111 W"
#2068
b1111000 W"
#2069
b1111001 W"
#2070
b1111010 W"
#2071
b1111011 W"
#2072
b1111100 W"
#2073
b1111101 W"
#2074
b1111110 W"
#2075
b1111111 W"
#2076
b10000000 W"
#2077
b10000001 W"
#2078
b10000010 W"
#2079
b10000011 W"
#2080
b10000100 W"
#2081
b10000101 W"
#2082
b10000110 W"
#2083
b10000111 W"
#2084
b10001000 W"
#2085
b10001001 W"
#2086
b10001010 W"
#2087
b10001011 W"
#2088
b10001100 W"
#2089
b10001101 W"
#2090
b10001110 W"
#2091
b10001111 W"
#2092
b10010000 W"
#2093
b10010001 W"
#2094
b10010010 W"
#2095
b10010011 W"
#2096
b10010100 W"
#2097
b10010101 W"
#2098
b10010110 W"
#2099
b10010111 W"
#2100
b10011000 W"
#2101
b10011001 W"
#2102
b10011010 W"
#2103
b10011011 W"
#2104
b10011100 W"
#2105
b10011101 W"
#2106
b10011110 W"
#2107
b10011111 W"
#2108
b10100000 W"
#2109
b10100001 W"
#2110
b10100010 W"
#2111
b10100011 W"
#2112
b10100100 W"
#2113
b10100101 W"
#2114
b10100110 W"
#2115
b10100111 W"
#2116
b10101000 W"
#2117
b10101001 W"
#2118
b10101010 W"
#2119
b10101011 W"
#2120
b10101100 W"
#2121
b10101101 W"
#2122
b10101110 W"
#2123
b10101111 W"
#2124
b10110000 W"
#2125
b10110001 W"
#2126
b10110010 W"
#2127
b10110011 W"
#2128
b10110100 W"
#2129
b10110101 W"
#2130
b10110110 W"
#2131
b10110111 W"
#2132
b10111000 W"
#2133
b10111001 W"
#2134
b10111010 W"
#2135
b10111011 W"
#2136
b10111100 W"
#2137
b10111101 W"
#2138
b10111110 W"
#2139
b10111111 W"
#2140
b11000000 W"
#2141
b11000001 W"
#2142
b11000010 W"
#2143
b11000011 W"
#2144
b11000100 W"
#2145
b11000101 W"
#2146
b11000110 W"
#2147
b11000111 W"
#2148
b11001000 W"
#2149
b11001001 W"
#2150
b11001010 W"
#2151
b11001011 W"
#2152
b11001100 W"
#2153
b11001101 W"
#2154
b11001110 W"
#2155
b11001111 W"
#2156
b11010000 W"
#2157
b11010001 W"
#2158
b11010010 W"
#2159
b11010011 W"
#2160
b11010100 W"
#2161
b11010101 W"
#2162
b11010110 W"
#2163
b11010111 W"
#2164
b11011000 W"
#2165
b11011001 W"
#2166
b11011010 W"
#2167
b11011011 W"
#2168
b11011100 W"
#2169
b11011101 W"
#2170
b11011110 W"
#2171
b11011111 W"
#2172
b11100000 W"
#2173
b11100001 W"
#2174
b11100010 W"
#2175
b11100011 W"
#2176
b11100100 W"
#2177
b11100101 W"
#2178
b11100110 W"
#2179
b11100111 W"
#2180
b11101000 W"
#2181
b11101001 W"
#2182
b11101010 W"
#2183
b11101011 W"
#2184
b11101100 W"
#2185
b11101101 W"
#2186
b11101110 W"
#2187
b11101111 W"
#2188
b11110000 W"
#2189
b11110001 W"
#2190
b11110010 W"
#2191
b11110011 W"
#2192
b11110100 W"
#2193
b11110101 W"
#2194
b11110110 W"
#2195
b11110111 W"
#2196
b11111000 W"
#2197
b11111001 W"
#2198
b11111010 W"
#2199
b11111011 W"
#2200
b11111100 W"
#2201
b11111101 W"
#2202
b11111110 W"
#2203
b11111111 W"
#2204
b100000000 W"
#2205
b100000001 W"
#2206
b100000010 W"
#2207
b100000011 W"
#2208
b100000100 W"
#2209
b100000101 W"
#2210
b100000110 W"
#2211
b100000111 W"
#2212
b100001000 W"
#2213
b100001001 W"
#2214
b100001010 W"
#2215
b100001011 W"
#2216
b100001100 W"
#2217
b100001101 W"
#2218
b100001110 W"
#2219
b100001111 W"
#2220
b100010000 W"
#2221
b100010001 W"
#2222
b100010010 W"
#2223
b100010011 W"
#2224
b100010100 W"
#2225
b100010101 W"
#2226
b100010110 W"
#2227
b100010111 W"
#2228
b100011000 W"
#2229
b100011001 W"
#2230
b100011010 W"
#2231
b100011011 W"
#2232
b100011100 W"
#2233
b100011101 W"
#2234
b100011110 W"
#2235
b100011111 W"
#2236
b100100000 W"
#2237
b100100001 W"
#2238
b100100010 W"
#2239
b100100011 W"
#2240
b100100100 W"
#2241
b100100101 W"
#2242
b100100110 W"
#2243
b100100111 W"
#2244
b100101000 W"
#2245
b100101001 W"
#2246
b100101010 W"
#2247
b100101011 W"
#2248
b100101100 W"
#2249
b100101101 W"
#2250
b100101110 W"
#2251
b100101111 W"
#2252
b100110000 W"
#2253
b100110001 W"
#2254
b100110010 W"
#2255
b100110011 W"
#2256
b100110100 W"
#2257
b100110101 W"
#2258
b100110110 W"
#2259
b100110111 W"
#2260
b100111000 W"
#2261
b100111001 W"
#2262
b100111010 W"
#2263
b100111011 W"
#2264
b100111100 W"
#2265
b100111101 W"
#2266
b100111110 W"
#2267
b100111111 W"
#2268
b101000000 W"
#2269
b101000001 W"
#2270
b101000010 W"
#2271
b101000011 W"
#2272
b101000100 W"
#2273
b101000101 W"
#2274
b101000110 W"
#2275
b101000111 W"
#2276
b101001000 W"
#2277
b101001001 W"
#2278
b101001010 W"
#2279
b101001011 W"
#2280
b101001100 W"
#2281
b101001101 W"
#2282
b101001110 W"
#2283
b101001111 W"
#2284
b101010000 W"
#2285
b101010001 W"
#2286
b101010010 W"
#2287
b101010011 W"
#2288
b101010100 W"
#2289
b101010101 W"
#2290
b101010110 W"
#2291
b101010111 W"
#2292
b101011000 W"
#2293
b101011001 W"
#2294
b101011010 W"
#2295
b101011011 W"
#2296
b101011100 W"
#2297
b101011101 W"
#2298
b101011110 W"
#2299
b101011111 W"
#2300
b101100000 W"
#2301
b101100001 W"
#2302
b101100010 W"
#2303
b101100011 W"
#2304
b101100100 W"
#2305
b101100101 W"
#2306
b101100110 W"
#2307
b101100111 W"
#2308
b101101000 W"
#2309
b101101001 W"
#2310
b101101010 W"
#2311
b101101011 W"
#2312
b101101100 W"
#2313
b101101101 W"
#2314
b101101110 W"
#2315
b101101111 W"
#2316
b101110000 W"
#2317
b101110001 W"
#2318
b101110010 W"
#2319
b101110011 W"
#2320
b101110100 W"
#2321
b101110101 W"
#2322
b101110110 W"
#2323
b101110111 W"
#2324
b101111000 W"
#2325
b101111001 W"
#2326
b101111010 W"
#2327
b101111011 W"
#2328
b101111100 W"
#2329
b101111101 W"
#2330
b101111110 W"
#2331
b101111111 W"
#2332
b110000000 W"
#2333
b110000001 W"
#2334
b110000010 W"
#2335
b110000011 W"
#2336
b110000100 W"
#2337
b110000101 W"
#2338
b110000110 W"
#2339
b110000111 W"
#2340
b110001000 W"
#2341
b110001001 W"
#2342
b110001010 W"
#2343
b110001011 W"
#2344
b110001100 W"
#2345
b110001101 W"
#2346
b110001110 W"
#2347
b110001111 W"
#2348
b110010000 W"
#2349
b110010001 W"
#2350
b110010010 W"
#2351
b110010011 W"
#2352
b110010100 W"
#2353
b110010101 W"
#2354
b110010110 W"
#2355
b110010111 W"
#2356
b110011000 W"
#2357
b110011001 W"
#2358
b110011010 W"
#2359
b110011011 W"
#2360
b110011100 W"
#2361
b110011101 W"
#2362
b110011110 W"
#2363
b110011111 W"
#2364
b110100000 W"
#2365
b110100001 W"
#2366
b110100010 W"
#2367
b110100011 W"
#2368
b110100100 W"
#2369
b110100101 W"
#2370
b110100110 W"
#2371
b110100111 W"
#2372
b110101000 W"
#2373
b110101001 W"
#2374
b110101010 W"
#2375
b110101011 W"
#2376
b110101100 W"
#2377
b110101101 W"
#2378
b110101110 W"
#2379
b110101111 W"
#2380
b110110000 W"
#2381
b110110001 W"
#2382
b101 S"
b0 W"
#2383
b1 W"
#2384
b10 W"
#2385
b11 W"
#2386
b100 W"
#2387
b101 W"
#2388
b110 W"
#2389
b111 W"
#2390
b1000 W"
#2391
b1001 W"
#2392
b1010 W"
#2393
b1011 W"
#2394
b1100 W"
#2395
b1101 W"
#2396
b1110 W"
#2397
b1111 W"
#2398
b10000 W"
#2399
b10001 W"
#2400
b10010 W"
#2401
b10011 W"
#2402
b10100 W"
#2403
b10101 W"
#2404
b10110 W"
#2405
b10111 W"
#2406
b11000 W"
#2407
b11001 W"
#2408
b11010 W"
#2409
b11011 W"
#2410
b11100 W"
#2411
b11101 W"
#2412
b11110 W"
#2413
b11111 W"
#2414
b100000 W"
#2415
b100001 W"
#2416
b100010 W"
#2417
b100011 W"
#2418
b100100 W"
#2419
b100101 W"
#2420
b100110 W"
#2421
b100111 W"
#2422
b101000 W"
#2423
b101001 W"
#2424
b101010 W"
#2425
b101011 W"
#2426
b101100 W"
#2427
b101101 W"
#2428
b101110 W"
#2429
b101111 W"
#2430
b110000 W"
#2431
b110001 W"
#2432
b110010 W"
#2433
b110011 W"
#2434
b110100 W"
#2435
b110101 W"
#2436
b110110 W"
#2437
b110111 W"
#2438
b111000 W"
#2439
b111001 W"
#2440
b111010 W"
#2441
b111011 W"
#2442
b111100 W"
#2443
b111101 W"
#2444
b111110 W"
#2445
b111111 W"
#2446
b1000000 W"
#2447
b1000001 W"
#2448
b1000010 W"
#2449
b1000011 W"
#2450
b1000100 W"
#2451
b1000101 W"
#2452
b1000110 W"
#2453
b1000111 W"
#2454
b1001000 W"
#2455
b1001001 W"
#2456
b1001010 W"
#2457
b1001011 W"
#2458
b1001100 W"
#2459
b1001101 W"
#2460
b1001110 W"
#2461
b1001111 W"
#2462
b1010000 W"
#2463
b1010001 W"
#2464
b1010010 W"
#2465
b1010011 W"
#2466
b1010100 W"
#2467
b1010101 W"
#2468
b1010110 W"
#2469
b1010111 W"
#2470
b1011000 W"
#2471
b1011001 W"
#2472
b1011010 W"
#2473
b1011011 W"
#2474
b1011100 W"
#2475
b1011101 W"
#2476
b1011110 W"
#2477
b1011111 W"
#2478
b1100000 W"
#2479
b1100001 W"
#2480
b1100010 W"
#2481
b1100011 W"
#2482
b1100100 W"
#2483
b1100101 W"
#2484
b1100110 W"
#2485
b1100111 W"
#2486
b1101000 W"
#2487
b1101001 W"
#2488
b1101010 W"
#2489
b1101011 W"
#2490
b1101100 W"
#2491
b1101101 W"
#2492
b1101110 W"
#2493
b1101111 W"
#2494
b1110000 W"
#2495
b1110001 W"
#2496
b1110010 W"
#2497
b1110011 W"
#2498
b1110100 W"
#2499
b1110101 W"
#2500
b1110110 W"
#2501
b1110111 W"
#2502
b1111000 W"
#2503
b1111001 W"
#2504
b1111010 W"
#2505
b1111011 W"
#2506
b1111100 W"
#2507
b1111101 W"
#2508
b1111110 W"
#2509
b1111111 W"
#2510
b10000000 W"
#2511
b10000001 W"
#2512
b10000010 W"
#2513
b10000011 W"
#2514
b10000100 W"
#2515
b10000101 W"
#2516
b10000110 W"
#2517
b10000111 W"
#2518
b10001000 W"
#2519
b10001001 W"
#2520
b10001010 W"
#2521
b10001011 W"
#2522
b10001100 W"
#2523
b10001101 W"
#2524
b10001110 W"
#2525
b10001111 W"
#2526
b10010000 W"
#2527
b10010001 W"
#2528
b10010010 W"
#2529
b10010011 W"
#2530
b10010100 W"
#2531
b10010101 W"
#2532
b10010110 W"
#2533
b10010111 W"
#2534
b10011000 W"
#2535
b10011001 W"
#2536
b10011010 W"
#2537
b10011011 W"
#2538
b10011100 W"
#2539
b10011101 W"
#2540
b10011110 W"
#2541
b10011111 W"
#2542
b10100000 W"
#2543
b10100001 W"
#2544
b10100010 W"
#2545
b10100011 W"
#2546
b10100100 W"
#2547
b10100101 W"
#2548
b10100110 W"
#2549
b10100111 W"
#2550
b10101000 W"
#2551
b10101001 W"
#2552
b10101010 W"
#2553
b10101011 W"
#2554
b10101100 W"
#2555
b10101101 W"
#2556
b10101110 W"
#2557
b10101111 W"
#2558
b10110000 W"
#2559
b10110001 W"
#2560
b10110010 W"
#2561
b10110011 W"
#2562
b10110100 W"
#2563
b10110101 W"
#2564
b10110110 W"
#2565
b10110111 W"
#2566
b10111000 W"
#2567
b10111001 W"
#2568
b10111010 W"
#2569
b10111011 W"
#2570
b10111100 W"
#2571
b10111101 W"
#2572
b10111110 W"
#2573
b10111111 W"
#2574
b11000000 W"
#2575
b11000001 W"
#2576
b11000010 W"
#2577
b11000011 W"
#2578
b11000100 W"
#2579
b11000101 W"
#2580
b11000110 W"
#2581
b11000111 W"
#2582
b11001000 W"
#2583
b11001001 W"
#2584
b11001010 W"
#2585
b11001011 W"
#2586
b11001100 W"
#2587
b11001101 W"
#2588
b11001110 W"
#2589
b11001111 W"
#2590
b11010000 W"
#2591
b11010001 W"
#2592
b11010010 W"
#2593
b11010011 W"
#2594
b11010100 W"
#2595
b11010101 W"
#2596
b11010110 W"
#2597
b11010111 W"
#2598
b11011000 W"
#2599
b11011001 W"
#2600
b11011010 W"
#2601
b11011011 W"
#2602
b11011100 W"
#2603
b11011101 W"
#2604
b11011110 W"
#2605
b11011111 W"
#2606
b11100000 W"
#2607
b11100001 W"
#2608
b11100010 W"
#2609
b11100011 W"
#2610
b11100100 W"
#2611
b11100101 W"
#2612
b11100110 W"
#2613
b11100111 W"
#2614
b11101000 W"
#2615
b11101001 W"
#2616
b11101010 W"
#2617
b11101011 W"
#2618
b11101100 W"
#2619
b11101101 W"
#2620
b11101110 W"
#2621
b11101111 W"
#2622
b11110000 W"
#2623
b11110001 W"
#2624
b11110010 W"
#2625
b11110011 W"
#2626
b11110100 W"
#2627
b11110101 W"
#2628
b11110110 W"
#2629
b11110111 W"
#2630
b11111000 W"
#2631
b11111001 W"
#2632
b11111010 W"
#2633
b11111011 W"
#2634
b11111100 W"
#2635
b11111101 W"
#2636
b11111110 W"
#2637
b11111111 W"
#2638
b100000000 W"
#2639
b100000001 W"
#2640
b100000010 W"
#2641
b100000011 W"
#2642
b100000100 W"
#2643
b100000101 W"
#2644
b100000110 W"
#2645
b100000111 W"
#2646
b100001000 W"
#2647
b100001001 W"
#2648
b100001010 W"
#2649
b100001011 W"
#2650
b100001100 W"
#2651
b100001101 W"
#2652
b100001110 W"
#2653
b100001111 W"
#2654
b100010000 W"
#2655
b100010001 W"
#2656
b100010010 W"
#2657
b100010011 W"
#2658
b100010100 W"
#2659
b100010101 W"
#2660
b100010110 W"
#2661
b100010111 W"
#2662
b100011000 W"
#2663
b100011001 W"
#2664
b100011010 W"
#2665
b100011011 W"
#2666
b100011100 W"
#2667
b100011101 W"
#2668
b100011110 W"
#2669
b100011111 W"
#2670
b100100000 W"
#2671
b100100001 W"
#2672
b100100010 W"
#2673
b100100011 W"
#2674
b100100100 W"
#2675
b100100101 W"
#2676
b100100110 W"
#2677
b100100111 W"
#2678
b100101000 W"
#2679
b100101001 W"
#2680
b100101010 W"
#2681
b100101011 W"
#2682
b100101100 W"
#2683
b100101101 W"
#2684
b100101110 W"
#2685
b100101111 W"
#2686
b100110000 W"
#2687
b100110001 W"
#2688
b100110010 W"
#2689
b100110011 W"
#2690
b100110100 W"
#2691
b100110101 W"
#2692
b100110110 W"
#2693
b100110111 W"
#2694
b100111000 W"
#2695
b100111001 W"
#2696
b100111010 W"
#2697
b100111011 W"
#2698
b100111100 W"
#2699
b100111101 W"
#2700
b100111110 W"
#2701
b100111111 W"
#2702
b101000000 W"
#2703
b101000001 W"
#2704
b101000010 W"
#2705
b101000011 W"
#2706
b101000100 W"
#2707
b101000101 W"
#2708
b101000110 W"
#2709
b101000111 W"
#2710
b101001000 W"
#2711
b101001001 W"
#2712
b101001010 W"
#2713
b101001011 W"
#2714
b101001100 W"
#2715
b101001101 W"
#2716
b101001110 W"
#2717
b101001111 W"
#2718
b101010000 W"
#2719
b101010001 W"
#2720
b101010010 W"
#2721
b101010011 W"
#2722
b101010100 W"
#2723
b101010101 W"
#2724
b101010110 W"
#2725
b101010111 W"
#2726
b101011000 W"
#2727
b101011001 W"
#2728
b101011010 W"
#2729
b101011011 W"
#2730
b101011100 W"
#2731
b101011101 W"
#2732
b101011110 W"
#2733
b101011111 W"
#2734
b101100000 W"
#2735
b101100001 W"
#2736
b101100010 W"
#2737
b101100011 W"
#2738
b101100100 W"
#2739
b101100101 W"
#2740
b101100110 W"
#2741
b101100111 W"
#2742
b101101000 W"
#2743
b101101001 W"
#2744
b101101010 W"
#2745
b101101011 W"
#2746
b101101100 W"
#2747
b101101101 W"
#2748
b101101110 W"
#2749
b101101111 W"
#2750
b101110000 W"
#2751
b101110001 W"
#2752
b101110010 W"
#2753
b101110011 W"
#2754
b101110100 W"
#2755
b101110101 W"
#2756
b101110110 W"
#2757
b101110111 W"
#2758
b101111000 W"
#2759
b101111001 W"
#2760
b101111010 W"
#2761
b101111011 W"
#2762
b101111100 W"
#2763
b101111101 W"
#2764
b101111110 W"
#2765
b101111111 W"
#2766
b110000000 W"
#2767
b110000001 W"
#2768
b110000010 W"
#2769
b110000011 W"
#2770
b110000100 W"
#2771
b110000101 W"
#2772
b110000110 W"
#2773
b110000111 W"
#2774
b110001000 W"
#2775
b110001001 W"
#2776
b110001010 W"
#2777
b110001011 W"
#2778
b110001100 W"
#2779
b110001101 W"
#2780
b110001110 W"
#2781
b110001111 W"
#2782
b110010000 W"
#2783
b110010001 W"
#2784
b110010010 W"
#2785
b110010011 W"
#2786
b110010100 W"
#2787
b110010101 W"
#2788
b110010110 W"
#2789
b110010111 W"
#2790
b110011000 W"
#2791
b110011001 W"
#2792
b110011010 W"
#2793
b110011011 W"
#2794
b110011100 W"
#2795
b110011101 W"
#2796
b110011110 W"
#2797
b110011111 W"
#2798
b110100000 W"
#2799
b110100001 W"
#2800
b110100010 W"
#2801
b110100011 W"
#2802
b110100100 W"
#2803
b110100101 W"
#2804
b110100110 W"
#2805
b110100111 W"
#2806
b110101000 W"
#2807
b110101001 W"
#2808
b110101010 W"
#2809
b110101011 W"
#2810
b110101100 W"
#2811
b110101101 W"
#2812
b110101110 W"
#2813
b110101111 W"
#2814
b110110000 W"
#2815
b110110001 W"
#2816
b110 S"
b0 W"
#2817
b1 W"
#2818
b10 W"
#2819
b11 W"
#2820
b100 W"
#2821
b101 W"
#2822
b110 W"
#2823
b111 W"
#2824
b1000 W"
#2825
b1001 W"
#2826
b1010 W"
#2827
b1011 W"
#2828
b1100 W"
#2829
b1101 W"
#2830
b1110 W"
#2831
b1111 W"
#2832
b10000 W"
#2833
b10001 W"
#2834
b10010 W"
#2835
b10011 W"
#2836
b10100 W"
#2837
b10101 W"
#2838
b10110 W"
#2839
b10111 W"
#2840
b11000 W"
#2841
b11001 W"
#2842
b11010 W"
#2843
b11011 W"
#2844
b11100 W"
#2845
b11101 W"
#2846
b11110 W"
#2847
b11111 W"
#2848
b100000 W"
#2849
b100001 W"
#2850
b100010 W"
#2851
b100011 W"
#2852
b100100 W"
#2853
b100101 W"
#2854
b100110 W"
#2855
b100111 W"
#2856
b101000 W"
#2857
b101001 W"
#2858
b101010 W"
#2859
b101011 W"
#2860
b101100 W"
#2861
b101101 W"
#2862
b101110 W"
#2863
b101111 W"
#2864
b110000 W"
#2865
b110001 W"
#2866
b110010 W"
#2867
b110011 W"
#2868
b110100 W"
#2869
b110101 W"
#2870
b110110 W"
#2871
b110111 W"
#2872
b111000 W"
#2873
b111001 W"
#2874
b111010 W"
#2875
b111011 W"
#2876
b111100 W"
#2877
b111101 W"
#2878
b111110 W"
#2879
b111111 W"
#2880
b1000000 W"
#2881
b1000001 W"
#2882
b1000010 W"
#2883
b1000011 W"
#2884
b1000100 W"
#2885
b1000101 W"
#2886
b1000110 W"
#2887
b1000111 W"
#2888
b1001000 W"
#2889
b1001001 W"
#2890
b1001010 W"
#2891
b1001011 W"
#2892
b1001100 W"
#2893
b1001101 W"
#2894
b1001110 W"
#2895
b1001111 W"
#2896
b1010000 W"
#2897
b1010001 W"
#2898
b1010010 W"
#2899
b1010011 W"
#2900
b1010100 W"
#2901
b1010101 W"
#2902
b1010110 W"
#2903
b1010111 W"
#2904
b1011000 W"
#2905
b1011001 W"
#2906
b1011010 W"
#2907
b1011011 W"
#2908
b1011100 W"
#2909
b1011101 W"
#2910
b1011110 W"
#2911
b1011111 W"
#2912
b1100000 W"
#2913
b1100001 W"
#2914
b1100010 W"
#2915
b1100011 W"
#2916
b1100100 W"
#2917
b1100101 W"
#2918
b1100110 W"
#2919
b1100111 W"
#2920
b1101000 W"
#2921
b1101001 W"
#2922
b1101010 W"
#2923
b1101011 W"
#2924
b1101100 W"
#2925
b1101101 W"
#2926
b1101110 W"
#2927
b1101111 W"
#2928
b1110000 W"
#2929
b1110001 W"
#2930
b1110010 W"
#2931
b1110011 W"
#2932
b1110100 W"
#2933
b1110101 W"
#2934
b1110110 W"
#2935
b1110111 W"
#2936
b1111000 W"
#2937
b1111001 W"
#2938
b1111010 W"
#2939
b1111011 W"
#2940
b1111100 W"
#2941
b1111101 W"
#2942
b1111110 W"
#2943
b1111111 W"
#2944
b10000000 W"
#2945
b10000001 W"
#2946
b10000010 W"
#2947
b10000011 W"
#2948
b10000100 W"
#2949
b10000101 W"
#2950
b10000110 W"
#2951
b10000111 W"
#2952
b10001000 W"
#2953
b10001001 W"
#2954
b10001010 W"
#2955
b10001011 W"
#2956
b10001100 W"
#2957
b10001101 W"
#2958
b10001110 W"
#2959
b10001111 W"
#2960
b10010000 W"
#2961
b10010001 W"
#2962
b10010010 W"
#2963
b10010011 W"
#2964
b10010100 W"
#2965
b10010101 W"
#2966
b10010110 W"
#2967
b10010111 W"
#2968
b10011000 W"
#2969
b10011001 W"
#2970
b10011010 W"
#2971
b10011011 W"
#2972
b10011100 W"
#2973
b10011101 W"
#2974
b10011110 W"
#2975
b10011111 W"
#2976
b10100000 W"
#2977
b10100001 W"
#2978
b10100010 W"
#2979
b10100011 W"
#2980
b10100100 W"
#2981
b10100101 W"
#2982
b10100110 W"
#2983
b10100111 W"
#2984
b10101000 W"
#2985
b10101001 W"
#2986
b10101010 W"
#2987
b10101011 W"
#2988
b10101100 W"
#2989
b10101101 W"
#2990
b10101110 W"
#2991
b10101111 W"
#2992
b10110000 W"
#2993
b10110001 W"
#2994
b10110010 W"
#2995
b10110011 W"
#2996
b10110100 W"
#2997
b10110101 W"
#2998
b10110110 W"
#2999
b10110111 W"
#3000
b10111000 W"
#3001
b10111001 W"
#3002
b10111010 W"
#3003
b10111011 W"
#3004
b10111100 W"
#3005
b10111101 W"
#3006
b10111110 W"
#3007
b10111111 W"
#3008
b11000000 W"
#3009
b11000001 W"
#3010
b11000010 W"
#3011
b11000011 W"
#3012
b11000100 W"
#3013
b11000101 W"
#3014
b11000110 W"
#3015
b11000111 W"
#3016
b11001000 W"
#3017
b11001001 W"
#3018
b11001010 W"
#3019
b11001011 W"
#3020
b11001100 W"
#3021
b11001101 W"
#3022
b11001110 W"
#3023
b11001111 W"
#3024
b11010000 W"
#3025
b11010001 W"
#3026
b11010010 W"
#3027
b11010011 W"
#3028
b11010100 W"
#3029
b11010101 W"
#3030
b11010110 W"
#3031
b11010111 W"
#3032
b11011000 W"
#3033
b11011001 W"
#3034
b11011010 W"
#3035
b11011011 W"
#3036
b11011100 W"
#3037
b11011101 W"
#3038
b11011110 W"
#3039
b11011111 W"
#3040
b11100000 W"
#3041
b11100001 W"
#3042
b11100010 W"
#3043
b11100011 W"
#3044
b11100100 W"
#3045
b11100101 W"
#3046
b11100110 W"
#3047
b11100111 W"
#3048
b11101000 W"
#3049
b11101001 W"
#3050
b11101010 W"
#3051
b11101011 W"
#3052
b11101100 W"
#3053
b11101101 W"
#3054
b11101110 W"
#3055
b11101111 W"
#3056
b11110000 W"
#3057
b11110001 W"
#3058
b11110010 W"
#3059
b11110011 W"
#3060
b11110100 W"
#3061
b11110101 W"
#3062
b11110110 W"
#3063
b11110111 W"
#3064
b11111000 W"
#3065
b11111001 W"
#3066
b11111010 W"
#3067
b11111011 W"
#3068
b11111100 W"
#3069
b11111101 W"
#3070
b11111110 W"
#3071
b11111111 W"
#3072
b100000000 W"
#3073
b100000001 W"
#3074
b100000010 W"
#3075
b100000011 W"
#3076
b100000100 W"
#3077
b100000101 W"
#3078
b100000110 W"
#3079
b100000111 W"
#3080
b100001000 W"
#3081
b100001001 W"
#3082
b100001010 W"
#3083
b100001011 W"
#3084
b100001100 W"
#3085
b100001101 W"
#3086
b100001110 W"
#3087
b100001111 W"
#3088
b100010000 W"
#3089
b100010001 W"
#3090
b100010010 W"
#3091
b100010011 W"
#3092
b100010100 W"
#3093
b100010101 W"
#3094
b100010110 W"
#3095
b100010111 W"
#3096
b100011000 W"
#3097
b100011001 W"
#3098
b100011010 W"
#3099
b100011011 W"
#3100
b100011100 W"
#3101
b100011101 W"
#3102
b100011110 W"
#3103
b100011111 W"
#3104
b100100000 W"
#3105
b100100001 W"
#3106
b100100010 W"
#3107
b100100011 W"
#3108
b100100100 W"
#3109
b100100101 W"
#3110
b100100110 W"
#3111
b100100111 W"
#3112
b100101000 W"
#3113
b100101001 W"
#3114
b100101010 W"
#3115
b100101011 W"
#3116
b100101100 W"
#3117
b100101101 W"
#3118
b100101110 W"
#3119
b100101111 W"
#3120
b100110000 W"
#3121
b100110001 W"
#3122
b100110010 W"
#3123
b100110011 W"
#3124
b100110100 W"
#3125
b100110101 W"
#3126
b100110110 W"
#3127
b100110111 W"
#3128
b100111000 W"
#3129
b100111001 W"
#3130
b100111010 W"
#3131
b100111011 W"
#3132
b100111100 W"
#3133
b100111101 W"
#3134
b100111110 W"
#3135
b100111111 W"
#3136
b101000000 W"
#3137
b101000001 W"
#3138
b101000010 W"
#3139
b101000011 W"
#3140
b101000100 W"
#3141
b101000101 W"
#3142
b101000110 W"
#3143
b101000111 W"
#3144
b101001000 W"
#3145
b101001001 W"
#3146
b101001010 W"
#3147
b101001011 W"
#3148
b101001100 W"
#3149
b101001101 W"
#3150
b101001110 W"
#3151
b101001111 W"
#3152
b101010000 W"
#3153
b101010001 W"
#3154
b101010010 W"
#3155
b101010011 W"
#3156
b101010100 W"
#3157
b101010101 W"
#3158
b101010110 W"
#3159
b101010111 W"
#3160
b101011000 W"
#3161
b101011001 W"
#3162
b101011010 W"
#3163
b101011011 W"
#3164
b101011100 W"
#3165
b101011101 W"
#3166
b101011110 W"
#3167
b101011111 W"
#3168
b101100000 W"
#3169
b101100001 W"
#3170
b101100010 W"
#3171
b101100011 W"
#3172
b101100100 W"
#3173
b101100101 W"
#3174
b101100110 W"
#3175
b101100111 W"
#3176
b101101000 W"
#3177
b101101001 W"
#3178
b101101010 W"
#3179
b101101011 W"
#3180
b101101100 W"
#3181
b101101101 W"
#3182
b101101110 W"
#3183
b101101111 W"
#3184
b101110000 W"
#3185
b101110001 W"
#3186
b101110010 W"
#3187
b101110011 W"
#3188
b101110100 W"
#3189
b101110101 W"
#3190
b101110110 W"
#3191
b101110111 W"
#3192
b101111000 W"
#3193
b101111001 W"
#3194
b101111010 W"
#3195
b101111011 W"
#3196
b101111100 W"
#3197
b101111101 W"
#3198
b101111110 W"
#3199
b101111111 W"
#3200
b110000000 W"
#3201
b110000001 W"
#3202
b110000010 W"
#3203
b110000011 W"
#3204
b110000100 W"
#3205
b110000101 W"
#3206
b110000110 W"
#3207
b110000111 W"
#3208
b110001000 W"
#3209
b110001001 W"
#3210
b110001010 W"
#3211
b110001011 W"
#3212
b110001100 W"
#3213
b110001101 W"
#3214
b110001110 W"
#3215
b110001111 W"
#3216
b110010000 W"
#3217
b110010001 W"
#3218
b110010010 W"
#3219
b110010011 W"
#3220
b110010100 W"
#3221
b110010101 W"
#3222
b110010110 W"
#3223
b110010111 W"
#3224
b110011000 W"
#3225
b110011001 W"
#3226
b110011010 W"
#3227
b110011011 W"
#3228
b110011100 W"
#3229
b110011101 W"
#3230
b110011110 W"
#3231
b110011111 W"
#3232
b110100000 W"
#3233
b110100001 W"
#3234
b110100010 W"
#3235
b110100011 W"
#3236
b110100100 W"
#3237
b110100101 W"
#3238
b110100110 W"
#3239
b110100111 W"
#3240
b110101000 W"
#3241
b110101001 W"
#3242
b110101010 W"
1%#
#3243
b110101011 W"
1&#
#3244
b110101100 W"
1'#
#3245
b110101101 W"
1(#
#3246
b110101110 W"
#3247
b110101111 W"
#3248
b110110000 W"
#3249
b110110001 W"
#3250
b111 S"
b0 W"
#3251
b1 W"
#3252
b10 W"
#3253
b11 W"
#3254
b100 W"
#3255
b101 W"
#3256
b110 W"
#3257
b111 W"
#3258
b1000 W"
#3259
b1001 W"
#3260
b1010 W"
#3261
b1011 W"
#3262
b1100 W"
#3263
b1101 W"
#3264
b1110 W"
#3265
b1111 W"
#3266
b10000 W"
#3267
b10001 W"
#3268
b10010 W"
#3269
b10011 W"
#3270
b10100 W"
#3271
b10101 W"
#3272
b10110 W"
#3273
b10111 W"
#3274
b11000 W"
#3275
b11001 W"
#3276
b11010 W"
#3277
b11011 W"
#3278
b11100 W"
#3279
b11101 W"
#3280
b11110 W"
#3281
b11111 W"
#3282
b100000 W"
#3283
b100001 W"
#3284
b100010 W"
#3285
b100011 W"
#3286
b100100 W"
#3287
b100101 W"
#3288
b100110 W"
#3289
b100111 W"
#3290
b101000 W"
#3291
b101001 W"
#3292
b101010 W"
#3293
b101011 W"
#3294
b101100 W"
#3295
b101101 W"
#3296
b101110 W"
#3297
b101111 W"
#3298
b110000 W"
#3299
b110001 W"
#3300
b110010 W"
#3301
b110011 W"
#3302
b110100 W"
#3303
b110101 W"
#3304
b110110 W"
#3305
b110111 W"
#3306
b111000 W"
#3307
b111001 W"
#3308
b111010 W"
#3309
b111011 W"
#3310
b111100 W"
#3311
b111101 W"
#3312
b111110 W"
#3313
b111111 W"
#3314
b1000000 W"
#3315
b1000001 W"
#3316
b1000010 W"
#3317
b1000011 W"
#3318
b1000100 W"
#3319
b1000101 W"
#3320
b1000110 W"
#3321
b1000111 W"
#3322
b1001000 W"
#3323
b1001001 W"
#3324
b1001010 W"
#3325
b1001011 W"
#3326
b1001100 W"
#3327
b1001101 W"
#3328
b1001110 W"
#3329
b1001111 W"
#3330
b1010000 W"
#3331
b1010001 W"
#3332
b1010010 W"
#3333
b1010011 W"
#3334
b1010100 W"
#3335
b1010101 W"
#3336
b1010110 W"
#3337
b1010111 W"
#3338
b1011000 W"
#3339
b1011001 W"
#3340
b1011010 W"
#3341
b1011011 W"
#3342
b1011100 W"
#3343
b1011101 W"
#3344
b1011110 W"
#3345
b1011111 W"
#3346
b1100000 W"
#3347
b1100001 W"
#3348
b1100010 W"
#3349
b1100011 W"
#3350
b1100100 W"
#3351
b1100101 W"
#3352
b1100110 W"
#3353
b1100111 W"
#3354
b1101000 W"
#3355
b1101001 W"
#3356
b1101010 W"
#3357
b1101011 W"
#3358
b1101100 W"
#3359
b1101101 W"
#3360
b1101110 W"
#3361
b1101111 W"
#3362
b1110000 W"
#3363
b1110001 W"
#3364
b1110010 W"
#3365
b1110011 W"
#3366
b1110100 W"
#3367
b1110101 W"
#3368
b1110110 W"
#3369
b1110111 W"
#3370
b1111000 W"
#3371
b1111001 W"
#3372
b1111010 W"
#3373
b1111011 W"
#3374
b1111100 W"
#3375
b1111101 W"
#3376
b1111110 W"
#3377
b1111111 W"
#3378
b10000000 W"
#3379
b10000001 W"
#3380
b10000010 W"
#3381
b10000011 W"
#3382
b10000100 W"
#3383
b10000101 W"
#3384
b10000110 W"
#3385
b10000111 W"
#3386
b10001000 W"
#3387
b10001001 W"
#3388
b10001010 W"
#3389
b10001011 W"
#3390
b10001100 W"
#3391
b10001101 W"
#3392
b10001110 W"
#3393
b10001111 W"
#3394
b10010000 W"
#3395
b10010001 W"
#3396
b10010010 W"
#3397
b10010011 W"
#3398
b10010100 W"
#3399
b10010101 W"
#3400
b10010110 W"
#3401
b10010111 W"
#3402
b10011000 W"
#3403
b10011001 W"
#3404
b10011010 W"
#3405
b10011011 W"
#3406
b10011100 W"
#3407
b10011101 W"
#3408
b10011110 W"
#3409
b10011111 W"
#3410
b10100000 W"
#3411
b10100001 W"
#3412
b10100010 W"
#3413
b10100011 W"
#3414
b10100100 W"
#3415
b10100101 W"
#3416
b10100110 W"
#3417
b10100111 W"
#3418
b10101000 W"
#3419
b10101001 W"
#3420
b10101010 W"
#3421
b10101011 W"
#3422
b10101100 W"
#3423
b10101101 W"
#3424
b10101110 W"
#3425
b10101111 W"
#3426
b10110000 W"
#3427
b10110001 W"
#3428
b10110010 W"
#3429
b10110011 W"
#3430
b10110100 W"
#3431
b10110101 W"
#3432
b10110110 W"
#3433
b10110111 W"
#3434
b10111000 W"
#3435
b10111001 W"
#3436
b10111010 W"
#3437
b10111011 W"
#3438
b10111100 W"
#3439
b10111101 W"
#3440
b10111110 W"
#3441
b10111111 W"
#3442
b11000000 W"
#3443
b11000001 W"
#3444
b11000010 W"
#3445
b11000011 W"
#3446
b11000100 W"
#3447
b11000101 W"
#3448
b11000110 W"
#3449
b11000111 W"
#3450
b11001000 W"
#3451
b11001001 W"
#3452
b11001010 W"
#3453
b11001011 W"
#3454
b11001100 W"
#3455
b11001101 W"
#3456
b11001110 W"
#3457
b11001111 W"
#3458
b11010000 W"
#3459
b11010001 W"
#3460
b11010010 W"
#3461
b11010011 W"
#3462
b11010100 W"
#3463
b11010101 W"
#3464
b11010110 W"
#3465
b11010111 W"
#3466
b11011000 W"
#3467
b11011001 W"
b1000010 g"
#3468
b11011010 W"
#3469
b11011011 W"
#3470
b11011100 W"
#3471
b11011101 W"
#3472
b11011110 W"
#3473
b11011111 W"
#3474
b11100000 W"
#3475
b11100001 W"
#3476
b11100010 W"
#3477
b11100011 W"
#3478
b11100100 W"
#3479
b11100101 W"
#3480
b11100110 W"
#3481
b11100111 W"
#3482
b11101000 W"
#3483
b11101001 W"
#3484
b11101010 W"
#3485
b11101011 W"
#3486
b11101100 W"
#3487
b11101101 W"
#3488
b11101110 W"
#3489
b11101111 W"
#3490
b11110000 W"
#3491
b11110001 W"
#3492
b11110010 W"
#3493
b11110011 W"
#3494
b11110100 W"
#3495
b11110101 W"
#3496
b11110110 W"
#3497
b11110111 W"
#3498
b11111000 W"
#3499
b11111001 W"
#3500
b11111010 W"
#3501
b11111011 W"
#3502
b11111100 W"
#3503
b11111101 W"
#3504
b11111110 W"
#3505
b11111111 W"
#3506
b100000000 W"
#3507
b100000001 W"
#3508
b100000010 W"
#3509
b100000011 W"
#3510
b100000100 W"
#3511
b100000101 W"
#3512
b100000110 W"
#3513
b100000111 W"
#3514
b100001000 W"
#3515
b100001001 W"
#3516
b100001010 W"
#3517
b100001011 W"
#3518
b100001100 W"
#3519
b100001101 W"
#3520
b100001110 W"
#3521
b100001111 W"
#3522
b100010000 W"
#3523
b100010001 W"
#3524
b100010010 W"
#3525
b100010011 W"
#3526
b100010100 W"
#3527
b100010101 W"
#3528
b100010110 W"
#3529
b100010111 W"
#3530
b100011000 W"
#3531
b100011001 W"
#3532
b100011010 W"
#3533
b100011011 W"
#3534
b100011100 W"
#3535
b100011101 W"
#3536
b100011110 W"
#3537
b100011111 W"
#3538
b100100000 W"
#3539
b100100001 W"
#3540
b100100010 W"
#3541
b100100011 W"
#3542
b100100100 W"
#3543
b100100101 W"
#3544
b100100110 W"
#3545
b100100111 W"
#3546
b100101000 W"
#3547
b100101001 W"
#3548
b100101010 W"
#3549
b100101011 W"
#3550
b100101100 W"
#3551
b100101101 W"
#3552
b100101110 W"
#3553
b100101111 W"
#3554
b100110000 W"
#3555
b100110001 W"
#3556
b100110010 W"
#3557
b100110011 W"
#3558
b100110100 W"
#3559
b100110101 W"
#3560
b100110110 W"
#3561
b100110111 W"
#3562
b100111000 W"
#3563
b100111001 W"
#3564
b100111010 W"
#3565
b100111011 W"
#3566
b100111100 W"
#3567
b100111101 W"
#3568
b100111110 W"
#3569
b100111111 W"
#3570
b101000000 W"
#3571
b101000001 W"
#3572
b101000010 W"
#3573
b101000011 W"
#3574
b101000100 W"
#3575
b101000101 W"
#3576
b101000110 W"
#3577
b101000111 W"
#3578
b101001000 W"
#3579
b101001001 W"
#3580
b101001010 W"
#3581
b101001011 W"
#3582
b101001100 W"
#3583
b101001101 W"
#3584
b101001110 W"
#3585
b101001111 W"
#3586
b101010000 W"
#3587
b101010001 W"
#3588
b101010010 W"
#3589
b101010011 W"
#3590
b101010100 W"
#3591
b101010101 W"
#3592
b101010110 W"
#3593
b101010111 W"
#3594
b101011000 W"
#3595
b101011001 W"
#3596
b101011010 W"
#3597
b101011011 W"
#3598
b101011100 W"
#3599
b101011101 W"
#3600
b101011110 W"
#3601
b101011111 W"
#3602
b101100000 W"
#3603
b101100001 W"
#3604
b101100010 W"
#3605
b101100011 W"
#3606
b101100100 W"
#3607
b101100101 W"
#3608
b101100110 W"
#3609
b101100111 W"
#3610
b101101000 W"
#3611
b101101001 W"
#3612
b101101010 W"
#3613
b101101011 W"
#3614
b101101100 W"
#3615
b101101101 W"
#3616
b101101110 W"
#3617
b101101111 W"
#3618
b101110000 W"
#3619
b101110001 W"
#3620
b101110010 W"
#3621
b101110011 W"
#3622
b101110100 W"
#3623
b101110101 W"
#3624
b101110110 W"
#3625
b101110111 W"
#3626
b101111000 W"
#3627
b101111001 W"
#3628
b101111010 W"
#3629
b101111011 W"
#3630
b101111100 W"
#3631
b101111101 W"
#3632
b101111110 W"
#3633
b101111111 W"
#3634
b110000000 W"
#3635
b110000001 W"
#3636
b110000010 W"
#3637
b110000011 W"
#3638
b110000100 W"
#3639
b110000101 W"
#3640
b110000110 W"
#3641
b110000111 W"
#3642
b110001000 W"
#3643
b110001001 W"
#3644
b110001010 W"
#3645
b110001011 W"
#3646
b110001100 W"
#3647
b110001101 W"
#3648
b110001110 W"
#3649
b110001111 W"
#3650
b110010000 W"
#3651
b110010001 W"
#3652
b110010010 W"
#3653
b110010011 W"
#3654
b110010100 W"
#3655
b110010101 W"
#3656
b110010110 W"
#3657
b110010111 W"
#3658
b110011000 W"
#3659
b110011001 W"
#3660
b110011010 W"
#3661
b110011011 W"
#3662
b110011100 W"
#3663
b110011101 W"
#3664
b110011110 W"
#3665
b110011111 W"
#3666
b110100000 W"
#3667
b110100001 W"
#3668
b110100010 W"
#3669
b110100011 W"
#3670
b110100100 W"
#3671
b110100101 W"
#3672
b110100110 W"
#3673
b110100111 W"
#3674
b110101000 W"
#3675
b110101001 W"
#3676
b110101010 W"
0%#
#3677
b110101011 W"
0&#
#3678
b110101100 W"
0'#
#3679
b110101101 W"
0(#
#3680
b110101110 W"
#3681
b110101111 W"
#3682
b110110000 W"
#3683
b110110001 W"
#3684
b1000 S"
b0 W"
#3685
b1 W"
#3686
b10 W"
#3687
b11 W"
#3688
b100 W"
#3689
b101 W"
#3690
b110 W"
#3691
b111 W"
#3692
b1000 W"
#3693
b1001 W"
#3694
b1010 W"
#3695
b1011 W"
#3696
b1100 W"
#3697
b1101 W"
#3698
b1110 W"
#3699
b1111 W"
#3700
b10000 W"
#3701
b10001 W"
#3702
b10010 W"
#3703
b10011 W"
#3704
b10100 W"
#3705
b10101 W"
#3706
b10110 W"
#3707
b10111 W"
#3708
b11000 W"
#3709
b11001 W"
#3710
b11010 W"
#3711
b11011 W"
#3712
b11100 W"
#3713
b11101 W"
#3714
b11110 W"
#3715
b11111 W"
#3716
b100000 W"
#3717
b100001 W"
#3718
b100010 W"
#3719
b100011 W"
#3720
b100100 W"
#3721
b100101 W"
#3722
b100110 W"
#3723
b100111 W"
#3724
b101000 W"
#3725
b101001 W"
#3726
b101010 W"
#3727
b101011 W"
#3728
b101100 W"
#3729
b101101 W"
#3730
b101110 W"
#3731
b101111 W"
#3732
b110000 W"
#3733
b110001 W"
#3734
b110010 W"
#3735
b110011 W"
#3736
b110100 W"
#3737
b110101 W"
#3738
b110110 W"
#3739
b110111 W"
#3740
b111000 W"
#3741
b111001 W"
#3742
b111010 W"
#3743
b111011 W"
#3744
b111100 W"
#3745
b111101 W"
#3746
b111110 W"
#3747
b111111 W"
#3748
b1000000 W"
#3749
b1000001 W"
#3750
b1000010 W"
#3751
b1000011 W"
#3752
b1000100 W"
#3753
b1000101 W"
#3754
b1000110 W"
#3755
b1000111 W"
#3756
b1001000 W"
#3757
b1001001 W"
#3758
b1001010 W"
#3759
b1001011 W"
#3760
b1001100 W"
#3761
b1001101 W"
#3762
b1001110 W"
#3763
b1001111 W"
#3764
b1010000 W"
#3765
b1010001 W"
#3766
b1010010 W"
#3767
b1010011 W"
#3768
b1010100 W"
#3769
b1010101 W"
#3770
b1010110 W"
#3771
b1010111 W"
#3772
b1011000 W"
#3773
b1011001 W"
#3774
b1011010 W"
#3775
b1011011 W"
#3776
b1011100 W"
#3777
b1011101 W"
#3778
b1011110 W"
#3779
b1011111 W"
#3780
b1100000 W"
#3781
b1100001 W"
#3782
b1100010 W"
#3783
b1100011 W"
#3784
b1100100 W"
#3785
b1100101 W"
#3786
b1100110 W"
#3787
b1100111 W"
#3788
b1101000 W"
#3789
b1101001 W"
#3790
b1101010 W"
#3791
b1101011 W"
#3792
b1101100 W"
#3793
b1101101 W"
#3794
b1101110 W"
#3795
b1101111 W"
#3796
b1110000 W"
#3797
b1110001 W"
#3798
b1110010 W"
#3799
b1110011 W"
#3800
b1110100 W"
#3801
b1110101 W"
#3802
b1110110 W"
#3803
b1110111 W"
#3804
b1111000 W"
#3805
b1111001 W"
#3806
b1111010 W"
#3807
b1111011 W"
#3808
b1111100 W"
#3809
b1111101 W"
#3810
b1111110 W"
#3811
b1111111 W"
#3812
b10000000 W"
#3813
b10000001 W"
#3814
b10000010 W"
#3815
b10000011 W"
#3816
b10000100 W"
#3817
b10000101 W"
#3818
b10000110 W"
#3819
b10000111 W"
#3820
b10001000 W"
#3821
b10001001 W"
#3822
b10001010 W"
#3823
b10001011 W"
#3824
b10001100 W"
#3825
b10001101 W"
#3826
b10001110 W"
#3827
b10001111 W"
#3828
b10010000 W"
#3829
b10010001 W"
#3830
b10010010 W"
#3831
b10010011 W"
#3832
b10010100 W"
#3833
b10010101 W"
#3834
b10010110 W"
#3835
b10010111 W"
#3836
b10011000 W"
#3837
b10011001 W"
#3838
b10011010 W"
#3839
b10011011 W"
#3840
b10011100 W"
#3841
b10011101 W"
#3842
b10011110 W"
#3843
b10011111 W"
#3844
b10100000 W"
#3845
b10100001 W"
#3846
b10100010 W"
#3847
b10100011 W"
#3848
b10100100 W"
#3849
b10100101 W"
#3850
b10100110 W"
#3851
b10100111 W"
#3852
b10101000 W"
#3853
b10101001 W"
#3854
b10101010 W"
#3855
b10101011 W"
#3856
b10101100 W"
#3857
b10101101 W"
#3858
b10101110 W"
#3859
b10101111 W"
#3860
b10110000 W"
#3861
b10110001 W"
#3862
b10110010 W"
#3863
b10110011 W"
#3864
b10110100 W"
#3865
b10110101 W"
#3866
b10110110 W"
#3867
b10110111 W"
#3868
b10111000 W"
#3869
b10111001 W"
#3870
b10111010 W"
#3871
b10111011 W"
#3872
b10111100 W"
#3873
b10111101 W"
#3874
b10111110 W"
#3875
b10111111 W"
#3876
b11000000 W"
#3877
b11000001 W"
#3878
b11000010 W"
#3879
b11000011 W"
#3880
b11000100 W"
#3881
b11000101 W"
#3882
b11000110 W"
#3883
b11000111 W"
#3884
b11001000 W"
#3885
b11001001 W"
#3886
b11001010 W"
#3887
b11001011 W"
#3888
b11001100 W"
#3889
b11001101 W"
#3890
b11001110 W"
#3891
b11001111 W"
#3892
b11010000 W"
#3893
b11010001 W"
#3894
b11010010 W"
#3895
b11010011 W"
#3896
b11010100 W"
#3897
b11010101 W"
#3898
b11010110 W"
#3899
b11010111 W"
#3900
b11011000 W"
#3901
b11011001 W"
#3902
b11011010 W"
#3903
b11011011 W"
#3904
b11011100 W"
#3905
b11011101 W"
#3906
b11011110 W"
#3907
b11011111 W"
#3908
b11100000 W"
#3909
b11100001 W"
#3910
b11100010 W"
#3911
b11100011 W"
#3912
b11100100 W"
#3913
b11100101 W"
#3914
b11100110 W"
#3915
b11100111 W"
#3916
b11101000 W"
#3917
b11101001 W"
#3918
b11101010 W"
#3919
b11101011 W"
#3920
b11101100 W"
#3921
b11101101 W"
#3922
b11101110 W"
#3923
b11101111 W"
#3924
b11110000 W"
#3925
b11110001 W"
#3926
b11110010 W"
#3927
b11110011 W"
#3928
b11110100 W"
#3929
b11110101 W"
#3930
b11110110 W"
#3931
b11110111 W"
#3932
b11111000 W"
#3933
b11111001 W"
#3934
b11111010 W"
#3935
b11111011 W"
#3936
b11111100 W"
#3937
b11111101 W"
#3938
b11111110 W"
#3939
b11111111 W"
#3940
b100000000 W"
#3941
b100000001 W"
#3942
b100000010 W"
#3943
b100000011 W"
#3944
b100000100 W"
#3945
b100000101 W"
#3946
b100000110 W"
#3947
b100000111 W"
#3948
b100001000 W"
#3949
b100001001 W"
#3950
b100001010 W"
#3951
b100001011 W"
#3952
b100001100 W"
#3953
b100001101 W"
#3954
b100001110 W"
#3955
b100001111 W"
#3956
b100010000 W"
#3957
b100010001 W"
#3958
b100010010 W"
#3959
b100010011 W"
#3960
b100010100 W"
#3961
b100010101 W"
#3962
b100010110 W"
#3963
b100010111 W"
#3964
b100011000 W"
#3965
b100011001 W"
#3966
b100011010 W"
#3967
b100011011 W"
#3968
b100011100 W"
#3969
b100011101 W"
#3970
b100011110 W"
#3971
b100011111 W"
#3972
b100100000 W"
#3973
b100100001 W"
#3974
b100100010 W"
#3975
b100100011 W"
#3976
b100100100 W"
#3977
b100100101 W"
#3978
b100100110 W"
#3979
b100100111 W"
#3980
b100101000 W"
#3981
b100101001 W"
#3982
b100101010 W"
#3983
b100101011 W"
#3984
b100101100 W"
#3985
b100101101 W"
#3986
b100101110 W"
#3987
b100101111 W"
#3988
b100110000 W"
#3989
b100110001 W"
#3990
b100110010 W"
#3991
b100110011 W"
#3992
b100110100 W"
#3993
b100110101 W"
#3994
b100110110 W"
#3995
b100110111 W"
#3996
b100111000 W"
#3997
b100111001 W"
#3998
b100111010 W"
#3999
b100111011 W"
#4000
b100111100 W"
#4001
b100111101 W"
#4002
b100111110 W"
#4003
b100111111 W"
#4004
b101000000 W"
#4005
b101000001 W"
#4006
b101000010 W"
#4007
b101000011 W"
#4008
b101000100 W"
#4009
b101000101 W"
#4010
b101000110 W"
#4011
b101000111 W"
#4012
b101001000 W"
#4013
b101001001 W"
#4014
b101001010 W"
#4015
b101001011 W"
#4016
b101001100 W"
#4017
b101001101 W"
#4018
b101001110 W"
#4019
b101001111 W"
#4020
b101010000 W"
#4021
b101010001 W"
#4022
b101010010 W"
#4023
b101010011 W"
#4024
b101010100 W"
#4025
b101010101 W"
#4026
b101010110 W"
#4027
b101010111 W"
#4028
b101011000 W"
#4029
b101011001 W"
#4030
b101011010 W"
#4031
b101011011 W"
#4032
b101011100 W"
#4033
b101011101 W"
#4034
b101011110 W"
#4035
b101011111 W"
#4036
b101100000 W"
#4037
b101100001 W"
#4038
b101100010 W"
#4039
b101100011 W"
#4040
b101100100 W"
#4041
b101100101 W"
#4042
b101100110 W"
#4043
b101100111 W"
#4044
b101101000 W"
#4045
b101101001 W"
#4046
b101101010 W"
#4047
b101101011 W"
#4048
b101101100 W"
#4049
b101101101 W"
#4050
b101101110 W"
#4051
b101101111 W"
#4052
b101110000 W"
#4053
b101110001 W"
#4054
b101110010 W"
#4055
b101110011 W"
#4056
b101110100 W"
#4057
b101110101 W"
#4058
b101110110 W"
#4059
b101110111 W"
#4060
b101111000 W"
#4061
b101111001 W"
#4062
b101111010 W"
#4063
b101111011 W"
#4064
b101111100 W"
#4065
b101111101 W"
#4066
b101111110 W"
#4067
b101111111 W"
#4068
b110000000 W"
#4069
b110000001 W"
#4070
b110000010 W"
#4071
b110000011 W"
#4072
b110000100 W"
#4073
b110000101 W"
#4074
b110000110 W"
#4075
b110000111 W"
#4076
b110001000 W"
#4077
b110001001 W"
#4078
b110001010 W"
#4079
b110001011 W"
#4080
b110001100 W"
#4081
b110001101 W"
#4082
b110001110 W"
#4083
b110001111 W"
#4084
b110010000 W"
#4085
b110010001 W"
#4086
b110010010 W"
#4087
b110010011 W"
#4088
b110010100 W"
#4089
b110010101 W"
#4090
b110010110 W"
#4091
b110010111 W"
#4092
b110011000 W"
#4093
b110011001 W"
#4094
b110011010 W"
#4095
b110011011 W"
#4096
b110011100 W"
#4097
b110011101 W"
#4098
b110011110 W"
#4099
b110011111 W"
#4100
b110100000 W"
#4101
b110100001 W"
#4102
b110100010 W"
#4103
b110100011 W"
#4104
b110100100 W"
#4105
b110100101 W"
#4106
b110100110 W"
#4107
b110100111 W"
#4108
b110101000 W"
#4109
b110101001 W"
1%#
#4110
b110101010 W"
1&#
#4111
b110101011 W"
1'#
#4112
b110101100 W"
1(#
#4113
b110101101 W"
#4114
b110101110 W"
#4115
b110101111 W"
#4116
b110110000 W"
#4117
b110110001 W"
#4118
b1001 S"
b0 W"
#4119
b1 W"
#4120
b10 W"
#4121
b11 W"
#4122
b100 W"
#4123
b101 W"
#4124
b110 W"
#4125
b111 W"
#4126
b1000 W"
#4127
b1001 W"
#4128
b1010 W"
#4129
b1011 W"
#4130
b1100 W"
#4131
b1101 W"
#4132
b1110 W"
#4133
b1111 W"
#4134
b10000 W"
#4135
b10001 W"
#4136
b10010 W"
#4137
b10011 W"
#4138
b10100 W"
#4139
b10101 W"
#4140
b10110 W"
#4141
b10111 W"
#4142
b11000 W"
#4143
b11001 W"
#4144
b11010 W"
#4145
b11011 W"
#4146
b11100 W"
#4147
b11101 W"
#4148
b11110 W"
#4149
b11111 W"
#4150
b100000 W"
#4151
b100001 W"
#4152
b100010 W"
#4153
b100011 W"
#4154
b100100 W"
#4155
b100101 W"
#4156
b100110 W"
#4157
b100111 W"
#4158
b101000 W"
#4159
b101001 W"
#4160
b101010 W"
#4161
b101011 W"
#4162
b101100 W"
#4163
b101101 W"
#4164
b101110 W"
#4165
b101111 W"
#4166
b110000 W"
#4167
b110001 W"
#4168
b110010 W"
#4169
b110011 W"
#4170
b110100 W"
#4171
b110101 W"
#4172
b110110 W"
#4173
b110111 W"
#4174
b111000 W"
#4175
b111001 W"
#4176
b111010 W"
#4177
b111011 W"
#4178
b111100 W"
#4179
b111101 W"
#4180
b111110 W"
#4181
b111111 W"
#4182
b1000000 W"
#4183
b1000001 W"
#4184
b1000010 W"
#4185
b1000011 W"
#4186
b1000100 W"
#4187
b1000101 W"
#4188
b1000110 W"
#4189
b1000111 W"
#4190
b1001000 W"
#4191
b1001001 W"
#4192
b1001010 W"
#4193
b1001011 W"
#4194
b1001100 W"
#4195
b1001101 W"
#4196
b1001110 W"
#4197
b1001111 W"
#4198
b1010000 W"
#4199
b1010001 W"
#4200
b1010010 W"
#4201
b1010011 W"
#4202
b1010100 W"
#4203
b1010101 W"
#4204
b1010110 W"
#4205
b1010111 W"
#4206
b1011000 W"
#4207
b1011001 W"
#4208
b1011010 W"
#4209
b1011011 W"
#4210
b1011100 W"
#4211
b1011101 W"
#4212
b1011110 W"
#4213
b1011111 W"
#4214
b1100000 W"
#4215
b1100001 W"
#4216
b1100010 W"
#4217
b1100011 W"
#4218
b1100100 W"
#4219
b1100101 W"
#4220
b1100110 W"
#4221
b1100111 W"
#4222
b1101000 W"
#4223
b1101001 W"
#4224
b1101010 W"
#4225
b1101011 W"
#4226
b1101100 W"
#4227
b1101101 W"
#4228
b1101110 W"
#4229
b1101111 W"
#4230
b1110000 W"
#4231
b1110001 W"
#4232
b1110010 W"
#4233
b1110011 W"
#4234
b1110100 W"
#4235
b1110101 W"
#4236
b1110110 W"
#4237
b1110111 W"
#4238
b1111000 W"
#4239
b1111001 W"
#4240
b1111010 W"
#4241
b1111011 W"
#4242
b1111100 W"
#4243
b1111101 W"
#4244
b1111110 W"
#4245
b1111111 W"
#4246
b10000000 W"
#4247
b10000001 W"
#4248
b10000010 W"
#4249
b10000011 W"
#4250
b10000100 W"
#4251
b10000101 W"
#4252
b10000110 W"
#4253
b10000111 W"
#4254
b10001000 W"
#4255
b10001001 W"
#4256
b10001010 W"
#4257
b10001011 W"
#4258
b10001100 W"
#4259
b10001101 W"
#4260
b10001110 W"
#4261
b10001111 W"
#4262
b10010000 W"
#4263
b10010001 W"
#4264
b10010010 W"
#4265
b10010011 W"
#4266
b10010100 W"
#4267
b10010101 W"
#4268
b10010110 W"
#4269
b10010111 W"
#4270
b10011000 W"
#4271
b10011001 W"
#4272
b10011010 W"
#4273
b10011011 W"
#4274
b10011100 W"
#4275
b10011101 W"
#4276
b10011110 W"
#4277
b10011111 W"
#4278
b10100000 W"
#4279
b10100001 W"
#4280
b10100010 W"
#4281
b10100011 W"
#4282
b10100100 W"
#4283
b10100101 W"
#4284
b10100110 W"
#4285
b10100111 W"
#4286
b10101000 W"
#4287
b10101001 W"
#4288
b10101010 W"
#4289
b10101011 W"
#4290
b10101100 W"
#4291
b10101101 W"
#4292
b10101110 W"
#4293
b10101111 W"
#4294
b10110000 W"
#4295
b10110001 W"
#4296
b10110010 W"
#4297
b10110011 W"
#4298
b10110100 W"
#4299
b10110101 W"
#4300
b10110110 W"
#4301
b10110111 W"
#4302
b10111000 W"
#4303
b10111001 W"
#4304
b10111010 W"
#4305
b10111011 W"
#4306
b10111100 W"
#4307
b10111101 W"
#4308
b10111110 W"
#4309
b10111111 W"
#4310
b11000000 W"
#4311
b11000001 W"
#4312
b11000010 W"
#4313
b11000011 W"
#4314
b11000100 W"
#4315
b11000101 W"
#4316
b11000110 W"
#4317
b11000111 W"
#4318
b11001000 W"
#4319
b11001001 W"
#4320
b11001010 W"
#4321
b11001011 W"
#4322
b11001100 W"
#4323
b11001101 W"
#4324
b11001110 W"
#4325
b11001111 W"
#4326
b11010000 W"
#4327
b11010001 W"
#4328
b11010010 W"
#4329
b11010011 W"
#4330
b11010100 W"
#4331
b11010101 W"
#4332
b11010110 W"
#4333
b11010111 W"
#4334
b11011000 W"
#4335
b1000010 C"
b11011001 W"
b1000010 o"
0~"
1##
1$#
#4336
b10 ("
b1000010 3"
b0 S"
b0 W"
b0 g"
0##
0$#
#4337
1"#
#4542
0%#
#4543
0&#
#4544
1!#
0'#
#4545
1~"
0!#
0(#
#4546
b1 W"
#4547
b10 W"
#4548
b11 W"
#4549
b100 W"
#4550
b101 W"
#4551
b110 W"
#4552
b111 W"
#4553
b1000 W"
#4554
b1001 W"
#4555
b1010 W"
#4556
b1011 W"
#4557
b1100 W"
#4558
b1101 W"
#4559
b1110 W"
#4560
b1111 W"
#4561
b10000 W"
#4562
b10001 W"
#4563
b10010 W"
#4564
b10011 W"
#4565
b10100 W"
#4566
b10101 W"
#4567
b10110 W"
#4568
b10111 W"
#4569
b11000 W"
#4570
b11001 W"
#4571
b11010 W"
#4572
b11011 W"
#4573
b11100 W"
#4574
b11101 W"
#4575
b11110 W"
#4576
b11111 W"
#4577
b100000 W"
#4578
b100001 W"
#4579
b100010 W"
#4580
b100011 W"
#4581
b100100 W"
#4582
b100101 W"
#4583
b100110 W"
#4584
b100111 W"
#4585
b101000 W"
#4586
b101001 W"
#4587
b101010 W"
#4588
b101011 W"
#4589
b101100 W"
#4590
b101101 W"
#4591
b101110 W"
#4592
b101111 W"
#4593
b110000 W"
#4594
b110001 W"
#4595
b110010 W"
#4596
b110011 W"
#4597
b110100 W"
#4598
b110101 W"
#4599
b110110 W"
#4600
b110111 W"
#4601
b111000 W"
#4602
b111001 W"
#4603
b111010 W"
#4604
b111011 W"
#4605
b111100 W"
#4606
b111101 W"
#4607
b111110 W"
#4608
b111111 W"
#4609
b1000000 W"
#4610
b1000001 W"
#4611
b1000010 W"
#4612
b1000011 W"
#4613
b1000100 W"
#4614
b1000101 W"
#4615
b1000110 W"
#4616
b1000111 W"
#4617
b1001000 W"
#4618
b1001001 W"
#4619
b1001010 W"
#4620
b1001011 W"
#4621
b1001100 W"
#4622
b1001101 W"
#4623
b1001110 W"
#4624
b1001111 W"
#4625
b1010000 W"
#4626
b1010001 W"
#4627
b1010010 W"
#4628
b1010011 W"
#4629
b1010100 W"
#4630
b1010101 W"
#4631
b1010110 W"
#4632
b1010111 W"
#4633
b1011000 W"
#4634
b1011001 W"
#4635
b1011010 W"
#4636
b1011011 W"
#4637
b1011100 W"
#4638
b1011101 W"
#4639
b1011110 W"
#4640
b1011111 W"
#4641
b1100000 W"
#4642
b1100001 W"
#4643
b1100010 W"
#4644
b1100011 W"
#4645
b1100100 W"
#4646
b1100101 W"
#4647
b1100110 W"
#4648
b1100111 W"
#4649
b1101000 W"
#4650
b1101001 W"
#4651
b1101010 W"
#4652
b1101011 W"
#4653
b1101100 W"
#4654
b1101101 W"
#4655
b1101110 W"
#4656
b1101111 W"
#4657
b1110000 W"
#4658
b1110001 W"
#4659
b1110010 W"
#4660
b1110011 W"
#4661
b1110100 W"
#4662
b1110101 W"
#4663
b1110110 W"
#4664
b1110111 W"
#4665
b1111000 W"
#4666
b1111001 W"
#4667
b1111010 W"
#4668
b1111011 W"
#4669
b1111100 W"
#4670
b1111101 W"
#4671
b1111110 W"
#4672
b1111111 W"
#4673
b10000000 W"
#4674
b10000001 W"
#4675
b10000010 W"
#4676
b10000011 W"
#4677
b10000100 W"
#4678
b10000101 W"
#4679
b10000110 W"
#4680
b10000111 W"
#4681
b10001000 W"
#4682
b10001001 W"
#4683
b10001010 W"
#4684
b10001011 W"
#4685
b10001100 W"
#4686
b10001101 W"
#4687
b10001110 W"
#4688
b10001111 W"
#4689
b10010000 W"
#4690
b10010001 W"
#4691
b10010010 W"
#4692
b10010011 W"
#4693
b10010100 W"
#4694
b10010101 W"
#4695
b10010110 W"
#4696
b10010111 W"
#4697
b10011000 W"
#4698
b10011001 W"
#4699
b10011010 W"
#4700
b10011011 W"
#4701
b10011100 W"
#4702
b10011101 W"
#4703
b10011110 W"
#4704
b10011111 W"
#4705
b10100000 W"
#4706
b10100001 W"
#4707
b10100010 W"
#4708
b10100011 W"
#4709
b10100100 W"
#4710
b10100101 W"
#4711
b10100110 W"
#4712
b10100111 W"
#4713
b10101000 W"
#4714
b10101001 W"
#4715
b10101010 W"
#4716
b10101011 W"
#4717
b10101100 W"
#4718
b10101101 W"
#4719
b10101110 W"
#4720
b10101111 W"
#4721
b10110000 W"
#4722
b10110001 W"
#4723
b10110010 W"
#4724
b10110011 W"
#4725
b10110100 W"
#4726
b10110101 W"
#4727
b10110110 W"
#4728
b10110111 W"
#4729
b10111000 W"
#4730
b10111001 W"
#4731
b10111010 W"
#4732
b10111011 W"
#4733
b10111100 W"
#4734
b10111101 W"
#4735
b10111110 W"
#4736
b10111111 W"
#4737
b11000000 W"
#4738
b11000001 W"
#4739
b11000010 W"
#4740
b11000011 W"
#4741
b11000100 W"
#4742
b11000101 W"
#4743
b11000110 W"
#4744
b11000111 W"
#4745
b11001000 W"
#4746
b11001001 W"
#4747
b11001010 W"
#4748
b11001011 W"
#4749
b11001100 W"
#4750
b11001101 W"
#4751
b11001110 W"
#4752
b11001111 W"
#4753
b11010000 W"
#4754
b11010001 W"
#4755
b11010010 W"
#4756
b11010011 W"
#4757
b11010100 W"
#4758
b11010101 W"
#4759
b11010110 W"
#4760
b11010111 W"
#4761
b11011000 W"
#4762
b11011001 W"
#4763
b11011010 W"
#4764
b11011011 W"
#4765
b11011100 W"
#4766
b11011101 W"
#4767
b11011110 W"
#4768
b11011111 W"
#4769
b11100000 W"
#4770
b11100001 W"
#4771
b11100010 W"
#4772
b11100011 W"
#4773
b11100100 W"
#4774
b11100101 W"
#4775
b11100110 W"
#4776
b11100111 W"
#4777
b11101000 W"
#4778
b11101001 W"
#4779
b11101010 W"
#4780
b11101011 W"
#4781
b11101100 W"
#4782
b11101101 W"
#4783
b11101110 W"
#4784
b11101111 W"
#4785
b11110000 W"
#4786
b11110001 W"
#4787
b11110010 W"
#4788
b11110011 W"
#4789
b11110100 W"
#4790
b11110101 W"
#4791
b11110110 W"
#4792
b11110111 W"
#4793
b11111000 W"
#4794
b11111001 W"
#4795
b11111010 W"
#4796
b11111011 W"
#4797
b11111100 W"
#4798
b11111101 W"
#4799
b11111110 W"
#4800
b11111111 W"
#4801
b100000000 W"
#4802
b100000001 W"
#4803
b100000010 W"
#4804
b100000011 W"
#4805
b100000100 W"
#4806
b100000101 W"
#4807
b100000110 W"
#4808
b100000111 W"
#4809
b100001000 W"
#4810
b100001001 W"
#4811
b100001010 W"
#4812
b100001011 W"
#4813
b100001100 W"
#4814
b100001101 W"
#4815
b100001110 W"
#4816
b100001111 W"
#4817
b100010000 W"
#4818
b100010001 W"
#4819
b100010010 W"
#4820
b100010011 W"
#4821
b100010100 W"
#4822
b100010101 W"
#4823
b100010110 W"
#4824
b100010111 W"
#4825
b100011000 W"
#4826
b100011001 W"
#4827
b100011010 W"
#4828
b100011011 W"
#4829
b100011100 W"
#4830
b100011101 W"
#4831
b100011110 W"
#4832
b100011111 W"
#4833
b100100000 W"
#4834
b100100001 W"
#4835
b100100010 W"
#4836
b100100011 W"
#4837
b100100100 W"
#4838
b100100101 W"
#4839
b100100110 W"
#4840
b100100111 W"
#4841
b100101000 W"
#4842
b100101001 W"
#4843
b100101010 W"
#4844
b100101011 W"
#4845
b100101100 W"
#4846
b100101101 W"
#4847
b100101110 W"
#4848
b100101111 W"
#4849
b100110000 W"
#4850
b100110001 W"
#4851
b100110010 W"
#4852
b100110011 W"
#4853
b100110100 W"
#4854
b100110101 W"
#4855
b100110110 W"
#4856
b100110111 W"
#4857
b100111000 W"
#4858
b100111001 W"
#4859
b100111010 W"
#4860
b100111011 W"
#4861
b100111100 W"
#4862
b100111101 W"
#4863
b100111110 W"
#4864
b100111111 W"
#4865
b101000000 W"
#4866
b101000001 W"
#4867
b101000010 W"
#4868
b101000011 W"
#4869
b101000100 W"
#4870
b101000101 W"
#4871
b101000110 W"
#4872
b101000111 W"
#4873
b101001000 W"
#4874
b101001001 W"
#4875
b101001010 W"
#4876
b101001011 W"
#4877
b101001100 W"
#4878
b101001101 W"
#4879
b101001110 W"
#4880
b101001111 W"
#4881
b101010000 W"
#4882
b101010001 W"
#4883
b101010010 W"
#4884
b101010011 W"
#4885
b101010100 W"
#4886
b101010101 W"
#4887
b101010110 W"
#4888
b101010111 W"
#4889
b101011000 W"
#4890
b101011001 W"
#4891
b101011010 W"
#4892
b101011011 W"
#4893
b101011100 W"
#4894
b101011101 W"
#4895
b101011110 W"
#4896
b101011111 W"
#4897
b101100000 W"
#4898
b101100001 W"
#4899
b101100010 W"
#4900
b101100011 W"
#4901
b101100100 W"
#4902
b101100101 W"
#4903
b101100110 W"
#4904
b101100111 W"
#4905
b101101000 W"
#4906
b101101001 W"
#4907
b101101010 W"
#4908
b101101011 W"
#4909
b101101100 W"
#4910
b101101101 W"
#4911
b101101110 W"
#4912
b101101111 W"
#4913
b101110000 W"
#4914
b101110001 W"
#4915
b101110010 W"
#4916
b101110011 W"
#4917
b101110100 W"
#4918
b101110101 W"
#4919
b101110110 W"
#4920
b101110111 W"
#4921
b101111000 W"
#4922
b101111001 W"
#4923
b101111010 W"
#4924
b101111011 W"
#4925
b101111100 W"
#4926
b101111101 W"
#4927
b101111110 W"
#4928
b101111111 W"
#4929
b110000000 W"
#4930
b110000001 W"
#4931
b110000010 W"
#4932
b110000011 W"
#4933
b110000100 W"
#4934
b110000101 W"
#4935
b110000110 W"
#4936
b110000111 W"
#4937
b110001000 W"
#4938
b110001001 W"
#4939
b110001010 W"
#4940
b110001011 W"
#4941
b110001100 W"
#4942
b110001101 W"
#4943
b110001110 W"
#4944
b110001111 W"
#4945
b110010000 W"
#4946
b110010001 W"
#4947
b110010010 W"
#4948
b110010011 W"
#4949
b110010100 W"
#4950
b110010101 W"
#4951
b110010110 W"
#4952
b110010111 W"
#4953
b110011000 W"
#4954
b110011001 W"
#4955
b110011010 W"
#4956
b110011011 W"
#4957
b110011100 W"
#4958
b110011101 W"
#4959
b110011110 W"
#4960
b110011111 W"
#4961
b110100000 W"
#4962
b110100001 W"
#4963
b110100010 W"
#4964
b110100011 W"
#4965
b110100100 W"
#4966
b110100101 W"
#4967
b110100110 W"
#4968
b110100111 W"
#4969
b110101000 W"
#4970
b110101001 W"
#4971
b110101010 W"
#4972
b110101011 W"
#4973
b110101100 W"
#4974
b110101101 W"
#4975
b110101110 W"
#4976
b110101111 W"
1%#
#4977
b110110000 W"
1&#
#4978
b110110001 W"
1'#
#4979
b1 S"
b0 W"
1(#
#4980
b1 W"
#4981
b10 W"
#4982
b11 W"
#4983
b100 W"
#4984
b101 W"
#4985
b110 W"
#4986
b111 W"
#4987
b1000 W"
#4988
b1001 W"
#4989
b1010 W"
#4990
b1011 W"
#4991
b1100 W"
#4992
b1101 W"
#4993
b1110 W"
#4994
b1111 W"
#4995
b10000 W"
#4996
b10001 W"
#4997
b10010 W"
#4998
b10011 W"
#4999
b10100 W"
#5000
b10101 W"
#5001
b10110 W"
#5002
b10111 W"
#5003
b11000 W"
#5004
b11001 W"
#5005
b11010 W"
#5006
b11011 W"
#5007
b11100 W"
#5008
b11101 W"
#5009
b11110 W"
#5010
b11111 W"
#5011
b100000 W"
#5012
b100001 W"
#5013
b100010 W"
#5014
b100011 W"
#5015
b100100 W"
#5016
b100101 W"
#5017
b100110 W"
#5018
b100111 W"
#5019
b101000 W"
#5020
b101001 W"
#5021
b101010 W"
#5022
b101011 W"
#5023
b101100 W"
#5024
b101101 W"
#5025
b101110 W"
#5026
b101111 W"
#5027
b110000 W"
#5028
b110001 W"
#5029
b110010 W"
#5030
b110011 W"
#5031
b110100 W"
#5032
b110101 W"
#5033
b110110 W"
#5034
b110111 W"
#5035
b111000 W"
#5036
b111001 W"
#5037
b111010 W"
#5038
b111011 W"
#5039
b111100 W"
#5040
b111101 W"
#5041
b111110 W"
#5042
b111111 W"
#5043
b1000000 W"
#5044
b1000001 W"
#5045
b1000010 W"
#5046
b1000011 W"
#5047
b1000100 W"
#5048
b1000101 W"
#5049
b1000110 W"
#5050
b1000111 W"
#5051
b1001000 W"
#5052
b1001001 W"
#5053
b1001010 W"
#5054
b1001011 W"
#5055
b1001100 W"
#5056
b1001101 W"
#5057
b1001110 W"
#5058
b1001111 W"
#5059
b1010000 W"
#5060
b1010001 W"
#5061
b1010010 W"
#5062
b1010011 W"
#5063
b1010100 W"
#5064
b1010101 W"
#5065
b1010110 W"
#5066
b1010111 W"
#5067
b1011000 W"
#5068
b1011001 W"
#5069
b1011010 W"
#5070
b1011011 W"
#5071
b1011100 W"
#5072
b1011101 W"
#5073
b1011110 W"
#5074
b1011111 W"
#5075
b1100000 W"
#5076
b1100001 W"
#5077
b1100010 W"
#5078
b1100011 W"
#5079
b1100100 W"
#5080
b1100101 W"
#5081
b1100110 W"
#5082
b1100111 W"
#5083
b1101000 W"
#5084
b1101001 W"
#5085
b1101010 W"
#5086
b1101011 W"
#5087
b1101100 W"
#5088
b1101101 W"
#5089
b1101110 W"
#5090
b1101111 W"
#5091
b1110000 W"
#5092
b1110001 W"
#5093
b1110010 W"
#5094
b1110011 W"
#5095
b1110100 W"
#5096
b1110101 W"
#5097
b1110110 W"
#5098
b1110111 W"
#5099
b1111000 W"
#5100
b1111001 W"
#5101
b1111010 W"
#5102
b1111011 W"
#5103
b1111100 W"
#5104
b1111101 W"
#5105
b1111110 W"
#5106
b1111111 W"
#5107
b10000000 W"
#5108
b10000001 W"
#5109
b10000010 W"
#5110
b10000011 W"
#5111
b10000100 W"
#5112
b10000101 W"
#5113
b10000110 W"
#5114
b10000111 W"
#5115
b10001000 W"
#5116
b10001001 W"
#5117
b10001010 W"
#5118
b10001011 W"
#5119
b10001100 W"
#5120
b10001101 W"
#5121
b10001110 W"
#5122
b10001111 W"
#5123
b10010000 W"
#5124
b10010001 W"
#5125
b10010010 W"
#5126
b10010011 W"
#5127
b10010100 W"
#5128
b10010101 W"
#5129
b10010110 W"
#5130
b10010111 W"
#5131
b10011000 W"
#5132
b10011001 W"
#5133
b10011010 W"
#5134
b10011011 W"
#5135
b10011100 W"
#5136
b10011101 W"
#5137
b10011110 W"
#5138
b10011111 W"
#5139
b10100000 W"
#5140
b10100001 W"
#5141
b10100010 W"
#5142
b10100011 W"
#5143
b10100100 W"
#5144
b10100101 W"
#5145
b10100110 W"
#5146
b10100111 W"
#5147
b10101000 W"
#5148
b10101001 W"
#5149
b10101010 W"
#5150
b10101011 W"
#5151
b10101100 W"
#5152
b10101101 W"
#5153
b10101110 W"
#5154
b10101111 W"
#5155
b10110000 W"
#5156
b10110001 W"
#5157
b10110010 W"
#5158
b10110011 W"
#5159
b10110100 W"
#5160
b10110101 W"
#5161
b10110110 W"
#5162
b10110111 W"
#5163
b10111000 W"
#5164
b10111001 W"
#5165
b10111010 W"
#5166
b10111011 W"
#5167
b10111100 W"
#5168
b10111101 W"
#5169
b10111110 W"
#5170
b10111111 W"
#5171
b11000000 W"
#5172
b11000001 W"
#5173
b11000010 W"
#5174
b11000011 W"
#5175
b11000100 W"
#5176
b11000101 W"
#5177
b11000110 W"
#5178
b11000111 W"
#5179
b11001000 W"
#5180
b11001001 W"
#5181
b11001010 W"
#5182
b11001011 W"
#5183
b11001100 W"
#5184
b11001101 W"
#5185
b11001110 W"
#5186
b11001111 W"
#5187
b11010000 W"
#5188
b11010001 W"
#5189
b11010010 W"
#5190
b11010011 W"
#5191
b11010100 W"
#5192
b11010101 W"
#5193
b11010110 W"
#5194
b11010111 W"
#5195
b11011000 W"
#5196
b11011001 W"
b1 g"
#5197
b11011010 W"
#5198
b11011011 W"
#5199
b11011100 W"
#5200
b11011101 W"
#5201
b11011110 W"
#5202
b11011111 W"
#5203
b11100000 W"
#5204
b11100001 W"
#5205
b11100010 W"
#5206
b11100011 W"
#5207
b11100100 W"
#5208
b11100101 W"
#5209
b11100110 W"
#5210
b11100111 W"
#5211
b11101000 W"
#5212
b11101001 W"
#5213
b11101010 W"
#5214
b11101011 W"
#5215
b11101100 W"
#5216
b11101101 W"
#5217
b11101110 W"
#5218
b11101111 W"
#5219
b11110000 W"
#5220
b11110001 W"
#5221
b11110010 W"
#5222
b11110011 W"
#5223
b11110100 W"
#5224
b11110101 W"
#5225
b11110110 W"
#5226
b11110111 W"
#5227
b11111000 W"
#5228
b11111001 W"
#5229
b11111010 W"
#5230
b11111011 W"
#5231
b11111100 W"
#5232
b11111101 W"
#5233
b11111110 W"
#5234
b11111111 W"
#5235
b100000000 W"
#5236
b100000001 W"
#5237
b100000010 W"
#5238
b100000011 W"
#5239
b100000100 W"
#5240
b100000101 W"
#5241
b100000110 W"
#5242
b100000111 W"
#5243
b100001000 W"
#5244
b100001001 W"
#5245
b100001010 W"
#5246
b100001011 W"
#5247
b100001100 W"
#5248
b100001101 W"
#5249
b100001110 W"
#5250
b100001111 W"
#5251
b100010000 W"
#5252
b100010001 W"
#5253
b100010010 W"
#5254
b100010011 W"
#5255
b100010100 W"
#5256
b100010101 W"
#5257
b100010110 W"
#5258
b100010111 W"
#5259
b100011000 W"
#5260
b100011001 W"
#5261
b100011010 W"
#5262
b100011011 W"
#5263
b100011100 W"
#5264
b100011101 W"
#5265
b100011110 W"
#5266
b100011111 W"
#5267
b100100000 W"
#5268
b100100001 W"
#5269
b100100010 W"
#5270
b100100011 W"
#5271
b100100100 W"
#5272
b100100101 W"
#5273
b100100110 W"
#5274
b100100111 W"
#5275
b100101000 W"
#5276
b100101001 W"
#5277
b100101010 W"
#5278
b100101011 W"
#5279
b100101100 W"
#5280
b100101101 W"
#5281
b100101110 W"
#5282
b100101111 W"
#5283
b100110000 W"
#5284
b100110001 W"
#5285
b100110010 W"
#5286
b100110011 W"
#5287
b100110100 W"
#5288
b100110101 W"
#5289
b100110110 W"
#5290
b100110111 W"
#5291
b100111000 W"
#5292
b100111001 W"
#5293
b100111010 W"
#5294
b100111011 W"
#5295
b100111100 W"
#5296
b100111101 W"
#5297
b100111110 W"
#5298
b100111111 W"
#5299
b101000000 W"
#5300
b101000001 W"
#5301
b101000010 W"
#5302
b101000011 W"
#5303
b101000100 W"
#5304
b101000101 W"
#5305
b101000110 W"
#5306
b101000111 W"
#5307
b101001000 W"
#5308
b101001001 W"
#5309
b101001010 W"
#5310
b101001011 W"
#5311
b101001100 W"
#5312
b101001101 W"
#5313
b101001110 W"
#5314
b101001111 W"
#5315
b101010000 W"
#5316
b101010001 W"
#5317
b101010010 W"
#5318
b101010011 W"
#5319
b101010100 W"
#5320
b101010101 W"
#5321
b101010110 W"
#5322
b101010111 W"
#5323
b101011000 W"
#5324
b101011001 W"
#5325
b101011010 W"
#5326
b101011011 W"
#5327
b101011100 W"
#5328
b101011101 W"
#5329
b101011110 W"
#5330
b101011111 W"
#5331
b101100000 W"
#5332
b101100001 W"
#5333
b101100010 W"
#5334
b101100011 W"
#5335
b101100100 W"
#5336
b101100101 W"
#5337
b101100110 W"
#5338
b101100111 W"
#5339
b101101000 W"
#5340
b101101001 W"
#5341
b101101010 W"
#5342
b101101011 W"
#5343
b101101100 W"
#5344
b101101101 W"
#5345
b101101110 W"
#5346
b101101111 W"
#5347
b101110000 W"
#5348
b101110001 W"
#5349
b101110010 W"
#5350
b101110011 W"
#5351
b101110100 W"
#5352
b101110101 W"
#5353
b101110110 W"
#5354
b101110111 W"
#5355
b101111000 W"
#5356
b101111001 W"
#5357
b101111010 W"
#5358
b101111011 W"
#5359
b101111100 W"
#5360
b101111101 W"
#5361
b101111110 W"
#5362
b101111111 W"
#5363
b110000000 W"
#5364
b110000001 W"
#5365
b110000010 W"
#5366
b110000011 W"
#5367
b110000100 W"
#5368
b110000101 W"
#5369
b110000110 W"
#5370
b110000111 W"
#5371
b110001000 W"
#5372
b110001001 W"
#5373
b110001010 W"
#5374
b110001011 W"
#5375
b110001100 W"
#5376
b110001101 W"
#5377
b110001110 W"
#5378
b110001111 W"
#5379
b110010000 W"
#5380
b110010001 W"
#5381
b110010010 W"
#5382
b110010011 W"
#5383
b110010100 W"
#5384
b110010101 W"
#5385
b110010110 W"
#5386
b110010111 W"
#5387
b110011000 W"
#5388
b110011001 W"
#5389
b110011010 W"
#5390
b110011011 W"
#5391
b110011100 W"
#5392
b110011101 W"
#5393
b110011110 W"
#5394
b110011111 W"
#5395
b110100000 W"
#5396
b110100001 W"
#5397
b110100010 W"
#5398
b110100011 W"
#5399
b110100100 W"
#5400
b110100101 W"
#5401
b110100110 W"
#5402
b110100111 W"
#5403
b110101000 W"
#5404
b110101001 W"
#5405
b110101010 W"
#5406
b110101011 W"
#5407
b110101100 W"
#5408
b110101101 W"
#5409
b110101110 W"
#5410
b110101111 W"
#5411
b110110000 W"
#5412
b110110001 W"
#5413
b10 S"
b0 W"
#5414
b1 W"
#5415
b10 W"
#5416
b11 W"
#5417
b100 W"
#5418
b101 W"
#5419
b110 W"
#5420
b111 W"
#5421
b1000 W"
#5422
b1001 W"
#5423
b1010 W"
#5424
b1011 W"
#5425
b1100 W"
#5426
b1101 W"
#5427
b1110 W"
#5428
b1111 W"
#5429
b10000 W"
#5430
b10001 W"
#5431
b10010 W"
#5432
b10011 W"
#5433
b10100 W"
#5434
b10101 W"
#5435
b10110 W"
#5436
b10111 W"
#5437
b11000 W"
#5438
b11001 W"
#5439
b11010 W"
#5440
b11011 W"
#5441
b11100 W"
#5442
b11101 W"
#5443
b11110 W"
#5444
b11111 W"
#5445
b100000 W"
#5446
b100001 W"
#5447
b100010 W"
#5448
b100011 W"
#5449
b100100 W"
#5450
b100101 W"
#5451
b100110 W"
#5452
b100111 W"
#5453
b101000 W"
#5454
b101001 W"
#5455
b101010 W"
#5456
b101011 W"
#5457
b101100 W"
#5458
b101101 W"
#5459
b101110 W"
#5460
b101111 W"
#5461
b110000 W"
#5462
b110001 W"
#5463
b110010 W"
#5464
b110011 W"
#5465
b110100 W"
#5466
b110101 W"
#5467
b110110 W"
#5468
b110111 W"
#5469
b111000 W"
#5470
b111001 W"
#5471
b111010 W"
#5472
b111011 W"
#5473
b111100 W"
#5474
b111101 W"
#5475
b111110 W"
#5476
b111111 W"
#5477
b1000000 W"
#5478
b1000001 W"
#5479
b1000010 W"
#5480
b1000011 W"
#5481
b1000100 W"
#5482
b1000101 W"
#5483
b1000110 W"
#5484
b1000111 W"
#5485
b1001000 W"
#5486
b1001001 W"
#5487
b1001010 W"
#5488
b1001011 W"
#5489
b1001100 W"
#5490
b1001101 W"
#5491
b1001110 W"
#5492
b1001111 W"
#5493
b1010000 W"
#5494
b1010001 W"
#5495
b1010010 W"
#5496
b1010011 W"
#5497
b1010100 W"
#5498
b1010101 W"
#5499
b1010110 W"
#5500
b1010111 W"
#5501
b1011000 W"
#5502
b1011001 W"
#5503
b1011010 W"
#5504
b1011011 W"
#5505
b1011100 W"
#5506
b1011101 W"
#5507
b1011110 W"
#5508
b1011111 W"
#5509
b1100000 W"
#5510
b1100001 W"
#5511
b1100010 W"
#5512
b1100011 W"
#5513
b1100100 W"
#5514
b1100101 W"
#5515
b1100110 W"
#5516
b1100111 W"
#5517
b1101000 W"
#5518
b1101001 W"
#5519
b1101010 W"
#5520
b1101011 W"
#5521
b1101100 W"
#5522
b1101101 W"
#5523
b1101110 W"
#5524
b1101111 W"
#5525
b1110000 W"
#5526
b1110001 W"
#5527
b1110010 W"
#5528
b1110011 W"
#5529
b1110100 W"
#5530
b1110101 W"
#5531
b1110110 W"
#5532
b1110111 W"
#5533
b1111000 W"
#5534
b1111001 W"
#5535
b1111010 W"
#5536
b1111011 W"
#5537
b1111100 W"
#5538
b1111101 W"
#5539
b1111110 W"
#5540
b1111111 W"
#5541
b10000000 W"
#5542
b10000001 W"
#5543
b10000010 W"
#5544
b10000011 W"
#5545
b10000100 W"
#5546
b10000101 W"
#5547
b10000110 W"
#5548
b10000111 W"
#5549
b10001000 W"
#5550
b10001001 W"
#5551
b10001010 W"
#5552
b10001011 W"
#5553
b10001100 W"
#5554
b10001101 W"
#5555
b10001110 W"
#5556
b10001111 W"
#5557
b10010000 W"
#5558
b10010001 W"
#5559
b10010010 W"
#5560
b10010011 W"
#5561
b10010100 W"
#5562
b10010101 W"
#5563
b10010110 W"
#5564
b10010111 W"
#5565
b10011000 W"
#5566
b10011001 W"
#5567
b10011010 W"
#5568
b10011011 W"
#5569
b10011100 W"
#5570
b10011101 W"
#5571
b10011110 W"
#5572
b10011111 W"
#5573
b10100000 W"
#5574
b10100001 W"
#5575
b10100010 W"
#5576
b10100011 W"
#5577
b10100100 W"
#5578
b10100101 W"
#5579
b10100110 W"
#5580
b10100111 W"
#5581
b10101000 W"
#5582
b10101001 W"
#5583
b10101010 W"
#5584
b10101011 W"
#5585
b10101100 W"
#5586
b10101101 W"
#5587
b10101110 W"
#5588
b10101111 W"
#5589
b10110000 W"
#5590
b10110001 W"
#5591
b10110010 W"
#5592
b10110011 W"
#5593
b10110100 W"
#5594
b10110101 W"
#5595
b10110110 W"
#5596
b10110111 W"
#5597
b10111000 W"
#5598
b10111001 W"
#5599
b10111010 W"
#5600
b10111011 W"
#5601
b10111100 W"
#5602
b10111101 W"
#5603
b10111110 W"
#5604
b10111111 W"
#5605
b11000000 W"
#5606
b11000001 W"
#5607
b11000010 W"
#5608
b11000011 W"
#5609
b11000100 W"
#5610
b11000101 W"
#5611
b11000110 W"
#5612
b11000111 W"
#5613
b11001000 W"
#5614
b11001001 W"
#5615
b11001010 W"
#5616
b11001011 W"
#5617
b11001100 W"
#5618
b11001101 W"
#5619
b11001110 W"
#5620
b11001111 W"
#5621
b11010000 W"
#5622
b11010001 W"
#5623
b11010010 W"
#5624
b11010011 W"
#5625
b11010100 W"
#5626
b11010101 W"
#5627
b11010110 W"
#5628
b11010111 W"
#5629
b11011000 W"
#5630
b11011001 W"
b11 g"
#5631
b11011010 W"
#5632
b11011011 W"
#5633
b11011100 W"
#5634
b11011101 W"
#5635
b11011110 W"
#5636
b11011111 W"
#5637
b11100000 W"
#5638
b11100001 W"
#5639
b11100010 W"
#5640
b11100011 W"
#5641
b11100100 W"
#5642
b11100101 W"
#5643
b11100110 W"
#5644
b11100111 W"
#5645
b11101000 W"
#5646
b11101001 W"
#5647
b11101010 W"
#5648
b11101011 W"
#5649
b11101100 W"
#5650
b11101101 W"
#5651
b11101110 W"
#5652
b11101111 W"
#5653
b11110000 W"
#5654
b11110001 W"
#5655
b11110010 W"
#5656
b11110011 W"
#5657
b11110100 W"
#5658
b11110101 W"
#5659
b11110110 W"
#5660
b11110111 W"
#5661
b11111000 W"
#5662
b11111001 W"
#5663
b11111010 W"
#5664
b11111011 W"
#5665
b11111100 W"
#5666
b11111101 W"
#5667
b11111110 W"
#5668
b11111111 W"
#5669
b100000000 W"
#5670
b100000001 W"
#5671
b100000010 W"
#5672
b100000011 W"
#5673
b100000100 W"
#5674
b100000101 W"
#5675
b100000110 W"
#5676
b100000111 W"
#5677
b100001000 W"
#5678
b100001001 W"
#5679
b100001010 W"
#5680
b100001011 W"
#5681
b100001100 W"
#5682
b100001101 W"
#5683
b100001110 W"
#5684
b100001111 W"
#5685
b100010000 W"
#5686
b100010001 W"
#5687
b100010010 W"
#5688
b100010011 W"
#5689
b100010100 W"
#5690
b100010101 W"
#5691
b100010110 W"
#5692
b100010111 W"
#5693
b100011000 W"
#5694
b100011001 W"
#5695
b100011010 W"
#5696
b100011011 W"
#5697
b100011100 W"
#5698
b100011101 W"
#5699
b100011110 W"
#5700
b100011111 W"
#5701
b100100000 W"
#5702
b100100001 W"
#5703
b100100010 W"
#5704
b100100011 W"
#5705
b100100100 W"
#5706
b100100101 W"
#5707
b100100110 W"
#5708
b100100111 W"
#5709
b100101000 W"
#5710
b100101001 W"
#5711
b100101010 W"
#5712
b100101011 W"
#5713
b100101100 W"
#5714
b100101101 W"
#5715
b100101110 W"
#5716
b100101111 W"
#5717
b100110000 W"
#5718
b100110001 W"
#5719
b100110010 W"
#5720
b100110011 W"
#5721
b100110100 W"
#5722
b100110101 W"
#5723
b100110110 W"
#5724
b100110111 W"
#5725
b100111000 W"
#5726
b100111001 W"
#5727
b100111010 W"
#5728
b100111011 W"
#5729
b100111100 W"
#5730
b100111101 W"
#5731
b100111110 W"
#5732
b100111111 W"
#5733
b101000000 W"
#5734
b101000001 W"
#5735
b101000010 W"
#5736
b101000011 W"
#5737
b101000100 W"
#5738
b101000101 W"
#5739
b101000110 W"
#5740
b101000111 W"
#5741
b101001000 W"
#5742
b101001001 W"
#5743
b101001010 W"
#5744
b101001011 W"
#5745
b101001100 W"
#5746
b101001101 W"
#5747
b101001110 W"
#5748
b101001111 W"
#5749
b101010000 W"
#5750
b101010001 W"
#5751
b101010010 W"
#5752
b101010011 W"
#5753
b101010100 W"
#5754
b101010101 W"
#5755
b101010110 W"
#5756
b101010111 W"
#5757
b101011000 W"
#5758
b101011001 W"
#5759
b101011010 W"
#5760
b101011011 W"
#5761
b101011100 W"
#5762
b101011101 W"
#5763
b101011110 W"
#5764
b101011111 W"
#5765
b101100000 W"
#5766
b101100001 W"
#5767
b101100010 W"
#5768
b101100011 W"
#5769
b101100100 W"
#5770
b101100101 W"
#5771
b101100110 W"
#5772
b101100111 W"
#5773
b101101000 W"
#5774
b101101001 W"
#5775
b101101010 W"
#5776
b101101011 W"
#5777
b101101100 W"
#5778
b101101101 W"
#5779
b101101110 W"
#5780
b101101111 W"
#5781
b101110000 W"
#5782
b101110001 W"
#5783
b101110010 W"
#5784
b101110011 W"
#5785
b101110100 W"
#5786
b101110101 W"
#5787
b101110110 W"
#5788
b101110111 W"
#5789
b101111000 W"
#5790
b101111001 W"
#5791
b101111010 W"
#5792
b101111011 W"
#5793
b101111100 W"
#5794
b101111101 W"
#5795
b101111110 W"
#5796
b101111111 W"
#5797
b110000000 W"
#5798
b110000001 W"
#5799
b110000010 W"
#5800
b110000011 W"
#5801
b110000100 W"
#5802
b110000101 W"
#5803
b110000110 W"
#5804
b110000111 W"
#5805
b110001000 W"
#5806
b110001001 W"
#5807
b110001010 W"
#5808
b110001011 W"
#5809
b110001100 W"
#5810
b110001101 W"
#5811
b110001110 W"
#5812
b110001111 W"
#5813
b110010000 W"
#5814
b110010001 W"
#5815
b110010010 W"
#5816
b110010011 W"
#5817
b110010100 W"
#5818
b110010101 W"
#5819
b110010110 W"
#5820
b110010111 W"
#5821
b110011000 W"
#5822
b110011001 W"
#5823
b110011010 W"
#5824
b110011011 W"
#5825
b110011100 W"
#5826
b110011101 W"
#5827
b110011110 W"
#5828
b110011111 W"
#5829
b110100000 W"
#5830
b110100001 W"
#5831
b110100010 W"
#5832
b110100011 W"
#5833
b110100100 W"
#5834
b110100101 W"
#5835
b110100110 W"
#5836
b110100111 W"
#5837
b110101000 W"
#5838
b110101001 W"
#5839
b110101010 W"
#5840
b110101011 W"
#5841
b110101100 W"
#5842
b110101101 W"
0%#
#5843
b110101110 W"
0&#
#5844
b110101111 W"
0'#
#5845
b110110000 W"
0(#
#5846
b110110001 W"
#5847
b11 S"
b0 W"
#5848
b1 W"
#5849
b10 W"
#5850
b11 W"
#5851
b100 W"
#5852
b101 W"
#5853
b110 W"
#5854
b111 W"
#5855
b1000 W"
#5856
b1001 W"
#5857
b1010 W"
#5858
b1011 W"
#5859
b1100 W"
#5860
b1101 W"
#5861
b1110 W"
#5862
b1111 W"
#5863
b10000 W"
#5864
b10001 W"
#5865
b10010 W"
#5866
b10011 W"
#5867
b10100 W"
#5868
b10101 W"
#5869
b10110 W"
#5870
b10111 W"
#5871
b11000 W"
#5872
b11001 W"
#5873
b11010 W"
#5874
b11011 W"
#5875
b11100 W"
#5876
b11101 W"
#5877
b11110 W"
#5878
b11111 W"
#5879
b100000 W"
#5880
b100001 W"
#5881
b100010 W"
#5882
b100011 W"
#5883
b100100 W"
#5884
b100101 W"
#5885
b100110 W"
#5886
b100111 W"
#5887
b101000 W"
#5888
b101001 W"
#5889
b101010 W"
#5890
b101011 W"
#5891
b101100 W"
#5892
b101101 W"
#5893
b101110 W"
#5894
b101111 W"
#5895
b110000 W"
#5896
b110001 W"
#5897
b110010 W"
#5898
b110011 W"
#5899
b110100 W"
#5900
b110101 W"
#5901
b110110 W"
#5902
b110111 W"
#5903
b111000 W"
#5904
b111001 W"
#5905
b111010 W"
#5906
b111011 W"
#5907
b111100 W"
#5908
b111101 W"
#5909
b111110 W"
#5910
b111111 W"
#5911
b1000000 W"
#5912
b1000001 W"
#5913
b1000010 W"
#5914
b1000011 W"
#5915
b1000100 W"
#5916
b1000101 W"
#5917
b1000110 W"
#5918
b1000111 W"
#5919
b1001000 W"
#5920
b1001001 W"
#5921
b1001010 W"
#5922
b1001011 W"
#5923
b1001100 W"
#5924
b1001101 W"
#5925
b1001110 W"
#5926
b1001111 W"
#5927
b1010000 W"
#5928
b1010001 W"
#5929
b1010010 W"
#5930
b1010011 W"
#5931
b1010100 W"
#5932
b1010101 W"
#5933
b1010110 W"
#5934
b1010111 W"
#5935
b1011000 W"
#5936
b1011001 W"
#5937
b1011010 W"
#5938
b1011011 W"
#5939
b1011100 W"
#5940
b1011101 W"
#5941
b1011110 W"
#5942
b1011111 W"
#5943
b1100000 W"
#5944
b1100001 W"
#5945
b1100010 W"
#5946
b1100011 W"
#5947
b1100100 W"
#5948
b1100101 W"
#5949
b1100110 W"
#5950
b1100111 W"
#5951
b1101000 W"
#5952
b1101001 W"
#5953
b1101010 W"
#5954
b1101011 W"
#5955
b1101100 W"
#5956
b1101101 W"
#5957
b1101110 W"
#5958
b1101111 W"
#5959
b1110000 W"
#5960
b1110001 W"
#5961
b1110010 W"
#5962
b1110011 W"
#5963
b1110100 W"
#5964
b1110101 W"
#5965
b1110110 W"
#5966
b1110111 W"
#5967
b1111000 W"
#5968
b1111001 W"
#5969
b1111010 W"
#5970
b1111011 W"
#5971
b1111100 W"
#5972
b1111101 W"
#5973
b1111110 W"
#5974
b1111111 W"
#5975
b10000000 W"
#5976
b10000001 W"
#5977
b10000010 W"
#5978
b10000011 W"
#5979
b10000100 W"
#5980
b10000101 W"
#5981
b10000110 W"
#5982
b10000111 W"
#5983
b10001000 W"
#5984
b10001001 W"
#5985
b10001010 W"
#5986
b10001011 W"
#5987
b10001100 W"
#5988
b10001101 W"
#5989
b10001110 W"
#5990
b10001111 W"
#5991
b10010000 W"
#5992
b10010001 W"
#5993
b10010010 W"
#5994
b10010011 W"
#5995
b10010100 W"
#5996
b10010101 W"
#5997
b10010110 W"
#5998
b10010111 W"
#5999
b10011000 W"
#6000
b10011001 W"
#6001
b10011010 W"
#6002
b10011011 W"
#6003
b10011100 W"
#6004
b10011101 W"
#6005
b10011110 W"
#6006
b10011111 W"
#6007
b10100000 W"
#6008
b10100001 W"
#6009
b10100010 W"
#6010
b10100011 W"
#6011
b10100100 W"
#6012
b10100101 W"
#6013
b10100110 W"
#6014
b10100111 W"
#6015
b10101000 W"
#6016
b10101001 W"
#6017
b10101010 W"
#6018
b10101011 W"
#6019
b10101100 W"
#6020
b10101101 W"
#6021
b10101110 W"
#6022
b10101111 W"
#6023
b10110000 W"
#6024
b10110001 W"
#6025
b10110010 W"
#6026
b10110011 W"
#6027
b10110100 W"
#6028
b10110101 W"
#6029
b10110110 W"
#6030
b10110111 W"
#6031
b10111000 W"
#6032
b10111001 W"
#6033
b10111010 W"
#6034
b10111011 W"
#6035
b10111100 W"
#6036
b10111101 W"
#6037
b10111110 W"
#6038
b10111111 W"
#6039
b11000000 W"
#6040
b11000001 W"
#6041
b11000010 W"
#6042
b11000011 W"
#6043
b11000100 W"
#6044
b11000101 W"
#6045
b11000110 W"
#6046
b11000111 W"
#6047
b11001000 W"
#6048
b11001001 W"
#6049
b11001010 W"
#6050
b11001011 W"
#6051
b11001100 W"
#6052
b11001101 W"
#6053
b11001110 W"
#6054
b11001111 W"
#6055
b11010000 W"
#6056
b11010001 W"
#6057
b11010010 W"
#6058
b11010011 W"
#6059
b11010100 W"
#6060
b11010101 W"
#6061
b11010110 W"
#6062
b11010111 W"
#6063
b11011000 W"
#6064
b11011001 W"
#6065
b11011010 W"
#6066
b11011011 W"
#6067
b11011100 W"
#6068
b11011101 W"
#6069
b11011110 W"
#6070
b11011111 W"
#6071
b11100000 W"
#6072
b11100001 W"
#6073
b11100010 W"
#6074
b11100011 W"
#6075
b11100100 W"
#6076
b11100101 W"
#6077
b11100110 W"
#6078
b11100111 W"
#6079
b11101000 W"
#6080
b11101001 W"
#6081
b11101010 W"
#6082
b11101011 W"
#6083
b11101100 W"
#6084
b11101101 W"
#6085
b11101110 W"
#6086
b11101111 W"
#6087
b11110000 W"
#6088
b11110001 W"
#6089
b11110010 W"
#6090
b11110011 W"
#6091
b11110100 W"
#6092
b11110101 W"
#6093
b11110110 W"
#6094
b11110111 W"
#6095
b11111000 W"
#6096
b11111001 W"
#6097
b11111010 W"
#6098
b11111011 W"
#6099
b11111100 W"
#6100
b11111101 W"
#6101
b11111110 W"
#6102
b11111111 W"
#6103
b100000000 W"
#6104
b100000001 W"
#6105
b100000010 W"
#6106
b100000011 W"
#6107
b100000100 W"
#6108
b100000101 W"
#6109
b100000110 W"
#6110
b100000111 W"
#6111
b100001000 W"
#6112
b100001001 W"
#6113
b100001010 W"
#6114
b100001011 W"
#6115
b100001100 W"
#6116
b100001101 W"
#6117
b100001110 W"
#6118
b100001111 W"
#6119
b100010000 W"
#6120
b100010001 W"
#6121
b100010010 W"
#6122
b100010011 W"
#6123
b100010100 W"
#6124
b100010101 W"
#6125
b100010110 W"
#6126
b100010111 W"
#6127
b100011000 W"
#6128
b100011001 W"
#6129
b100011010 W"
#6130
b100011011 W"
#6131
b100011100 W"
#6132
b100011101 W"
#6133
b100011110 W"
#6134
b100011111 W"
#6135
b100100000 W"
#6136
b100100001 W"
#6137
b100100010 W"
#6138
b100100011 W"
#6139
b100100100 W"
#6140
b100100101 W"
#6141
b100100110 W"
#6142
b100100111 W"
#6143
b100101000 W"
#6144
b100101001 W"
#6145
b100101010 W"
#6146
b100101011 W"
#6147
b100101100 W"
#6148
b100101101 W"
#6149
b100101110 W"
#6150
b100101111 W"
#6151
b100110000 W"
#6152
b100110001 W"
#6153
b100110010 W"
#6154
b100110011 W"
#6155
b100110100 W"
#6156
b100110101 W"
#6157
b100110110 W"
#6158
b100110111 W"
#6159
b100111000 W"
#6160
b100111001 W"
#6161
b100111010 W"
#6162
b100111011 W"
#6163
b100111100 W"
#6164
b100111101 W"
#6165
b100111110 W"
#6166
b100111111 W"
#6167
b101000000 W"
#6168
b101000001 W"
#6169
b101000010 W"
#6170
b101000011 W"
#6171
b101000100 W"
#6172
b101000101 W"
#6173
b101000110 W"
#6174
b101000111 W"
#6175
b101001000 W"
#6176
b101001001 W"
#6177
b101001010 W"
#6178
b101001011 W"
#6179
b101001100 W"
#6180
b101001101 W"
#6181
b101001110 W"
#6182
b101001111 W"
#6183
b101010000 W"
#6184
b101010001 W"
#6185
b101010010 W"
#6186
b101010011 W"
#6187
b101010100 W"
#6188
b101010101 W"
#6189
b101010110 W"
#6190
b101010111 W"
#6191
b101011000 W"
#6192
b101011001 W"
#6193
b101011010 W"
#6194
b101011011 W"
#6195
b101011100 W"
#6196
b101011101 W"
#6197
b101011110 W"
#6198
b101011111 W"
#6199
b101100000 W"
#6200
b101100001 W"
#6201
b101100010 W"
#6202
b101100011 W"
#6203
b101100100 W"
#6204
b101100101 W"
#6205
b101100110 W"
#6206
b101100111 W"
#6207
b101101000 W"
#6208
b101101001 W"
#6209
b101101010 W"
#6210
b101101011 W"
#6211
b101101100 W"
#6212
b101101101 W"
#6213
b101101110 W"
#6214
b101101111 W"
#6215
b101110000 W"
#6216
b101110001 W"
#6217
b101110010 W"
#6218
b101110011 W"
#6219
b101110100 W"
#6220
b101110101 W"
#6221
b101110110 W"
#6222
b101110111 W"
#6223
b101111000 W"
#6224
b101111001 W"
#6225
b101111010 W"
#6226
b101111011 W"
#6227
b101111100 W"
#6228
b101111101 W"
#6229
b101111110 W"
#6230
b101111111 W"
#6231
b110000000 W"
#6232
b110000001 W"
#6233
b110000010 W"
#6234
b110000011 W"
#6235
b110000100 W"
#6236
b110000101 W"
#6237
b110000110 W"
#6238
b110000111 W"
#6239
b110001000 W"
#6240
b110001001 W"
#6241
b110001010 W"
#6242
b110001011 W"
#6243
b110001100 W"
#6244
b110001101 W"
#6245
b110001110 W"
#6246
b110001111 W"
#6247
b110010000 W"
#6248
b110010001 W"
#6249
b110010010 W"
#6250
b110010011 W"
#6251
b110010100 W"
#6252
b110010101 W"
#6253
b110010110 W"
#6254
b110010111 W"
#6255
b110011000 W"
#6256
b110011001 W"
#6257
b110011010 W"
#6258
b110011011 W"
#6259
b110011100 W"
#6260
b110011101 W"
#6261
b110011110 W"
#6262
b110011111 W"
#6263
b110100000 W"
#6264
b110100001 W"
#6265
b110100010 W"
#6266
b110100011 W"
#6267
b110100100 W"
#6268
b110100101 W"
#6269
b110100110 W"
#6270
b110100111 W"
#6271
b110101000 W"
#6272
b110101001 W"
#6273
b110101010 W"
#6274
b110101011 W"
#6275
b110101100 W"
#6276
b110101101 W"
#6277
b110101110 W"
#6278
b110101111 W"
#6279
b110110000 W"
#6280
b110110001 W"
#6281
b100 S"
b0 W"
#6282
b1 W"
#6283
b10 W"
#6284
b11 W"
#6285
b100 W"
#6286
b101 W"
#6287
b110 W"
#6288
b111 W"
#6289
b1000 W"
#6290
b1001 W"
#6291
b1010 W"
#6292
b1011 W"
#6293
b1100 W"
#6294
b1101 W"
#6295
b1110 W"
#6296
b1111 W"
#6297
b10000 W"
#6298
b10001 W"
#6299
b10010 W"
#6300
b10011 W"
#6301
b10100 W"
#6302
b10101 W"
#6303
b10110 W"
#6304
b10111 W"
#6305
b11000 W"
#6306
b11001 W"
#6307
b11010 W"
#6308
b11011 W"
#6309
b11100 W"
#6310
b11101 W"
#6311
b11110 W"
#6312
b11111 W"
#6313
b100000 W"
#6314
b100001 W"
#6315
b100010 W"
#6316
b100011 W"
#6317
b100100 W"
#6318
b100101 W"
#6319
b100110 W"
#6320
b100111 W"
#6321
b101000 W"
#6322
b101001 W"
#6323
b101010 W"
#6324
b101011 W"
#6325
b101100 W"
#6326
b101101 W"
#6327
b101110 W"
#6328
b101111 W"
#6329
b110000 W"
#6330
b110001 W"
#6331
b110010 W"
#6332
b110011 W"
#6333
b110100 W"
#6334
b110101 W"
#6335
b110110 W"
#6336
b110111 W"
#6337
b111000 W"
#6338
b111001 W"
#6339
b111010 W"
#6340
b111011 W"
#6341
b111100 W"
#6342
b111101 W"
#6343
b111110 W"
#6344
b111111 W"
#6345
b1000000 W"
#6346
b1000001 W"
#6347
b1000010 W"
#6348
b1000011 W"
#6349
b1000100 W"
#6350
b1000101 W"
#6351
b1000110 W"
#6352
b1000111 W"
#6353
b1001000 W"
#6354
b1001001 W"
#6355
b1001010 W"
#6356
b1001011 W"
#6357
b1001100 W"
#6358
b1001101 W"
#6359
b1001110 W"
#6360
b1001111 W"
#6361
b1010000 W"
#6362
b1010001 W"
#6363
b1010010 W"
#6364
b1010011 W"
#6365
b1010100 W"
#6366
b1010101 W"
#6367
b1010110 W"
#6368
b1010111 W"
#6369
b1011000 W"
#6370
b1011001 W"
#6371
b1011010 W"
#6372
b1011011 W"
#6373
b1011100 W"
#6374
b1011101 W"
#6375
b1011110 W"
#6376
b1011111 W"
#6377
b1100000 W"
#6378
b1100001 W"
#6379
b1100010 W"
#6380
b1100011 W"
#6381
b1100100 W"
#6382
b1100101 W"
#6383
b1100110 W"
#6384
b1100111 W"
#6385
b1101000 W"
#6386
b1101001 W"
#6387
b1101010 W"
#6388
b1101011 W"
#6389
b1101100 W"
#6390
b1101101 W"
#6391
b1101110 W"
#6392
b1101111 W"
#6393
b1110000 W"
#6394
b1110001 W"
#6395
b1110010 W"
#6396
b1110011 W"
#6397
b1110100 W"
#6398
b1110101 W"
#6399
b1110110 W"
#6400
b1110111 W"
#6401
b1111000 W"
#6402
b1111001 W"
#6403
b1111010 W"
#6404
b1111011 W"
#6405
b1111100 W"
#6406
b1111101 W"
#6407
b1111110 W"
#6408
b1111111 W"
#6409
b10000000 W"
#6410
b10000001 W"
#6411
b10000010 W"
#6412
b10000011 W"
#6413
b10000100 W"
#6414
b10000101 W"
#6415
b10000110 W"
#6416
b10000111 W"
#6417
b10001000 W"
#6418
b10001001 W"
#6419
b10001010 W"
#6420
b10001011 W"
#6421
b10001100 W"
#6422
b10001101 W"
#6423
b10001110 W"
#6424
b10001111 W"
#6425
b10010000 W"
#6426
b10010001 W"
#6427
b10010010 W"
#6428
b10010011 W"
#6429
b10010100 W"
#6430
b10010101 W"
#6431
b10010110 W"
#6432
b10010111 W"
#6433
b10011000 W"
#6434
b10011001 W"
#6435
b10011010 W"
#6436
b10011011 W"
#6437
b10011100 W"
#6438
b10011101 W"
#6439
b10011110 W"
#6440
b10011111 W"
#6441
b10100000 W"
#6442
b10100001 W"
#6443
b10100010 W"
#6444
b10100011 W"
#6445
b10100100 W"
#6446
b10100101 W"
#6447
b10100110 W"
#6448
b10100111 W"
#6449
b10101000 W"
#6450
b10101001 W"
#6451
b10101010 W"
#6452
b10101011 W"
#6453
b10101100 W"
#6454
b10101101 W"
#6455
b10101110 W"
#6456
b10101111 W"
#6457
b10110000 W"
#6458
b10110001 W"
#6459
b10110010 W"
#6460
b10110011 W"
#6461
b10110100 W"
#6462
b10110101 W"
#6463
b10110110 W"
#6464
b10110111 W"
#6465
b10111000 W"
#6466
b10111001 W"
#6467
b10111010 W"
#6468
b10111011 W"
#6469
b10111100 W"
#6470
b10111101 W"
#6471
b10111110 W"
#6472
b10111111 W"
#6473
b11000000 W"
#6474
b11000001 W"
#6475
b11000010 W"
#6476
b11000011 W"
#6477
b11000100 W"
#6478
b11000101 W"
#6479
b11000110 W"
#6480
b11000111 W"
#6481
b11001000 W"
#6482
b11001001 W"
#6483
b11001010 W"
#6484
b11001011 W"
#6485
b11001100 W"
#6486
b11001101 W"
#6487
b11001110 W"
#6488
b11001111 W"
#6489
b11010000 W"
#6490
b11010001 W"
#6491
b11010010 W"
#6492
b11010011 W"
#6493
b11010100 W"
#6494
b11010101 W"
#6495
b11010110 W"
#6496
b11010111 W"
#6497
b11011000 W"
#6498
b11011001 W"
#6499
b11011010 W"
#6500
b11011011 W"
#6501
b11011100 W"
#6502
b11011101 W"
#6503
b11011110 W"
#6504
b11011111 W"
#6505
b11100000 W"
#6506
b11100001 W"
#6507
b11100010 W"
#6508
b11100011 W"
#6509
b11100100 W"
#6510
b11100101 W"
#6511
b11100110 W"
#6512
b11100111 W"
#6513
b11101000 W"
#6514
b11101001 W"
#6515
b11101010 W"
#6516
b11101011 W"
#6517
b11101100 W"
#6518
b11101101 W"
#6519
b11101110 W"
#6520
b11101111 W"
#6521
b11110000 W"
#6522
b11110001 W"
#6523
b11110010 W"
#6524
b11110011 W"
#6525
b11110100 W"
#6526
b11110101 W"
#6527
b11110110 W"
#6528
b11110111 W"
#6529
b11111000 W"
#6530
b11111001 W"
#6531
b11111010 W"
#6532
b11111011 W"
#6533
b11111100 W"
#6534
b11111101 W"
#6535
b11111110 W"
#6536
b11111111 W"
#6537
b100000000 W"
#6538
b100000001 W"
#6539
b100000010 W"
#6540
b100000011 W"
#6541
b100000100 W"
#6542
b100000101 W"
#6543
b100000110 W"
#6544
b100000111 W"
#6545
b100001000 W"
#6546
b100001001 W"
#6547
b100001010 W"
#6548
b100001011 W"
#6549
b100001100 W"
#6550
b100001101 W"
#6551
b100001110 W"
#6552
b100001111 W"
#6553
b100010000 W"
#6554
b100010001 W"
#6555
b100010010 W"
#6556
b100010011 W"
#6557
b100010100 W"
#6558
b100010101 W"
#6559
b100010110 W"
#6560
b100010111 W"
#6561
b100011000 W"
#6562
b100011001 W"
#6563
b100011010 W"
#6564
b100011011 W"
#6565
b100011100 W"
#6566
b100011101 W"
#6567
b100011110 W"
#6568
b100011111 W"
#6569
b100100000 W"
#6570
b100100001 W"
#6571
b100100010 W"
#6572
b100100011 W"
#6573
b100100100 W"
#6574
b100100101 W"
#6575
b100100110 W"
#6576
b100100111 W"
#6577
b100101000 W"
#6578
b100101001 W"
#6579
b100101010 W"
#6580
b100101011 W"
#6581
b100101100 W"
#6582
b100101101 W"
#6583
b100101110 W"
#6584
b100101111 W"
#6585
b100110000 W"
#6586
b100110001 W"
#6587
b100110010 W"
#6588
b100110011 W"
#6589
b100110100 W"
#6590
b100110101 W"
#6591
b100110110 W"
#6592
b100110111 W"
#6593
b100111000 W"
#6594
b100111001 W"
#6595
b100111010 W"
#6596
b100111011 W"
#6597
b100111100 W"
#6598
b100111101 W"
#6599
b100111110 W"
#6600
b100111111 W"
#6601
b101000000 W"
#6602
b101000001 W"
#6603
b101000010 W"
#6604
b101000011 W"
#6605
b101000100 W"
#6606
b101000101 W"
#6607
b101000110 W"
#6608
b101000111 W"
#6609
b101001000 W"
#6610
b101001001 W"
#6611
b101001010 W"
#6612
b101001011 W"
#6613
b101001100 W"
#6614
b101001101 W"
#6615
b101001110 W"
#6616
b101001111 W"
#6617
b101010000 W"
#6618
b101010001 W"
#6619
b101010010 W"
#6620
b101010011 W"
#6621
b101010100 W"
#6622
b101010101 W"
#6623
b101010110 W"
#6624
b101010111 W"
#6625
b101011000 W"
#6626
b101011001 W"
#6627
b101011010 W"
#6628
b101011011 W"
#6629
b101011100 W"
#6630
b101011101 W"
#6631
b101011110 W"
#6632
b101011111 W"
#6633
b101100000 W"
#6634
b101100001 W"
#6635
b101100010 W"
#6636
b101100011 W"
#6637
b101100100 W"
#6638
b101100101 W"
#6639
b101100110 W"
#6640
b101100111 W"
#6641
b101101000 W"
#6642
b101101001 W"
#6643
b101101010 W"
#6644
b101101011 W"
#6645
b101101100 W"
#6646
b101101101 W"
#6647
b101101110 W"
#6648
b101101111 W"
#6649
b101110000 W"
#6650
b101110001 W"
#6651
b101110010 W"
#6652
b101110011 W"
#6653
b101110100 W"
#6654
b101110101 W"
#6655
b101110110 W"
#6656
b101110111 W"
#6657
b101111000 W"
#6658
b101111001 W"
#6659
b101111010 W"
#6660
b101111011 W"
#6661
b101111100 W"
#6662
b101111101 W"
#6663
b101111110 W"
#6664
b101111111 W"
#6665
b110000000 W"
#6666
b110000001 W"
#6667
b110000010 W"
#6668
b110000011 W"
#6669
b110000100 W"
#6670
b110000101 W"
#6671
b110000110 W"
#6672
b110000111 W"
#6673
b110001000 W"
#6674
b110001001 W"
#6675
b110001010 W"
#6676
b110001011 W"
#6677
b110001100 W"
#6678
b110001101 W"
#6679
b110001110 W"
#6680
b110001111 W"
#6681
b110010000 W"
#6682
b110010001 W"
#6683
b110010010 W"
#6684
b110010011 W"
#6685
b110010100 W"
#6686
b110010101 W"
#6687
b110010110 W"
#6688
b110010111 W"
#6689
b110011000 W"
#6690
b110011001 W"
#6691
b110011010 W"
#6692
b110011011 W"
#6693
b110011100 W"
#6694
b110011101 W"
#6695
b110011110 W"
#6696
b110011111 W"
#6697
b110100000 W"
#6698
b110100001 W"
#6699
b110100010 W"
#6700
b110100011 W"
#6701
b110100100 W"
#6702
b110100101 W"
#6703
b110100110 W"
#6704
b110100111 W"
#6705
b110101000 W"
#6706
b110101001 W"
#6707
b110101010 W"
#6708
b110101011 W"
#6709
b110101100 W"
#6710
b110101101 W"
#6711
b110101110 W"
#6712
b110101111 W"
#6713
b110110000 W"
#6714
b110110001 W"
#6715
b101 S"
b0 W"
#6716
b1 W"
#6717
b10 W"
#6718
b11 W"
#6719
b100 W"
#6720
b101 W"
#6721
b110 W"
#6722
b111 W"
#6723
b1000 W"
#6724
b1001 W"
#6725
b1010 W"
#6726
b1011 W"
#6727
b1100 W"
#6728
b1101 W"
#6729
b1110 W"
#6730
b1111 W"
#6731
b10000 W"
#6732
b10001 W"
#6733
b10010 W"
#6734
b10011 W"
#6735
b10100 W"
#6736
b10101 W"
#6737
b10110 W"
#6738
b10111 W"
#6739
b11000 W"
#6740
b11001 W"
#6741
b11010 W"
#6742
b11011 W"
#6743
b11100 W"
#6744
b11101 W"
#6745
b11110 W"
#6746
b11111 W"
#6747
b100000 W"
#6748
b100001 W"
#6749
b100010 W"
#6750
b100011 W"
#6751
b100100 W"
#6752
b100101 W"
#6753
b100110 W"
#6754
b100111 W"
#6755
b101000 W"
#6756
b101001 W"
#6757
b101010 W"
#6758
b101011 W"
#6759
b101100 W"
#6760
b101101 W"
#6761
b101110 W"
#6762
b101111 W"
#6763
b110000 W"
#6764
b110001 W"
#6765
b110010 W"
#6766
b110011 W"
#6767
b110100 W"
#6768
b110101 W"
#6769
b110110 W"
#6770
b110111 W"
#6771
b111000 W"
#6772
b111001 W"
#6773
b111010 W"
#6774
b111011 W"
#6775
b111100 W"
#6776
b111101 W"
#6777
b111110 W"
#6778
b111111 W"
#6779
b1000000 W"
#6780
b1000001 W"
#6781
b1000010 W"
#6782
b1000011 W"
#6783
b1000100 W"
#6784
b1000101 W"
#6785
b1000110 W"
#6786
b1000111 W"
#6787
b1001000 W"
#6788
b1001001 W"
#6789
b1001010 W"
#6790
b1001011 W"
#6791
b1001100 W"
#6792
b1001101 W"
#6793
b1001110 W"
#6794
b1001111 W"
#6795
b1010000 W"
#6796
b1010001 W"
#6797
b1010010 W"
#6798
b1010011 W"
#6799
b1010100 W"
#6800
b1010101 W"
#6801
b1010110 W"
#6802
b1010111 W"
#6803
b1011000 W"
#6804
b1011001 W"
#6805
b1011010 W"
#6806
b1011011 W"
#6807
b1011100 W"
#6808
b1011101 W"
#6809
b1011110 W"
#6810
b1011111 W"
#6811
b1100000 W"
#6812
b1100001 W"
#6813
b1100010 W"
#6814
b1100011 W"
#6815
b1100100 W"
#6816
b1100101 W"
#6817
b1100110 W"
#6818
b1100111 W"
#6819
b1101000 W"
#6820
b1101001 W"
#6821
b1101010 W"
#6822
b1101011 W"
#6823
b1101100 W"
#6824
b1101101 W"
#6825
b1101110 W"
#6826
b1101111 W"
#6827
b1110000 W"
#6828
b1110001 W"
#6829
b1110010 W"
#6830
b1110011 W"
#6831
b1110100 W"
#6832
b1110101 W"
#6833
b1110110 W"
#6834
b1110111 W"
#6835
b1111000 W"
#6836
b1111001 W"
#6837
b1111010 W"
#6838
b1111011 W"
#6839
b1111100 W"
#6840
b1111101 W"
#6841
b1111110 W"
#6842
b1111111 W"
#6843
b10000000 W"
#6844
b10000001 W"
#6845
b10000010 W"
#6846
b10000011 W"
#6847
b10000100 W"
#6848
b10000101 W"
#6849
b10000110 W"
#6850
b10000111 W"
#6851
b10001000 W"
#6852
b10001001 W"
#6853
b10001010 W"
#6854
b10001011 W"
#6855
b10001100 W"
#6856
b10001101 W"
#6857
b10001110 W"
#6858
b10001111 W"
#6859
b10010000 W"
#6860
b10010001 W"
#6861
b10010010 W"
#6862
b10010011 W"
#6863
b10010100 W"
#6864
b10010101 W"
#6865
b10010110 W"
#6866
b10010111 W"
#6867
b10011000 W"
#6868
b10011001 W"
#6869
b10011010 W"
#6870
b10011011 W"
#6871
b10011100 W"
#6872
b10011101 W"
#6873
b10011110 W"
#6874
b10011111 W"
#6875
b10100000 W"
#6876
b10100001 W"
#6877
b10100010 W"
#6878
b10100011 W"
#6879
b10100100 W"
#6880
b10100101 W"
#6881
b10100110 W"
#6882
b10100111 W"
#6883
b10101000 W"
#6884
b10101001 W"
#6885
b10101010 W"
#6886
b10101011 W"
#6887
b10101100 W"
#6888
b10101101 W"
#6889
b10101110 W"
#6890
b10101111 W"
#6891
b10110000 W"
#6892
b10110001 W"
#6893
b10110010 W"
#6894
b10110011 W"
#6895
b10110100 W"
#6896
b10110101 W"
#6897
b10110110 W"
#6898
b10110111 W"
#6899
b10111000 W"
#6900
b10111001 W"
#6901
b10111010 W"
#6902
b10111011 W"
#6903
b10111100 W"
#6904
b10111101 W"
#6905
b10111110 W"
#6906
b10111111 W"
#6907
b11000000 W"
#6908
b11000001 W"
#6909
b11000010 W"
#6910
b11000011 W"
#6911
b11000100 W"
#6912
b11000101 W"
#6913
b11000110 W"
#6914
b11000111 W"
#6915
b11001000 W"
#6916
b11001001 W"
#6917
b11001010 W"
#6918
b11001011 W"
#6919
b11001100 W"
#6920
b11001101 W"
#6921
b11001110 W"
#6922
b11001111 W"
#6923
b11010000 W"
#6924
b11010001 W"
#6925
b11010010 W"
#6926
b11010011 W"
#6927
b11010100 W"
#6928
b11010101 W"
#6929
b11010110 W"
#6930
b11010111 W"
#6931
b11011000 W"
#6932
b11011001 W"
#6933
b11011010 W"
#6934
b11011011 W"
#6935
b11011100 W"
#6936
b11011101 W"
#6937
b11011110 W"
#6938
b11011111 W"
#6939
b11100000 W"
#6940
b11100001 W"
#6941
b11100010 W"
#6942
b11100011 W"
#6943
b11100100 W"
#6944
b11100101 W"
#6945
b11100110 W"
#6946
b11100111 W"
#6947
b11101000 W"
#6948
b11101001 W"
#6949
b11101010 W"
#6950
b11101011 W"
#6951
b11101100 W"
#6952
b11101101 W"
#6953
b11101110 W"
#6954
b11101111 W"
#6955
b11110000 W"
#6956
b11110001 W"
#6957
b11110010 W"
#6958
b11110011 W"
#6959
b11110100 W"
#6960
b11110101 W"
#6961
b11110110 W"
#6962
b11110111 W"
#6963
b11111000 W"
#6964
b11111001 W"
#6965
b11111010 W"
#6966
b11111011 W"
#6967
b11111100 W"
#6968
b11111101 W"
#6969
b11111110 W"
#6970
b11111111 W"
#6971
b100000000 W"
#6972
b100000001 W"
#6973
b100000010 W"
#6974
b100000011 W"
#6975
b100000100 W"
#6976
b100000101 W"
#6977
b100000110 W"
#6978
b100000111 W"
#6979
b100001000 W"
#6980
b100001001 W"
#6981
b100001010 W"
#6982
b100001011 W"
#6983
b100001100 W"
#6984
b100001101 W"
#6985
b100001110 W"
#6986
b100001111 W"
#6987
b100010000 W"
#6988
b100010001 W"
#6989
b100010010 W"
#6990
b100010011 W"
#6991
b100010100 W"
#6992
b100010101 W"
#6993
b100010110 W"
#6994
b100010111 W"
#6995
b100011000 W"
#6996
b100011001 W"
#6997
b100011010 W"
#6998
b100011011 W"
#6999
b100011100 W"
#7000
b100011101 W"
#7001
b100011110 W"
#7002
b100011111 W"
#7003
b100100000 W"
#7004
b100100001 W"
#7005
b100100010 W"
#7006
b100100011 W"
#7007
b100100100 W"
#7008
b100100101 W"
#7009
b100100110 W"
#7010
b100100111 W"
#7011
b100101000 W"
#7012
b100101001 W"
#7013
b100101010 W"
#7014
b100101011 W"
#7015
b100101100 W"
#7016
b100101101 W"
#7017
b100101110 W"
#7018
b100101111 W"
#7019
b100110000 W"
#7020
b100110001 W"
#7021
b100110010 W"
#7022
b100110011 W"
#7023
b100110100 W"
#7024
b100110101 W"
#7025
b100110110 W"
#7026
b100110111 W"
#7027
b100111000 W"
#7028
b100111001 W"
#7029
b100111010 W"
#7030
b100111011 W"
#7031
b100111100 W"
#7032
b100111101 W"
#7033
b100111110 W"
#7034
b100111111 W"
#7035
b101000000 W"
#7036
b101000001 W"
#7037
b101000010 W"
#7038
b101000011 W"
#7039
b101000100 W"
#7040
b101000101 W"
#7041
b101000110 W"
#7042
b101000111 W"
#7043
b101001000 W"
#7044
b101001001 W"
#7045
b101001010 W"
#7046
b101001011 W"
#7047
b101001100 W"
#7048
b101001101 W"
#7049
b101001110 W"
#7050
b101001111 W"
#7051
b101010000 W"
#7052
b101010001 W"
#7053
b101010010 W"
#7054
b101010011 W"
#7055
b101010100 W"
#7056
b101010101 W"
#7057
b101010110 W"
#7058
b101010111 W"
#7059
b101011000 W"
#7060
b101011001 W"
#7061
b101011010 W"
#7062
b101011011 W"
#7063
b101011100 W"
#7064
b101011101 W"
#7065
b101011110 W"
#7066
b101011111 W"
#7067
b101100000 W"
#7068
b101100001 W"
#7069
b101100010 W"
#7070
b101100011 W"
#7071
b101100100 W"
#7072
b101100101 W"
#7073
b101100110 W"
#7074
b101100111 W"
#7075
b101101000 W"
#7076
b101101001 W"
#7077
b101101010 W"
#7078
b101101011 W"
#7079
b101101100 W"
#7080
b101101101 W"
#7081
b101101110 W"
#7082
b101101111 W"
#7083
b101110000 W"
#7084
b101110001 W"
#7085
b101110010 W"
#7086
b101110011 W"
#7087
b101110100 W"
#7088
b101110101 W"
#7089
b101110110 W"
#7090
b101110111 W"
#7091
b101111000 W"
#7092
b101111001 W"
#7093
b101111010 W"
#7094
b101111011 W"
#7095
b101111100 W"
#7096
b101111101 W"
#7097
b101111110 W"
#7098
b101111111 W"
#7099
b110000000 W"
#7100
b110000001 W"
#7101
b110000010 W"
#7102
b110000011 W"
#7103
b110000100 W"
#7104
b110000101 W"
#7105
b110000110 W"
#7106
b110000111 W"
#7107
b110001000 W"
#7108
b110001001 W"
#7109
b110001010 W"
#7110
b110001011 W"
#7111
b110001100 W"
#7112
b110001101 W"
#7113
b110001110 W"
#7114
b110001111 W"
#7115
b110010000 W"
#7116
b110010001 W"
#7117
b110010010 W"
#7118
b110010011 W"
#7119
b110010100 W"
#7120
b110010101 W"
#7121
b110010110 W"
#7122
b110010111 W"
#7123
b110011000 W"
#7124
b110011001 W"
#7125
b110011010 W"
#7126
b110011011 W"
#7127
b110011100 W"
#7128
b110011101 W"
#7129
b110011110 W"
#7130
b110011111 W"
#7131
b110100000 W"
#7132
b110100001 W"
#7133
b110100010 W"
#7134
b110100011 W"
#7135
b110100100 W"
#7136
b110100101 W"
#7137
b110100110 W"
#7138
b110100111 W"
#7139
b110101000 W"
#7140
b110101001 W"
#7141
b110101010 W"
#7142
b110101011 W"
#7143
b110101100 W"
#7144
b110101101 W"
#7145
b110101110 W"
#7146
b110101111 W"
#7147
b110110000 W"
#7148
b110110001 W"
#7149
b110 S"
b0 W"
#7150
b1 W"
#7151
b10 W"
#7152
b11 W"
#7153
b100 W"
#7154
b101 W"
#7155
b110 W"
#7156
b111 W"
#7157
b1000 W"
#7158
b1001 W"
#7159
b1010 W"
#7160
b1011 W"
#7161
b1100 W"
#7162
b1101 W"
#7163
b1110 W"
#7164
b1111 W"
#7165
b10000 W"
#7166
b10001 W"
#7167
b10010 W"
#7168
b10011 W"
#7169
b10100 W"
#7170
b10101 W"
#7171
b10110 W"
#7172
b10111 W"
#7173
b11000 W"
#7174
b11001 W"
#7175
b11010 W"
#7176
b11011 W"
#7177
b11100 W"
#7178
b11101 W"
#7179
b11110 W"
#7180
b11111 W"
#7181
b100000 W"
#7182
b100001 W"
#7183
b100010 W"
#7184
b100011 W"
#7185
b100100 W"
#7186
b100101 W"
#7187
b100110 W"
#7188
b100111 W"
#7189
b101000 W"
#7190
b101001 W"
#7191
b101010 W"
#7192
b101011 W"
#7193
b101100 W"
#7194
b101101 W"
#7195
b101110 W"
#7196
b101111 W"
#7197
b110000 W"
#7198
b110001 W"
#7199
b110010 W"
#7200
b110011 W"
#7201
b110100 W"
#7202
b110101 W"
#7203
b110110 W"
#7204
b110111 W"
#7205
b111000 W"
#7206
b111001 W"
#7207
b111010 W"
#7208
b111011 W"
#7209
b111100 W"
#7210
b111101 W"
#7211
b111110 W"
#7212
b111111 W"
#7213
b1000000 W"
#7214
b1000001 W"
#7215
b1000010 W"
#7216
b1000011 W"
#7217
b1000100 W"
#7218
b1000101 W"
#7219
b1000110 W"
#7220
b1000111 W"
#7221
b1001000 W"
#7222
b1001001 W"
#7223
b1001010 W"
#7224
b1001011 W"
#7225
b1001100 W"
#7226
b1001101 W"
#7227
b1001110 W"
#7228
b1001111 W"
#7229
b1010000 W"
#7230
b1010001 W"
#7231
b1010010 W"
#7232
b1010011 W"
#7233
b1010100 W"
#7234
b1010101 W"
#7235
b1010110 W"
#7236
b1010111 W"
#7237
b1011000 W"
#7238
b1011001 W"
#7239
b1011010 W"
#7240
b1011011 W"
#7241
b1011100 W"
#7242
b1011101 W"
#7243
b1011110 W"
#7244
b1011111 W"
#7245
b1100000 W"
#7246
b1100001 W"
#7247
b1100010 W"
#7248
b1100011 W"
#7249
b1100100 W"
#7250
b1100101 W"
#7251
b1100110 W"
#7252
b1100111 W"
#7253
b1101000 W"
#7254
b1101001 W"
#7255
b1101010 W"
#7256
b1101011 W"
#7257
b1101100 W"
#7258
b1101101 W"
#7259
b1101110 W"
#7260
b1101111 W"
#7261
b1110000 W"
#7262
b1110001 W"
#7263
b1110010 W"
#7264
b1110011 W"
#7265
b1110100 W"
#7266
b1110101 W"
#7267
b1110110 W"
#7268
b1110111 W"
#7269
b1111000 W"
#7270
b1111001 W"
#7271
b1111010 W"
#7272
b1111011 W"
#7273
b1111100 W"
#7274
b1111101 W"
#7275
b1111110 W"
#7276
b1111111 W"
#7277
b10000000 W"
#7278
b10000001 W"
#7279
b10000010 W"
#7280
b10000011 W"
#7281
b10000100 W"
#7282
b10000101 W"
#7283
b10000110 W"
#7284
b10000111 W"
#7285
b10001000 W"
#7286
b10001001 W"
#7287
b10001010 W"
#7288
b10001011 W"
#7289
b10001100 W"
#7290
b10001101 W"
#7291
b10001110 W"
#7292
b10001111 W"
#7293
b10010000 W"
#7294
b10010001 W"
#7295
b10010010 W"
#7296
b10010011 W"
#7297
b10010100 W"
#7298
b10010101 W"
#7299
b10010110 W"
#7300
b10010111 W"
#7301
b10011000 W"
#7302
b10011001 W"
#7303
b10011010 W"
#7304
b10011011 W"
#7305
b10011100 W"
#7306
b10011101 W"
#7307
b10011110 W"
#7308
b10011111 W"
#7309
b10100000 W"
#7310
b10100001 W"
#7311
b10100010 W"
#7312
b10100011 W"
#7313
b10100100 W"
#7314
b10100101 W"
#7315
b10100110 W"
#7316
b10100111 W"
#7317
b10101000 W"
#7318
b10101001 W"
#7319
b10101010 W"
#7320
b10101011 W"
#7321
b10101100 W"
#7322
b10101101 W"
#7323
b10101110 W"
#7324
b10101111 W"
#7325
b10110000 W"
#7326
b10110001 W"
#7327
b10110010 W"
#7328
b10110011 W"
#7329
b10110100 W"
#7330
b10110101 W"
#7331
b10110110 W"
#7332
b10110111 W"
#7333
b10111000 W"
#7334
b10111001 W"
#7335
b10111010 W"
#7336
b10111011 W"
#7337
b10111100 W"
#7338
b10111101 W"
#7339
b10111110 W"
#7340
b10111111 W"
#7341
b11000000 W"
#7342
b11000001 W"
#7343
b11000010 W"
#7344
b11000011 W"
#7345
b11000100 W"
#7346
b11000101 W"
#7347
b11000110 W"
#7348
b11000111 W"
#7349
b11001000 W"
#7350
b11001001 W"
#7351
b11001010 W"
#7352
b11001011 W"
#7353
b11001100 W"
#7354
b11001101 W"
#7355
b11001110 W"
#7356
b11001111 W"
#7357
b11010000 W"
#7358
b11010001 W"
#7359
b11010010 W"
#7360
b11010011 W"
#7361
b11010100 W"
#7362
b11010101 W"
#7363
b11010110 W"
#7364
b11010111 W"
#7365
b11011000 W"
#7366
b11011001 W"
#7367
b11011010 W"
#7368
b11011011 W"
#7369
b11011100 W"
#7370
b11011101 W"
#7371
b11011110 W"
#7372
b11011111 W"
#7373
b11100000 W"
#7374
b11100001 W"
#7375
b11100010 W"
#7376
b11100011 W"
#7377
b11100100 W"
#7378
b11100101 W"
#7379
b11100110 W"
#7380
b11100111 W"
#7381
b11101000 W"
#7382
b11101001 W"
#7383
b11101010 W"
#7384
b11101011 W"
#7385
b11101100 W"
#7386
b11101101 W"
#7387
b11101110 W"
#7388
b11101111 W"
#7389
b11110000 W"
#7390
b11110001 W"
#7391
b11110010 W"
#7392
b11110011 W"
#7393
b11110100 W"
#7394
b11110101 W"
#7395
b11110110 W"
#7396
b11110111 W"
#7397
b11111000 W"
#7398
b11111001 W"
#7399
b11111010 W"
#7400
b11111011 W"
#7401
b11111100 W"
#7402
b11111101 W"
#7403
b11111110 W"
#7404
b11111111 W"
#7405
b100000000 W"
#7406
b100000001 W"
#7407
b100000010 W"
#7408
b100000011 W"
#7409
b100000100 W"
#7410
b100000101 W"
#7411
b100000110 W"
#7412
b100000111 W"
#7413
b100001000 W"
#7414
b100001001 W"
#7415
b100001010 W"
#7416
b100001011 W"
#7417
b100001100 W"
#7418
b100001101 W"
#7419
b100001110 W"
#7420
b100001111 W"
#7421
b100010000 W"
#7422
b100010001 W"
#7423
b100010010 W"
#7424
b100010011 W"
#7425
b100010100 W"
#7426
b100010101 W"
#7427
b100010110 W"
#7428
b100010111 W"
#7429
b100011000 W"
#7430
b100011001 W"
#7431
b100011010 W"
#7432
b100011011 W"
#7433
b100011100 W"
#7434
b100011101 W"
#7435
b100011110 W"
#7436
b100011111 W"
#7437
b100100000 W"
#7438
b100100001 W"
#7439
b100100010 W"
#7440
b100100011 W"
#7441
b100100100 W"
#7442
b100100101 W"
#7443
b100100110 W"
#7444
b100100111 W"
#7445
b100101000 W"
#7446
b100101001 W"
#7447
b100101010 W"
#7448
b100101011 W"
#7449
b100101100 W"
#7450
b100101101 W"
#7451
b100101110 W"
#7452
b100101111 W"
#7453
b100110000 W"
#7454
b100110001 W"
#7455
b100110010 W"
#7456
b100110011 W"
#7457
b100110100 W"
#7458
b100110101 W"
#7459
b100110110 W"
#7460
b100110111 W"
#7461
b100111000 W"
#7462
b100111001 W"
#7463
b100111010 W"
#7464
b100111011 W"
#7465
b100111100 W"
#7466
b100111101 W"
#7467
b100111110 W"
#7468
b100111111 W"
#7469
b101000000 W"
#7470
b101000001 W"
#7471
b101000010 W"
#7472
b101000011 W"
#7473
b101000100 W"
#7474
b101000101 W"
#7475
b101000110 W"
#7476
b101000111 W"
#7477
b101001000 W"
#7478
b101001001 W"
#7479
b101001010 W"
#7480
b101001011 W"
#7481
b101001100 W"
#7482
b101001101 W"
#7483
b101001110 W"
#7484
b101001111 W"
#7485
b101010000 W"
#7486
b101010001 W"
#7487
b101010010 W"
#7488
b101010011 W"
#7489
b101010100 W"
#7490
b101010101 W"
#7491
b101010110 W"
#7492
b101010111 W"
#7493
b101011000 W"
#7494
b101011001 W"
#7495
b101011010 W"
#7496
b101011011 W"
#7497
b101011100 W"
#7498
b101011101 W"
#7499
b101011110 W"
#7500
b101011111 W"
#7501
b101100000 W"
#7502
b101100001 W"
#7503
b101100010 W"
#7504
b101100011 W"
#7505
b101100100 W"
#7506
b101100101 W"
#7507
b101100110 W"
#7508
b101100111 W"
#7509
b101101000 W"
#7510
b101101001 W"
#7511
b101101010 W"
#7512
b101101011 W"
#7513
b101101100 W"
#7514
b101101101 W"
#7515
b101101110 W"
#7516
b101101111 W"
#7517
b101110000 W"
#7518
b101110001 W"
#7519
b101110010 W"
#7520
b101110011 W"
#7521
b101110100 W"
#7522
b101110101 W"
#7523
b101110110 W"
#7524
b101110111 W"
#7525
b101111000 W"
#7526
b101111001 W"
#7527
b101111010 W"
#7528
b101111011 W"
#7529
b101111100 W"
#7530
b101111101 W"
#7531
b101111110 W"
#7532
b101111111 W"
#7533
b110000000 W"
#7534
b110000001 W"
#7535
b110000010 W"
#7536
b110000011 W"
#7537
b110000100 W"
#7538
b110000101 W"
#7539
b110000110 W"
#7540
b110000111 W"
#7541
b110001000 W"
#7542
b110001001 W"
#7543
b110001010 W"
#7544
b110001011 W"
#7545
b110001100 W"
#7546
b110001101 W"
#7547
b110001110 W"
#7548
b110001111 W"
#7549
b110010000 W"
#7550
b110010001 W"
#7551
b110010010 W"
#7552
b110010011 W"
#7553
b110010100 W"
#7554
b110010101 W"
#7555
b110010110 W"
#7556
b110010111 W"
#7557
b110011000 W"
#7558
b110011001 W"
#7559
b110011010 W"
#7560
b110011011 W"
#7561
b110011100 W"
#7562
b110011101 W"
#7563
b110011110 W"
#7564
b110011111 W"
#7565
b110100000 W"
#7566
b110100001 W"
#7567
b110100010 W"
#7568
b110100011 W"
#7569
b110100100 W"
#7570
b110100101 W"
#7571
b110100110 W"
#7572
b110100111 W"
#7573
b110101000 W"
#7574
b110101001 W"
#7575
b110101010 W"
#7576
b110101011 W"
1%#
#7577
b110101100 W"
1&#
#7578
b110101101 W"
1'#
#7579
b110101110 W"
1(#
#7580
b110101111 W"
#7581
b110110000 W"
#7582
b110110001 W"
#7583
b111 S"
b0 W"
#7584
b1 W"
#7585
b10 W"
#7586
b11 W"
#7587
b100 W"
#7588
b101 W"
#7589
b110 W"
#7590
b111 W"
#7591
b1000 W"
#7592
b1001 W"
#7593
b1010 W"
#7594
b1011 W"
#7595
b1100 W"
#7596
b1101 W"
#7597
b1110 W"
#7598
b1111 W"
#7599
b10000 W"
#7600
b10001 W"
#7601
b10010 W"
#7602
b10011 W"
#7603
b10100 W"
#7604
b10101 W"
#7605
b10110 W"
#7606
b10111 W"
#7607
b11000 W"
#7608
b11001 W"
#7609
b11010 W"
#7610
b11011 W"
#7611
b11100 W"
#7612
b11101 W"
#7613
b11110 W"
#7614
b11111 W"
#7615
b100000 W"
#7616
b100001 W"
#7617
b100010 W"
#7618
b100011 W"
#7619
b100100 W"
#7620
b100101 W"
#7621
b100110 W"
#7622
b100111 W"
#7623
b101000 W"
#7624
b101001 W"
#7625
b101010 W"
#7626
b101011 W"
#7627
b101100 W"
#7628
b101101 W"
#7629
b101110 W"
#7630
b101111 W"
#7631
b110000 W"
#7632
b110001 W"
#7633
b110010 W"
#7634
b110011 W"
#7635
b110100 W"
#7636
b110101 W"
#7637
b110110 W"
#7638
b110111 W"
#7639
b111000 W"
#7640
b111001 W"
#7641
b111010 W"
#7642
b111011 W"
#7643
b111100 W"
#7644
b111101 W"
#7645
b111110 W"
#7646
b111111 W"
#7647
b1000000 W"
#7648
b1000001 W"
#7649
b1000010 W"
#7650
b1000011 W"
#7651
b1000100 W"
#7652
b1000101 W"
#7653
b1000110 W"
#7654
b1000111 W"
#7655
b1001000 W"
#7656
b1001001 W"
#7657
b1001010 W"
#7658
b1001011 W"
#7659
b1001100 W"
#7660
b1001101 W"
#7661
b1001110 W"
#7662
b1001111 W"
#7663
b1010000 W"
#7664
b1010001 W"
#7665
b1010010 W"
#7666
b1010011 W"
#7667
b1010100 W"
#7668
b1010101 W"
#7669
b1010110 W"
#7670
b1010111 W"
#7671
b1011000 W"
#7672
b1011001 W"
#7673
b1011010 W"
#7674
b1011011 W"
#7675
b1011100 W"
#7676
b1011101 W"
#7677
b1011110 W"
#7678
b1011111 W"
#7679
b1100000 W"
#7680
b1100001 W"
#7681
b1100010 W"
#7682
b1100011 W"
#7683
b1100100 W"
#7684
b1100101 W"
#7685
b1100110 W"
#7686
b1100111 W"
#7687
b1101000 W"
#7688
b1101001 W"
#7689
b1101010 W"
#7690
b1101011 W"
#7691
b1101100 W"
#7692
b1101101 W"
#7693
b1101110 W"
#7694
b1101111 W"
#7695
b1110000 W"
#7696
b1110001 W"
#7697
b1110010 W"
#7698
b1110011 W"
#7699
b1110100 W"
#7700
b1110101 W"
#7701
b1110110 W"
#7702
b1110111 W"
#7703
b1111000 W"
#7704
b1111001 W"
#7705
b1111010 W"
#7706
b1111011 W"
#7707
b1111100 W"
#7708
b1111101 W"
#7709
b1111110 W"
#7710
b1111111 W"
#7711
b10000000 W"
#7712
b10000001 W"
#7713
b10000010 W"
#7714
b10000011 W"
#7715
b10000100 W"
#7716
b10000101 W"
#7717
b10000110 W"
#7718
b10000111 W"
#7719
b10001000 W"
#7720
b10001001 W"
#7721
b10001010 W"
#7722
b10001011 W"
#7723
b10001100 W"
#7724
b10001101 W"
#7725
b10001110 W"
#7726
b10001111 W"
#7727
b10010000 W"
#7728
b10010001 W"
#7729
b10010010 W"
#7730
b10010011 W"
#7731
b10010100 W"
#7732
b10010101 W"
#7733
b10010110 W"
#7734
b10010111 W"
#7735
b10011000 W"
#7736
b10011001 W"
#7737
b10011010 W"
#7738
b10011011 W"
#7739
b10011100 W"
#7740
b10011101 W"
#7741
b10011110 W"
#7742
b10011111 W"
#7743
b10100000 W"
#7744
b10100001 W"
#7745
b10100010 W"
#7746
b10100011 W"
#7747
b10100100 W"
#7748
b10100101 W"
#7749
b10100110 W"
#7750
b10100111 W"
#7751
b10101000 W"
#7752
b10101001 W"
#7753
b10101010 W"
#7754
b10101011 W"
#7755
b10101100 W"
#7756
b10101101 W"
#7757
b10101110 W"
#7758
b10101111 W"
#7759
b10110000 W"
#7760
b10110001 W"
#7761
b10110010 W"
#7762
b10110011 W"
#7763
b10110100 W"
#7764
b10110101 W"
#7765
b10110110 W"
#7766
b10110111 W"
#7767
b10111000 W"
#7768
b10111001 W"
#7769
b10111010 W"
#7770
b10111011 W"
#7771
b10111100 W"
#7772
b10111101 W"
#7773
b10111110 W"
#7774
b10111111 W"
#7775
b11000000 W"
#7776
b11000001 W"
#7777
b11000010 W"
#7778
b11000011 W"
#7779
b11000100 W"
#7780
b11000101 W"
#7781
b11000110 W"
#7782
b11000111 W"
#7783
b11001000 W"
#7784
b11001001 W"
#7785
b11001010 W"
#7786
b11001011 W"
#7787
b11001100 W"
#7788
b11001101 W"
#7789
b11001110 W"
#7790
b11001111 W"
#7791
b11010000 W"
#7792
b11010001 W"
#7793
b11010010 W"
#7794
b11010011 W"
#7795
b11010100 W"
#7796
b11010101 W"
#7797
b11010110 W"
#7798
b11010111 W"
#7799
b11011000 W"
#7800
b11011001 W"
b1000011 g"
#7801
b11011010 W"
#7802
b11011011 W"
#7803
b11011100 W"
#7804
b11011101 W"
#7805
b11011110 W"
#7806
b11011111 W"
#7807
b11100000 W"
#7808
b11100001 W"
#7809
b11100010 W"
#7810
b11100011 W"
#7811
b11100100 W"
#7812
b11100101 W"
#7813
b11100110 W"
#7814
b11100111 W"
#7815
b11101000 W"
#7816
b11101001 W"
#7817
b11101010 W"
#7818
b11101011 W"
#7819
b11101100 W"
#7820
b11101101 W"
#7821
b11101110 W"
#7822
b11101111 W"
#7823
b11110000 W"
#7824
b11110001 W"
#7825
b11110010 W"
#7826
b11110011 W"
#7827
b11110100 W"
#7828
b11110101 W"
#7829
b11110110 W"
#7830
b11110111 W"
#7831
b11111000 W"
#7832
b11111001 W"
#7833
b11111010 W"
#7834
b11111011 W"
#7835
b11111100 W"
#7836
b11111101 W"
#7837
b11111110 W"
#7838
b11111111 W"
#7839
b100000000 W"
#7840
b100000001 W"
#7841
b100000010 W"
#7842
b100000011 W"
#7843
b100000100 W"
#7844
b100000101 W"
#7845
b100000110 W"
#7846
b100000111 W"
#7847
b100001000 W"
#7848
b100001001 W"
#7849
b100001010 W"
#7850
b100001011 W"
#7851
b100001100 W"
#7852
b100001101 W"
#7853
b100001110 W"
#7854
b100001111 W"
#7855
b100010000 W"
#7856
b100010001 W"
#7857
b100010010 W"
#7858
b100010011 W"
#7859
b100010100 W"
#7860
b100010101 W"
#7861
b100010110 W"
#7862
b100010111 W"
#7863
b100011000 W"
#7864
b100011001 W"
#7865
b100011010 W"
#7866
b100011011 W"
#7867
b100011100 W"
#7868
b100011101 W"
#7869
b100011110 W"
#7870
b100011111 W"
#7871
b100100000 W"
#7872
b100100001 W"
#7873
b100100010 W"
#7874
b100100011 W"
#7875
b100100100 W"
#7876
b100100101 W"
#7877
b100100110 W"
#7878
b100100111 W"
#7879
b100101000 W"
#7880
b100101001 W"
#7881
b100101010 W"
#7882
b100101011 W"
#7883
b100101100 W"
#7884
b100101101 W"
#7885
b100101110 W"
#7886
b100101111 W"
#7887
b100110000 W"
#7888
b100110001 W"
#7889
b100110010 W"
#7890
b100110011 W"
#7891
b100110100 W"
#7892
b100110101 W"
#7893
b100110110 W"
#7894
b100110111 W"
#7895
b100111000 W"
#7896
b100111001 W"
#7897
b100111010 W"
#7898
b100111011 W"
#7899
b100111100 W"
#7900
b100111101 W"
#7901
b100111110 W"
#7902
b100111111 W"
#7903
b101000000 W"
#7904
b101000001 W"
#7905
b101000010 W"
#7906
b101000011 W"
#7907
b101000100 W"
#7908
b101000101 W"
#7909
b101000110 W"
#7910
b101000111 W"
#7911
b101001000 W"
#7912
b101001001 W"
#7913
b101001010 W"
#7914
b101001011 W"
#7915
b101001100 W"
#7916
b101001101 W"
#7917
b101001110 W"
#7918
b101001111 W"
#7919
b101010000 W"
#7920
b101010001 W"
#7921
b101010010 W"
#7922
b101010011 W"
#7923
b101010100 W"
#7924
b101010101 W"
#7925
b101010110 W"
#7926
b101010111 W"
#7927
b101011000 W"
#7928
b101011001 W"
#7929
b101011010 W"
#7930
b101011011 W"
#7931
b101011100 W"
#7932
b101011101 W"
#7933
b101011110 W"
#7934
b101011111 W"
#7935
b101100000 W"
#7936
b101100001 W"
#7937
b101100010 W"
#7938
b101100011 W"
#7939
b101100100 W"
#7940
b101100101 W"
#7941
b101100110 W"
#7942
b101100111 W"
#7943
b101101000 W"
#7944
b101101001 W"
#7945
b101101010 W"
#7946
b101101011 W"
#7947
b101101100 W"
#7948
b101101101 W"
#7949
b101101110 W"
#7950
b101101111 W"
#7951
b101110000 W"
#7952
b101110001 W"
#7953
b101110010 W"
#7954
b101110011 W"
#7955
b101110100 W"
#7956
b101110101 W"
#7957
b101110110 W"
#7958
b101110111 W"
#7959
b101111000 W"
#7960
b101111001 W"
#7961
b101111010 W"
#7962
b101111011 W"
#7963
b101111100 W"
#7964
b101111101 W"
#7965
b101111110 W"
#7966
b101111111 W"
#7967
b110000000 W"
#7968
b110000001 W"
#7969
b110000010 W"
#7970
b110000011 W"
#7971
b110000100 W"
#7972
b110000101 W"
#7973
b110000110 W"
#7974
b110000111 W"
#7975
b110001000 W"
#7976
b110001001 W"
#7977
b110001010 W"
#7978
b110001011 W"
#7979
b110001100 W"
#7980
b110001101 W"
#7981
b110001110 W"
#7982
b110001111 W"
#7983
b110010000 W"
#7984
b110010001 W"
#7985
b110010010 W"
#7986
b110010011 W"
#7987
b110010100 W"
#7988
b110010101 W"
#7989
b110010110 W"
#7990
b110010111 W"
#7991
b110011000 W"
#7992
b110011001 W"
#7993
b110011010 W"
#7994
b110011011 W"
#7995
b110011100 W"
#7996
b110011101 W"
#7997
b110011110 W"
#7998
b110011111 W"
#7999
b110100000 W"
#8000
b110100001 W"
#8001
b110100010 W"
#8002
b110100011 W"
#8003
b110100100 W"
#8004
b110100101 W"
#8005
b110100110 W"
#8006
b110100111 W"
#8007
b110101000 W"
#8008
b110101001 W"
#8009
b110101010 W"
0%#
#8010
b110101011 W"
0&#
#8011
b110101100 W"
0'#
#8012
b110101101 W"
0(#
#8013
b110101110 W"
#8014
b110101111 W"
#8015
b110110000 W"
#8016
b110110001 W"
#8017
b1000 S"
b0 W"
#8018
b1 W"
#8019
b10 W"
#8020
b11 W"
#8021
b100 W"
#8022
b101 W"
#8023
b110 W"
#8024
b111 W"
#8025
b1000 W"
#8026
b1001 W"
#8027
b1010 W"
#8028
b1011 W"
#8029
b1100 W"
#8030
b1101 W"
#8031
b1110 W"
#8032
b1111 W"
#8033
b10000 W"
#8034
b10001 W"
#8035
b10010 W"
#8036
b10011 W"
#8037
b10100 W"
#8038
b10101 W"
#8039
b10110 W"
#8040
b10111 W"
#8041
b11000 W"
#8042
b11001 W"
#8043
b11010 W"
#8044
b11011 W"
#8045
b11100 W"
#8046
b11101 W"
#8047
b11110 W"
#8048
b11111 W"
#8049
b100000 W"
#8050
b100001 W"
#8051
b100010 W"
#8052
b100011 W"
#8053
b100100 W"
#8054
b100101 W"
#8055
b100110 W"
#8056
b100111 W"
#8057
b101000 W"
#8058
b101001 W"
#8059
b101010 W"
#8060
b101011 W"
#8061
b101100 W"
#8062
b101101 W"
#8063
b101110 W"
#8064
b101111 W"
#8065
b110000 W"
#8066
b110001 W"
#8067
b110010 W"
#8068
b110011 W"
#8069
b110100 W"
#8070
b110101 W"
#8071
b110110 W"
#8072
b110111 W"
#8073
b111000 W"
#8074
b111001 W"
#8075
b111010 W"
#8076
b111011 W"
#8077
b111100 W"
#8078
b111101 W"
#8079
b111110 W"
#8080
b111111 W"
#8081
b1000000 W"
#8082
b1000001 W"
#8083
b1000010 W"
#8084
b1000011 W"
#8085
b1000100 W"
#8086
b1000101 W"
#8087
b1000110 W"
#8088
b1000111 W"
#8089
b1001000 W"
#8090
b1001001 W"
#8091
b1001010 W"
#8092
b1001011 W"
#8093
b1001100 W"
#8094
b1001101 W"
#8095
b1001110 W"
#8096
b1001111 W"
#8097
b1010000 W"
#8098
b1010001 W"
#8099
b1010010 W"
#8100
b1010011 W"
#8101
b1010100 W"
#8102
b1010101 W"
#8103
b1010110 W"
#8104
b1010111 W"
#8105
b1011000 W"
#8106
b1011001 W"
#8107
b1011010 W"
#8108
b1011011 W"
#8109
b1011100 W"
#8110
b1011101 W"
#8111
b1011110 W"
#8112
b1011111 W"
#8113
b1100000 W"
#8114
b1100001 W"
#8115
b1100010 W"
#8116
b1100011 W"
#8117
b1100100 W"
#8118
b1100101 W"
#8119
b1100110 W"
#8120
b1100111 W"
#8121
b1101000 W"
#8122
b1101001 W"
#8123
b1101010 W"
#8124
b1101011 W"
#8125
b1101100 W"
#8126
b1101101 W"
#8127
b1101110 W"
#8128
b1101111 W"
#8129
b1110000 W"
#8130
b1110001 W"
#8131
b1110010 W"
#8132
b1110011 W"
#8133
b1110100 W"
#8134
b1110101 W"
#8135
b1110110 W"
#8136
b1110111 W"
#8137
b1111000 W"
#8138
b1111001 W"
#8139
b1111010 W"
#8140
b1111011 W"
#8141
b1111100 W"
#8142
b1111101 W"
#8143
b1111110 W"
#8144
b1111111 W"
#8145
b10000000 W"
#8146
b10000001 W"
#8147
b10000010 W"
#8148
b10000011 W"
#8149
b10000100 W"
#8150
b10000101 W"
#8151
b10000110 W"
#8152
b10000111 W"
#8153
b10001000 W"
#8154
b10001001 W"
#8155
b10001010 W"
#8156
b10001011 W"
#8157
b10001100 W"
#8158
b10001101 W"
#8159
b10001110 W"
#8160
b10001111 W"
#8161
b10010000 W"
#8162
b10010001 W"
#8163
b10010010 W"
#8164
b10010011 W"
#8165
b10010100 W"
#8166
b10010101 W"
#8167
b10010110 W"
#8168
b10010111 W"
#8169
b10011000 W"
#8170
b10011001 W"
#8171
b10011010 W"
#8172
b10011011 W"
#8173
b10011100 W"
#8174
b10011101 W"
#8175
b10011110 W"
#8176
b10011111 W"
#8177
b10100000 W"
#8178
b10100001 W"
#8179
b10100010 W"
#8180
b10100011 W"
#8181
b10100100 W"
#8182
b10100101 W"
#8183
b10100110 W"
#8184
b10100111 W"
#8185
b10101000 W"
#8186
b10101001 W"
#8187
b10101010 W"
#8188
b10101011 W"
#8189
b10101100 W"
#8190
b10101101 W"
#8191
b10101110 W"
#8192
b10101111 W"
#8193
b10110000 W"
#8194
b10110001 W"
#8195
b10110010 W"
#8196
b10110011 W"
#8197
b10110100 W"
#8198
b10110101 W"
#8199
b10110110 W"
#8200
b10110111 W"
#8201
b10111000 W"
#8202
b10111001 W"
#8203
b10111010 W"
#8204
b10111011 W"
#8205
b10111100 W"
#8206
b10111101 W"
#8207
b10111110 W"
#8208
b10111111 W"
#8209
b11000000 W"
#8210
b11000001 W"
#8211
b11000010 W"
#8212
b11000011 W"
#8213
b11000100 W"
#8214
b11000101 W"
#8215
b11000110 W"
#8216
b11000111 W"
#8217
b11001000 W"
#8218
b11001001 W"
#8219
b11001010 W"
#8220
b11001011 W"
#8221
b11001100 W"
#8222
b11001101 W"
#8223
b11001110 W"
#8224
b11001111 W"
#8225
b11010000 W"
#8226
b11010001 W"
#8227
b11010010 W"
#8228
b11010011 W"
#8229
b11010100 W"
#8230
b11010101 W"
#8231
b11010110 W"
#8232
b11010111 W"
#8233
b11011000 W"
#8234
b11011001 W"
#8235
b11011010 W"
#8236
b11011011 W"
#8237
b11011100 W"
#8238
b11011101 W"
#8239
b11011110 W"
#8240
b11011111 W"
#8241
b11100000 W"
#8242
b11100001 W"
#8243
b11100010 W"
#8244
b11100011 W"
#8245
b11100100 W"
#8246
b11100101 W"
#8247
b11100110 W"
#8248
b11100111 W"
#8249
b11101000 W"
#8250
b11101001 W"
#8251
b11101010 W"
#8252
b11101011 W"
#8253
b11101100 W"
#8254
b11101101 W"
#8255
b11101110 W"
#8256
b11101111 W"
#8257
b11110000 W"
#8258
b11110001 W"
#8259
b11110010 W"
#8260
b11110011 W"
#8261
b11110100 W"
#8262
b11110101 W"
#8263
b11110110 W"
#8264
b11110111 W"
#8265
b11111000 W"
#8266
b11111001 W"
#8267
b11111010 W"
#8268
b11111011 W"
#8269
b11111100 W"
#8270
b11111101 W"
#8271
b11111110 W"
#8272
b11111111 W"
#8273
b100000000 W"
#8274
b100000001 W"
#8275
b100000010 W"
#8276
b100000011 W"
#8277
b100000100 W"
#8278
b100000101 W"
#8279
b100000110 W"
#8280
b100000111 W"
#8281
b100001000 W"
#8282
b100001001 W"
#8283
b100001010 W"
#8284
b100001011 W"
#8285
b100001100 W"
#8286
b100001101 W"
#8287
b100001110 W"
#8288
b100001111 W"
#8289
b100010000 W"
#8290
b100010001 W"
#8291
b100010010 W"
#8292
b100010011 W"
#8293
b100010100 W"
#8294
b100010101 W"
#8295
b100010110 W"
#8296
b100010111 W"
#8297
b100011000 W"
#8298
b100011001 W"
#8299
b100011010 W"
#8300
b100011011 W"
#8301
b100011100 W"
#8302
b100011101 W"
#8303
b100011110 W"
#8304
b100011111 W"
#8305
b100100000 W"
#8306
b100100001 W"
#8307
b100100010 W"
#8308
b100100011 W"
#8309
b100100100 W"
#8310
b100100101 W"
#8311
b100100110 W"
#8312
b100100111 W"
#8313
b100101000 W"
#8314
b100101001 W"
#8315
b100101010 W"
#8316
b100101011 W"
#8317
b100101100 W"
#8318
b100101101 W"
#8319
b100101110 W"
#8320
b100101111 W"
#8321
b100110000 W"
#8322
b100110001 W"
#8323
b100110010 W"
#8324
b100110011 W"
#8325
b100110100 W"
#8326
b100110101 W"
#8327
b100110110 W"
#8328
b100110111 W"
#8329
b100111000 W"
#8330
b100111001 W"
#8331
b100111010 W"
#8332
b100111011 W"
#8333
b100111100 W"
#8334
b100111101 W"
#8335
b100111110 W"
#8336
b100111111 W"
#8337
b101000000 W"
#8338
b101000001 W"
#8339
b101000010 W"
#8340
b101000011 W"
#8341
b101000100 W"
#8342
b101000101 W"
#8343
b101000110 W"
#8344
b101000111 W"
#8345
b101001000 W"
#8346
b101001001 W"
#8347
b101001010 W"
#8348
b101001011 W"
#8349
b101001100 W"
#8350
b101001101 W"
#8351
b101001110 W"
#8352
b101001111 W"
#8353
b101010000 W"
#8354
b101010001 W"
#8355
b101010010 W"
#8356
b101010011 W"
#8357
b101010100 W"
#8358
b101010101 W"
#8359
b101010110 W"
#8360
b101010111 W"
#8361
b101011000 W"
#8362
b101011001 W"
#8363
b101011010 W"
#8364
b101011011 W"
#8365
b101011100 W"
#8366
b101011101 W"
#8367
b101011110 W"
#8368
b101011111 W"
#8369
b101100000 W"
#8370
b101100001 W"
#8371
b101100010 W"
#8372
b101100011 W"
#8373
b101100100 W"
#8374
b101100101 W"
#8375
b101100110 W"
#8376
b101100111 W"
#8377
b101101000 W"
#8378
b101101001 W"
#8379
b101101010 W"
#8380
b101101011 W"
#8381
b101101100 W"
#8382
b101101101 W"
#8383
b101101110 W"
#8384
b101101111 W"
#8385
b101110000 W"
#8386
b101110001 W"
#8387
b101110010 W"
#8388
b101110011 W"
#8389
b101110100 W"
#8390
b101110101 W"
#8391
b101110110 W"
#8392
b101110111 W"
#8393
b101111000 W"
#8394
b101111001 W"
#8395
b101111010 W"
#8396
b101111011 W"
#8397
b101111100 W"
#8398
b101111101 W"
#8399
b101111110 W"
#8400
b101111111 W"
#8401
b110000000 W"
#8402
b110000001 W"
#8403
b110000010 W"
#8404
b110000011 W"
#8405
b110000100 W"
#8406
b110000101 W"
#8407
b110000110 W"
#8408
b110000111 W"
#8409
b110001000 W"
#8410
b110001001 W"
#8411
b110001010 W"
#8412
b110001011 W"
#8413
b110001100 W"
#8414
b110001101 W"
#8415
b110001110 W"
#8416
b110001111 W"
#8417
b110010000 W"
#8418
b110010001 W"
#8419
b110010010 W"
#8420
b110010011 W"
#8421
b110010100 W"
#8422
b110010101 W"
#8423
b110010110 W"
#8424
b110010111 W"
#8425
b110011000 W"
#8426
b110011001 W"
#8427
b110011010 W"
#8428
b110011011 W"
#8429
b110011100 W"
#8430
b110011101 W"
#8431
b110011110 W"
#8432
b110011111 W"
#8433
b110100000 W"
#8434
b110100001 W"
#8435
b110100010 W"
#8436
b110100011 W"
#8437
b110100100 W"
#8438
b110100101 W"
#8439
b110100110 W"
#8440
b110100111 W"
#8441
b110101000 W"
#8442
b110101001 W"
1%#
#8443
b110101010 W"
1&#
#8444
b110101011 W"
1'#
#8445
b110101100 W"
1(#
#8446
b110101101 W"
#8447
b110101110 W"
#8448
b110101111 W"
#8449
b110110000 W"
#8450
b110110001 W"
#8451
b1001 S"
b0 W"
#8452
b1 W"
#8453
b10 W"
#8454
b11 W"
#8455
b100 W"
#8456
b101 W"
#8457
b110 W"
#8458
b111 W"
#8459
b1000 W"
#8460
b1001 W"
#8461
b1010 W"
#8462
b1011 W"
#8463
b1100 W"
#8464
b1101 W"
#8465
b1110 W"
#8466
b1111 W"
#8467
b10000 W"
#8468
b10001 W"
#8469
b10010 W"
#8470
b10011 W"
#8471
b10100 W"
#8472
b10101 W"
#8473
b10110 W"
#8474
b10111 W"
#8475
b11000 W"
#8476
b11001 W"
#8477
b11010 W"
#8478
b11011 W"
#8479
b11100 W"
#8480
b11101 W"
#8481
b11110 W"
#8482
b11111 W"
#8483
b100000 W"
#8484
b100001 W"
#8485
b100010 W"
#8486
b100011 W"
#8487
b100100 W"
#8488
b100101 W"
#8489
b100110 W"
#8490
b100111 W"
#8491
b101000 W"
#8492
b101001 W"
#8493
b101010 W"
#8494
b101011 W"
#8495
b101100 W"
#8496
b101101 W"
#8497
b101110 W"
#8498
b101111 W"
#8499
b110000 W"
#8500
b110001 W"
#8501
b110010 W"
#8502
b110011 W"
#8503
b110100 W"
#8504
b110101 W"
#8505
b110110 W"
#8506
b110111 W"
#8507
b111000 W"
#8508
b111001 W"
#8509
b111010 W"
#8510
b111011 W"
#8511
b111100 W"
#8512
b111101 W"
#8513
b111110 W"
#8514
b111111 W"
#8515
b1000000 W"
#8516
b1000001 W"
#8517
b1000010 W"
#8518
b1000011 W"
#8519
b1000100 W"
#8520
b1000101 W"
#8521
b1000110 W"
#8522
b1000111 W"
#8523
b1001000 W"
#8524
b1001001 W"
#8525
b1001010 W"
#8526
b1001011 W"
#8527
b1001100 W"
#8528
b1001101 W"
#8529
b1001110 W"
#8530
b1001111 W"
#8531
b1010000 W"
#8532
b1010001 W"
#8533
b1010010 W"
#8534
b1010011 W"
#8535
b1010100 W"
#8536
b1010101 W"
#8537
b1010110 W"
#8538
b1010111 W"
#8539
b1011000 W"
#8540
b1011001 W"
#8541
b1011010 W"
#8542
b1011011 W"
#8543
b1011100 W"
#8544
b1011101 W"
#8545
b1011110 W"
#8546
b1011111 W"
#8547
b1100000 W"
#8548
b1100001 W"
#8549
b1100010 W"
#8550
b1100011 W"
#8551
b1100100 W"
#8552
b1100101 W"
#8553
b1100110 W"
#8554
b1100111 W"
#8555
b1101000 W"
#8556
b1101001 W"
#8557
b1101010 W"
#8558
b1101011 W"
#8559
b1101100 W"
#8560
b1101101 W"
#8561
b1101110 W"
#8562
b1101111 W"
#8563
b1110000 W"
#8564
b1110001 W"
#8565
b1110010 W"
#8566
b1110011 W"
#8567
b1110100 W"
#8568
b1110101 W"
#8569
b1110110 W"
#8570
b1110111 W"
#8571
b1111000 W"
#8572
b1111001 W"
#8573
b1111010 W"
#8574
b1111011 W"
#8575
b1111100 W"
#8576
b1111101 W"
#8577
b1111110 W"
#8578
b1111111 W"
#8579
b10000000 W"
#8580
b10000001 W"
#8581
b10000010 W"
#8582
b10000011 W"
#8583
b10000100 W"
#8584
b10000101 W"
#8585
b10000110 W"
#8586
b10000111 W"
#8587
b10001000 W"
#8588
b10001001 W"
#8589
b10001010 W"
#8590
b10001011 W"
#8591
b10001100 W"
#8592
b10001101 W"
#8593
b10001110 W"
#8594
b10001111 W"
#8595
b10010000 W"
#8596
b10010001 W"
#8597
b10010010 W"
#8598
b10010011 W"
#8599
b10010100 W"
#8600
b10010101 W"
#8601
b10010110 W"
#8602
b10010111 W"
#8603
b10011000 W"
#8604
b10011001 W"
#8605
b10011010 W"
#8606
b10011011 W"
#8607
b10011100 W"
#8608
b10011101 W"
#8609
b10011110 W"
#8610
b10011111 W"
#8611
b10100000 W"
#8612
b10100001 W"
#8613
b10100010 W"
#8614
b10100011 W"
#8615
b10100100 W"
#8616
b10100101 W"
#8617
b10100110 W"
#8618
b10100111 W"
#8619
b10101000 W"
#8620
b10101001 W"
#8621
b10101010 W"
#8622
b10101011 W"
#8623
b10101100 W"
#8624
b10101101 W"
#8625
b10101110 W"
#8626
b10101111 W"
#8627
b10110000 W"
#8628
b10110001 W"
#8629
b10110010 W"
#8630
b10110011 W"
#8631
b10110100 W"
#8632
b10110101 W"
#8633
b10110110 W"
#8634
b10110111 W"
#8635
b10111000 W"
#8636
b10111001 W"
#8637
b10111010 W"
#8638
b10111011 W"
#8639
b10111100 W"
#8640
b10111101 W"
#8641
b10111110 W"
#8642
b10111111 W"
#8643
b11000000 W"
#8644
b11000001 W"
#8645
b11000010 W"
#8646
b11000011 W"
#8647
b11000100 W"
#8648
b11000101 W"
#8649
b11000110 W"
#8650
b11000111 W"
#8651
b11001000 W"
#8652
b11001001 W"
#8653
b11001010 W"
#8654
b11001011 W"
#8655
b11001100 W"
#8656
b11001101 W"
#8657
b11001110 W"
#8658
b11001111 W"
#8659
b11010000 W"
#8660
b11010001 W"
#8661
b11010010 W"
#8662
b11010011 W"
#8663
b11010100 W"
#8664
b11010101 W"
#8665
b11010110 W"
#8666
b11010111 W"
#8667
b11011000 W"
#8668
b1000011 C"
b11011001 W"
b1000011 o"
0~"
1##
1$#
#8669
b11 ("
b1000011 K"
b0 S"
b0 W"
b0 g"
0##
0$#
#8670
0"#
#8875
0%#
#8876
0&#
#8877
1!#
0'#
#8878
1~"
0!#
0(#
#8879
b1 W"
#8880
b10 W"
#8881
b11 W"
#8882
b100 W"
#8883
b101 W"
#8884
b110 W"
#8885
b111 W"
#8886
b1000 W"
#8887
b1001 W"
#8888
b1010 W"
#8889
b1011 W"
#8890
b1100 W"
#8891
b1101 W"
#8892
b1110 W"
#8893
b1111 W"
#8894
b10000 W"
#8895
b10001 W"
#8896
b10010 W"
#8897
b10011 W"
#8898
b10100 W"
#8899
b10101 W"
#8900
b10110 W"
#8901
b10111 W"
#8902
b11000 W"
#8903
b11001 W"
#8904
b11010 W"
#8905
b11011 W"
#8906
b11100 W"
#8907
b11101 W"
#8908
b11110 W"
#8909
b11111 W"
#8910
b100000 W"
#8911
b100001 W"
#8912
b100010 W"
#8913
b100011 W"
#8914
b100100 W"
#8915
b100101 W"
#8916
b100110 W"
#8917
b100111 W"
#8918
b101000 W"
#8919
b101001 W"
#8920
b101010 W"
#8921
b101011 W"
#8922
b101100 W"
#8923
b101101 W"
#8924
b101110 W"
#8925
b101111 W"
#8926
b110000 W"
#8927
b110001 W"
#8928
b110010 W"
#8929
b110011 W"
#8930
b110100 W"
#8931
b110101 W"
#8932
b110110 W"
#8933
b110111 W"
#8934
b111000 W"
#8935
b111001 W"
#8936
b111010 W"
#8937
b111011 W"
#8938
b111100 W"
#8939
b111101 W"
#8940
b111110 W"
#8941
b111111 W"
#8942
b1000000 W"
#8943
b1000001 W"
#8944
b1000010 W"
#8945
b1000011 W"
#8946
b1000100 W"
#8947
b1000101 W"
#8948
b1000110 W"
#8949
b1000111 W"
#8950
b1001000 W"
#8951
b1001001 W"
#8952
b1001010 W"
#8953
b1001011 W"
#8954
b1001100 W"
#8955
b1001101 W"
#8956
b1001110 W"
#8957
b1001111 W"
#8958
b1010000 W"
#8959
b1010001 W"
#8960
b1010010 W"
#8961
b1010011 W"
#8962
b1010100 W"
#8963
b1010101 W"
#8964
b1010110 W"
#8965
b1010111 W"
#8966
b1011000 W"
#8967
b1011001 W"
#8968
b1011010 W"
#8969
b1011011 W"
#8970
b1011100 W"
#8971
b1011101 W"
#8972
b1011110 W"
#8973
b1011111 W"
#8974
b1100000 W"
#8975
b1100001 W"
#8976
b1100010 W"
#8977
b1100011 W"
#8978
b1100100 W"
#8979
b1100101 W"
#8980
b1100110 W"
#8981
b1100111 W"
#8982
b1101000 W"
#8983
b1101001 W"
#8984
b1101010 W"
#8985
b1101011 W"
#8986
b1101100 W"
#8987
b1101101 W"
#8988
b1101110 W"
#8989
b1101111 W"
#8990
b1110000 W"
#8991
b1110001 W"
#8992
b1110010 W"
#8993
b1110011 W"
#8994
b1110100 W"
#8995
b1110101 W"
#8996
b1110110 W"
#8997
b1110111 W"
#8998
b1111000 W"
#8999
b1111001 W"
#9000
b1111010 W"
#9001
b1111011 W"
#9002
b1111100 W"
#9003
b1111101 W"
#9004
b1111110 W"
#9005
b1111111 W"
#9006
b10000000 W"
#9007
b10000001 W"
#9008
b10000010 W"
#9009
b10000011 W"
#9010
b10000100 W"
#9011
b10000101 W"
#9012
b10000110 W"
#9013
b10000111 W"
#9014
b10001000 W"
#9015
b10001001 W"
#9016
b10001010 W"
#9017
b10001011 W"
#9018
b10001100 W"
#9019
b10001101 W"
#9020
b10001110 W"
#9021
b10001111 W"
#9022
b10010000 W"
#9023
b10010001 W"
#9024
b10010010 W"
#9025
b10010011 W"
#9026
b10010100 W"
#9027
b10010101 W"
#9028
b10010110 W"
#9029
b10010111 W"
#9030
b10011000 W"
#9031
b10011001 W"
#9032
b10011010 W"
#9033
b10011011 W"
#9034
b10011100 W"
#9035
b10011101 W"
#9036
b10011110 W"
#9037
b10011111 W"
#9038
b10100000 W"
#9039
b10100001 W"
#9040
b10100010 W"
#9041
b10100011 W"
#9042
b10100100 W"
#9043
b10100101 W"
#9044
b10100110 W"
#9045
b10100111 W"
#9046
b10101000 W"
#9047
b10101001 W"
#9048
b10101010 W"
#9049
b10101011 W"
#9050
b10101100 W"
#9051
b10101101 W"
#9052
b10101110 W"
#9053
b10101111 W"
#9054
b10110000 W"
#9055
b10110001 W"
#9056
b10110010 W"
#9057
b10110011 W"
#9058
b10110100 W"
#9059
b10110101 W"
#9060
b10110110 W"
#9061
b10110111 W"
#9062
b10111000 W"
#9063
b10111001 W"
#9064
b10111010 W"
#9065
b10111011 W"
#9066
b10111100 W"
#9067
b10111101 W"
#9068
b10111110 W"
#9069
b10111111 W"
#9070
b11000000 W"
#9071
b11000001 W"
#9072
b11000010 W"
#9073
b11000011 W"
#9074
b11000100 W"
#9075
b11000101 W"
#9076
b11000110 W"
#9077
b11000111 W"
#9078
b11001000 W"
#9079
b11001001 W"
#9080
b11001010 W"
#9081
b11001011 W"
#9082
b11001100 W"
#9083
b11001101 W"
#9084
b11001110 W"
#9085
b11001111 W"
#9086
b11010000 W"
#9087
b11010001 W"
#9088
b11010010 W"
#9089
b11010011 W"
#9090
b11010100 W"
#9091
b11010101 W"
#9092
b11010110 W"
#9093
b11010111 W"
#9094
b11011000 W"
#9095
b11011001 W"
#9096
b11011010 W"
#9097
b11011011 W"
#9098
b11011100 W"
#9099
b11011101 W"
#9100
b11011110 W"
#9101
b11011111 W"
#9102
b11100000 W"
#9103
b11100001 W"
#9104
b11100010 W"
#9105
b11100011 W"
#9106
b11100100 W"
#9107
b11100101 W"
#9108
b11100110 W"
#9109
b11100111 W"
#9110
b11101000 W"
#9111
b11101001 W"
#9112
b11101010 W"
#9113
b11101011 W"
#9114
b11101100 W"
#9115
b11101101 W"
#9116
b11101110 W"
#9117
b11101111 W"
#9118
b11110000 W"
#9119
b11110001 W"
#9120
b11110010 W"
#9121
b11110011 W"
#9122
b11110100 W"
#9123
b11110101 W"
#9124
b11110110 W"
#9125
b11110111 W"
#9126
b11111000 W"
#9127
b11111001 W"
#9128
b11111010 W"
#9129
b11111011 W"
#9130
b11111100 W"
#9131
b11111101 W"
#9132
b11111110 W"
#9133
b11111111 W"
#9134
b100000000 W"
#9135
b100000001 W"
#9136
b100000010 W"
#9137
b100000011 W"
#9138
b100000100 W"
#9139
b100000101 W"
#9140
b100000110 W"
#9141
b100000111 W"
#9142
b100001000 W"
#9143
b100001001 W"
#9144
b100001010 W"
#9145
b100001011 W"
#9146
b100001100 W"
#9147
b100001101 W"
#9148
b100001110 W"
#9149
b100001111 W"
#9150
b100010000 W"
#9151
b100010001 W"
#9152
b100010010 W"
#9153
b100010011 W"
#9154
b100010100 W"
#9155
b100010101 W"
#9156
b100010110 W"
#9157
b100010111 W"
#9158
b100011000 W"
#9159
b100011001 W"
#9160
b100011010 W"
#9161
b100011011 W"
#9162
b100011100 W"
#9163
b100011101 W"
#9164
b100011110 W"
#9165
b100011111 W"
#9166
b100100000 W"
#9167
b100100001 W"
#9168
b100100010 W"
#9169
b100100011 W"
#9170
b100100100 W"
#9171
b100100101 W"
#9172
b100100110 W"
#9173
b100100111 W"
#9174
b100101000 W"
#9175
b100101001 W"
#9176
b100101010 W"
#9177
b100101011 W"
#9178
b100101100 W"
#9179
b100101101 W"
#9180
b100101110 W"
#9181
b100101111 W"
#9182
b100110000 W"
#9183
b100110001 W"
#9184
b100110010 W"
#9185
b100110011 W"
#9186
b100110100 W"
#9187
b100110101 W"
#9188
b100110110 W"
#9189
b100110111 W"
#9190
b100111000 W"
#9191
b100111001 W"
#9192
b100111010 W"
#9193
b100111011 W"
#9194
b100111100 W"
#9195
b100111101 W"
#9196
b100111110 W"
#9197
b100111111 W"
#9198
b101000000 W"
#9199
b101000001 W"
#9200
b101000010 W"
#9201
b101000011 W"
#9202
b101000100 W"
#9203
b101000101 W"
#9204
b101000110 W"
#9205
b101000111 W"
#9206
b101001000 W"
#9207
b101001001 W"
#9208
b101001010 W"
#9209
b101001011 W"
#9210
b101001100 W"
#9211
b101001101 W"
#9212
b101001110 W"
#9213
b101001111 W"
#9214
b101010000 W"
#9215
b101010001 W"
#9216
b101010010 W"
#9217
b101010011 W"
#9218
b101010100 W"
#9219
b101010101 W"
#9220
b101010110 W"
#9221
b101010111 W"
#9222
b101011000 W"
#9223
b101011001 W"
#9224
b101011010 W"
#9225
b101011011 W"
#9226
b101011100 W"
#9227
b101011101 W"
#9228
b101011110 W"
#9229
b101011111 W"
#9230
b101100000 W"
#9231
b101100001 W"
#9232
b101100010 W"
#9233
b101100011 W"
#9234
b101100100 W"
#9235
b101100101 W"
#9236
b101100110 W"
#9237
b101100111 W"
#9238
b101101000 W"
#9239
b101101001 W"
#9240
b101101010 W"
#9241
b101101011 W"
#9242
b101101100 W"
#9243
b101101101 W"
#9244
b101101110 W"
#9245
b101101111 W"
#9246
b101110000 W"
#9247
b101110001 W"
#9248
b101110010 W"
#9249
b101110011 W"
#9250
b101110100 W"
#9251
b101110101 W"
#9252
b101110110 W"
#9253
b101110111 W"
#9254
b101111000 W"
#9255
b101111001 W"
#9256
b101111010 W"
#9257
b101111011 W"
#9258
b101111100 W"
#9259
b101111101 W"
#9260
b101111110 W"
#9261
b101111111 W"
#9262
b110000000 W"
#9263
b110000001 W"
#9264
b110000010 W"
#9265
b110000011 W"
#9266
b110000100 W"
#9267
b110000101 W"
#9268
b110000110 W"
#9269
b110000111 W"
#9270
b110001000 W"
#9271
b110001001 W"
#9272
b110001010 W"
#9273
b110001011 W"
#9274
b110001100 W"
#9275
b110001101 W"
#9276
b110001110 W"
#9277
b110001111 W"
#9278
b110010000 W"
#9279
b110010001 W"
#9280
b110010010 W"
#9281
b110010011 W"
#9282
b110010100 W"
#9283
b110010101 W"
#9284
b110010110 W"
#9285
b110010111 W"
#9286
b110011000 W"
#9287
b110011001 W"
#9288
b110011010 W"
#9289
b110011011 W"
#9290
b110011100 W"
#9291
b110011101 W"
#9292
b110011110 W"
#9293
b110011111 W"
#9294
b110100000 W"
#9295
b110100001 W"
#9296
b110100010 W"
#9297
b110100011 W"
#9298
b110100100 W"
#9299
b110100101 W"
#9300
b110100110 W"
#9301
b110100111 W"
#9302
b110101000 W"
#9303
b110101001 W"
#9304
b110101010 W"
#9305
b110101011 W"
#9306
b110101100 W"
#9307
b110101101 W"
#9308
b110101110 W"
#9309
b110101111 W"
#9310
b110110000 W"
#9311
b110110001 W"
#9312
b1 S"
b0 W"
#9313
b1 W"
#9314
b10 W"
#9315
b11 W"
#9316
b100 W"
#9317
b101 W"
#9318
b110 W"
#9319
b111 W"
#9320
b1000 W"
#9321
b1001 W"
#9322
b1010 W"
#9323
b1011 W"
#9324
b1100 W"
#9325
b1101 W"
#9326
b1110 W"
#9327
b1111 W"
#9328
b10000 W"
#9329
b10001 W"
#9330
b10010 W"
#9331
b10011 W"
#9332
b10100 W"
#9333
b10101 W"
#9334
b10110 W"
#9335
b10111 W"
#9336
b11000 W"
#9337
b11001 W"
#9338
b11010 W"
#9339
b11011 W"
#9340
b11100 W"
#9341
b11101 W"
#9342
b11110 W"
#9343
b11111 W"
#9344
b100000 W"
#9345
b100001 W"
#9346
b100010 W"
#9347
b100011 W"
#9348
b100100 W"
#9349
b100101 W"
#9350
b100110 W"
#9351
b100111 W"
#9352
b101000 W"
#9353
b101001 W"
#9354
b101010 W"
#9355
b101011 W"
#9356
b101100 W"
#9357
b101101 W"
#9358
b101110 W"
#9359
b101111 W"
#9360
b110000 W"
#9361
b110001 W"
#9362
b110010 W"
#9363
b110011 W"
#9364
b110100 W"
#9365
b110101 W"
#9366
b110110 W"
#9367
b110111 W"
#9368
b111000 W"
#9369
b111001 W"
#9370
b111010 W"
#9371
b111011 W"
#9372
b111100 W"
#9373
b111101 W"
#9374
b111110 W"
#9375
b111111 W"
#9376
b1000000 W"
#9377
b1000001 W"
#9378
b1000010 W"
#9379
b1000011 W"
#9380
b1000100 W"
#9381
b1000101 W"
#9382
b1000110 W"
#9383
b1000111 W"
#9384
b1001000 W"
#9385
b1001001 W"
#9386
b1001010 W"
#9387
b1001011 W"
#9388
b1001100 W"
#9389
b1001101 W"
#9390
b1001110 W"
#9391
b1001111 W"
#9392
b1010000 W"
#9393
b1010001 W"
#9394
b1010010 W"
#9395
b1010011 W"
#9396
b1010100 W"
#9397
b1010101 W"
#9398
b1010110 W"
#9399
b1010111 W"
#9400
b1011000 W"
#9401
b1011001 W"
#9402
b1011010 W"
#9403
b1011011 W"
#9404
b1011100 W"
#9405
b1011101 W"
#9406
b1011110 W"
#9407
b1011111 W"
#9408
b1100000 W"
#9409
b1100001 W"
#9410
b1100010 W"
#9411
b1100011 W"
#9412
b1100100 W"
#9413
b1100101 W"
#9414
b1100110 W"
#9415
b1100111 W"
#9416
b1101000 W"
#9417
b1101001 W"
#9418
b1101010 W"
#9419
b1101011 W"
#9420
b1101100 W"
#9421
b1101101 W"
#9422
b1101110 W"
#9423
b1101111 W"
#9424
b1110000 W"
#9425
b1110001 W"
#9426
b1110010 W"
#9427
b1110011 W"
#9428
b1110100 W"
#9429
b1110101 W"
#9430
b1110110 W"
#9431
b1110111 W"
#9432
b1111000 W"
#9433
b1111001 W"
#9434
b1111010 W"
#9435
b1111011 W"
#9436
b1111100 W"
#9437
b1111101 W"
#9438
b1111110 W"
#9439
b1111111 W"
#9440
b10000000 W"
#9441
b10000001 W"
#9442
b10000010 W"
#9443
b10000011 W"
#9444
b10000100 W"
#9445
b10000101 W"
#9446
b10000110 W"
#9447
b10000111 W"
#9448
b10001000 W"
#9449
b10001001 W"
#9450
b10001010 W"
#9451
b10001011 W"
#9452
b10001100 W"
#9453
b10001101 W"
#9454
b10001110 W"
#9455
b10001111 W"
#9456
b10010000 W"
#9457
b10010001 W"
#9458
b10010010 W"
#9459
b10010011 W"
#9460
b10010100 W"
#9461
b10010101 W"
#9462
b10010110 W"
#9463
b10010111 W"
#9464
b10011000 W"
#9465
b10011001 W"
#9466
b10011010 W"
#9467
b10011011 W"
#9468
b10011100 W"
#9469
b10011101 W"
#9470
b10011110 W"
#9471
b10011111 W"
#9472
b10100000 W"
#9473
b10100001 W"
#9474
b10100010 W"
#9475
b10100011 W"
#9476
b10100100 W"
#9477
b10100101 W"
#9478
b10100110 W"
#9479
b10100111 W"
#9480
b10101000 W"
#9481
b10101001 W"
#9482
b10101010 W"
#9483
b10101011 W"
#9484
b10101100 W"
#9485
b10101101 W"
#9486
b10101110 W"
#9487
b10101111 W"
#9488
b10110000 W"
#9489
b10110001 W"
#9490
b10110010 W"
#9491
b10110011 W"
#9492
b10110100 W"
#9493
b10110101 W"
#9494
b10110110 W"
#9495
b10110111 W"
#9496
b10111000 W"
#9497
b10111001 W"
#9498
b10111010 W"
#9499
b10111011 W"
#9500
b10111100 W"
#9501
b10111101 W"
#9502
b10111110 W"
#9503
b10111111 W"
#9504
b11000000 W"
#9505
b11000001 W"
#9506
b11000010 W"
#9507
b11000011 W"
#9508
b11000100 W"
#9509
b11000101 W"
#9510
b11000110 W"
#9511
b11000111 W"
#9512
b11001000 W"
#9513
b11001001 W"
#9514
b11001010 W"
#9515
b11001011 W"
#9516
b11001100 W"
#9517
b11001101 W"
#9518
b11001110 W"
#9519
b11001111 W"
#9520
b11010000 W"
#9521
b11010001 W"
#9522
b11010010 W"
#9523
b11010011 W"
#9524
b11010100 W"
#9525
b11010101 W"
#9526
b11010110 W"
#9527
b11010111 W"
#9528
b11011000 W"
#9529
b11011001 W"
#9530
b11011010 W"
#9531
b11011011 W"
#9532
b11011100 W"
#9533
b11011101 W"
#9534
b11011110 W"
#9535
b11011111 W"
#9536
b11100000 W"
#9537
b11100001 W"
#9538
b11100010 W"
#9539
b11100011 W"
#9540
b11100100 W"
#9541
b11100101 W"
#9542
b11100110 W"
#9543
b11100111 W"
#9544
b11101000 W"
#9545
b11101001 W"
#9546
b11101010 W"
#9547
b11101011 W"
#9548
b11101100 W"
#9549
b11101101 W"
#9550
b11101110 W"
#9551
b11101111 W"
#9552
b11110000 W"
#9553
b11110001 W"
#9554
b11110010 W"
#9555
b11110011 W"
#9556
b11110100 W"
#9557
b11110101 W"
#9558
b11110110 W"
#9559
b11110111 W"
#9560
b11111000 W"
#9561
b11111001 W"
#9562
b11111010 W"
#9563
b11111011 W"
#9564
b11111100 W"
#9565
b11111101 W"
#9566
b11111110 W"
#9567
b11111111 W"
#9568
b100000000 W"
#9569
b100000001 W"
#9570
b100000010 W"
#9571
b100000011 W"
#9572
b100000100 W"
#9573
b100000101 W"
#9574
b100000110 W"
#9575
b100000111 W"
#9576
b100001000 W"
#9577
b100001001 W"
#9578
b100001010 W"
#9579
b100001011 W"
#9580
b100001100 W"
#9581
b100001101 W"
#9582
b100001110 W"
#9583
b100001111 W"
#9584
b100010000 W"
#9585
b100010001 W"
#9586
b100010010 W"
#9587
b100010011 W"
#9588
b100010100 W"
#9589
b100010101 W"
#9590
b100010110 W"
#9591
b100010111 W"
#9592
b100011000 W"
#9593
b100011001 W"
#9594
b100011010 W"
#9595
b100011011 W"
#9596
b100011100 W"
#9597
b100011101 W"
#9598
b100011110 W"
#9599
b100011111 W"
#9600
b100100000 W"
#9601
b100100001 W"
#9602
b100100010 W"
#9603
b100100011 W"
#9604
b100100100 W"
#9605
b100100101 W"
#9606
b100100110 W"
#9607
b100100111 W"
#9608
b100101000 W"
#9609
b100101001 W"
#9610
b100101010 W"
#9611
b100101011 W"
#9612
b100101100 W"
#9613
b100101101 W"
#9614
b100101110 W"
#9615
b100101111 W"
#9616
b100110000 W"
#9617
b100110001 W"
#9618
b100110010 W"
#9619
b100110011 W"
#9620
b100110100 W"
#9621
b100110101 W"
#9622
b100110110 W"
#9623
b100110111 W"
#9624
b100111000 W"
#9625
b100111001 W"
#9626
b100111010 W"
#9627
b100111011 W"
#9628
b100111100 W"
#9629
b100111101 W"
#9630
b100111110 W"
#9631
b100111111 W"
#9632
b101000000 W"
#9633
b101000001 W"
#9634
b101000010 W"
#9635
b101000011 W"
#9636
b101000100 W"
#9637
b101000101 W"
#9638
b101000110 W"
#9639
b101000111 W"
#9640
b101001000 W"
#9641
b101001001 W"
#9642
b101001010 W"
#9643
b101001011 W"
#9644
b101001100 W"
#9645
b101001101 W"
#9646
b101001110 W"
#9647
b101001111 W"
#9648
b101010000 W"
#9649
b101010001 W"
#9650
b101010010 W"
#9651
b101010011 W"
#9652
b101010100 W"
#9653
b101010101 W"
#9654
b101010110 W"
#9655
b101010111 W"
#9656
b101011000 W"
#9657
b101011001 W"
#9658
b101011010 W"
#9659
b101011011 W"
#9660
b101011100 W"
#9661
b101011101 W"
#9662
b101011110 W"
#9663
b101011111 W"
#9664
b101100000 W"
#9665
b101100001 W"
#9666
b101100010 W"
#9667
b101100011 W"
#9668
b101100100 W"
#9669
b101100101 W"
#9670
b101100110 W"
#9671
b101100111 W"
#9672
b101101000 W"
#9673
b101101001 W"
#9674
b101101010 W"
#9675
b101101011 W"
#9676
b101101100 W"
#9677
b101101101 W"
#9678
b101101110 W"
#9679
b101101111 W"
#9680
b101110000 W"
#9681
b101110001 W"
#9682
b101110010 W"
#9683
b101110011 W"
#9684
b101110100 W"
#9685
b101110101 W"
#9686
b101110110 W"
#9687
b101110111 W"
#9688
b101111000 W"
#9689
b101111001 W"
#9690
b101111010 W"
#9691
b101111011 W"
#9692
b101111100 W"
#9693
b101111101 W"
#9694
b101111110 W"
#9695
b101111111 W"
#9696
b110000000 W"
#9697
b110000001 W"
#9698
b110000010 W"
#9699
b110000011 W"
#9700
b110000100 W"
#9701
b110000101 W"
#9702
b110000110 W"
#9703
b110000111 W"
#9704
b110001000 W"
#9705
b110001001 W"
#9706
b110001010 W"
#9707
b110001011 W"
#9708
b110001100 W"
#9709
b110001101 W"
#9710
b110001110 W"
#9711
b110001111 W"
#9712
b110010000 W"
#9713
b110010001 W"
#9714
b110010010 W"
#9715
b110010011 W"
#9716
b110010100 W"
#9717
b110010101 W"
#9718
b110010110 W"
#9719
b110010111 W"
#9720
b110011000 W"
#9721
b110011001 W"
#9722
b110011010 W"
#9723
b110011011 W"
#9724
b110011100 W"
#9725
b110011101 W"
#9726
b110011110 W"
#9727
b110011111 W"
#9728
b110100000 W"
#9729
b110100001 W"
#9730
b110100010 W"
#9731
b110100011 W"
#9732
b110100100 W"
#9733
b110100101 W"
#9734
b110100110 W"
#9735
b110100111 W"
#9736
b110101000 W"
#9737
b110101001 W"
#9738
b110101010 W"
#9739
b110101011 W"
#9740
b110101100 W"
#9741
b110101101 W"
#9742
b110101110 W"
#9743
b110101111 W"
#9744
b110110000 W"
#9745
b110110001 W"
#9746
b10 S"
b0 W"
#9747
b1 W"
#9748
b10 W"
#9749
b11 W"
#9750
b100 W"
#9751
b101 W"
#9752
b110 W"
#9753
b111 W"
#9754
b1000 W"
#9755
b1001 W"
#9756
b1010 W"
#9757
b1011 W"
#9758
b1100 W"
#9759
b1101 W"
#9760
b1110 W"
#9761
b1111 W"
#9762
b10000 W"
#9763
b10001 W"
#9764
b10010 W"
#9765
b10011 W"
#9766
b10100 W"
#9767
b10101 W"
#9768
b10110 W"
#9769
b10111 W"
#9770
b11000 W"
#9771
b11001 W"
#9772
b11010 W"
#9773
b11011 W"
#9774
b11100 W"
#9775
b11101 W"
#9776
b11110 W"
#9777
b11111 W"
#9778
b100000 W"
#9779
b100001 W"
#9780
b100010 W"
#9781
b100011 W"
#9782
b100100 W"
#9783
b100101 W"
#9784
b100110 W"
#9785
b100111 W"
#9786
b101000 W"
#9787
b101001 W"
#9788
b101010 W"
#9789
b101011 W"
#9790
b101100 W"
#9791
b101101 W"
#9792
b101110 W"
#9793
b101111 W"
#9794
b110000 W"
#9795
b110001 W"
#9796
b110010 W"
#9797
b110011 W"
#9798
b110100 W"
#9799
b110101 W"
#9800
b110110 W"
#9801
b110111 W"
#9802
b111000 W"
#9803
b111001 W"
#9804
b111010 W"
#9805
b111011 W"
#9806
b111100 W"
#9807
b111101 W"
#9808
b111110 W"
#9809
b111111 W"
#9810
b1000000 W"
#9811
b1000001 W"
#9812
b1000010 W"
#9813
b1000011 W"
#9814
b1000100 W"
#9815
b1000101 W"
#9816
b1000110 W"
#9817
b1000111 W"
#9818
b1001000 W"
#9819
b1001001 W"
#9820
b1001010 W"
#9821
b1001011 W"
#9822
b1001100 W"
#9823
b1001101 W"
#9824
b1001110 W"
#9825
b1001111 W"
#9826
b1010000 W"
#9827
b1010001 W"
#9828
b1010010 W"
#9829
b1010011 W"
#9830
b1010100 W"
#9831
b1010101 W"
#9832
b1010110 W"
#9833
b1010111 W"
#9834
b1011000 W"
#9835
b1011001 W"
#9836
b1011010 W"
#9837
b1011011 W"
#9838
b1011100 W"
#9839
b1011101 W"
#9840
b1011110 W"
#9841
b1011111 W"
#9842
b1100000 W"
#9843
b1100001 W"
#9844
b1100010 W"
#9845
b1100011 W"
#9846
b1100100 W"
#9847
b1100101 W"
#9848
b1100110 W"
#9849
b1100111 W"
#9850
b1101000 W"
#9851
b1101001 W"
#9852
b1101010 W"
#9853
b1101011 W"
#9854
b1101100 W"
#9855
b1101101 W"
#9856
b1101110 W"
#9857
b1101111 W"
#9858
b1110000 W"
#9859
b1110001 W"
#9860
b1110010 W"
#9861
b1110011 W"
#9862
b1110100 W"
#9863
b1110101 W"
#9864
b1110110 W"
#9865
b1110111 W"
#9866
b1111000 W"
#9867
b1111001 W"
#9868
b1111010 W"
#9869
b1111011 W"
#9870
b1111100 W"
#9871
b1111101 W"
#9872
b1111110 W"
#9873
b1111111 W"
#9874
b10000000 W"
#9875
b10000001 W"
#9876
b10000010 W"
#9877
b10000011 W"
#9878
b10000100 W"
#9879
b10000101 W"
#9880
b10000110 W"
#9881
b10000111 W"
#9882
b10001000 W"
#9883
b10001001 W"
#9884
b10001010 W"
#9885
b10001011 W"
#9886
b10001100 W"
#9887
b10001101 W"
#9888
b10001110 W"
#9889
b10001111 W"
#9890
b10010000 W"
#9891
b10010001 W"
#9892
b10010010 W"
#9893
b10010011 W"
#9894
b10010100 W"
#9895
b10010101 W"
#9896
b10010110 W"
#9897
b10010111 W"
#9898
b10011000 W"
#9899
b10011001 W"
#9900
b10011010 W"
#9901
b10011011 W"
#9902
b10011100 W"
#9903
b10011101 W"
#9904
b10011110 W"
#9905
b10011111 W"
#9906
b10100000 W"
#9907
b10100001 W"
#9908
b10100010 W"
#9909
b10100011 W"
#9910
b10100100 W"
#9911
b10100101 W"
#9912
b10100110 W"
#9913
b10100111 W"
#9914
b10101000 W"
#9915
b10101001 W"
#9916
b10101010 W"
#9917
b10101011 W"
#9918
b10101100 W"
#9919
b10101101 W"
#9920
b10101110 W"
#9921
b10101111 W"
#9922
b10110000 W"
#9923
b10110001 W"
#9924
b10110010 W"
#9925
b10110011 W"
#9926
b10110100 W"
#9927
b10110101 W"
#9928
b10110110 W"
#9929
b10110111 W"
#9930
b10111000 W"
#9931
b10111001 W"
#9932
b10111010 W"
#9933
b10111011 W"
#9934
b10111100 W"
#9935
b10111101 W"
#9936
b10111110 W"
#9937
b10111111 W"
#9938
b11000000 W"
#9939
b11000001 W"
#9940
b11000010 W"
#9941
b11000011 W"
#9942
b11000100 W"
#9943
b11000101 W"
#9944
b11000110 W"
#9945
b11000111 W"
#9946
b11001000 W"
#9947
b11001001 W"
#9948
b11001010 W"
#9949
b11001011 W"
#9950
b11001100 W"
#9951
b11001101 W"
#9952
b11001110 W"
#9953
b11001111 W"
#9954
b11010000 W"
#9955
b11010001 W"
#9956
b11010010 W"
#9957
b11010011 W"
#9958
b11010100 W"
#9959
b11010101 W"
#9960
b11010110 W"
#9961
b11010111 W"
#9962
b11011000 W"
#9963
b11011001 W"
#9964
b11011010 W"
#9965
b11011011 W"
#9966
b11011100 W"
#9967
b11011101 W"
#9968
b11011110 W"
#9969
b11011111 W"
#9970
b11100000 W"
#9971
b11100001 W"
#9972
b11100010 W"
#9973
b11100011 W"
#9974
b11100100 W"
#9975
b11100101 W"
#9976
b11100110 W"
#9977
b11100111 W"
#9978
b11101000 W"
#9979
b11101001 W"
#9980
b11101010 W"
#9981
b11101011 W"
#9982
b11101100 W"
#9983
b11101101 W"
#9984
b11101110 W"
#9985
b11101111 W"
#9986
b11110000 W"
#9987
b11110001 W"
#9988
b11110010 W"
#9989
b11110011 W"
#9990
b11110100 W"
#9991
b11110101 W"
#9992
b11110110 W"
#9993
b11110111 W"
#9994
b11111000 W"
#9995
b11111001 W"
#9996
b11111010 W"
#9997
b11111011 W"
#9998
b11111100 W"
#9999
b11111101 W"
#10000
b11111110 W"
#10001
b11111111 W"
#10002
b100000000 W"
#10003
b100000001 W"
#10004
b100000010 W"
#10005
b100000011 W"
#10006
b100000100 W"
#10007
b100000101 W"
#10008
b100000110 W"
#10009
b100000111 W"
#10010
b100001000 W"
#10011
b100001001 W"
#10012
b100001010 W"
#10013
b100001011 W"
#10014
b100001100 W"
#10015
b100001101 W"
#10016
b100001110 W"
#10017
b100001111 W"
#10018
b100010000 W"
#10019
b100010001 W"
#10020
b100010010 W"
#10021
b100010011 W"
#10022
b100010100 W"
#10023
b100010101 W"
#10024
b100010110 W"
#10025
b100010111 W"
#10026
b100011000 W"
#10027
b100011001 W"
#10028
b100011010 W"
#10029
b100011011 W"
#10030
b100011100 W"
#10031
b100011101 W"
#10032
b100011110 W"
#10033
b100011111 W"
#10034
b100100000 W"
#10035
b100100001 W"
#10036
b100100010 W"
#10037
b100100011 W"
#10038
b100100100 W"
#10039
b100100101 W"
#10040
b100100110 W"
#10041
b100100111 W"
#10042
b100101000 W"
#10043
b100101001 W"
#10044
b100101010 W"
#10045
b100101011 W"
#10046
b100101100 W"
#10047
b100101101 W"
#10048
b100101110 W"
#10049
b100101111 W"
#10050
b100110000 W"
#10051
b100110001 W"
#10052
b100110010 W"
#10053
b100110011 W"
#10054
b100110100 W"
#10055
b100110101 W"
#10056
b100110110 W"
#10057
b100110111 W"
#10058
b100111000 W"
#10059
b100111001 W"
#10060
b100111010 W"
#10061
b100111011 W"
#10062
b100111100 W"
#10063
b100111101 W"
#10064
b100111110 W"
#10065
b100111111 W"
#10066
b101000000 W"
#10067
b101000001 W"
#10068
b101000010 W"
#10069
b101000011 W"
#10070
b101000100 W"
#10071
b101000101 W"
#10072
b101000110 W"
#10073
b101000111 W"
#10074
b101001000 W"
#10075
b101001001 W"
#10076
b101001010 W"
#10077
b101001011 W"
#10078
b101001100 W"
#10079
b101001101 W"
#10080
b101001110 W"
#10081
b101001111 W"
#10082
b101010000 W"
#10083
b101010001 W"
#10084
b101010010 W"
#10085
b101010011 W"
#10086
b101010100 W"
#10087
b101010101 W"
#10088
b101010110 W"
#10089
b101010111 W"
#10090
b101011000 W"
#10091
b101011001 W"
#10092
b101011010 W"
#10093
b101011011 W"
#10094
b101011100 W"
#10095
b101011101 W"
#10096
b101011110 W"
#10097
b101011111 W"
#10098
b101100000 W"
#10099
b101100001 W"
#10100
b101100010 W"
#10101
b101100011 W"
#10102
b101100100 W"
#10103
b101100101 W"
#10104
b101100110 W"
#10105
b101100111 W"
#10106
b101101000 W"
#10107
b101101001 W"
#10108
b101101010 W"
#10109
b101101011 W"
#10110
b101101100 W"
#10111
b101101101 W"
#10112
b101101110 W"
#10113
b101101111 W"
#10114
b101110000 W"
#10115
b101110001 W"
#10116
b101110010 W"
#10117
b101110011 W"
#10118
b101110100 W"
#10119
b101110101 W"
#10120
b101110110 W"
#10121
b101110111 W"
#10122
b101111000 W"
#10123
b101111001 W"
#10124
b101111010 W"
#10125
b101111011 W"
#10126
b101111100 W"
#10127
b101111101 W"
#10128
b101111110 W"
#10129
b101111111 W"
#10130
b110000000 W"
#10131
b110000001 W"
#10132
b110000010 W"
#10133
b110000011 W"
#10134
b110000100 W"
#10135
b110000101 W"
#10136
b110000110 W"
#10137
b110000111 W"
#10138
b110001000 W"
#10139
b110001001 W"
#10140
b110001010 W"
#10141
b110001011 W"
#10142
b110001100 W"
#10143
b110001101 W"
#10144
b110001110 W"
#10145
b110001111 W"
#10146
b110010000 W"
#10147
b110010001 W"
#10148
b110010010 W"
#10149
b110010011 W"
#10150
b110010100 W"
#10151
b110010101 W"
#10152
b110010110 W"
#10153
b110010111 W"
#10154
b110011000 W"
#10155
b110011001 W"
#10156
b110011010 W"
#10157
b110011011 W"
#10158
b110011100 W"
#10159
b110011101 W"
#10160
b110011110 W"
#10161
b110011111 W"
#10162
b110100000 W"
#10163
b110100001 W"
#10164
b110100010 W"
#10165
b110100011 W"
#10166
b110100100 W"
#10167
b110100101 W"
#10168
b110100110 W"
#10169
b110100111 W"
#10170
b110101000 W"
#10171
b110101001 W"
#10172
b110101010 W"
#10173
b110101011 W"
#10174
b110101100 W"
#10175
b110101101 W"
1%#
#10176
b110101110 W"
1&#
#10177
b110101111 W"
1'#
#10178
b110110000 W"
1(#
#10179
b110110001 W"
#10180
b11 S"
b0 W"
#10181
b1 W"
#10182
b10 W"
#10183
b11 W"
#10184
b100 W"
#10185
b101 W"
#10186
b110 W"
#10187
b111 W"
#10188
b1000 W"
#10189
b1001 W"
#10190
b1010 W"
#10191
b1011 W"
#10192
b1100 W"
#10193
b1101 W"
#10194
b1110 W"
#10195
b1111 W"
#10196
b10000 W"
#10197
b10001 W"
#10198
b10010 W"
#10199
b10011 W"
#10200
b10100 W"
#10201
b10101 W"
#10202
b10110 W"
#10203
b10111 W"
#10204
b11000 W"
#10205
b11001 W"
#10206
b11010 W"
#10207
b11011 W"
#10208
b11100 W"
#10209
b11101 W"
#10210
b11110 W"
#10211
b11111 W"
#10212
b100000 W"
#10213
b100001 W"
#10214
b100010 W"
#10215
b100011 W"
#10216
b100100 W"
#10217
b100101 W"
#10218
b100110 W"
#10219
b100111 W"
#10220
b101000 W"
#10221
b101001 W"
#10222
b101010 W"
#10223
b101011 W"
#10224
b101100 W"
#10225
b101101 W"
#10226
b101110 W"
#10227
b101111 W"
#10228
b110000 W"
#10229
b110001 W"
#10230
b110010 W"
#10231
b110011 W"
#10232
b110100 W"
#10233
b110101 W"
#10234
b110110 W"
#10235
b110111 W"
#10236
b111000 W"
#10237
b111001 W"
#10238
b111010 W"
#10239
b111011 W"
#10240
b111100 W"
#10241
b111101 W"
#10242
b111110 W"
#10243
b111111 W"
#10244
b1000000 W"
#10245
b1000001 W"
#10246
b1000010 W"
#10247
b1000011 W"
#10248
b1000100 W"
#10249
b1000101 W"
#10250
b1000110 W"
#10251
b1000111 W"
#10252
b1001000 W"
#10253
b1001001 W"
#10254
b1001010 W"
#10255
b1001011 W"
#10256
b1001100 W"
#10257
b1001101 W"
#10258
b1001110 W"
#10259
b1001111 W"
#10260
b1010000 W"
#10261
b1010001 W"
#10262
b1010010 W"
#10263
b1010011 W"
#10264
b1010100 W"
#10265
b1010101 W"
#10266
b1010110 W"
#10267
b1010111 W"
#10268
b1011000 W"
#10269
b1011001 W"
#10270
b1011010 W"
#10271
b1011011 W"
#10272
b1011100 W"
#10273
b1011101 W"
#10274
b1011110 W"
#10275
b1011111 W"
#10276
b1100000 W"
#10277
b1100001 W"
#10278
b1100010 W"
#10279
b1100011 W"
#10280
b1100100 W"
#10281
b1100101 W"
#10282
b1100110 W"
#10283
b1100111 W"
#10284
b1101000 W"
#10285
b1101001 W"
#10286
b1101010 W"
#10287
b1101011 W"
#10288
b1101100 W"
#10289
b1101101 W"
#10290
b1101110 W"
#10291
b1101111 W"
#10292
b1110000 W"
#10293
b1110001 W"
#10294
b1110010 W"
#10295
b1110011 W"
#10296
b1110100 W"
#10297
b1110101 W"
#10298
b1110110 W"
#10299
b1110111 W"
#10300
b1111000 W"
#10301
b1111001 W"
#10302
b1111010 W"
#10303
b1111011 W"
#10304
b1111100 W"
#10305
b1111101 W"
#10306
b1111110 W"
#10307
b1111111 W"
#10308
b10000000 W"
#10309
b10000001 W"
#10310
b10000010 W"
#10311
b10000011 W"
#10312
b10000100 W"
#10313
b10000101 W"
#10314
b10000110 W"
#10315
b10000111 W"
#10316
b10001000 W"
#10317
b10001001 W"
#10318
b10001010 W"
#10319
b10001011 W"
#10320
b10001100 W"
#10321
b10001101 W"
#10322
b10001110 W"
#10323
b10001111 W"
#10324
b10010000 W"
#10325
b10010001 W"
#10326
b10010010 W"
#10327
b10010011 W"
#10328
b10010100 W"
#10329
b10010101 W"
#10330
b10010110 W"
#10331
b10010111 W"
#10332
b10011000 W"
#10333
b10011001 W"
#10334
b10011010 W"
#10335
b10011011 W"
#10336
b10011100 W"
#10337
b10011101 W"
#10338
b10011110 W"
#10339
b10011111 W"
#10340
b10100000 W"
#10341
b10100001 W"
#10342
b10100010 W"
#10343
b10100011 W"
#10344
b10100100 W"
#10345
b10100101 W"
#10346
b10100110 W"
#10347
b10100111 W"
#10348
b10101000 W"
#10349
b10101001 W"
#10350
b10101010 W"
#10351
b10101011 W"
#10352
b10101100 W"
#10353
b10101101 W"
#10354
b10101110 W"
#10355
b10101111 W"
#10356
b10110000 W"
#10357
b10110001 W"
#10358
b10110010 W"
#10359
b10110011 W"
#10360
b10110100 W"
#10361
b10110101 W"
#10362
b10110110 W"
#10363
b10110111 W"
#10364
b10111000 W"
#10365
b10111001 W"
#10366
b10111010 W"
#10367
b10111011 W"
#10368
b10111100 W"
#10369
b10111101 W"
#10370
b10111110 W"
#10371
b10111111 W"
#10372
b11000000 W"
#10373
b11000001 W"
#10374
b11000010 W"
#10375
b11000011 W"
#10376
b11000100 W"
#10377
b11000101 W"
#10378
b11000110 W"
#10379
b11000111 W"
#10380
b11001000 W"
#10381
b11001001 W"
#10382
b11001010 W"
#10383
b11001011 W"
#10384
b11001100 W"
#10385
b11001101 W"
#10386
b11001110 W"
#10387
b11001111 W"
#10388
b11010000 W"
#10389
b11010001 W"
#10390
b11010010 W"
#10391
b11010011 W"
#10392
b11010100 W"
#10393
b11010101 W"
#10394
b11010110 W"
#10395
b11010111 W"
#10396
b11011000 W"
#10397
b11011001 W"
b100 g"
#10398
b11011010 W"
#10399
b11011011 W"
#10400
b11011100 W"
#10401
b11011101 W"
#10402
b11011110 W"
#10403
b11011111 W"
#10404
b11100000 W"
#10405
b11100001 W"
#10406
b11100010 W"
#10407
b11100011 W"
#10408
b11100100 W"
#10409
b11100101 W"
#10410
b11100110 W"
#10411
b11100111 W"
#10412
b11101000 W"
#10413
b11101001 W"
#10414
b11101010 W"
#10415
b11101011 W"
#10416
b11101100 W"
#10417
b11101101 W"
#10418
b11101110 W"
#10419
b11101111 W"
#10420
b11110000 W"
#10421
b11110001 W"
#10422
b11110010 W"
#10423
b11110011 W"
#10424
b11110100 W"
#10425
b11110101 W"
#10426
b11110110 W"
#10427
b11110111 W"
#10428
b11111000 W"
#10429
b11111001 W"
#10430
b11111010 W"
#10431
b11111011 W"
#10432
b11111100 W"
#10433
b11111101 W"
#10434
b11111110 W"
#10435
b11111111 W"
#10436
b100000000 W"
#10437
b100000001 W"
#10438
b100000010 W"
#10439
b100000011 W"
#10440
b100000100 W"
#10441
b100000101 W"
#10442
b100000110 W"
#10443
b100000111 W"
#10444
b100001000 W"
#10445
b100001001 W"
#10446
b100001010 W"
#10447
b100001011 W"
#10448
b100001100 W"
#10449
b100001101 W"
#10450
b100001110 W"
#10451
b100001111 W"
#10452
b100010000 W"
#10453
b100010001 W"
#10454
b100010010 W"
#10455
b100010011 W"
#10456
b100010100 W"
#10457
b100010101 W"
#10458
b100010110 W"
#10459
b100010111 W"
#10460
b100011000 W"
#10461
b100011001 W"
#10462
b100011010 W"
#10463
b100011011 W"
#10464
b100011100 W"
#10465
b100011101 W"
#10466
b100011110 W"
#10467
b100011111 W"
#10468
b100100000 W"
#10469
b100100001 W"
#10470
b100100010 W"
#10471
b100100011 W"
#10472
b100100100 W"
#10473
b100100101 W"
#10474
b100100110 W"
#10475
b100100111 W"
#10476
b100101000 W"
#10477
b100101001 W"
#10478
b100101010 W"
#10479
b100101011 W"
#10480
b100101100 W"
#10481
b100101101 W"
#10482
b100101110 W"
#10483
b100101111 W"
#10484
b100110000 W"
#10485
b100110001 W"
#10486
b100110010 W"
#10487
b100110011 W"
#10488
b100110100 W"
#10489
b100110101 W"
#10490
b100110110 W"
#10491
b100110111 W"
#10492
b100111000 W"
#10493
b100111001 W"
#10494
b100111010 W"
#10495
b100111011 W"
#10496
b100111100 W"
#10497
b100111101 W"
#10498
b100111110 W"
#10499
b100111111 W"
#10500
b101000000 W"
#10501
b101000001 W"
#10502
b101000010 W"
#10503
b101000011 W"
#10504
b101000100 W"
#10505
b101000101 W"
#10506
b101000110 W"
#10507
b101000111 W"
#10508
b101001000 W"
#10509
b101001001 W"
#10510
b101001010 W"
#10511
b101001011 W"
#10512
b101001100 W"
#10513
b101001101 W"
#10514
b101001110 W"
#10515
b101001111 W"
#10516
b101010000 W"
#10517
b101010001 W"
#10518
b101010010 W"
#10519
b101010011 W"
#10520
b101010100 W"
#10521
b101010101 W"
#10522
b101010110 W"
#10523
b101010111 W"
#10524
b101011000 W"
#10525
b101011001 W"
#10526
b101011010 W"
#10527
b101011011 W"
#10528
b101011100 W"
#10529
b101011101 W"
#10530
b101011110 W"
#10531
b101011111 W"
#10532
b101100000 W"
#10533
b101100001 W"
#10534
b101100010 W"
#10535
b101100011 W"
#10536
b101100100 W"
#10537
b101100101 W"
#10538
b101100110 W"
#10539
b101100111 W"
#10540
b101101000 W"
#10541
b101101001 W"
#10542
b101101010 W"
#10543
b101101011 W"
#10544
b101101100 W"
#10545
b101101101 W"
#10546
b101101110 W"
#10547
b101101111 W"
#10548
b101110000 W"
#10549
b101110001 W"
#10550
b101110010 W"
#10551
b101110011 W"
#10552
b101110100 W"
#10553
b101110101 W"
#10554
b101110110 W"
#10555
b101110111 W"
#10556
b101111000 W"
#10557
b101111001 W"
#10558
b101111010 W"
#10559
b101111011 W"
#10560
b101111100 W"
#10561
b101111101 W"
#10562
b101111110 W"
#10563
b101111111 W"
#10564
b110000000 W"
#10565
b110000001 W"
#10566
b110000010 W"
#10567
b110000011 W"
#10568
b110000100 W"
#10569
b110000101 W"
#10570
b110000110 W"
#10571
b110000111 W"
#10572
b110001000 W"
#10573
b110001001 W"
#10574
b110001010 W"
#10575
b110001011 W"
#10576
b110001100 W"
#10577
b110001101 W"
#10578
b110001110 W"
#10579
b110001111 W"
#10580
b110010000 W"
#10581
b110010001 W"
#10582
b110010010 W"
#10583
b110010011 W"
#10584
b110010100 W"
#10585
b110010101 W"
#10586
b110010110 W"
#10587
b110010111 W"
#10588
b110011000 W"
#10589
b110011001 W"
#10590
b110011010 W"
#10591
b110011011 W"
#10592
b110011100 W"
#10593
b110011101 W"
#10594
b110011110 W"
#10595
b110011111 W"
#10596
b110100000 W"
#10597
b110100001 W"
#10598
b110100010 W"
#10599
b110100011 W"
#10600
b110100100 W"
#10601
b110100101 W"
#10602
b110100110 W"
#10603
b110100111 W"
#10604
b110101000 W"
#10605
b110101001 W"
#10606
b110101010 W"
#10607
b110101011 W"
#10608
b110101100 W"
#10609
b110101101 W"
0%#
#10610
b110101110 W"
0&#
#10611
b110101111 W"
0'#
#10612
b110110000 W"
0(#
#10613
b110110001 W"
#10614
b100 S"
b0 W"
#10615
b1 W"
#10616
b10 W"
#10617
b11 W"
#10618
b100 W"
#10619
b101 W"
#10620
b110 W"
#10621
b111 W"
#10622
b1000 W"
#10623
b1001 W"
#10624
b1010 W"
#10625
b1011 W"
#10626
b1100 W"
#10627
b1101 W"
#10628
b1110 W"
#10629
b1111 W"
#10630
b10000 W"
#10631
b10001 W"
#10632
b10010 W"
#10633
b10011 W"
#10634
b10100 W"
#10635
b10101 W"
#10636
b10110 W"
#10637
b10111 W"
#10638
b11000 W"
#10639
b11001 W"
#10640
b11010 W"
#10641
b11011 W"
#10642
b11100 W"
#10643
b11101 W"
#10644
b11110 W"
#10645
b11111 W"
#10646
b100000 W"
#10647
b100001 W"
#10648
b100010 W"
#10649
b100011 W"
#10650
b100100 W"
#10651
b100101 W"
#10652
b100110 W"
#10653
b100111 W"
#10654
b101000 W"
#10655
b101001 W"
#10656
b101010 W"
#10657
b101011 W"
#10658
b101100 W"
#10659
b101101 W"
#10660
b101110 W"
#10661
b101111 W"
#10662
b110000 W"
#10663
b110001 W"
#10664
b110010 W"
#10665
b110011 W"
#10666
b110100 W"
#10667
b110101 W"
#10668
b110110 W"
#10669
b110111 W"
#10670
b111000 W"
#10671
b111001 W"
#10672
b111010 W"
#10673
b111011 W"
#10674
b111100 W"
#10675
b111101 W"
#10676
b111110 W"
#10677
b111111 W"
#10678
b1000000 W"
#10679
b1000001 W"
#10680
b1000010 W"
#10681
b1000011 W"
#10682
b1000100 W"
#10683
b1000101 W"
#10684
b1000110 W"
#10685
b1000111 W"
#10686
b1001000 W"
#10687
b1001001 W"
#10688
b1001010 W"
#10689
b1001011 W"
#10690
b1001100 W"
#10691
b1001101 W"
#10692
b1001110 W"
#10693
b1001111 W"
#10694
b1010000 W"
#10695
b1010001 W"
#10696
b1010010 W"
#10697
b1010011 W"
#10698
b1010100 W"
#10699
b1010101 W"
#10700
b1010110 W"
#10701
b1010111 W"
#10702
b1011000 W"
#10703
b1011001 W"
#10704
b1011010 W"
#10705
b1011011 W"
#10706
b1011100 W"
#10707
b1011101 W"
#10708
b1011110 W"
#10709
b1011111 W"
#10710
b1100000 W"
#10711
b1100001 W"
#10712
b1100010 W"
#10713
b1100011 W"
#10714
b1100100 W"
#10715
b1100101 W"
#10716
b1100110 W"
#10717
b1100111 W"
#10718
b1101000 W"
#10719
b1101001 W"
#10720
b1101010 W"
#10721
b1101011 W"
#10722
b1101100 W"
#10723
b1101101 W"
#10724
b1101110 W"
#10725
b1101111 W"
#10726
b1110000 W"
#10727
b1110001 W"
#10728
b1110010 W"
#10729
b1110011 W"
#10730
b1110100 W"
#10731
b1110101 W"
#10732
b1110110 W"
#10733
b1110111 W"
#10734
b1111000 W"
#10735
b1111001 W"
#10736
b1111010 W"
#10737
b1111011 W"
#10738
b1111100 W"
#10739
b1111101 W"
#10740
b1111110 W"
#10741
b1111111 W"
#10742
b10000000 W"
#10743
b10000001 W"
#10744
b10000010 W"
#10745
b10000011 W"
#10746
b10000100 W"
#10747
b10000101 W"
#10748
b10000110 W"
#10749
b10000111 W"
#10750
b10001000 W"
#10751
b10001001 W"
#10752
b10001010 W"
#10753
b10001011 W"
#10754
b10001100 W"
#10755
b10001101 W"
#10756
b10001110 W"
#10757
b10001111 W"
#10758
b10010000 W"
#10759
b10010001 W"
#10760
b10010010 W"
#10761
b10010011 W"
#10762
b10010100 W"
#10763
b10010101 W"
#10764
b10010110 W"
#10765
b10010111 W"
#10766
b10011000 W"
#10767
b10011001 W"
#10768
b10011010 W"
#10769
b10011011 W"
#10770
b10011100 W"
#10771
b10011101 W"
#10772
b10011110 W"
#10773
b10011111 W"
#10774
b10100000 W"
#10775
b10100001 W"
#10776
b10100010 W"
#10777
b10100011 W"
#10778
b10100100 W"
#10779
b10100101 W"
#10780
b10100110 W"
#10781
b10100111 W"
#10782
b10101000 W"
#10783
b10101001 W"
#10784
b10101010 W"
#10785
b10101011 W"
#10786
b10101100 W"
#10787
b10101101 W"
#10788
b10101110 W"
#10789
b10101111 W"
#10790
b10110000 W"
#10791
b10110001 W"
#10792
b10110010 W"
#10793
b10110011 W"
#10794
b10110100 W"
#10795
b10110101 W"
#10796
b10110110 W"
#10797
b10110111 W"
#10798
b10111000 W"
#10799
b10111001 W"
#10800
b10111010 W"
#10801
b10111011 W"
#10802
b10111100 W"
#10803
b10111101 W"
#10804
b10111110 W"
#10805
b10111111 W"
#10806
b11000000 W"
#10807
b11000001 W"
#10808
b11000010 W"
#10809
b11000011 W"
#10810
b11000100 W"
#10811
b11000101 W"
#10812
b11000110 W"
#10813
b11000111 W"
#10814
b11001000 W"
#10815
b11001001 W"
#10816
b11001010 W"
#10817
b11001011 W"
#10818
b11001100 W"
#10819
b11001101 W"
#10820
b11001110 W"
#10821
b11001111 W"
#10822
b11010000 W"
#10823
b11010001 W"
#10824
b11010010 W"
#10825
b11010011 W"
#10826
b11010100 W"
#10827
b11010101 W"
#10828
b11010110 W"
#10829
b11010111 W"
#10830
b11011000 W"
#10831
b11011001 W"
#10832
b11011010 W"
#10833
b11011011 W"
#10834
b11011100 W"
#10835
b11011101 W"
#10836
b11011110 W"
#10837
b11011111 W"
#10838
b11100000 W"
#10839
b11100001 W"
#10840
b11100010 W"
#10841
b11100011 W"
#10842
b11100100 W"
#10843
b11100101 W"
#10844
b11100110 W"
#10845
b11100111 W"
#10846
b11101000 W"
#10847
b11101001 W"
#10848
b11101010 W"
#10849
b11101011 W"
#10850
b11101100 W"
#10851
b11101101 W"
#10852
b11101110 W"
#10853
b11101111 W"
#10854
b11110000 W"
#10855
b11110001 W"
#10856
b11110010 W"
#10857
b11110011 W"
#10858
b11110100 W"
#10859
b11110101 W"
#10860
b11110110 W"
#10861
b11110111 W"
#10862
b11111000 W"
#10863
b11111001 W"
#10864
b11111010 W"
#10865
b11111011 W"
#10866
b11111100 W"
#10867
b11111101 W"
#10868
b11111110 W"
#10869
b11111111 W"
#10870
b100000000 W"
#10871
b100000001 W"
#10872
b100000010 W"
#10873
b100000011 W"
#10874
b100000100 W"
#10875
b100000101 W"
#10876
b100000110 W"
#10877
b100000111 W"
#10878
b100001000 W"
#10879
b100001001 W"
#10880
b100001010 W"
#10881
b100001011 W"
#10882
b100001100 W"
#10883
b100001101 W"
#10884
b100001110 W"
#10885
b100001111 W"
#10886
b100010000 W"
#10887
b100010001 W"
#10888
b100010010 W"
#10889
b100010011 W"
#10890
b100010100 W"
#10891
b100010101 W"
#10892
b100010110 W"
#10893
b100010111 W"
#10894
b100011000 W"
#10895
b100011001 W"
#10896
b100011010 W"
#10897
b100011011 W"
#10898
b100011100 W"
#10899
b100011101 W"
#10900
b100011110 W"
#10901
b100011111 W"
#10902
b100100000 W"
#10903
b100100001 W"
#10904
b100100010 W"
#10905
b100100011 W"
#10906
b100100100 W"
#10907
b100100101 W"
#10908
b100100110 W"
#10909
b100100111 W"
#10910
b100101000 W"
#10911
b100101001 W"
#10912
b100101010 W"
#10913
b100101011 W"
#10914
b100101100 W"
#10915
b100101101 W"
#10916
b100101110 W"
#10917
b100101111 W"
#10918
b100110000 W"
#10919
b100110001 W"
#10920
b100110010 W"
#10921
b100110011 W"
#10922
b100110100 W"
#10923
b100110101 W"
#10924
b100110110 W"
#10925
b100110111 W"
#10926
b100111000 W"
#10927
b100111001 W"
#10928
b100111010 W"
#10929
b100111011 W"
#10930
b100111100 W"
#10931
b100111101 W"
#10932
b100111110 W"
#10933
b100111111 W"
#10934
b101000000 W"
#10935
b101000001 W"
#10936
b101000010 W"
#10937
b101000011 W"
#10938
b101000100 W"
#10939
b101000101 W"
#10940
b101000110 W"
#10941
b101000111 W"
#10942
b101001000 W"
#10943
b101001001 W"
#10944
b101001010 W"
#10945
b101001011 W"
#10946
b101001100 W"
#10947
b101001101 W"
#10948
b101001110 W"
#10949
b101001111 W"
#10950
b101010000 W"
#10951
b101010001 W"
#10952
b101010010 W"
#10953
b101010011 W"
#10954
b101010100 W"
#10955
b101010101 W"
#10956
b101010110 W"
#10957
b101010111 W"
#10958
b101011000 W"
#10959
b101011001 W"
#10960
b101011010 W"
#10961
b101011011 W"
#10962
b101011100 W"
#10963
b101011101 W"
#10964
b101011110 W"
#10965
b101011111 W"
#10966
b101100000 W"
#10967
b101100001 W"
#10968
b101100010 W"
#10969
b101100011 W"
#10970
b101100100 W"
#10971
b101100101 W"
#10972
b101100110 W"
#10973
b101100111 W"
#10974
b101101000 W"
#10975
b101101001 W"
#10976
b101101010 W"
#10977
b101101011 W"
#10978
b101101100 W"
#10979
b101101101 W"
#10980
b101101110 W"
#10981
b101101111 W"
#10982
b101110000 W"
#10983
b101110001 W"
#10984
b101110010 W"
#10985
b101110011 W"
#10986
b101110100 W"
#10987
b101110101 W"
#10988
b101110110 W"
#10989
b101110111 W"
#10990
b101111000 W"
#10991
b101111001 W"
#10992
b101111010 W"
#10993
b101111011 W"
#10994
b101111100 W"
#10995
b101111101 W"
#10996
b101111110 W"
#10997
b101111111 W"
#10998
b110000000 W"
#10999
b110000001 W"
#11000
b110000010 W"
#11001
b110000011 W"
#11002
b110000100 W"
#11003
b110000101 W"
#11004
b110000110 W"
#11005
b110000111 W"
#11006
b110001000 W"
#11007
b110001001 W"
#11008
b110001010 W"
#11009
b110001011 W"
#11010
b110001100 W"
#11011
b110001101 W"
#11012
b110001110 W"
#11013
b110001111 W"
#11014
b110010000 W"
#11015
b110010001 W"
#11016
b110010010 W"
#11017
b110010011 W"
#11018
b110010100 W"
#11019
b110010101 W"
#11020
b110010110 W"
#11021
b110010111 W"
#11022
b110011000 W"
#11023
b110011001 W"
#11024
b110011010 W"
#11025
b110011011 W"
#11026
b110011100 W"
#11027
b110011101 W"
#11028
b110011110 W"
#11029
b110011111 W"
#11030
b110100000 W"
#11031
b110100001 W"
#11032
b110100010 W"
#11033
b110100011 W"
#11034
b110100100 W"
#11035
b110100101 W"
#11036
b110100110 W"
#11037
b110100111 W"
#11038
b110101000 W"
#11039
b110101001 W"
#11040
b110101010 W"
#11041
b110101011 W"
#11042
b110101100 W"
#11043
b110101101 W"
#11044
b110101110 W"
#11045
b110101111 W"
#11046
b110110000 W"
#11047
b110110001 W"
#11048
b101 S"
b0 W"
#11049
b1 W"
#11050
b10 W"
#11051
b11 W"
#11052
b100 W"
#11053
b101 W"
#11054
b110 W"
#11055
b111 W"
#11056
b1000 W"
#11057
b1001 W"
#11058
b1010 W"
#11059
b1011 W"
#11060
b1100 W"
#11061
b1101 W"
#11062
b1110 W"
#11063
b1111 W"
#11064
b10000 W"
#11065
b10001 W"
#11066
b10010 W"
#11067
b10011 W"
#11068
b10100 W"
#11069
b10101 W"
#11070
b10110 W"
#11071
b10111 W"
#11072
b11000 W"
#11073
b11001 W"
#11074
b11010 W"
#11075
b11011 W"
#11076
b11100 W"
#11077
b11101 W"
#11078
b11110 W"
#11079
b11111 W"
#11080
b100000 W"
#11081
b100001 W"
#11082
b100010 W"
#11083
b100011 W"
#11084
b100100 W"
#11085
b100101 W"
#11086
b100110 W"
#11087
b100111 W"
#11088
b101000 W"
#11089
b101001 W"
#11090
b101010 W"
#11091
b101011 W"
#11092
b101100 W"
#11093
b101101 W"
#11094
b101110 W"
#11095
b101111 W"
#11096
b110000 W"
#11097
b110001 W"
#11098
b110010 W"
#11099
b110011 W"
#11100
b110100 W"
#11101
b110101 W"
#11102
b110110 W"
#11103
b110111 W"
#11104
b111000 W"
#11105
b111001 W"
#11106
b111010 W"
#11107
b111011 W"
#11108
b111100 W"
#11109
b111101 W"
#11110
b111110 W"
#11111
b111111 W"
#11112
b1000000 W"
#11113
b1000001 W"
#11114
b1000010 W"
#11115
b1000011 W"
#11116
b1000100 W"
#11117
b1000101 W"
#11118
b1000110 W"
#11119
b1000111 W"
#11120
b1001000 W"
#11121
b1001001 W"
#11122
b1001010 W"
#11123
b1001011 W"
#11124
b1001100 W"
#11125
b1001101 W"
#11126
b1001110 W"
#11127
b1001111 W"
#11128
b1010000 W"
#11129
b1010001 W"
#11130
b1010010 W"
#11131
b1010011 W"
#11132
b1010100 W"
#11133
b1010101 W"
#11134
b1010110 W"
#11135
b1010111 W"
#11136
b1011000 W"
#11137
b1011001 W"
#11138
b1011010 W"
#11139
b1011011 W"
#11140
b1011100 W"
#11141
b1011101 W"
#11142
b1011110 W"
#11143
b1011111 W"
#11144
b1100000 W"
#11145
b1100001 W"
#11146
b1100010 W"
#11147
b1100011 W"
#11148
b1100100 W"
#11149
b1100101 W"
#11150
b1100110 W"
#11151
b1100111 W"
#11152
b1101000 W"
#11153
b1101001 W"
#11154
b1101010 W"
#11155
b1101011 W"
#11156
b1101100 W"
#11157
b1101101 W"
#11158
b1101110 W"
#11159
b1101111 W"
#11160
b1110000 W"
#11161
b1110001 W"
#11162
b1110010 W"
#11163
b1110011 W"
#11164
b1110100 W"
#11165
b1110101 W"
#11166
b1110110 W"
#11167
b1110111 W"
#11168
b1111000 W"
#11169
b1111001 W"
#11170
b1111010 W"
#11171
b1111011 W"
#11172
b1111100 W"
#11173
b1111101 W"
#11174
b1111110 W"
#11175
b1111111 W"
#11176
b10000000 W"
#11177
b10000001 W"
#11178
b10000010 W"
#11179
b10000011 W"
#11180
b10000100 W"
#11181
b10000101 W"
#11182
b10000110 W"
#11183
b10000111 W"
#11184
b10001000 W"
#11185
b10001001 W"
#11186
b10001010 W"
#11187
b10001011 W"
#11188
b10001100 W"
#11189
b10001101 W"
#11190
b10001110 W"
#11191
b10001111 W"
#11192
b10010000 W"
#11193
b10010001 W"
#11194
b10010010 W"
#11195
b10010011 W"
#11196
b10010100 W"
#11197
b10010101 W"
#11198
b10010110 W"
#11199
b10010111 W"
#11200
b10011000 W"
#11201
b10011001 W"
#11202
b10011010 W"
#11203
b10011011 W"
#11204
b10011100 W"
#11205
b10011101 W"
#11206
b10011110 W"
#11207
b10011111 W"
#11208
b10100000 W"
#11209
b10100001 W"
#11210
b10100010 W"
#11211
b10100011 W"
#11212
b10100100 W"
#11213
b10100101 W"
#11214
b10100110 W"
#11215
b10100111 W"
#11216
b10101000 W"
#11217
b10101001 W"
#11218
b10101010 W"
#11219
b10101011 W"
#11220
b10101100 W"
#11221
b10101101 W"
#11222
b10101110 W"
#11223
b10101111 W"
#11224
b10110000 W"
#11225
b10110001 W"
#11226
b10110010 W"
#11227
b10110011 W"
#11228
b10110100 W"
#11229
b10110101 W"
#11230
b10110110 W"
#11231
b10110111 W"
#11232
b10111000 W"
#11233
b10111001 W"
#11234
b10111010 W"
#11235
b10111011 W"
#11236
b10111100 W"
#11237
b10111101 W"
#11238
b10111110 W"
#11239
b10111111 W"
#11240
b11000000 W"
#11241
b11000001 W"
#11242
b11000010 W"
#11243
b11000011 W"
#11244
b11000100 W"
#11245
b11000101 W"
#11246
b11000110 W"
#11247
b11000111 W"
#11248
b11001000 W"
#11249
b11001001 W"
#11250
b11001010 W"
#11251
b11001011 W"
#11252
b11001100 W"
#11253
b11001101 W"
#11254
b11001110 W"
#11255
b11001111 W"
#11256
b11010000 W"
#11257
b11010001 W"
#11258
b11010010 W"
#11259
b11010011 W"
#11260
b11010100 W"
#11261
b11010101 W"
#11262
b11010110 W"
#11263
b11010111 W"
#11264
b11011000 W"
#11265
b11011001 W"
#11266
b11011010 W"
#11267
b11011011 W"
#11268
b11011100 W"
#11269
b11011101 W"
#11270
b11011110 W"
#11271
b11011111 W"
#11272
b11100000 W"
#11273
b11100001 W"
#11274
b11100010 W"
#11275
b11100011 W"
#11276
b11100100 W"
#11277
b11100101 W"
#11278
b11100110 W"
#11279
b11100111 W"
#11280
b11101000 W"
#11281
b11101001 W"
#11282
b11101010 W"
#11283
b11101011 W"
#11284
b11101100 W"
#11285
b11101101 W"
#11286
b11101110 W"
#11287
b11101111 W"
#11288
b11110000 W"
#11289
b11110001 W"
#11290
b11110010 W"
#11291
b11110011 W"
#11292
b11110100 W"
#11293
b11110101 W"
#11294
b11110110 W"
#11295
b11110111 W"
#11296
b11111000 W"
#11297
b11111001 W"
#11298
b11111010 W"
#11299
b11111011 W"
#11300
b11111100 W"
#11301
b11111101 W"
#11302
b11111110 W"
#11303
b11111111 W"
#11304
b100000000 W"
#11305
b100000001 W"
#11306
b100000010 W"
#11307
b100000011 W"
#11308
b100000100 W"
#11309
b100000101 W"
#11310
b100000110 W"
#11311
b100000111 W"
#11312
b100001000 W"
#11313
b100001001 W"
#11314
b100001010 W"
#11315
b100001011 W"
#11316
b100001100 W"
#11317
b100001101 W"
#11318
b100001110 W"
#11319
b100001111 W"
#11320
b100010000 W"
#11321
b100010001 W"
#11322
b100010010 W"
#11323
b100010011 W"
#11324
b100010100 W"
#11325
b100010101 W"
#11326
b100010110 W"
#11327
b100010111 W"
#11328
b100011000 W"
#11329
b100011001 W"
#11330
b100011010 W"
#11331
b100011011 W"
#11332
b100011100 W"
#11333
b100011101 W"
#11334
b100011110 W"
#11335
b100011111 W"
#11336
b100100000 W"
#11337
b100100001 W"
#11338
b100100010 W"
#11339
b100100011 W"
#11340
b100100100 W"
#11341
b100100101 W"
#11342
b100100110 W"
#11343
b100100111 W"
#11344
b100101000 W"
#11345
b100101001 W"
#11346
b100101010 W"
#11347
b100101011 W"
#11348
b100101100 W"
#11349
b100101101 W"
#11350
b100101110 W"
#11351
b100101111 W"
#11352
b100110000 W"
#11353
b100110001 W"
#11354
b100110010 W"
#11355
b100110011 W"
#11356
b100110100 W"
#11357
b100110101 W"
#11358
b100110110 W"
#11359
b100110111 W"
#11360
b100111000 W"
#11361
b100111001 W"
#11362
b100111010 W"
#11363
b100111011 W"
#11364
b100111100 W"
#11365
b100111101 W"
#11366
b100111110 W"
#11367
b100111111 W"
#11368
b101000000 W"
#11369
b101000001 W"
#11370
b101000010 W"
#11371
b101000011 W"
#11372
b101000100 W"
#11373
b101000101 W"
#11374
b101000110 W"
#11375
b101000111 W"
#11376
b101001000 W"
#11377
b101001001 W"
#11378
b101001010 W"
#11379
b101001011 W"
#11380
b101001100 W"
#11381
b101001101 W"
#11382
b101001110 W"
#11383
b101001111 W"
#11384
b101010000 W"
#11385
b101010001 W"
#11386
b101010010 W"
#11387
b101010011 W"
#11388
b101010100 W"
#11389
b101010101 W"
#11390
b101010110 W"
#11391
b101010111 W"
#11392
b101011000 W"
#11393
b101011001 W"
#11394
b101011010 W"
#11395
b101011011 W"
#11396
b101011100 W"
#11397
b101011101 W"
#11398
b101011110 W"
#11399
b101011111 W"
#11400
b101100000 W"
#11401
b101100001 W"
#11402
b101100010 W"
#11403
b101100011 W"
#11404
b101100100 W"
#11405
b101100101 W"
#11406
b101100110 W"
#11407
b101100111 W"
#11408
b101101000 W"
#11409
b101101001 W"
#11410
b101101010 W"
#11411
b101101011 W"
#11412
b101101100 W"
#11413
b101101101 W"
#11414
b101101110 W"
#11415
b101101111 W"
#11416
b101110000 W"
#11417
b101110001 W"
#11418
b101110010 W"
#11419
b101110011 W"
#11420
b101110100 W"
#11421
b101110101 W"
#11422
b101110110 W"
#11423
b101110111 W"
#11424
b101111000 W"
#11425
b101111001 W"
#11426
b101111010 W"
#11427
b101111011 W"
#11428
b101111100 W"
#11429
b101111101 W"
#11430
b101111110 W"
#11431
b101111111 W"
#11432
b110000000 W"
#11433
b110000001 W"
#11434
b110000010 W"
#11435
b110000011 W"
#11436
b110000100 W"
#11437
b110000101 W"
#11438
b110000110 W"
#11439
b110000111 W"
#11440
b110001000 W"
#11441
b110001001 W"
#11442
b110001010 W"
#11443
b110001011 W"
#11444
b110001100 W"
#11445
b110001101 W"
#11446
b110001110 W"
#11447
b110001111 W"
#11448
b110010000 W"
#11449
b110010001 W"
#11450
b110010010 W"
#11451
b110010011 W"
#11452
b110010100 W"
#11453
b110010101 W"
#11454
b110010110 W"
#11455
b110010111 W"
#11456
b110011000 W"
#11457
b110011001 W"
#11458
b110011010 W"
#11459
b110011011 W"
#11460
b110011100 W"
#11461
b110011101 W"
#11462
b110011110 W"
#11463
b110011111 W"
#11464
b110100000 W"
#11465
b110100001 W"
#11466
b110100010 W"
#11467
b110100011 W"
#11468
b110100100 W"
#11469
b110100101 W"
#11470
b110100110 W"
#11471
b110100111 W"
#11472
b110101000 W"
#11473
b110101001 W"
#11474
b110101010 W"
#11475
b110101011 W"
#11476
b110101100 W"
#11477
b110101101 W"
#11478
b110101110 W"
#11479
b110101111 W"
#11480
b110110000 W"
#11481
b110110001 W"
#11482
b110 S"
b0 W"
#11483
b1 W"
#11484
b10 W"
#11485
b11 W"
#11486
b100 W"
#11487
b101 W"
#11488
b110 W"
#11489
b111 W"
#11490
b1000 W"
#11491
b1001 W"
#11492
b1010 W"
#11493
b1011 W"
#11494
b1100 W"
#11495
b1101 W"
#11496
b1110 W"
#11497
b1111 W"
#11498
b10000 W"
#11499
b10001 W"
#11500
b10010 W"
#11501
b10011 W"
#11502
b10100 W"
#11503
b10101 W"
#11504
b10110 W"
#11505
b10111 W"
#11506
b11000 W"
#11507
b11001 W"
#11508
b11010 W"
#11509
b11011 W"
#11510
b11100 W"
#11511
b11101 W"
#11512
b11110 W"
#11513
b11111 W"
#11514
b100000 W"
#11515
b100001 W"
#11516
b100010 W"
#11517
b100011 W"
#11518
b100100 W"
#11519
b100101 W"
#11520
b100110 W"
#11521
b100111 W"
#11522
b101000 W"
#11523
b101001 W"
#11524
b101010 W"
#11525
b101011 W"
#11526
b101100 W"
#11527
b101101 W"
#11528
b101110 W"
#11529
b101111 W"
#11530
b110000 W"
#11531
b110001 W"
#11532
b110010 W"
#11533
b110011 W"
#11534
b110100 W"
#11535
b110101 W"
#11536
b110110 W"
#11537
b110111 W"
#11538
b111000 W"
#11539
b111001 W"
#11540
b111010 W"
#11541
b111011 W"
#11542
b111100 W"
#11543
b111101 W"
#11544
b111110 W"
#11545
b111111 W"
#11546
b1000000 W"
#11547
b1000001 W"
#11548
b1000010 W"
#11549
b1000011 W"
#11550
b1000100 W"
#11551
b1000101 W"
#11552
b1000110 W"
#11553
b1000111 W"
#11554
b1001000 W"
#11555
b1001001 W"
#11556
b1001010 W"
#11557
b1001011 W"
#11558
b1001100 W"
#11559
b1001101 W"
#11560
b1001110 W"
#11561
b1001111 W"
#11562
b1010000 W"
#11563
b1010001 W"
#11564
b1010010 W"
#11565
b1010011 W"
#11566
b1010100 W"
#11567
b1010101 W"
#11568
b1010110 W"
#11569
b1010111 W"
#11570
b1011000 W"
#11571
b1011001 W"
#11572
b1011010 W"
#11573
b1011011 W"
#11574
b1011100 W"
#11575
b1011101 W"
#11576
b1011110 W"
#11577
b1011111 W"
#11578
b1100000 W"
#11579
b1100001 W"
#11580
b1100010 W"
#11581
b1100011 W"
#11582
b1100100 W"
#11583
b1100101 W"
#11584
b1100110 W"
#11585
b1100111 W"
#11586
b1101000 W"
#11587
b1101001 W"
#11588
b1101010 W"
#11589
b1101011 W"
#11590
b1101100 W"
#11591
b1101101 W"
#11592
b1101110 W"
#11593
b1101111 W"
#11594
b1110000 W"
#11595
b1110001 W"
#11596
b1110010 W"
#11597
b1110011 W"
#11598
b1110100 W"
#11599
b1110101 W"
#11600
b1110110 W"
#11601
b1110111 W"
#11602
b1111000 W"
#11603
b1111001 W"
#11604
b1111010 W"
#11605
b1111011 W"
#11606
b1111100 W"
#11607
b1111101 W"
#11608
b1111110 W"
#11609
b1111111 W"
#11610
b10000000 W"
#11611
b10000001 W"
#11612
b10000010 W"
#11613
b10000011 W"
#11614
b10000100 W"
#11615
b10000101 W"
#11616
b10000110 W"
#11617
b10000111 W"
#11618
b10001000 W"
#11619
b10001001 W"
#11620
b10001010 W"
#11621
b10001011 W"
#11622
b10001100 W"
#11623
b10001101 W"
#11624
b10001110 W"
#11625
b10001111 W"
#11626
b10010000 W"
#11627
b10010001 W"
#11628
b10010010 W"
#11629
b10010011 W"
#11630
b10010100 W"
#11631
b10010101 W"
#11632
b10010110 W"
#11633
b10010111 W"
#11634
b10011000 W"
#11635
b10011001 W"
#11636
b10011010 W"
#11637
b10011011 W"
#11638
b10011100 W"
#11639
b10011101 W"
#11640
b10011110 W"
#11641
b10011111 W"
#11642
b10100000 W"
#11643
b10100001 W"
#11644
b10100010 W"
#11645
b10100011 W"
#11646
b10100100 W"
#11647
b10100101 W"
#11648
b10100110 W"
#11649
b10100111 W"
#11650
b10101000 W"
#11651
b10101001 W"
#11652
b10101010 W"
#11653
b10101011 W"
#11654
b10101100 W"
#11655
b10101101 W"
#11656
b10101110 W"
#11657
b10101111 W"
#11658
b10110000 W"
#11659
b10110001 W"
#11660
b10110010 W"
#11661
b10110011 W"
#11662
b10110100 W"
#11663
b10110101 W"
#11664
b10110110 W"
#11665
b10110111 W"
#11666
b10111000 W"
#11667
b10111001 W"
#11668
b10111010 W"
#11669
b10111011 W"
#11670
b10111100 W"
#11671
b10111101 W"
#11672
b10111110 W"
#11673
b10111111 W"
#11674
b11000000 W"
#11675
b11000001 W"
#11676
b11000010 W"
#11677
b11000011 W"
#11678
b11000100 W"
#11679
b11000101 W"
#11680
b11000110 W"
#11681
b11000111 W"
#11682
b11001000 W"
#11683
b11001001 W"
#11684
b11001010 W"
#11685
b11001011 W"
#11686
b11001100 W"
#11687
b11001101 W"
#11688
b11001110 W"
#11689
b11001111 W"
#11690
b11010000 W"
#11691
b11010001 W"
#11692
b11010010 W"
#11693
b11010011 W"
#11694
b11010100 W"
#11695
b11010101 W"
#11696
b11010110 W"
#11697
b11010111 W"
#11698
b11011000 W"
#11699
b11011001 W"
#11700
b11011010 W"
#11701
b11011011 W"
#11702
b11011100 W"
#11703
b11011101 W"
#11704
b11011110 W"
#11705
b11011111 W"
#11706
b11100000 W"
#11707
b11100001 W"
#11708
b11100010 W"
#11709
b11100011 W"
#11710
b11100100 W"
#11711
b11100101 W"
#11712
b11100110 W"
#11713
b11100111 W"
#11714
b11101000 W"
#11715
b11101001 W"
#11716
b11101010 W"
#11717
b11101011 W"
#11718
b11101100 W"
#11719
b11101101 W"
#11720
b11101110 W"
#11721
b11101111 W"
#11722
b11110000 W"
#11723
b11110001 W"
#11724
b11110010 W"
#11725
b11110011 W"
#11726
b11110100 W"
#11727
b11110101 W"
#11728
b11110110 W"
#11729
b11110111 W"
#11730
b11111000 W"
#11731
b11111001 W"
#11732
b11111010 W"
#11733
b11111011 W"
#11734
b11111100 W"
#11735
b11111101 W"
#11736
b11111110 W"
#11737
b11111111 W"
#11738
b100000000 W"
#11739
b100000001 W"
#11740
b100000010 W"
#11741
b100000011 W"
#11742
b100000100 W"
#11743
b100000101 W"
#11744
b100000110 W"
#11745
b100000111 W"
#11746
b100001000 W"
#11747
b100001001 W"
#11748
b100001010 W"
#11749
b100001011 W"
#11750
b100001100 W"
#11751
b100001101 W"
#11752
b100001110 W"
#11753
b100001111 W"
#11754
b100010000 W"
#11755
b100010001 W"
#11756
b100010010 W"
#11757
b100010011 W"
#11758
b100010100 W"
#11759
b100010101 W"
#11760
b100010110 W"
#11761
b100010111 W"
#11762
b100011000 W"
#11763
b100011001 W"
#11764
b100011010 W"
#11765
b100011011 W"
#11766
b100011100 W"
#11767
b100011101 W"
#11768
b100011110 W"
#11769
b100011111 W"
#11770
b100100000 W"
#11771
b100100001 W"
#11772
b100100010 W"
#11773
b100100011 W"
#11774
b100100100 W"
#11775
b100100101 W"
#11776
b100100110 W"
#11777
b100100111 W"
#11778
b100101000 W"
#11779
b100101001 W"
#11780
b100101010 W"
#11781
b100101011 W"
#11782
b100101100 W"
#11783
b100101101 W"
#11784
b100101110 W"
#11785
b100101111 W"
#11786
b100110000 W"
#11787
b100110001 W"
#11788
b100110010 W"
#11789
b100110011 W"
#11790
b100110100 W"
#11791
b100110101 W"
#11792
b100110110 W"
#11793
b100110111 W"
#11794
b100111000 W"
#11795
b100111001 W"
#11796
b100111010 W"
#11797
b100111011 W"
#11798
b100111100 W"
#11799
b100111101 W"
#11800
b100111110 W"
#11801
b100111111 W"
#11802
b101000000 W"
#11803
b101000001 W"
#11804
b101000010 W"
#11805
b101000011 W"
#11806
b101000100 W"
#11807
b101000101 W"
#11808
b101000110 W"
#11809
b101000111 W"
#11810
b101001000 W"
#11811
b101001001 W"
#11812
b101001010 W"
#11813
b101001011 W"
#11814
b101001100 W"
#11815
b101001101 W"
#11816
b101001110 W"
#11817
b101001111 W"
#11818
b101010000 W"
#11819
b101010001 W"
#11820
b101010010 W"
#11821
b101010011 W"
#11822
b101010100 W"
#11823
b101010101 W"
#11824
b101010110 W"
#11825
b101010111 W"
#11826
b101011000 W"
#11827
b101011001 W"
#11828
b101011010 W"
#11829
b101011011 W"
#11830
b101011100 W"
#11831
b101011101 W"
#11832
b101011110 W"
#11833
b101011111 W"
#11834
b101100000 W"
#11835
b101100001 W"
#11836
b101100010 W"
#11837
b101100011 W"
#11838
b101100100 W"
#11839
b101100101 W"
#11840
b101100110 W"
#11841
b101100111 W"
#11842
b101101000 W"
#11843
b101101001 W"
#11844
b101101010 W"
#11845
b101101011 W"
#11846
b101101100 W"
#11847
b101101101 W"
#11848
b101101110 W"
#11849
b101101111 W"
#11850
b101110000 W"
#11851
b101110001 W"
#11852
b101110010 W"
#11853
b101110011 W"
#11854
b101110100 W"
#11855
b101110101 W"
#11856
b101110110 W"
#11857
b101110111 W"
#11858
b101111000 W"
#11859
b101111001 W"
#11860
b101111010 W"
#11861
b101111011 W"
#11862
b101111100 W"
#11863
b101111101 W"
#11864
b101111110 W"
#11865
b101111111 W"
#11866
b110000000 W"
#11867
b110000001 W"
#11868
b110000010 W"
#11869
b110000011 W"
#11870
b110000100 W"
#11871
b110000101 W"
#11872
b110000110 W"
#11873
b110000111 W"
#11874
b110001000 W"
#11875
b110001001 W"
#11876
b110001010 W"
#11877
b110001011 W"
#11878
b110001100 W"
#11879
b110001101 W"
#11880
b110001110 W"
#11881
b110001111 W"
#11882
b110010000 W"
#11883
b110010001 W"
#11884
b110010010 W"
#11885
b110010011 W"
#11886
b110010100 W"
#11887
b110010101 W"
#11888
b110010110 W"
#11889
b110010111 W"
#11890
b110011000 W"
#11891
b110011001 W"
#11892
b110011010 W"
#11893
b110011011 W"
#11894
b110011100 W"
#11895
b110011101 W"
#11896
b110011110 W"
#11897
b110011111 W"
#11898
b110100000 W"
#11899
b110100001 W"
#11900
b110100010 W"
#11901
b110100011 W"
#11902
b110100100 W"
#11903
b110100101 W"
#11904
b110100110 W"
#11905
b110100111 W"
#11906
b110101000 W"
#11907
b110101001 W"
#11908
b110101010 W"
#11909
b110101011 W"
1%#
#11910
b110101100 W"
1&#
#11911
b110101101 W"
1'#
#11912
b110101110 W"
1(#
#11913
b110101111 W"
#11914
b110110000 W"
#11915
b110110001 W"
#11916
b111 S"
b0 W"
#11917
b1 W"
#11918
b10 W"
#11919
b11 W"
#11920
b100 W"
#11921
b101 W"
#11922
b110 W"
#11923
b111 W"
#11924
b1000 W"
#11925
b1001 W"
#11926
b1010 W"
#11927
b1011 W"
#11928
b1100 W"
#11929
b1101 W"
#11930
b1110 W"
#11931
b1111 W"
#11932
b10000 W"
#11933
b10001 W"
#11934
b10010 W"
#11935
b10011 W"
#11936
b10100 W"
#11937
b10101 W"
#11938
b10110 W"
#11939
b10111 W"
#11940
b11000 W"
#11941
b11001 W"
#11942
b11010 W"
#11943
b11011 W"
#11944
b11100 W"
#11945
b11101 W"
#11946
b11110 W"
#11947
b11111 W"
#11948
b100000 W"
#11949
b100001 W"
#11950
b100010 W"
#11951
b100011 W"
#11952
b100100 W"
#11953
b100101 W"
#11954
b100110 W"
#11955
b100111 W"
#11956
b101000 W"
#11957
b101001 W"
#11958
b101010 W"
#11959
b101011 W"
#11960
b101100 W"
#11961
b101101 W"
#11962
b101110 W"
#11963
b101111 W"
#11964
b110000 W"
#11965
b110001 W"
#11966
b110010 W"
#11967
b110011 W"
#11968
b110100 W"
#11969
b110101 W"
#11970
b110110 W"
#11971
b110111 W"
#11972
b111000 W"
#11973
b111001 W"
#11974
b111010 W"
#11975
b111011 W"
#11976
b111100 W"
#11977
b111101 W"
#11978
b111110 W"
#11979
b111111 W"
#11980
b1000000 W"
#11981
b1000001 W"
#11982
b1000010 W"
#11983
b1000011 W"
#11984
b1000100 W"
#11985
b1000101 W"
#11986
b1000110 W"
#11987
b1000111 W"
#11988
b1001000 W"
#11989
b1001001 W"
#11990
b1001010 W"
#11991
b1001011 W"
#11992
b1001100 W"
#11993
b1001101 W"
#11994
b1001110 W"
#11995
b1001111 W"
#11996
b1010000 W"
#11997
b1010001 W"
#11998
b1010010 W"
#11999
b1010011 W"
#12000
b1010100 W"
#12001
b1010101 W"
#12002
b1010110 W"
#12003
b1010111 W"
#12004
b1011000 W"
#12005
b1011001 W"
#12006
b1011010 W"
#12007
b1011011 W"
#12008
b1011100 W"
#12009
b1011101 W"
#12010
b1011110 W"
#12011
b1011111 W"
#12012
b1100000 W"
#12013
b1100001 W"
#12014
b1100010 W"
#12015
b1100011 W"
#12016
b1100100 W"
#12017
b1100101 W"
#12018
b1100110 W"
#12019
b1100111 W"
#12020
b1101000 W"
#12021
b1101001 W"
#12022
b1101010 W"
#12023
b1101011 W"
#12024
b1101100 W"
#12025
b1101101 W"
#12026
b1101110 W"
#12027
b1101111 W"
#12028
b1110000 W"
#12029
b1110001 W"
#12030
b1110010 W"
#12031
b1110011 W"
#12032
b1110100 W"
#12033
b1110101 W"
#12034
b1110110 W"
#12035
b1110111 W"
#12036
b1111000 W"
#12037
b1111001 W"
#12038
b1111010 W"
#12039
b1111011 W"
#12040
b1111100 W"
#12041
b1111101 W"
#12042
b1111110 W"
#12043
b1111111 W"
#12044
b10000000 W"
#12045
b10000001 W"
#12046
b10000010 W"
#12047
b10000011 W"
#12048
b10000100 W"
#12049
b10000101 W"
#12050
b10000110 W"
#12051
b10000111 W"
#12052
b10001000 W"
#12053
b10001001 W"
#12054
b10001010 W"
#12055
b10001011 W"
#12056
b10001100 W"
#12057
b10001101 W"
#12058
b10001110 W"
#12059
b10001111 W"
#12060
b10010000 W"
#12061
b10010001 W"
#12062
b10010010 W"
#12063
b10010011 W"
#12064
b10010100 W"
#12065
b10010101 W"
#12066
b10010110 W"
#12067
b10010111 W"
#12068
b10011000 W"
#12069
b10011001 W"
#12070
b10011010 W"
#12071
b10011011 W"
#12072
b10011100 W"
#12073
b10011101 W"
#12074
b10011110 W"
#12075
b10011111 W"
#12076
b10100000 W"
#12077
b10100001 W"
#12078
b10100010 W"
#12079
b10100011 W"
#12080
b10100100 W"
#12081
b10100101 W"
#12082
b10100110 W"
#12083
b10100111 W"
#12084
b10101000 W"
#12085
b10101001 W"
#12086
b10101010 W"
#12087
b10101011 W"
#12088
b10101100 W"
#12089
b10101101 W"
#12090
b10101110 W"
#12091
b10101111 W"
#12092
b10110000 W"
#12093
b10110001 W"
#12094
b10110010 W"
#12095
b10110011 W"
#12096
b10110100 W"
#12097
b10110101 W"
#12098
b10110110 W"
#12099
b10110111 W"
#12100
b10111000 W"
#12101
b10111001 W"
#12102
b10111010 W"
#12103
b10111011 W"
#12104
b10111100 W"
#12105
b10111101 W"
#12106
b10111110 W"
#12107
b10111111 W"
#12108
b11000000 W"
#12109
b11000001 W"
#12110
b11000010 W"
#12111
b11000011 W"
#12112
b11000100 W"
#12113
b11000101 W"
#12114
b11000110 W"
#12115
b11000111 W"
#12116
b11001000 W"
#12117
b11001001 W"
#12118
b11001010 W"
#12119
b11001011 W"
#12120
b11001100 W"
#12121
b11001101 W"
#12122
b11001110 W"
#12123
b11001111 W"
#12124
b11010000 W"
#12125
b11010001 W"
#12126
b11010010 W"
#12127
b11010011 W"
#12128
b11010100 W"
#12129
b11010101 W"
#12130
b11010110 W"
#12131
b11010111 W"
#12132
b11011000 W"
#12133
b11011001 W"
b1000100 g"
#12134
b11011010 W"
#12135
b11011011 W"
#12136
b11011100 W"
#12137
b11011101 W"
#12138
b11011110 W"
#12139
b11011111 W"
#12140
b11100000 W"
#12141
b11100001 W"
#12142
b11100010 W"
#12143
b11100011 W"
#12144
b11100100 W"
#12145
b11100101 W"
#12146
b11100110 W"
#12147
b11100111 W"
#12148
b11101000 W"
#12149
b11101001 W"
#12150
b11101010 W"
#12151
b11101011 W"
#12152
b11101100 W"
#12153
b11101101 W"
#12154
b11101110 W"
#12155
b11101111 W"
#12156
b11110000 W"
#12157
b11110001 W"
#12158
b11110010 W"
#12159
b11110011 W"
#12160
b11110100 W"
#12161
b11110101 W"
#12162
b11110110 W"
#12163
b11110111 W"
#12164
b11111000 W"
#12165
b11111001 W"
#12166
b11111010 W"
#12167
b11111011 W"
#12168
b11111100 W"
#12169
b11111101 W"
#12170
b11111110 W"
#12171
b11111111 W"
#12172
b100000000 W"
#12173
b100000001 W"
#12174
b100000010 W"
#12175
b100000011 W"
#12176
b100000100 W"
#12177
b100000101 W"
#12178
b100000110 W"
#12179
b100000111 W"
#12180
b100001000 W"
#12181
b100001001 W"
#12182
b100001010 W"
#12183
b100001011 W"
#12184
b100001100 W"
#12185
b100001101 W"
#12186
b100001110 W"
#12187
b100001111 W"
#12188
b100010000 W"
#12189
b100010001 W"
#12190
b100010010 W"
#12191
b100010011 W"
#12192
b100010100 W"
#12193
b100010101 W"
#12194
b100010110 W"
#12195
b100010111 W"
#12196
b100011000 W"
#12197
b100011001 W"
#12198
b100011010 W"
#12199
b100011011 W"
#12200
b100011100 W"
#12201
b100011101 W"
#12202
b100011110 W"
#12203
b100011111 W"
#12204
b100100000 W"
#12205
b100100001 W"
#12206
b100100010 W"
#12207
b100100011 W"
#12208
b100100100 W"
#12209
b100100101 W"
#12210
b100100110 W"
#12211
b100100111 W"
#12212
b100101000 W"
#12213
b100101001 W"
#12214
b100101010 W"
#12215
b100101011 W"
#12216
b100101100 W"
#12217
b100101101 W"
#12218
b100101110 W"
#12219
b100101111 W"
#12220
b100110000 W"
#12221
b100110001 W"
#12222
b100110010 W"
#12223
b100110011 W"
#12224
b100110100 W"
#12225
b100110101 W"
#12226
b100110110 W"
#12227
b100110111 W"
#12228
b100111000 W"
#12229
b100111001 W"
#12230
b100111010 W"
#12231
b100111011 W"
#12232
b100111100 W"
#12233
b100111101 W"
#12234
b100111110 W"
#12235
b100111111 W"
#12236
b101000000 W"
#12237
b101000001 W"
#12238
b101000010 W"
#12239
b101000011 W"
#12240
b101000100 W"
#12241
b101000101 W"
#12242
b101000110 W"
#12243
b101000111 W"
#12244
b101001000 W"
#12245
b101001001 W"
#12246
b101001010 W"
#12247
b101001011 W"
#12248
b101001100 W"
#12249
b101001101 W"
#12250
b101001110 W"
#12251
b101001111 W"
#12252
b101010000 W"
#12253
b101010001 W"
#12254
b101010010 W"
#12255
b101010011 W"
#12256
b101010100 W"
#12257
b101010101 W"
#12258
b101010110 W"
#12259
b101010111 W"
#12260
b101011000 W"
#12261
b101011001 W"
#12262
b101011010 W"
#12263
b101011011 W"
#12264
b101011100 W"
#12265
b101011101 W"
#12266
b101011110 W"
#12267
b101011111 W"
#12268
b101100000 W"
#12269
b101100001 W"
#12270
b101100010 W"
#12271
b101100011 W"
#12272
b101100100 W"
#12273
b101100101 W"
#12274
b101100110 W"
#12275
b101100111 W"
#12276
b101101000 W"
#12277
b101101001 W"
#12278
b101101010 W"
#12279
b101101011 W"
#12280
b101101100 W"
#12281
b101101101 W"
#12282
b101101110 W"
#12283
b101101111 W"
#12284
b101110000 W"
#12285
b101110001 W"
#12286
b101110010 W"
#12287
b101110011 W"
#12288
b101110100 W"
#12289
b101110101 W"
#12290
b101110110 W"
#12291
b101110111 W"
#12292
b101111000 W"
#12293
b101111001 W"
#12294
b101111010 W"
#12295
b101111011 W"
#12296
b101111100 W"
#12297
b101111101 W"
#12298
b101111110 W"
#12299
b101111111 W"
#12300
b110000000 W"
#12301
b110000001 W"
#12302
b110000010 W"
#12303
b110000011 W"
#12304
b110000100 W"
#12305
b110000101 W"
#12306
b110000110 W"
#12307
b110000111 W"
#12308
b110001000 W"
#12309
b110001001 W"
#12310
b110001010 W"
#12311
b110001011 W"
#12312
b110001100 W"
#12313
b110001101 W"
#12314
b110001110 W"
#12315
b110001111 W"
#12316
b110010000 W"
#12317
b110010001 W"
#12318
b110010010 W"
#12319
b110010011 W"
#12320
b110010100 W"
#12321
b110010101 W"
#12322
b110010110 W"
#12323
b110010111 W"
#12324
b110011000 W"
#12325
b110011001 W"
#12326
b110011010 W"
#12327
b110011011 W"
#12328
b110011100 W"
#12329
b110011101 W"
#12330
b110011110 W"
#12331
b110011111 W"
#12332
b110100000 W"
#12333
b110100001 W"
#12334
b110100010 W"
#12335
b110100011 W"
#12336
b110100100 W"
#12337
b110100101 W"
#12338
b110100110 W"
#12339
b110100111 W"
#12340
b110101000 W"
#12341
b110101001 W"
#12342
b110101010 W"
0%#
#12343
b110101011 W"
0&#
#12344
b110101100 W"
0'#
#12345
b110101101 W"
0(#
#12346
b110101110 W"
#12347
b110101111 W"
#12348
b110110000 W"
#12349
b110110001 W"
#12350
b1000 S"
b0 W"
#12351
b1 W"
#12352
b10 W"
#12353
b11 W"
#12354
b100 W"
#12355
b101 W"
#12356
b110 W"
#12357
b111 W"
#12358
b1000 W"
#12359
b1001 W"
#12360
b1010 W"
#12361
b1011 W"
#12362
b1100 W"
#12363
b1101 W"
#12364
b1110 W"
#12365
b1111 W"
#12366
b10000 W"
#12367
b10001 W"
#12368
b10010 W"
#12369
b10011 W"
#12370
b10100 W"
#12371
b10101 W"
#12372
b10110 W"
#12373
b10111 W"
#12374
b11000 W"
#12375
b11001 W"
#12376
b11010 W"
#12377
b11011 W"
#12378
b11100 W"
#12379
b11101 W"
#12380
b11110 W"
#12381
b11111 W"
#12382
b100000 W"
#12383
b100001 W"
#12384
b100010 W"
#12385
b100011 W"
#12386
b100100 W"
#12387
b100101 W"
#12388
b100110 W"
#12389
b100111 W"
#12390
b101000 W"
#12391
b101001 W"
#12392
b101010 W"
#12393
b101011 W"
#12394
b101100 W"
#12395
b101101 W"
#12396
b101110 W"
#12397
b101111 W"
#12398
b110000 W"
#12399
b110001 W"
#12400
b110010 W"
#12401
b110011 W"
#12402
b110100 W"
#12403
b110101 W"
#12404
b110110 W"
#12405
b110111 W"
#12406
b111000 W"
#12407
b111001 W"
#12408
b111010 W"
#12409
b111011 W"
#12410
b111100 W"
#12411
b111101 W"
#12412
b111110 W"
#12413
b111111 W"
#12414
b1000000 W"
#12415
b1000001 W"
#12416
b1000010 W"
#12417
b1000011 W"
#12418
b1000100 W"
#12419
b1000101 W"
#12420
b1000110 W"
#12421
b1000111 W"
#12422
b1001000 W"
#12423
b1001001 W"
#12424
b1001010 W"
#12425
b1001011 W"
#12426
b1001100 W"
#12427
b1001101 W"
#12428
b1001110 W"
#12429
b1001111 W"
#12430
b1010000 W"
#12431
b1010001 W"
#12432
b1010010 W"
#12433
b1010011 W"
#12434
b1010100 W"
#12435
b1010101 W"
#12436
b1010110 W"
#12437
b1010111 W"
#12438
b1011000 W"
#12439
b1011001 W"
#12440
b1011010 W"
#12441
b1011011 W"
#12442
b1011100 W"
#12443
b1011101 W"
#12444
b1011110 W"
#12445
b1011111 W"
#12446
b1100000 W"
#12447
b1100001 W"
#12448
b1100010 W"
#12449
b1100011 W"
#12450
b1100100 W"
#12451
b1100101 W"
#12452
b1100110 W"
#12453
b1100111 W"
#12454
b1101000 W"
#12455
b1101001 W"
#12456
b1101010 W"
#12457
b1101011 W"
#12458
b1101100 W"
#12459
b1101101 W"
#12460
b1101110 W"
#12461
b1101111 W"
#12462
b1110000 W"
#12463
b1110001 W"
#12464
b1110010 W"
#12465
b1110011 W"
#12466
b1110100 W"
#12467
b1110101 W"
#12468
b1110110 W"
#12469
b1110111 W"
#12470
b1111000 W"
#12471
b1111001 W"
#12472
b1111010 W"
#12473
b1111011 W"
#12474
b1111100 W"
#12475
b1111101 W"
#12476
b1111110 W"
#12477
b1111111 W"
#12478
b10000000 W"
#12479
b10000001 W"
#12480
b10000010 W"
#12481
b10000011 W"
#12482
b10000100 W"
#12483
b10000101 W"
#12484
b10000110 W"
#12485
b10000111 W"
#12486
b10001000 W"
#12487
b10001001 W"
#12488
b10001010 W"
#12489
b10001011 W"
#12490
b10001100 W"
#12491
b10001101 W"
#12492
b10001110 W"
#12493
b10001111 W"
#12494
b10010000 W"
#12495
b10010001 W"
#12496
b10010010 W"
#12497
b10010011 W"
#12498
b10010100 W"
#12499
b10010101 W"
#12500
b10010110 W"
#12501
b10010111 W"
#12502
b10011000 W"
#12503
b10011001 W"
#12504
b10011010 W"
#12505
b10011011 W"
#12506
b10011100 W"
#12507
b10011101 W"
#12508
b10011110 W"
#12509
b10011111 W"
#12510
b10100000 W"
#12511
b10100001 W"
#12512
b10100010 W"
#12513
b10100011 W"
#12514
b10100100 W"
#12515
b10100101 W"
#12516
b10100110 W"
#12517
b10100111 W"
#12518
b10101000 W"
#12519
b10101001 W"
#12520
b10101010 W"
#12521
b10101011 W"
#12522
b10101100 W"
#12523
b10101101 W"
#12524
b10101110 W"
#12525
b10101111 W"
#12526
b10110000 W"
#12527
b10110001 W"
#12528
b10110010 W"
#12529
b10110011 W"
#12530
b10110100 W"
#12531
b10110101 W"
#12532
b10110110 W"
#12533
b10110111 W"
#12534
b10111000 W"
#12535
b10111001 W"
#12536
b10111010 W"
#12537
b10111011 W"
#12538
b10111100 W"
#12539
b10111101 W"
#12540
b10111110 W"
#12541
b10111111 W"
#12542
b11000000 W"
#12543
b11000001 W"
#12544
b11000010 W"
#12545
b11000011 W"
#12546
b11000100 W"
#12547
b11000101 W"
#12548
b11000110 W"
#12549
b11000111 W"
#12550
b11001000 W"
#12551
b11001001 W"
#12552
b11001010 W"
#12553
b11001011 W"
#12554
b11001100 W"
#12555
b11001101 W"
#12556
b11001110 W"
#12557
b11001111 W"
#12558
b11010000 W"
#12559
b11010001 W"
#12560
b11010010 W"
#12561
b11010011 W"
#12562
b11010100 W"
#12563
b11010101 W"
#12564
b11010110 W"
#12565
b11010111 W"
#12566
b11011000 W"
#12567
b11011001 W"
#12568
b11011010 W"
#12569
b11011011 W"
#12570
b11011100 W"
#12571
b11011101 W"
#12572
b11011110 W"
#12573
b11011111 W"
#12574
b11100000 W"
#12575
b11100001 W"
#12576
b11100010 W"
#12577
b11100011 W"
#12578
b11100100 W"
#12579
b11100101 W"
#12580
b11100110 W"
#12581
b11100111 W"
#12582
b11101000 W"
#12583
b11101001 W"
#12584
b11101010 W"
#12585
b11101011 W"
#12586
b11101100 W"
#12587
b11101101 W"
#12588
b11101110 W"
#12589
b11101111 W"
#12590
b11110000 W"
#12591
b11110001 W"
#12592
b11110010 W"
#12593
b11110011 W"
#12594
b11110100 W"
#12595
b11110101 W"
#12596
b11110110 W"
#12597
b11110111 W"
#12598
b11111000 W"
#12599
b11111001 W"
#12600
b11111010 W"
#12601
b11111011 W"
#12602
b11111100 W"
#12603
b11111101 W"
#12604
b11111110 W"
#12605
b11111111 W"
#12606
b100000000 W"
#12607
b100000001 W"
#12608
b100000010 W"
#12609
b100000011 W"
#12610
b100000100 W"
#12611
b100000101 W"
#12612
b100000110 W"
#12613
b100000111 W"
#12614
b100001000 W"
#12615
b100001001 W"
#12616
b100001010 W"
#12617
b100001011 W"
#12618
b100001100 W"
#12619
b100001101 W"
#12620
b100001110 W"
#12621
b100001111 W"
#12622
b100010000 W"
#12623
b100010001 W"
#12624
b100010010 W"
#12625
b100010011 W"
#12626
b100010100 W"
#12627
b100010101 W"
#12628
b100010110 W"
#12629
b100010111 W"
#12630
b100011000 W"
#12631
b100011001 W"
#12632
b100011010 W"
#12633
b100011011 W"
#12634
b100011100 W"
#12635
b100011101 W"
#12636
b100011110 W"
#12637
b100011111 W"
#12638
b100100000 W"
#12639
b100100001 W"
#12640
b100100010 W"
#12641
b100100011 W"
#12642
b100100100 W"
#12643
b100100101 W"
#12644
b100100110 W"
#12645
b100100111 W"
#12646
b100101000 W"
#12647
b100101001 W"
#12648
b100101010 W"
#12649
b100101011 W"
#12650
b100101100 W"
#12651
b100101101 W"
#12652
b100101110 W"
#12653
b100101111 W"
#12654
b100110000 W"
#12655
b100110001 W"
#12656
b100110010 W"
#12657
b100110011 W"
#12658
b100110100 W"
#12659
b100110101 W"
#12660
b100110110 W"
#12661
b100110111 W"
#12662
b100111000 W"
#12663
b100111001 W"
#12664
b100111010 W"
#12665
b100111011 W"
#12666
b100111100 W"
#12667
b100111101 W"
#12668
b100111110 W"
#12669
b100111111 W"
#12670
b101000000 W"
#12671
b101000001 W"
#12672
b101000010 W"
#12673
b101000011 W"
#12674
b101000100 W"
#12675
b101000101 W"
#12676
b101000110 W"
#12677
b101000111 W"
#12678
b101001000 W"
#12679
b101001001 W"
#12680
b101001010 W"
#12681
b101001011 W"
#12682
b101001100 W"
#12683
b101001101 W"
#12684
b101001110 W"
#12685
b101001111 W"
#12686
b101010000 W"
#12687
b101010001 W"
#12688
b101010010 W"
#12689
b101010011 W"
#12690
b101010100 W"
#12691
b101010101 W"
#12692
b101010110 W"
#12693
b101010111 W"
#12694
b101011000 W"
#12695
b101011001 W"
#12696
b101011010 W"
#12697
b101011011 W"
#12698
b101011100 W"
#12699
b101011101 W"
#12700
b101011110 W"
#12701
b101011111 W"
#12702
b101100000 W"
#12703
b101100001 W"
#12704
b101100010 W"
#12705
b101100011 W"
#12706
b101100100 W"
#12707
b101100101 W"
#12708
b101100110 W"
#12709
b101100111 W"
#12710
b101101000 W"
#12711
b101101001 W"
#12712
b101101010 W"
#12713
b101101011 W"
#12714
b101101100 W"
#12715
b101101101 W"
#12716
b101101110 W"
#12717
b101101111 W"
#12718
b101110000 W"
#12719
b101110001 W"
#12720
b101110010 W"
#12721
b101110011 W"
#12722
b101110100 W"
#12723
b101110101 W"
#12724
b101110110 W"
#12725
b101110111 W"
#12726
b101111000 W"
#12727
b101111001 W"
#12728
b101111010 W"
#12729
b101111011 W"
#12730
b101111100 W"
#12731
b101111101 W"
#12732
b101111110 W"
#12733
b101111111 W"
#12734
b110000000 W"
#12735
b110000001 W"
#12736
b110000010 W"
#12737
b110000011 W"
#12738
b110000100 W"
#12739
b110000101 W"
#12740
b110000110 W"
#12741
b110000111 W"
#12742
b110001000 W"
#12743
b110001001 W"
#12744
b110001010 W"
#12745
b110001011 W"
#12746
b110001100 W"
#12747
b110001101 W"
#12748
b110001110 W"
#12749
b110001111 W"
#12750
b110010000 W"
#12751
b110010001 W"
#12752
b110010010 W"
#12753
b110010011 W"
#12754
b110010100 W"
#12755
b110010101 W"
#12756
b110010110 W"
#12757
b110010111 W"
#12758
b110011000 W"
#12759
b110011001 W"
#12760
b110011010 W"
#12761
b110011011 W"
#12762
b110011100 W"
#12763
b110011101 W"
#12764
b110011110 W"
#12765
b110011111 W"
#12766
b110100000 W"
#12767
b110100001 W"
#12768
b110100010 W"
#12769
b110100011 W"
#12770
b110100100 W"
#12771
b110100101 W"
#12772
b110100110 W"
#12773
b110100111 W"
#12774
b110101000 W"
#12775
b110101001 W"
1%#
#12776
b110101010 W"
1&#
#12777
b110101011 W"
1'#
#12778
b110101100 W"
1(#
#12779
b110101101 W"
#12780
b110101110 W"
#12781
b110101111 W"
#12782
b110110000 W"
#12783
b110110001 W"
#12784
b1001 S"
b0 W"
#12785
b1 W"
#12786
b10 W"
#12787
b11 W"
#12788
b100 W"
#12789
b101 W"
#12790
b110 W"
#12791
b111 W"
#12792
b1000 W"
#12793
b1001 W"
#12794
b1010 W"
#12795
b1011 W"
#12796
b1100 W"
#12797
b1101 W"
#12798
b1110 W"
#12799
b1111 W"
#12800
b10000 W"
#12801
b10001 W"
#12802
b10010 W"
#12803
b10011 W"
#12804
b10100 W"
#12805
b10101 W"
#12806
b10110 W"
#12807
b10111 W"
#12808
b11000 W"
#12809
b11001 W"
#12810
b11010 W"
#12811
b11011 W"
#12812
b11100 W"
#12813
b11101 W"
#12814
b11110 W"
#12815
b11111 W"
#12816
b100000 W"
#12817
b100001 W"
#12818
b100010 W"
#12819
b100011 W"
#12820
b100100 W"
#12821
b100101 W"
#12822
b100110 W"
#12823
b100111 W"
#12824
b101000 W"
#12825
b101001 W"
#12826
b101010 W"
#12827
b101011 W"
#12828
b101100 W"
#12829
b101101 W"
#12830
b101110 W"
#12831
b101111 W"
#12832
b110000 W"
#12833
b110001 W"
#12834
b110010 W"
#12835
b110011 W"
#12836
b110100 W"
#12837
b110101 W"
#12838
b110110 W"
#12839
b110111 W"
#12840
b111000 W"
#12841
b111001 W"
#12842
b111010 W"
#12843
b111011 W"
#12844
b111100 W"
#12845
b111101 W"
#12846
b111110 W"
#12847
b111111 W"
#12848
b1000000 W"
#12849
b1000001 W"
#12850
b1000010 W"
#12851
b1000011 W"
#12852
b1000100 W"
#12853
b1000101 W"
#12854
b1000110 W"
#12855
b1000111 W"
#12856
b1001000 W"
#12857
b1001001 W"
#12858
b1001010 W"
#12859
b1001011 W"
#12860
b1001100 W"
#12861
b1001101 W"
#12862
b1001110 W"
#12863
b1001111 W"
#12864
b1010000 W"
#12865
b1010001 W"
#12866
b1010010 W"
#12867
b1010011 W"
#12868
b1010100 W"
#12869
b1010101 W"
#12870
b1010110 W"
#12871
b1010111 W"
#12872
b1011000 W"
#12873
b1011001 W"
#12874
b1011010 W"
#12875
b1011011 W"
#12876
b1011100 W"
#12877
b1011101 W"
#12878
b1011110 W"
#12879
b1011111 W"
#12880
b1100000 W"
#12881
b1100001 W"
#12882
b1100010 W"
#12883
b1100011 W"
#12884
b1100100 W"
#12885
b1100101 W"
#12886
b1100110 W"
#12887
b1100111 W"
#12888
b1101000 W"
#12889
b1101001 W"
#12890
b1101010 W"
#12891
b1101011 W"
#12892
b1101100 W"
#12893
b1101101 W"
#12894
b1101110 W"
#12895
b1101111 W"
#12896
b1110000 W"
#12897
b1110001 W"
#12898
b1110010 W"
#12899
b1110011 W"
#12900
b1110100 W"
#12901
b1110101 W"
#12902
b1110110 W"
#12903
b1110111 W"
#12904
b1111000 W"
#12905
b1111001 W"
#12906
b1111010 W"
#12907
b1111011 W"
#12908
b1111100 W"
#12909
b1111101 W"
#12910
b1111110 W"
#12911
b1111111 W"
#12912
b10000000 W"
#12913
b10000001 W"
#12914
b10000010 W"
#12915
b10000011 W"
#12916
b10000100 W"
#12917
b10000101 W"
#12918
b10000110 W"
#12919
b10000111 W"
#12920
b10001000 W"
#12921
b10001001 W"
#12922
b10001010 W"
#12923
b10001011 W"
#12924
b10001100 W"
#12925
b10001101 W"
#12926
b10001110 W"
#12927
b10001111 W"
#12928
b10010000 W"
#12929
b10010001 W"
#12930
b10010010 W"
#12931
b10010011 W"
#12932
b10010100 W"
#12933
b10010101 W"
#12934
b10010110 W"
#12935
b10010111 W"
#12936
b10011000 W"
#12937
b10011001 W"
#12938
b10011010 W"
#12939
b10011011 W"
#12940
b10011100 W"
#12941
b10011101 W"
#12942
b10011110 W"
#12943
b10011111 W"
#12944
b10100000 W"
#12945
b10100001 W"
#12946
b10100010 W"
#12947
b10100011 W"
#12948
b10100100 W"
#12949
b10100101 W"
#12950
b10100110 W"
#12951
b10100111 W"
#12952
b10101000 W"
#12953
b10101001 W"
#12954
b10101010 W"
#12955
b10101011 W"
#12956
b10101100 W"
#12957
b10101101 W"
#12958
b10101110 W"
#12959
b10101111 W"
#12960
b10110000 W"
#12961
b10110001 W"
#12962
b10110010 W"
#12963
b10110011 W"
#12964
b10110100 W"
#12965
b10110101 W"
#12966
b10110110 W"
#12967
b10110111 W"
#12968
b10111000 W"
#12969
b10111001 W"
#12970
b10111010 W"
#12971
b10111011 W"
#12972
b10111100 W"
#12973
b10111101 W"
#12974
b10111110 W"
#12975
b10111111 W"
#12976
b11000000 W"
#12977
b11000001 W"
#12978
b11000010 W"
#12979
b11000011 W"
#12980
b11000100 W"
#12981
b11000101 W"
#12982
b11000110 W"
#12983
b11000111 W"
#12984
b11001000 W"
#12985
b11001001 W"
#12986
b11001010 W"
#12987
b11001011 W"
#12988
b11001100 W"
#12989
b11001101 W"
#12990
b11001110 W"
#12991
b11001111 W"
#12992
b11010000 W"
#12993
b11010001 W"
#12994
b11010010 W"
#12995
b11010011 W"
#12996
b11010100 W"
#12997
b11010101 W"
#12998
b11010110 W"
#12999
b11010111 W"
#13000
b11011000 W"
#13001
b1000100 C"
b11011001 W"
b1000100 o"
0~"
1##
1$#
#13002
b1000001010000100100001100000000 "
b1000001010000100100001100000000 B
b1 b
b0 ("
b1000100 ;"
b0 S"
b0 W"
b0 g"
0##
0$#
