#-----------------------------------------------------------
# Vivado v2020.1 (64-bit)
# SW Build 2902540 on Wed May 27 19:54:49 MDT 2020
# IP Build 2902112 on Wed May 27 22:43:36 MDT 2020
# Start of session at: Wed Oct 22 16:30:07 2025
# Process ID: 39760
# Current directory: E:/vivado_axidma3
# Command line: vivado.exe -gui_launcher_event rodinguilauncherevent25028 E:\vivado_axidma3\uav_sar.xpr
# Log file: E:/vivado_axidma3/vivado.log
# Journal file: E:/vivado_axidma3\vivado.jou
#-----------------------------------------------------------
start_gui
open_project E:/vivado_axidma3/uav_sar.xpr
INFO: [Project 1-313] Project file moved from 'E:/vivado_axidma2' since last save.
Scanning sources...
Finished scanning sources
WARNING: [filemgmt 56-2] IP Repository Path: Could not find the directory 'E:/vivado_axidma3/repo/nav_data_rd_1.0', nor could it be found using path 'E:/vivado_axidma2/repo/nav_data_rd_1.0'.
INFO: [IP_Flow 19-234] Refreshing IP repositories
WARNING: [IP_Flow 19-3685] Ignored loading user repository 'e:/vivado_axidma3/repo/uart_uav_data_1.0'. The path is contained within another repository.
WARNING: [IP_Flow 19-2207] Repository 'e:/vivado_axidma3/repo/uart_uav_data_1.0' already exists; ignoring attempt to add it again.
WARNING: [IP_Flow 19-3685] Ignored loading user repository 'e:/vivado_axidma3/repo/uart_uav_data_1.0'. The path is contained within another repository.
WARNING: [IP_Flow 19-3685] Ignored loading user repository 'e:/vivado_axidma3/repo/pl_bram_rd_1.0'. The path is contained within another repository.
WARNING: [IP_Flow 19-3685] Ignored loading user repository 'e:/vivado_axidma3/repo/nav_data_rd_1.0'. The path is contained within another repository.
INFO: [IP_Flow 19-1700] Loaded user IP repository 'e:/vivado_axidma3/repo'.
INFO: [IP_Flow 19-2313] Loaded Vivado IP repository 'E:/Xilinx_vitis2020/Vivado/2020.1/data/ip'.
open_project: Time (s): cpu = 00:00:32 ; elapsed = 00:00:18 . Memory (MB): peak = 1070.891 ; gain = 0.000
update_compile_order -fileset sources_1
open_bd_design {E:/vivado_axidma3/uav_sar.srcs/sources_1/bd/uav_sar/uav_sar.bd}
Adding component instance block -- xilinx.com:ip:zynq_ultra_ps_e:3.3 - zynq_ultra_ps
Adding component instance block -- xilinx.com:ip:clk_wiz:6.0 - clk_wiz
Adding component instance block -- xilinx.com:ip:util_ds_buf:2.1 - util_ds_buf
Adding component instance block -- xilinx.com:ip:proc_sys_reset:5.0 - proc_sys_reset
Adding component instance block -- xilinx.com:ip:axis_data_fifo:2.0 - axis_data_fifo
Adding component instance block -- xilinx.com:ip:axis_data_fifo:2.0 - axis_data_fifo_0
Adding component instance block -- xilinx.com:ip:axi_dma:7.1 - axi_dma
Adding component instance block -- xilinx.com:ip:axi_dma:7.1 - axi_dma_0
Adding component instance block -- xilinx.com:ip:axi_data_fifo:2.1 - axi_data_fifo
Adding component instance block -- xilinx.com:ip:axi_data_fifo:2.1 - axi_data_fifo_0
Adding component instance block -- xilinx.com:ip:axi_interconnect:2.1 - axi_interconnect_0
Adding component instance block -- xilinx.com:ip:axi_crossbar:2.1 - xbar
Adding component instance block -- xilinx.com:ip:axi_protocol_converter:2.1 - auto_pc
Adding component instance block -- xilinx.com:ip:axi_interconnect:2.1 - axi_interconnect_1
Adding component instance block -- xilinx.com:ip:axi_crossbar:2.1 - xbar
Adding component instance block -- xilinx.com:ip:axi_dwidth_converter:2.1 - auto_us
Adding component instance block -- xilinx.com:ip:axi_dwidth_converter:2.1 - auto_us
Adding component instance block -- xilinx.com:user:uart_uav_data:1.0 - uart_uav_data_0
Adding component instance block -- xilinx.com:user:ad9269_sample_ctrl:1.0 - ad9269_sample_ctrl
Adding component instance block -- xilinx.com:ip:system_ila:1.1 - system_ila_0
Adding component instance block -- xilinx.com:module_ref:ADC_sim:1.0 - ADC_sim_0
Excluding slave segment /zynq_ultra_ps/SAXIGP2/HP0_LPS_OCM from address space /zynq_ultra_pl/axi_dma/Data_S2MM.
Excluding slave segment /zynq_ultra_ps/SAXIGP2/HP0_LPS_OCM from address space /zynq_ultra_pl/axi_dma_0/Data_S2MM.
Successfully read diagram <uav_sar> from BD file <E:/vivado_axidma3/uav_sar.srcs/sources_1/bd/uav_sar/uav_sar.bd>
open_bd_design: Time (s): cpu = 00:00:08 ; elapsed = 00:00:08 . Memory (MB): peak = 1172.465 ; gain = 21.832
startgroup
set_property -dict [list CONFIG.c_include_sg {1}] [get_bd_cells zynq_ultra_pl/axi_dma]
endgroup
apply_bd_automation -rule xilinx.com:bd_rule:axi4 -config { Clk_master {Auto} Clk_slave {/zynq_ultra_pl/clk_wiz/clk_out1 (49 MHz)} Clk_xbar {/zynq_ultra_pl/clk_wiz/clk_out1 (49 MHz)} Master {/zynq_ultra_pl/axi_dma/M_AXI_SG} Slave {/zynq_ultra_ps/S_AXI_HP0_FPD} ddr_seg {Auto} intc_ip {/zynq_ultra_pl/axi_interconnect_1} master_apm {0}}  [get_bd_intf_pins zynq_ultra_pl/axi_dma/M_AXI_SG]
Slave segment '/zynq_ultra_ps/SAXIGP2/HP0_DDR_LOW' is being assigned into address space '/zynq_ultra_pl/axi_dma/Data_SG' at <0x0000_0000 [ 2G ]>.
Slave segment '/zynq_ultra_ps/SAXIGP2/HP0_PCIE_LOW' is being assigned into address space '/zynq_ultra_pl/axi_dma/Data_SG' at <0xE000_0000 [ 256M ]>.
Slave segment '/zynq_ultra_ps/SAXIGP2/HP0_QSPI' is being assigned into address space '/zynq_ultra_pl/axi_dma/Data_SG' at <0xC000_0000 [ 512M ]>.
Slave segment '/zynq_ultra_ps/SAXIGP2/HP0_LPS_OCM' is being assigned into address space '/zynq_ultra_pl/axi_dma/Data_SG' at <0xFF00_0000 [ 16M ]>.
INFO: [BD 41-1051] The usage register of slave segment /zynq_ultra_ps/SAXIGP2/HP0_LPS_OCM does not match the usage memory of address space /zynq_ultra_pl/axi_dma/Data_SG and will be excluded. Use the include_bd_addr_seg command to override this precaution and make the slave segment visible within this address space.
Excluding slave segment /zynq_ultra_ps/SAXIGP2/HP0_LPS_OCM from address space /zynq_ultra_pl/axi_dma/Data_SG.
open_hw_manager
connect_hw_server -allow_non_jtag
INFO: [Labtools 27-2285] Connecting to hw_server url TCP:localhost:3121
INFO: [Labtools 27-2222] Launching hw_server...
INFO: [Labtools 27-2221] Launch Output:

****** Xilinx hw_server v2020.1
  **** Build date : May 27 2020 at 20:24:38
    ** Copyright 1986-2020 Xilinx, Inc. All Rights Reserved.


INFO: [Labtools 27-3415] Connecting to cs_server url TCP:localhost:3042
INFO: [Labtools 27-3417] Launching cs_server...
INFO: [Labtools 27-2221] Launch Output:


****** Xilinx cs_server v2020.1.0
  **** Build date : May 14 2020-09:10:29
    ** Copyright 2017-2020 Xilinx, Inc. All Rights Reserved.



connect_hw_server: Time (s): cpu = 00:00:02 ; elapsed = 00:00:32 . Memory (MB): peak = 1385.762 ; gain = 0.000
open_hw_target
INFO: [Labtoolstcl 44-466] Opening hw_target localhost:3121/xilinx_tcf/Digilent/210512180081
open_hw_target: Time (s): cpu = 00:00:03 ; elapsed = 00:00:07 . Memory (MB): peak = 2649.543 ; gain = 1263.781
set_property PROGRAM.FILE {E:/vivado_axidma3/uav_sar.runs/impl_1/uav_sar_wrapper.bit} [get_hw_devices xczu2_0]
set_property PROBES.FILE {E:/vivado_axidma3/uav_sar.runs/impl_1/uav_sar_wrapper.ltx} [get_hw_devices xczu2_0]
set_property FULL_PROBES.FILE {E:/vivado_axidma3/uav_sar.runs/impl_1/uav_sar_wrapper.ltx} [get_hw_devices xczu2_0]
current_hw_device [get_hw_devices xczu2_0]
refresh_hw_device [lindex [get_hw_devices xczu2_0] 0]
INFO: [Labtools 27-2302] Device xczu2 (JTAG device index = 0) is programmed with a design that has 2 ILA core(s).
refresh_hw_device: Time (s): cpu = 00:00:07 ; elapsed = 00:00:05 . Memory (MB): peak = 2711.184 ; gain = 56.836
display_hw_ila_data [ get_hw_ila_data hw_ila_data_1 -of_objects [get_hw_ilas -of_objects [get_hw_devices xczu2_0] -filter {CELL_NAME=~"uav_sar_i/system_ila_0/inst/ila_lib"}]]
Processed interface Conn_ila1_slot0
display_hw_ila_data [ get_hw_ila_data hw_ila_data_2 -of_objects [get_hw_ilas -of_objects [get_hw_devices xczu2_0] -filter {CELL_NAME=~"u_ila_0"}]]
current_hw_device [get_hw_devices arm_dap_1]
refresh_hw_device -update_hw_probes false [lindex [get_hw_devices arm_dap_1] 0]
current_hw_device [get_hw_devices xczu2_0]
set_property TRIGGER_COMPARE_VALUE eq1'bX [get_hw_probes uav_sar_i/zynq_ultra_pl/uart_uav_data_0/inst/uart_uav_data_v1_0_S00_AXI_inst/u_utc_time/time_aligned_done_flag -of_objects [get_hw_ilas -of_objects [get_hw_devices xczu2_0] -filter {CELL_NAME=~"u_ila_0"}]]
set_property TRIGGER_COMPARE_VALUE eq1'bX [get_hw_probes uav_sar_i/zynq_ultra_pl/ad9269_sample_ctrl/inst/ad9269_sample_v1_0_S00_AXI_inst/sample_inst/sample_start -of_objects [get_hw_ilas -of_objects [get_hw_devices xczu2_0] -filter {CELL_NAME=~"u_ila_0"}]]
set_property TRIGGER_COMPARE_VALUE eq1'bR [get_hw_probes uav_sar_i/zynq_ultra_pl/ad9269_sample_ctrl/inst/ad9269_sample_v1_0_S00_AXI_inst/m00_axis_tready -of_objects [get_hw_ilas -of_objects [get_hw_devices xczu2_0] -filter {CELL_NAME=~"u_ila_0"}]]
run_hw_ila [get_hw_ilas -of_objects [get_hw_devices xczu2_0] -filter {CELL_NAME=~"u_ila_0"}]
INFO: [Labtools 27-1964] The ILA core 'hw_ila_2' trigger was armed at 2025-Oct-27 19:49:50
wait_on_hw_ila -timeout 0 [get_hw_ilas -of_objects [get_hw_devices xczu2_0] -filter {CELL_NAME=~"u_ila_0"}]
upload_hw_ila_data [get_hw_ilas -of_objects [get_hw_devices xczu2_0] -filter {CELL_NAME=~"u_ila_0"}]
INFO: [Labtools 27-1965] The ILA core 'hw_ila_2' trigger was stopped by user at 2025-Oct-27 19:50:19
WARNING: [Labtools 27-157] hw_ila [hw_ila_2] stopped. No data to upload.
run_hw_ila [get_hw_ilas -of_objects [get_hw_devices xczu2_0] -filter {CELL_NAME=~"u_ila_0"}]
INFO: [Labtools 27-1964] The ILA core 'hw_ila_2' trigger was armed at 2025-Oct-27 19:53:43
wait_on_hw_ila -timeout 0 [get_hw_ilas -of_objects [get_hw_devices xczu2_0] -filter {CELL_NAME=~"u_ila_0"}]
upload_hw_ila_data [get_hw_ilas -of_objects [get_hw_devices xczu2_0] -filter {CELL_NAME=~"u_ila_0"}]
INFO: [Labtools 27-1965] The ILA core 'hw_ila_2' trigger was stopped by user at 2025-Oct-27 19:54:00
WARNING: [Labtools 27-157] hw_ila [hw_ila_2] stopped. No data to upload.
run_hw_ila [get_hw_ilas -of_objects [get_hw_devices xczu2_0] -filter {CELL_NAME=~"u_ila_0"}]
INFO: [Labtools 27-1964] The ILA core 'hw_ila_2' trigger was armed at 2025-Oct-27 20:06:01
open_bd_design {E:/vivado_axidma3/uav_sar.srcs/sources_1/bd/uav_sar/uav_sar.bd}
ipx::edit_ip_in_project -upgrade true -name ad9269_sample_ctrl_v1_0_project -directory E:/vivado_axidma3/uav_sar.tmp/ad9269_sample_ctrl_v1_0_project e:/vivado_axidma3/repo/radar_sample_ctrl/component.xml
INFO: [IP_Flow 19-234] Refreshing IP repositories
INFO: [IP_Flow 19-1704] No user IP repositories specified
INFO: [IP_Flow 19-2313] Loaded Vivado IP repository 'E:/Xilinx_vitis2020/Vivado/2020.1/data/ip'.
INFO: [IP_Flow 19-234] Refreshing IP repositories
WARNING: [IP_Flow 19-3685] Ignored loading user repository 'e:/vivado_axidma3/repo/uart_uav_data_1.0'. The path is contained within another repository.
WARNING: [IP_Flow 19-2207] Repository 'e:/vivado_axidma3/repo/uart_uav_data_1.0' already exists; ignoring attempt to add it again.
WARNING: [IP_Flow 19-3685] Ignored loading user repository 'e:/vivado_axidma3/repo/uart_uav_data_1.0'. The path is contained within another repository.
WARNING: [IP_Flow 19-3685] Ignored loading user repository 'e:/vivado_axidma3/repo/pl_bram_rd_1.0'. The path is contained within another repository.
WARNING: [IP_Flow 19-3685] Ignored loading user repository 'e:/vivado_axidma3/repo/nav_data_rd_1.0'. The path is contained within another repository.
INFO: [IP_Flow 19-1700] Loaded user IP repository 'e:/vivado_axidma3/repo'.
INFO: [IP_Flow 19-795] Syncing license key meta-data
WARNING: [filemgmt 56-99] Vivado Synthesis ignores library specification for Verilog or SystemVerilog files. [e:/vivado_axidma3/repo/radar_sample_ctrl/src/ad9269_sample .v:]
WARNING: [filemgmt 56-99] Vivado Synthesis ignores library specification for Verilog or SystemVerilog files. [e:/vivado_axidma3/repo/radar_sample_ctrl/src/ad9269_sample_v1_0_S00_AXI.v:]
WARNING: [filemgmt 56-99] Vivado Synthesis ignores library specification for Verilog or SystemVerilog files. [e:/vivado_axidma3/repo/radar_sample_ctrl/src/clk_div.v:]
WARNING: [filemgmt 56-99] Vivado Synthesis ignores library specification for Verilog or SystemVerilog files. [e:/vivado_axidma3/repo/radar_sample_ctrl/src/ad9269_sample_v1_0.v:]
WARNING: [filemgmt 56-99] Vivado Synthesis ignores library specification for Verilog or SystemVerilog files. [e:/vivado_axidma3/repo/radar_sample_ctrl/src/AD_sim.v:]
WARNING: [filemgmt 56-99] Vivado Synthesis ignores library specification for Verilog or SystemVerilog files. [e:/vivado_axidma3/repo/radar_sample_ctrl/src/sample_sim.v:]
ipx::edit_ip_in_project: Time (s): cpu = 00:00:08 ; elapsed = 00:00:06 . Memory (MB): peak = 2756.082 ; gain = 10.957
update_compile_order -fileset sources_1
wait_on_hw_ila -timeout 0 [get_hw_ilas -of_objects [get_hw_devices xczu2_0] -filter {CELL_NAME=~"u_ila_0"}]
upload_hw_ila_data [get_hw_ilas -of_objects [get_hw_devices xczu2_0] -filter {CELL_NAME=~"u_ila_0"}]
ERROR: [Common 17-70] Application Exception: LTTTHWSessionUtil - null wave manager returned from session
wait_on_hw_ila -timeout 0 [get_hw_ilas -of_objects [get_hw_devices xczu2_0] -filter {CELL_NAME=~"u_ila_0"}]
upload_hw_ila_data [get_hw_ilas -of_objects [get_hw_devices xczu2_0] -filter {CELL_NAME=~"u_ila_0"}]
ERROR: [Common 17-70] Application Exception: LTTTHWSessionUtil - null wave manager returned from session
wait_on_hw_ila -timeout 0 [get_hw_ilas -of_objects [get_hw_devices xczu2_0] -filter {CELL_NAME=~"u_ila_0"}]
upload_hw_ila_data [get_hw_ilas -of_objects [get_hw_devices xczu2_0] -filter {CELL_NAME=~"u_ila_0"}]
ERROR: [Common 17-70] Application Exception: LTTTHWSessionUtil - null wave manager returned from session
wait_on_hw_ila -timeout 0 [get_hw_ilas -of_objects [get_hw_devices xczu2_0] -filter {CELL_NAME=~"u_ila_0"}]
upload_hw_ila_data [get_hw_ilas -of_objects [get_hw_devices xczu2_0] -filter {CELL_NAME=~"u_ila_0"}]
ERROR: [Common 17-70] Application Exception: LTTTHWSessionUtil - null wave manager returned from session
wait_on_hw_ila -timeout 0 [get_hw_ilas -of_objects [get_hw_devices xczu2_0] -filter {CELL_NAME=~"u_ila_0"}]
upload_hw_ila_data [get_hw_ilas -of_objects [get_hw_devices xczu2_0] -filter {CELL_NAME=~"u_ila_0"}]
ERROR: [Common 17-70] Application Exception: LTTTHWSessionUtil - null wave manager returned from session
current_project uav_sar
set_property TRIGGER_COMPARE_VALUE eq1'bX [get_hw_probes uav_sar_i/zynq_ultra_pl/ad9269_sample_ctrl/inst/ad9269_sample_v1_0_S00_AXI_inst/m00_axis_tready -of_objects [get_hw_ilas -of_objects [get_hw_devices xczu2_0] -filter {CELL_NAME=~"u_ila_0"}]]
wait_on_hw_ila -timeout 0 [get_hw_ilas -of_objects [get_hw_devices xczu2_0] -filter {CELL_NAME=~"u_ila_0"}]
upload_hw_ila_data [get_hw_ilas -of_objects [get_hw_devices xczu2_0] -filter {CELL_NAME=~"u_ila_0"}]
INFO: [Labtools 27-1965] The ILA core 'hw_ila_2' trigger was stopped by user at 2025-Oct-27 20:08:44
WARNING: [Labtools 27-157] hw_ila [hw_ila_2] stopped. No data to upload.
run_hw_ila [get_hw_ilas -of_objects [get_hw_devices xczu2_0] -filter {CELL_NAME=~"u_ila_0"}] -trigger_now
INFO: [Labtools 27-1964] The ILA core 'hw_ila_2' trigger was armed at 2025-Oct-27 20:08:44
wait_on_hw_ila [get_hw_ilas -of_objects [get_hw_devices xczu2_0] -filter {CELL_NAME=~"u_ila_0"}]
display_hw_ila_data [upload_hw_ila_data [get_hw_ilas -of_objects [get_hw_devices xczu2_0] -filter {CELL_NAME=~"u_ila_0"}]]
INFO: [Labtools 27-1966] The ILA core 'hw_ila_2' triggered at 2025-Oct-27 20:08:44
INFO: [Labtools 27-3304] ILA Waveform data saved to file E:/vivado_axidma3/uav_sar.hw/backup/hw_ila_data_2.ila. Use Tcl command 'read_hw_ila_data' or Vivado File->Import->Import ILA Data menu item to import the previously saved data.
set_property TRIGGER_COMPARE_VALUE eq1'bR [get_hw_probes uav_sar_i/zynq_ultra_pl/ad9269_sample_ctrl/inst/ad9269_sample_v1_0_S00_AXI_inst/m00_axis_tready -of_objects [get_hw_ilas -of_objects [get_hw_devices xczu2_0] -filter {CELL_NAME=~"u_ila_0"}]]
run_hw_ila [get_hw_ilas -of_objects [get_hw_devices xczu2_0] -filter {CELL_NAME=~"u_ila_0"}]
INFO: [Labtools 27-1964] The ILA core 'hw_ila_2' trigger was armed at 2025-Oct-27 20:11:49
wait_on_hw_ila -timeout 0 [get_hw_ilas -of_objects [get_hw_devices xczu2_0] -filter {CELL_NAME=~"u_ila_0"}]
upload_hw_ila_data [get_hw_ilas -of_objects [get_hw_devices xczu2_0] -filter {CELL_NAME=~"u_ila_0"}]
INFO: [Labtools 27-1965] The ILA core 'hw_ila_2' trigger was stopped by user at 2025-Oct-27 20:12:12
WARNING: [Labtools 27-157] hw_ila [hw_ila_2] stopped. No data to upload.
set_property TRIGGER_COMPARE_VALUE eq1'bB [get_hw_probes uav_sar_i/zynq_ultra_pl/ad9269_sample_ctrl/inst/ad9269_sample_v1_0_S00_AXI_inst/m00_axis_tready -of_objects [get_hw_ilas -of_objects [get_hw_devices xczu2_0] -filter {CELL_NAME=~"u_ila_0"}]]
run_hw_ila [get_hw_ilas -of_objects [get_hw_devices xczu2_0] -filter {CELL_NAME=~"u_ila_0"}]
INFO: [Labtools 27-1964] The ILA core 'hw_ila_2' trigger was armed at 2025-Oct-27 20:12:17
open_bd_design {E:/vivado_axidma3/uav_sar.srcs/sources_1/bd/uav_sar/uav_sar.bd}
wait_on_hw_ila -timeout 0 [get_hw_ilas -of_objects [get_hw_devices xczu2_0] -filter {CELL_NAME=~"u_ila_0"}]
upload_hw_ila_data [get_hw_ilas -of_objects [get_hw_devices xczu2_0] -filter {CELL_NAME=~"u_ila_0"}]
INFO: [Labtools 27-1965] The ILA core 'hw_ila_2' trigger was stopped by user at 2025-Oct-27 20:17:21
WARNING: [Labtools 27-157] hw_ila [hw_ila_2] stopped. No data to upload.
run_hw_ila [get_hw_ilas -of_objects [get_hw_devices xczu2_0] -filter {CELL_NAME=~"u_ila_0"}] -trigger_now
INFO: [Labtools 27-1964] The ILA core 'hw_ila_2' trigger was armed at 2025-Oct-27 20:17:21
wait_on_hw_ila [get_hw_ilas -of_objects [get_hw_devices xczu2_0] -filter {CELL_NAME=~"u_ila_0"}]
display_hw_ila_data [upload_hw_ila_data [get_hw_ilas -of_objects [get_hw_devices xczu2_0] -filter {CELL_NAME=~"u_ila_0"}]]
INFO: [Labtools 27-1966] The ILA core 'hw_ila_2' triggered at 2025-Oct-27 20:17:21
INFO: [Labtools 27-3304] ILA Waveform data saved to file E:/vivado_axidma3/uav_sar.hw/backup/hw_ila_data_2.ila. Use Tcl command 'read_hw_ila_data' or Vivado File->Import->Import ILA Data menu item to import the previously saved data.
run_hw_ila [get_hw_ilas -of_objects [get_hw_devices xczu2_0] -filter {CELL_NAME=~"u_ila_0"}]
INFO: [Labtools 27-1964] The ILA core 'hw_ila_2' trigger was armed at 2025-Oct-27 20:19:15
set_property TRIGGER_COMPARE_VALUE eq1'b0 [get_hw_probes uav_sar_i/zynq_ultra_pl/ad9269_sample_ctrl/inst/ad9269_sample_v1_0_S00_AXI_inst/m00_axis_tready -of_objects [get_hw_ilas -of_objects [get_hw_devices xczu2_0] -filter {CELL_NAME=~"u_ila_0"}]]
wait_on_hw_ila -timeout 0 [get_hw_ilas -of_objects [get_hw_devices xczu2_0] -filter {CELL_NAME=~"u_ila_0"}]
upload_hw_ila_data [get_hw_ilas -of_objects [get_hw_devices xczu2_0] -filter {CELL_NAME=~"u_ila_0"}]
INFO: [Labtools 27-1965] The ILA core 'hw_ila_2' trigger was stopped by user at 2025-Oct-27 20:19:22
WARNING: [Labtools 27-157] hw_ila [hw_ila_2] stopped. No data to upload.
set_property TRIGGER_COMPARE_VALUE eq1'bX [get_hw_probes uav_sar_i/zynq_ultra_pl/ad9269_sample_ctrl/inst/ad9269_sample_v1_0_S00_AXI_inst/m00_axis_tready -of_objects [get_hw_ilas -of_objects [get_hw_devices xczu2_0] -filter {CELL_NAME=~"u_ila_0"}]]
run_hw_ila [get_hw_ilas -of_objects [get_hw_devices xczu2_0] -filter {CELL_NAME=~"u_ila_0"}]
INFO: [Labtools 27-1964] The ILA core 'hw_ila_2' trigger was armed at 2025-Oct-27 20:19:25
wait_on_hw_ila [get_hw_ilas -of_objects [get_hw_devices xczu2_0] -filter {CELL_NAME=~"u_ila_0"}]
display_hw_ila_data [upload_hw_ila_data [get_hw_ilas -of_objects [get_hw_devices xczu2_0] -filter {CELL_NAME=~"u_ila_0"}]]
INFO: [Labtools 27-1966] The ILA core 'hw_ila_2' triggered at 2025-Oct-27 20:19:25
INFO: [Labtools 27-3304] ILA Waveform data saved to file E:/vivado_axidma3/uav_sar.hw/backup/hw_ila_data_2.ila. Use Tcl command 'read_hw_ila_data' or Vivado File->Import->Import ILA Data menu item to import the previously saved data.
add_wave -into {hw_ila_data_2.wcfg} -radix hex { {uav_sar_i/zynq_ultra_pl/ad9269_sample_ctrl/inst/ad9269_sample_v1_0_S00_AXI_inst/sample_inst/M_AXIS_tready} {uav_sar_i/zynq_ultra_pl/uart_uav_data_0/inst/uart_uav_data_v1_0_S00_AXI_inst/u_uart_rx/M_AXIS_tready} {uav_sar_i/zynq_ultra_pl/ad9269_sample_ctrl/inst/ad9269_sample_v1_0_S00_AXI_inst/m00_axis_tready} }
open_run synth_1 -name synth_1
Design is defaulting to impl run constrset: constrs_1
Design is defaulting to synth run part: xczu2cg-sfvc784-1-e
INFO: [Device 21-403] Loading part xczu2cg-sfvc784-1-e
INFO: [Project 1-454] Reading design checkpoint 'E:/vivado_axidma3/uav_sar.srcs/sources_1/bd/uav_sar/uav_sar.dcp' for cell 'uav_sar_i'
Netlist sorting complete. Time (s): cpu = 00:00:00 ; elapsed = 00:00:00.321 . Memory (MB): peak = 3699.770 ; gain = 0.000
INFO: [Netlist 29-17] Analyzing 631 Unisim elements for replacement
INFO: [Netlist 29-28] Unisim Transformation completed in 0 CPU seconds
INFO: [Project 1-479] Netlist was created with Vivado 2020.1
INFO: [Project 1-570] Preparing netlist for logic optimization
INFO: [Chipscope 16-324] Core: uav_sar_i/system_ila_0/inst/ila_lib UUID: 1a383018-5598-5cd9-9b88-9c3d5a3cae0f 
Parsing XDC File [e:/vivado_axidma3/uav_sar.srcs/sources_1/bd/uav_sar/ip/uav_sar_zynq_ultra_ps_e_0_0/uav_sar_zynq_ultra_ps_e_0_0.xdc] for cell 'uav_sar_i/zynq_ultra_ps/inst'
Finished Parsing XDC File [e:/vivado_axidma3/uav_sar.srcs/sources_1/bd/uav_sar/ip/uav_sar_zynq_ultra_ps_e_0_0/uav_sar_zynq_ultra_ps_e_0_0.xdc] for cell 'uav_sar_i/zynq_ultra_ps/inst'
Parsing XDC File [e:/vivado_axidma3/uav_sar.srcs/sources_1/bd/uav_sar/ip/uav_sar_proc_sys_reset_0_0/uav_sar_proc_sys_reset_0_0_board.xdc] for cell 'uav_sar_i/zynq_ultra_pl/proc_sys_reset/U0'
Finished Parsing XDC File [e:/vivado_axidma3/uav_sar.srcs/sources_1/bd/uav_sar/ip/uav_sar_proc_sys_reset_0_0/uav_sar_proc_sys_reset_0_0_board.xdc] for cell 'uav_sar_i/zynq_ultra_pl/proc_sys_reset/U0'
Parsing XDC File [e:/vivado_axidma3/uav_sar.srcs/sources_1/bd/uav_sar/ip/uav_sar_proc_sys_reset_0_0/uav_sar_proc_sys_reset_0_0.xdc] for cell 'uav_sar_i/zynq_ultra_pl/proc_sys_reset/U0'
Finished Parsing XDC File [e:/vivado_axidma3/uav_sar.srcs/sources_1/bd/uav_sar/ip/uav_sar_proc_sys_reset_0_0/uav_sar_proc_sys_reset_0_0.xdc] for cell 'uav_sar_i/zynq_ultra_pl/proc_sys_reset/U0'
Parsing XDC File [e:/vivado_axidma3/uav_sar.srcs/sources_1/bd/uav_sar/ip/uav_sar_axi_dma_0_0/uav_sar_axi_dma_0_0.xdc] for cell 'uav_sar_i/zynq_ultra_pl/axi_dma/U0'
WARNING: [Vivado_Tcl 4-921] Waiver ID 'CDC-1' -to list should not be empty. [e:/vivado_axidma3/uav_sar.srcs/sources_1/bd/uav_sar/ip/uav_sar_axi_dma_0_0/uav_sar_axi_dma_0_0.xdc:52]
WARNING: [Vivado_Tcl 4-921] Waiver ID 'CDC-1' -to list should not be empty. [e:/vivado_axidma3/uav_sar.srcs/sources_1/bd/uav_sar/ip/uav_sar_axi_dma_0_0/uav_sar_axi_dma_0_0.xdc:56]
WARNING: [Vivado_Tcl 4-919] Waiver ID 'CDC-1' -from list should not be empty. [e:/vivado_axidma3/uav_sar.srcs/sources_1/bd/uav_sar/ip/uav_sar_axi_dma_0_0/uav_sar_axi_dma_0_0.xdc:61]
Finished Parsing XDC File [e:/vivado_axidma3/uav_sar.srcs/sources_1/bd/uav_sar/ip/uav_sar_axi_dma_0_0/uav_sar_axi_dma_0_0.xdc] for cell 'uav_sar_i/zynq_ultra_pl/axi_dma/U0'
Parsing XDC File [e:/vivado_axidma3/uav_sar.srcs/sources_1/bd/uav_sar/ip/uav_sar_clk_wiz_0_0/uav_sar_clk_wiz_0_0_board.xdc] for cell 'uav_sar_i/zynq_ultra_pl/clk_wiz/inst'
Finished Parsing XDC File [e:/vivado_axidma3/uav_sar.srcs/sources_1/bd/uav_sar/ip/uav_sar_clk_wiz_0_0/uav_sar_clk_wiz_0_0_board.xdc] for cell 'uav_sar_i/zynq_ultra_pl/clk_wiz/inst'
Parsing XDC File [e:/vivado_axidma3/uav_sar.srcs/sources_1/bd/uav_sar/ip/uav_sar_clk_wiz_0_0/uav_sar_clk_wiz_0_0.xdc] for cell 'uav_sar_i/zynq_ultra_pl/clk_wiz/inst'
INFO: [Timing 38-35] Done setting XDC timing constraints. [e:/vivado_axidma3/uav_sar.srcs/sources_1/bd/uav_sar/ip/uav_sar_clk_wiz_0_0/uav_sar_clk_wiz_0_0.xdc:57]
INFO: [Timing 38-2] Deriving generated clocks [e:/vivado_axidma3/uav_sar.srcs/sources_1/bd/uav_sar/ip/uav_sar_clk_wiz_0_0/uav_sar_clk_wiz_0_0.xdc:57]
Finished Parsing XDC File [e:/vivado_axidma3/uav_sar.srcs/sources_1/bd/uav_sar/ip/uav_sar_clk_wiz_0_0/uav_sar_clk_wiz_0_0.xdc] for cell 'uav_sar_i/zynq_ultra_pl/clk_wiz/inst'
Parsing XDC File [e:/vivado_axidma3/uav_sar.srcs/sources_1/bd/uav_sar/ip/uav_sar_util_ds_buf_0_0/uav_sar_util_ds_buf_0_0_board.xdc] for cell 'uav_sar_i/zynq_ultra_pl/util_ds_buf/U0'
Finished Parsing XDC File [e:/vivado_axidma3/uav_sar.srcs/sources_1/bd/uav_sar/ip/uav_sar_util_ds_buf_0_0/uav_sar_util_ds_buf_0_0_board.xdc] for cell 'uav_sar_i/zynq_ultra_pl/util_ds_buf/U0'
Parsing XDC File [e:/vivado_axidma3/uav_sar.srcs/sources_1/bd/uav_sar/ip/uav_sar_axi_dma_0_1/uav_sar_axi_dma_0_1.xdc] for cell 'uav_sar_i/zynq_ultra_pl/axi_dma_0/U0'
WARNING: [Vivado_Tcl 4-921] Waiver ID 'CDC-1' -to list should not be empty. [e:/vivado_axidma3/uav_sar.srcs/sources_1/bd/uav_sar/ip/uav_sar_axi_dma_0_1/uav_sar_axi_dma_0_1.xdc:52]
WARNING: [Vivado_Tcl 4-921] Waiver ID 'CDC-1' -to list should not be empty. [e:/vivado_axidma3/uav_sar.srcs/sources_1/bd/uav_sar/ip/uav_sar_axi_dma_0_1/uav_sar_axi_dma_0_1.xdc:56]
WARNING: [Vivado_Tcl 4-919] Waiver ID 'CDC-1' -from list should not be empty. [e:/vivado_axidma3/uav_sar.srcs/sources_1/bd/uav_sar/ip/uav_sar_axi_dma_0_1/uav_sar_axi_dma_0_1.xdc:61]
Finished Parsing XDC File [e:/vivado_axidma3/uav_sar.srcs/sources_1/bd/uav_sar/ip/uav_sar_axi_dma_0_1/uav_sar_axi_dma_0_1.xdc] for cell 'uav_sar_i/zynq_ultra_pl/axi_dma_0/U0'
Parsing XDC File [e:/vivado_axidma3/uav_sar.srcs/sources_1/bd/uav_sar/ip/uav_sar_uart_uav_data_0_4/src/fifo_generator_0/fifo_generator_0.xdc] for cell 'uav_sar_i/zynq_ultra_pl/uart_uav_data_0/inst/uart_uav_data_v1_0_S00_AXI_inst/u_uart_rx/fifo_async/U0'
Finished Parsing XDC File [e:/vivado_axidma3/uav_sar.srcs/sources_1/bd/uav_sar/ip/uav_sar_uart_uav_data_0_4/src/fifo_generator_0/fifo_generator_0.xdc] for cell 'uav_sar_i/zynq_ultra_pl/uart_uav_data_0/inst/uart_uav_data_v1_0_S00_AXI_inst/u_uart_rx/fifo_async/U0'
Parsing XDC File [e:/vivado_axidma3/uav_sar.srcs/sources_1/bd/uav_sar/ip/uav_sar_system_ila_0_0_1/bd_0/ip/ip_0/ila_v6_2/constraints/ila_impl.xdc] for cell 'uav_sar_i/system_ila_0/inst/ila_lib/inst'
Finished Parsing XDC File [e:/vivado_axidma3/uav_sar.srcs/sources_1/bd/uav_sar/ip/uav_sar_system_ila_0_0_1/bd_0/ip/ip_0/ila_v6_2/constraints/ila_impl.xdc] for cell 'uav_sar_i/system_ila_0/inst/ila_lib/inst'
Parsing XDC File [e:/vivado_axidma3/uav_sar.srcs/sources_1/bd/uav_sar/ip/uav_sar_system_ila_0_0_1/bd_0/ip/ip_0/ila_v6_2/constraints/ila.xdc] for cell 'uav_sar_i/system_ila_0/inst/ila_lib/inst'
Finished Parsing XDC File [e:/vivado_axidma3/uav_sar.srcs/sources_1/bd/uav_sar/ip/uav_sar_system_ila_0_0_1/bd_0/ip/ip_0/ila_v6_2/constraints/ila.xdc] for cell 'uav_sar_i/system_ila_0/inst/ila_lib/inst'
Parsing XDC File [E:/vivado_axidma3/uav_sar.srcs/constrs_1/new/system.xdc]
WARNING: [Vivado 12-508] No pins matched 'uav_sar_i/zynq_ultra_pl/clk_wiz/inst/mmcme4_adv_inst/CLKOUT0'. [E:/vivado_axidma3/uav_sar.srcs/constrs_1/new/system.xdc:174]
WARNING: [Vivado 12-1008] No clocks found for command 'get_clocks -of_objects [get_pins uav_sar_i/zynq_ultra_pl/clk_wiz/inst/mmcme4_adv_inst/CLKOUT0]'. [E:/vivado_axidma3/uav_sar.srcs/constrs_1/new/system.xdc:174]
Resolution: Verify the create_clock command was called to create the clock object before it is referenced.
INFO: [Vivado 12-626] No clocks found. Please use 'create_clock' or 'create_generated_clock' command to create clocks. [E:/vivado_axidma3/uav_sar.srcs/constrs_1/new/system.xdc:174]
CRITICAL WARNING: [Vivado 12-4739] set_false_path:No valid object(s) found for '-from [get_clocks -of_objects [get_pins uav_sar_i/zynq_ultra_pl/clk_wiz/inst/mmcme4_adv_inst/CLKOUT0]]'. [E:/vivado_axidma3/uav_sar.srcs/constrs_1/new/system.xdc:174]
Resolution: Check if the specified object(s) exists in the current design. If it does, ensure that the correct design hierarchy was specified for the object. If you are working with clocks, make sure create_clock was used to create the clock object before it is referenced.
WARNING: [Vivado 12-508] No pins matched 'uav_sar_i/zynq_ultra_pl/clk_wiz/inst/mmcme4_adv_inst/CLKOUT0'. [E:/vivado_axidma3/uav_sar.srcs/constrs_1/new/system.xdc:177]
WARNING: [Vivado 12-1008] No clocks found for command 'get_clocks -of_objects [get_pins uav_sar_i/zynq_ultra_pl/clk_wiz/inst/mmcme4_adv_inst/CLKOUT0]'. [E:/vivado_axidma3/uav_sar.srcs/constrs_1/new/system.xdc:177]
Resolution: Verify the create_clock command was called to create the clock object before it is referenced.
INFO: [Vivado 12-626] No clocks found. Please use 'create_clock' or 'create_generated_clock' command to create clocks. [E:/vivado_axidma3/uav_sar.srcs/constrs_1/new/system.xdc:177]
CRITICAL WARNING: [Vivado 12-4739] set_false_path:No valid object(s) found for '-to [get_clocks -of_objects [get_pins uav_sar_i/zynq_ultra_pl/clk_wiz/inst/mmcme4_adv_inst/CLKOUT0]]'. [E:/vivado_axidma3/uav_sar.srcs/constrs_1/new/system.xdc:177]
Resolution: Check if the specified object(s) exists in the current design. If it does, ensure that the correct design hierarchy was specified for the object. If you are working with clocks, make sure create_clock was used to create the clock object before it is referenced.
WARNING: [Vivado 12-584] No ports matched 'IBUF_DS_P_0[0]'. [E:/vivado_axidma3/uav_sar.srcs/constrs_1/new/system.xdc:277]
CRITICAL WARNING: [Common 17-55] 'set_property' expects at least one object. [E:/vivado_axidma3/uav_sar.srcs/constrs_1/new/system.xdc:277]
Resolution: If [get_<value>] was used to populate the object, check to make sure this command returns at least one valid object.
WARNING: [Vivado 12-584] No ports matched 'IBUF_DS_N_0[0]'. [E:/vivado_axidma3/uav_sar.srcs/constrs_1/new/system.xdc:278]
CRITICAL WARNING: [Common 17-55] 'set_property' expects at least one object. [E:/vivado_axidma3/uav_sar.srcs/constrs_1/new/system.xdc:278]
Resolution: If [get_<value>] was used to populate the object, check to make sure this command returns at least one valid object.
WARNING: [Vivado 12-584] No ports matched 'IBUF_DS_P_0[0]'. [E:/vivado_axidma3/uav_sar.srcs/constrs_1/new/system.xdc:279]
CRITICAL WARNING: [Common 17-55] 'set_property' expects at least one object. [E:/vivado_axidma3/uav_sar.srcs/constrs_1/new/system.xdc:279]
Resolution: If [get_<value>] was used to populate the object, check to make sure this command returns at least one valid object.
WARNING: [Vivado 12-584] No ports matched 'IBUF_DS_P_0[0]'. [E:/vivado_axidma3/uav_sar.srcs/constrs_1/new/system.xdc:280]
CRITICAL WARNING: [Common 17-55] 'set_property' expects at least one object. [E:/vivado_axidma3/uav_sar.srcs/constrs_1/new/system.xdc:280]
Resolution: If [get_<value>] was used to populate the object, check to make sure this command returns at least one valid object.
WARNING: [Vivado 12-507] No nets matched 'uav_sar_i/zynq_ultra_pl/axi_interconnect_0_M02_AXI_RDATA[12]'. [E:/vivado_axidma3/uav_sar.srcs/constrs_1/new/system.xdc:285]
CRITICAL WARNING: [Common 17-55] 'set_property' expects at least one object. [E:/vivado_axidma3/uav_sar.srcs/constrs_1/new/system.xdc:285]
Resolution: If [get_<value>] was used to populate the object, check to make sure this command returns at least one valid object.
WARNING: [Vivado 12-507] No nets matched 'uav_sar_i/zynq_ultra_pl/axi_interconnect_0_M02_AXI_AWPROT[0]'. [E:/vivado_axidma3/uav_sar.srcs/constrs_1/new/system.xdc:286]
CRITICAL WARNING: [Common 17-55] 'set_property' expects at least one object. [E:/vivado_axidma3/uav_sar.srcs/constrs_1/new/system.xdc:286]
Resolution: If [get_<value>] was used to populate the object, check to make sure this command returns at least one valid object.
WARNING: [Vivado 12-507] No nets matched 'uav_sar_i/zynq_ultra_pl/axi_interconnect_0_M02_AXI_RDATA[5]'. [E:/vivado_axidma3/uav_sar.srcs/constrs_1/new/system.xdc:287]
CRITICAL WARNING: [Common 17-55] 'set_property' expects at least one object. [E:/vivado_axidma3/uav_sar.srcs/constrs_1/new/system.xdc:287]
Resolution: If [get_<value>] was used to populate the object, check to make sure this command returns at least one valid object.
WARNING: [Vivado 12-507] No nets matched 'uav_sar_i/zynq_ultra_pl/axi_interconnect_0_M02_AXI_RDATA[6]'. [E:/vivado_axidma3/uav_sar.srcs/constrs_1/new/system.xdc:288]
CRITICAL WARNING: [Common 17-55] 'set_property' expects at least one object. [E:/vivado_axidma3/uav_sar.srcs/constrs_1/new/system.xdc:288]
Resolution: If [get_<value>] was used to populate the object, check to make sure this command returns at least one valid object.
WARNING: [Vivado 12-507] No nets matched 'uav_sar_i/zynq_ultra_pl/axi_interconnect_0_M02_AXI_RDATA[19]'. [E:/vivado_axidma3/uav_sar.srcs/constrs_1/new/system.xdc:289]
CRITICAL WARNING: [Common 17-55] 'set_property' expects at least one object. [E:/vivado_axidma3/uav_sar.srcs/constrs_1/new/system.xdc:289]
Resolution: If [get_<value>] was used to populate the object, check to make sure this command returns at least one valid object.
WARNING: [Vivado 12-507] No nets matched 'uav_sar_i/zynq_ultra_pl/axi_interconnect_0_M02_AXI_RDATA[17]'. [E:/vivado_axidma3/uav_sar.srcs/constrs_1/new/system.xdc:290]
CRITICAL WARNING: [Common 17-55] 'set_property' expects at least one object. [E:/vivado_axidma3/uav_sar.srcs/constrs_1/new/system.xdc:290]
Resolution: If [get_<value>] was used to populate the object, check to make sure this command returns at least one valid object.
WARNING: [Vivado 12-507] No nets matched 'uav_sar_i/zynq_ultra_pl/axi_interconnect_0_M02_AXI_WDATA[7]'. [E:/vivado_axidma3/uav_sar.srcs/constrs_1/new/system.xdc:291]
CRITICAL WARNING: [Common 17-55] 'set_property' expects at least one object. [E:/vivado_axidma3/uav_sar.srcs/constrs_1/new/system.xdc:291]
Resolution: If [get_<value>] was used to populate the object, check to make sure this command returns at least one valid object.
WARNING: [Vivado 12-507] No nets matched 'uav_sar_i/zynq_ultra_pl/axi_interconnect_0_M02_AXI_WDATA[9]'. [E:/vivado_axidma3/uav_sar.srcs/constrs_1/new/system.xdc:292]
CRITICAL WARNING: [Common 17-55] 'set_property' expects at least one object. [E:/vivado_axidma3/uav_sar.srcs/constrs_1/new/system.xdc:292]
Resolution: If [get_<value>] was used to populate the object, check to make sure this command returns at least one valid object.
WARNING: [Vivado 12-507] No nets matched 'uav_sar_i/zynq_ultra_pl/axi_interconnect_0_M02_AXI_WDATA[14]'. [E:/vivado_axidma3/uav_sar.srcs/constrs_1/new/system.xdc:293]
CRITICAL WARNING: [Common 17-55] 'set_property' expects at least one object. [E:/vivado_axidma3/uav_sar.srcs/constrs_1/new/system.xdc:293]
Resolution: If [get_<value>] was used to populate the object, check to make sure this command returns at least one valid object.
WARNING: [Vivado 12-507] No nets matched 'uav_sar_i/zynq_ultra_pl/axi_interconnect_0_M02_AXI_WSTRB[2]'. [E:/vivado_axidma3/uav_sar.srcs/constrs_1/new/system.xdc:294]
CRITICAL WARNING: [Common 17-55] 'set_property' expects at least one object. [E:/vivado_axidma3/uav_sar.srcs/constrs_1/new/system.xdc:294]
Resolution: If [get_<value>] was used to populate the object, check to make sure this command returns at least one valid object.
WARNING: [Vivado 12-507] No nets matched 'uav_sar_i/zynq_ultra_pl/axi_interconnect_0_M02_AXI_WDATA[16]'. [E:/vivado_axidma3/uav_sar.srcs/constrs_1/new/system.xdc:295]
CRITICAL WARNING: [Common 17-55] 'set_property' expects at least one object. [E:/vivado_axidma3/uav_sar.srcs/constrs_1/new/system.xdc:295]
Resolution: If [get_<value>] was used to populate the object, check to make sure this command returns at least one valid object.
WARNING: [Vivado 12-507] No nets matched 'uav_sar_i/zynq_ultra_pl/axi_interconnect_0_M02_AXI_AWADDR[2]'. [E:/vivado_axidma3/uav_sar.srcs/constrs_1/new/system.xdc:296]
CRITICAL WARNING: [Common 17-55] 'set_property' expects at least one object. [E:/vivado_axidma3/uav_sar.srcs/constrs_1/new/system.xdc:296]
Resolution: If [get_<value>] was used to populate the object, check to make sure this command returns at least one valid object.
WARNING: [Vivado 12-507] No nets matched 'uav_sar_i/zynq_ultra_pl/axi_interconnect_0_M02_AXI_RDATA[23]'. [E:/vivado_axidma3/uav_sar.srcs/constrs_1/new/system.xdc:297]
CRITICAL WARNING: [Common 17-55] 'set_property' expects at least one object. [E:/vivado_axidma3/uav_sar.srcs/constrs_1/new/system.xdc:297]
Resolution: If [get_<value>] was used to populate the object, check to make sure this command returns at least one valid object.
WARNING: [Vivado 12-507] No nets matched 'uav_sar_i/zynq_ultra_pl/axi_interconnect_0_M02_AXI_RDATA[25]'. [E:/vivado_axidma3/uav_sar.srcs/constrs_1/new/system.xdc:298]
CRITICAL WARNING: [Common 17-55] 'set_property' expects at least one object. [E:/vivado_axidma3/uav_sar.srcs/constrs_1/new/system.xdc:298]
Resolution: If [get_<value>] was used to populate the object, check to make sure this command returns at least one valid object.
WARNING: [Vivado 12-507] No nets matched 'uav_sar_i/zynq_ultra_pl/axi_interconnect_0_M02_AXI_ARPROT[2]'. [E:/vivado_axidma3/uav_sar.srcs/constrs_1/new/system.xdc:299]
CRITICAL WARNING: [Common 17-55] 'set_property' expects at least one object. [E:/vivado_axidma3/uav_sar.srcs/constrs_1/new/system.xdc:299]
Resolution: If [get_<value>] was used to populate the object, check to make sure this command returns at least one valid object.
WARNING: [Vivado 12-507] No nets matched 'uav_sar_i/zynq_ultra_pl/axi_interconnect_0_M02_AXI_BRESP[1]'. [E:/vivado_axidma3/uav_sar.srcs/constrs_1/new/system.xdc:300]
CRITICAL WARNING: [Common 17-55] 'set_property' expects at least one object. [E:/vivado_axidma3/uav_sar.srcs/constrs_1/new/system.xdc:300]
Resolution: If [get_<value>] was used to populate the object, check to make sure this command returns at least one valid object.
WARNING: [Vivado 12-507] No nets matched 'uav_sar_i/zynq_ultra_pl/axi_interconnect_0_M02_AXI_RDATA[30]'. [E:/vivado_axidma3/uav_sar.srcs/constrs_1/new/system.xdc:301]
CRITICAL WARNING: [Common 17-55] 'set_property' expects at least one object. [E:/vivado_axidma3/uav_sar.srcs/constrs_1/new/system.xdc:301]
Resolution: If [get_<value>] was used to populate the object, check to make sure this command returns at least one valid object.
WARNING: [Vivado 12-507] No nets matched 'uav_sar_i/zynq_ultra_pl/axi_interconnect_0_M02_AXI_WDATA[11]'. [E:/vivado_axidma3/uav_sar.srcs/constrs_1/new/system.xdc:302]
CRITICAL WARNING: [Common 17-55] 'set_property' expects at least one object. [E:/vivado_axidma3/uav_sar.srcs/constrs_1/new/system.xdc:302]
Resolution: If [get_<value>] was used to populate the object, check to make sure this command returns at least one valid object.
WARNING: [Vivado 12-507] No nets matched 'uav_sar_i/zynq_ultra_pl/axi_interconnect_0_M02_AXI_WDATA[21]'. [E:/vivado_axidma3/uav_sar.srcs/constrs_1/new/system.xdc:303]
CRITICAL WARNING: [Common 17-55] 'set_property' expects at least one object. [E:/vivado_axidma3/uav_sar.srcs/constrs_1/new/system.xdc:303]
Resolution: If [get_<value>] was used to populate the object, check to make sure this command returns at least one valid object.
WARNING: [Vivado 12-507] No nets matched 'uav_sar_i/zynq_ultra_pl/axi_interconnect_0_M02_AXI_WDATA[27]'. [E:/vivado_axidma3/uav_sar.srcs/constrs_1/new/system.xdc:304]
CRITICAL WARNING: [Common 17-55] 'set_property' expects at least one object. [E:/vivado_axidma3/uav_sar.srcs/constrs_1/new/system.xdc:304]
Resolution: If [get_<value>] was used to populate the object, check to make sure this command returns at least one valid object.
WARNING: [Vivado 12-507] No nets matched 'uav_sar_i/zynq_ultra_pl/axi_interconnect_0_M02_AXI_WDATA[22]'. [E:/vivado_axidma3/uav_sar.srcs/constrs_1/new/system.xdc:305]
CRITICAL WARNING: [Common 17-55] 'set_property' expects at least one object. [E:/vivado_axidma3/uav_sar.srcs/constrs_1/new/system.xdc:305]
Resolution: If [get_<value>] was used to populate the object, check to make sure this command returns at least one valid object.
WARNING: [Vivado 12-507] No nets matched 'uav_sar_i/zynq_ultra_pl/axi_interconnect_0_M02_AXI_RDATA[4]'. [E:/vivado_axidma3/uav_sar.srcs/constrs_1/new/system.xdc:306]
CRITICAL WARNING: [Common 17-55] 'set_property' expects at least one object. [E:/vivado_axidma3/uav_sar.srcs/constrs_1/new/system.xdc:306]
Resolution: If [get_<value>] was used to populate the object, check to make sure this command returns at least one valid object.
WARNING: [Vivado 12-507] No nets matched 'uav_sar_i/zynq_ultra_pl/axi_interconnect_0_M02_AXI_AWADDR[3]'. [E:/vivado_axidma3/uav_sar.srcs/constrs_1/new/system.xdc:307]
CRITICAL WARNING: [Common 17-55] 'set_property' expects at least one object. [E:/vivado_axidma3/uav_sar.srcs/constrs_1/new/system.xdc:307]
Resolution: If [get_<value>] was used to populate the object, check to make sure this command returns at least one valid object.
WARNING: [Vivado 12-507] No nets matched 'uav_sar_i/zynq_ultra_pl/axi_interconnect_0_M02_AXI_ARADDR[1]'. [E:/vivado_axidma3/uav_sar.srcs/constrs_1/new/system.xdc:308]
CRITICAL WARNING: [Common 17-55] 'set_property' expects at least one object. [E:/vivado_axidma3/uav_sar.srcs/constrs_1/new/system.xdc:308]
Resolution: If [get_<value>] was used to populate the object, check to make sure this command returns at least one valid object.
WARNING: [Vivado 12-507] No nets matched 'uav_sar_i/zynq_ultra_pl/axi_interconnect_0_M02_AXI_AWADDR[1]'. [E:/vivado_axidma3/uav_sar.srcs/constrs_1/new/system.xdc:309]
CRITICAL WARNING: [Common 17-55] 'set_property' expects at least one object. [E:/vivado_axidma3/uav_sar.srcs/constrs_1/new/system.xdc:309]
Resolution: If [get_<value>] was used to populate the object, check to make sure this command returns at least one valid object.
WARNING: [Vivado 12-507] No nets matched 'uav_sar_i/zynq_ultra_pl/axi_interconnect_0_M02_AXI_RDATA[2]'. [E:/vivado_axidma3/uav_sar.srcs/constrs_1/new/system.xdc:310]
CRITICAL WARNING: [Common 17-55] 'set_property' expects at least one object. [E:/vivado_axidma3/uav_sar.srcs/constrs_1/new/system.xdc:310]
Resolution: If [get_<value>] was used to populate the object, check to make sure this command returns at least one valid object.
WARNING: [Vivado 12-507] No nets matched 'uav_sar_i/zynq_ultra_pl/axi_interconnect_0_M02_AXI_RDATA[14]'. [E:/vivado_axidma3/uav_sar.srcs/constrs_1/new/system.xdc:311]
CRITICAL WARNING: [Common 17-55] 'set_property' expects at least one object. [E:/vivado_axidma3/uav_sar.srcs/constrs_1/new/system.xdc:311]
Resolution: If [get_<value>] was used to populate the object, check to make sure this command returns at least one valid object.
WARNING: [Vivado 12-507] No nets matched 'uav_sar_i/zynq_ultra_pl/axi_interconnect_0_M02_AXI_RRESP[1]'. [E:/vivado_axidma3/uav_sar.srcs/constrs_1/new/system.xdc:312]
CRITICAL WARNING: [Common 17-55] 'set_property' expects at least one object. [E:/vivado_axidma3/uav_sar.srcs/constrs_1/new/system.xdc:312]
Resolution: If [get_<value>] was used to populate the object, check to make sure this command returns at least one valid object.
WARNING: [Vivado 12-507] No nets matched 'uav_sar_i/zynq_ultra_pl/axi_interconnect_0_M02_AXI_WDATA[1]'. [E:/vivado_axidma3/uav_sar.srcs/constrs_1/new/system.xdc:313]
CRITICAL WARNING: [Common 17-55] 'set_property' expects at least one object. [E:/vivado_axidma3/uav_sar.srcs/constrs_1/new/system.xdc:313]
Resolution: If [get_<value>] was used to populate the object, check to make sure this command returns at least one valid object.
WARNING: [Vivado 12-507] No nets matched 'uav_sar_i/zynq_ultra_pl/axi_interconnect_0_M02_AXI_WDATA[12]'. [E:/vivado_axidma3/uav_sar.srcs/constrs_1/new/system.xdc:314]
CRITICAL WARNING: [Common 17-55] 'set_property' expects at least one object. [E:/vivado_axidma3/uav_sar.srcs/constrs_1/new/system.xdc:314]
Resolution: If [get_<value>] was used to populate the object, check to make sure this command returns at least one valid object.
WARNING: [Vivado 12-507] No nets matched 'uav_sar_i/zynq_ultra_pl/axi_interconnect_0_M02_AXI_WSTRB[3]'. [E:/vivado_axidma3/uav_sar.srcs/constrs_1/new/system.xdc:315]
CRITICAL WARNING: [Common 17-55] 'set_property' expects at least one object. [E:/vivado_axidma3/uav_sar.srcs/constrs_1/new/system.xdc:315]
Resolution: If [get_<value>] was used to populate the object, check to make sure this command returns at least one valid object.
WARNING: [Vivado 12-507] No nets matched 'uav_sar_i/zynq_ultra_pl/axi_interconnect_0_M02_AXI_ARPROT[1]'. [E:/vivado_axidma3/uav_sar.srcs/constrs_1/new/system.xdc:316]
CRITICAL WARNING: [Common 17-55] 'set_property' expects at least one object. [E:/vivado_axidma3/uav_sar.srcs/constrs_1/new/system.xdc:316]
Resolution: If [get_<value>] was used to populate the object, check to make sure this command returns at least one valid object.
WARNING: [Vivado 12-507] No nets matched 'uav_sar_i/zynq_ultra_pl/axi_interconnect_0_M02_AXI_ARADDR[3]'. [E:/vivado_axidma3/uav_sar.srcs/constrs_1/new/system.xdc:317]
CRITICAL WARNING: [Common 17-55] 'set_property' expects at least one object. [E:/vivado_axidma3/uav_sar.srcs/constrs_1/new/system.xdc:317]
Resolution: If [get_<value>] was used to populate the object, check to make sure this command returns at least one valid object.
WARNING: [Vivado 12-507] No nets matched 'uav_sar_i/zynq_ultra_pl/axi_interconnect_0_M02_AXI_RDATA[9]'. [E:/vivado_axidma3/uav_sar.srcs/constrs_1/new/system.xdc:318]
CRITICAL WARNING: [Common 17-55] 'set_property' expects at least one object. [E:/vivado_axidma3/uav_sar.srcs/constrs_1/new/system.xdc:318]
Resolution: If [get_<value>] was used to populate the object, check to make sure this command returns at least one valid object.
WARNING: [Vivado 12-507] No nets matched 'uav_sar_i/zynq_ultra_pl/axi_interconnect_0_M02_AXI_RDATA[15]'. [E:/vivado_axidma3/uav_sar.srcs/constrs_1/new/system.xdc:319]
CRITICAL WARNING: [Common 17-55] 'set_property' expects at least one object. [E:/vivado_axidma3/uav_sar.srcs/constrs_1/new/system.xdc:319]
Resolution: If [get_<value>] was used to populate the object, check to make sure this command returns at least one valid object.
WARNING: [Vivado 12-507] No nets matched 'uav_sar_i/zynq_ultra_pl/axi_interconnect_0_M02_AXI_RDATA[18]'. [E:/vivado_axidma3/uav_sar.srcs/constrs_1/new/system.xdc:320]
CRITICAL WARNING: [Common 17-55] 'set_property' expects at least one object. [E:/vivado_axidma3/uav_sar.srcs/constrs_1/new/system.xdc:320]
Resolution: If [get_<value>] was used to populate the object, check to make sure this command returns at least one valid object.
WARNING: [Vivado 12-507] No nets matched 'uav_sar_i/zynq_ultra_pl/axi_interconnect_0_M02_AXI_RDATA[22]'. [E:/vivado_axidma3/uav_sar.srcs/constrs_1/new/system.xdc:321]
CRITICAL WARNING: [Common 17-55] 'set_property' expects at least one object. [E:/vivado_axidma3/uav_sar.srcs/constrs_1/new/system.xdc:321]
Resolution: If [get_<value>] was used to populate the object, check to make sure this command returns at least one valid object.
WARNING: [Vivado 12-507] No nets matched 'uav_sar_i/zynq_ultra_pl/axi_interconnect_0_M02_AXI_WDATA[8]'. [E:/vivado_axidma3/uav_sar.srcs/constrs_1/new/system.xdc:322]
CRITICAL WARNING: [Common 17-55] 'set_property' expects at least one object. [E:/vivado_axidma3/uav_sar.srcs/constrs_1/new/system.xdc:322]
Resolution: If [get_<value>] was used to populate the object, check to make sure this command returns at least one valid object.
WARNING: [Vivado 12-507] No nets matched 'uav_sar_i/zynq_ultra_pl/axi_interconnect_0_M02_AXI_WDATA[31]'. [E:/vivado_axidma3/uav_sar.srcs/constrs_1/new/system.xdc:323]
CRITICAL WARNING: [Common 17-55] 'set_property' expects at least one object. [E:/vivado_axidma3/uav_sar.srcs/constrs_1/new/system.xdc:323]
Resolution: If [get_<value>] was used to populate the object, check to make sure this command returns at least one valid object.
WARNING: [Vivado 12-507] No nets matched 'uav_sar_i/zynq_ultra_pl/axi_interconnect_0_M02_AXI_WDATA[18]'. [E:/vivado_axidma3/uav_sar.srcs/constrs_1/new/system.xdc:324]
CRITICAL WARNING: [Common 17-55] 'set_property' expects at least one object. [E:/vivado_axidma3/uav_sar.srcs/constrs_1/new/system.xdc:324]
Resolution: If [get_<value>] was used to populate the object, check to make sure this command returns at least one valid object.
WARNING: [Vivado 12-507] No nets matched 'uav_sar_i/zynq_ultra_pl/axi_interconnect_0_M02_AXI_WDATA[23]'. [E:/vivado_axidma3/uav_sar.srcs/constrs_1/new/system.xdc:325]
CRITICAL WARNING: [Common 17-55] 'set_property' expects at least one object. [E:/vivado_axidma3/uav_sar.srcs/constrs_1/new/system.xdc:325]
Resolution: If [get_<value>] was used to populate the object, check to make sure this command returns at least one valid object.
WARNING: [Vivado 12-507] No nets matched 'uav_sar_i/zynq_ultra_pl/axi_interconnect_0_M02_AXI_RDATA[20]'. [E:/vivado_axidma3/uav_sar.srcs/constrs_1/new/system.xdc:326]
CRITICAL WARNING: [Common 17-55] 'set_property' expects at least one object. [E:/vivado_axidma3/uav_sar.srcs/constrs_1/new/system.xdc:326]
Resolution: If [get_<value>] was used to populate the object, check to make sure this command returns at least one valid object.
WARNING: [Vivado 12-507] No nets matched 'uav_sar_i/zynq_ultra_pl/axi_interconnect_0_M02_AXI_ARADDR[2]'. [E:/vivado_axidma3/uav_sar.srcs/constrs_1/new/system.xdc:327]
CRITICAL WARNING: [Common 17-55] 'set_property' expects at least one object. [E:/vivado_axidma3/uav_sar.srcs/constrs_1/new/system.xdc:327]
Resolution: If [get_<value>] was used to populate the object, check to make sure this command returns at least one valid object.
WARNING: [Vivado 12-507] No nets matched 'uav_sar_i/zynq_ultra_pl/axi_interconnect_0_M02_AXI_AWPROT[2]'. [E:/vivado_axidma3/uav_sar.srcs/constrs_1/new/system.xdc:328]
CRITICAL WARNING: [Common 17-55] 'set_property' expects at least one object. [E:/vivado_axidma3/uav_sar.srcs/constrs_1/new/system.xdc:328]
Resolution: If [get_<value>] was used to populate the object, check to make sure this command returns at least one valid object.
WARNING: [Vivado 12-507] No nets matched 'uav_sar_i/zynq_ultra_pl/axi_interconnect_0_M02_AXI_BRESP[0]'. [E:/vivado_axidma3/uav_sar.srcs/constrs_1/new/system.xdc:329]
CRITICAL WARNING: [Common 17-55] 'set_property' expects at least one object. [E:/vivado_axidma3/uav_sar.srcs/constrs_1/new/system.xdc:329]
Resolution: If [get_<value>] was used to populate the object, check to make sure this command returns at least one valid object.
WARNING: [Vivado 12-507] No nets matched 'uav_sar_i/zynq_ultra_pl/axi_interconnect_0_M02_AXI_WSTRB[0]'. [E:/vivado_axidma3/uav_sar.srcs/constrs_1/new/system.xdc:330]
CRITICAL WARNING: [Common 17-55] 'set_property' expects at least one object. [E:/vivado_axidma3/uav_sar.srcs/constrs_1/new/system.xdc:330]
Resolution: If [get_<value>] was used to populate the object, check to make sure this command returns at least one valid object.
WARNING: [Vivado 12-507] No nets matched 'uav_sar_i/zynq_ultra_pl/axi_interconnect_0_M02_AXI_WDATA[3]'. [E:/vivado_axidma3/uav_sar.srcs/constrs_1/new/system.xdc:331]
CRITICAL WARNING: [Common 17-55] 'set_property' expects at least one object. [E:/vivado_axidma3/uav_sar.srcs/constrs_1/new/system.xdc:331]
Resolution: If [get_<value>] was used to populate the object, check to make sure this command returns at least one valid object.
WARNING: [Vivado 12-507] No nets matched 'uav_sar_i/zynq_ultra_pl/axi_interconnect_0_M02_AXI_WDATA[15]'. [E:/vivado_axidma3/uav_sar.srcs/constrs_1/new/system.xdc:332]
CRITICAL WARNING: [Common 17-55] 'set_property' expects at least one object. [E:/vivado_axidma3/uav_sar.srcs/constrs_1/new/system.xdc:332]
Resolution: If [get_<value>] was used to populate the object, check to make sure this command returns at least one valid object.
WARNING: [Vivado 12-507] No nets matched 'uav_sar_i/zynq_ultra_pl/axi_interconnect_0_M02_AXI_WDATA[26]'. [E:/vivado_axidma3/uav_sar.srcs/constrs_1/new/system.xdc:333]
CRITICAL WARNING: [Common 17-55] 'set_property' expects at least one object. [E:/vivado_axidma3/uav_sar.srcs/constrs_1/new/system.xdc:333]
Resolution: If [get_<value>] was used to populate the object, check to make sure this command returns at least one valid object.
WARNING: [Vivado 12-507] No nets matched 'uav_sar_i/zynq_ultra_pl/axi_interconnect_0_M02_AXI_WDATA[29]'. [E:/vivado_axidma3/uav_sar.srcs/constrs_1/new/system.xdc:334]
CRITICAL WARNING: [Common 17-55] 'set_property' expects at least one object. [E:/vivado_axidma3/uav_sar.srcs/constrs_1/new/system.xdc:334]
Resolution: If [get_<value>] was used to populate the object, check to make sure this command returns at least one valid object.
WARNING: [Vivado 12-507] No nets matched 'uav_sar_i/zynq_ultra_pl/axi_interconnect_0_M02_AXI_RDATA[11]'. [E:/vivado_axidma3/uav_sar.srcs/constrs_1/new/system.xdc:335]
CRITICAL WARNING: [Common 17-55] 'set_property' expects at least one object. [E:/vivado_axidma3/uav_sar.srcs/constrs_1/new/system.xdc:335]
Resolution: If [get_<value>] was used to populate the object, check to make sure this command returns at least one valid object.
WARNING: [Vivado 12-507] No nets matched 'uav_sar_i/zynq_ultra_pl/axi_interconnect_0_M02_AXI_RRESP[0]'. [E:/vivado_axidma3/uav_sar.srcs/constrs_1/new/system.xdc:336]
CRITICAL WARNING: [Common 17-55] 'set_property' expects at least one object. [E:/vivado_axidma3/uav_sar.srcs/constrs_1/new/system.xdc:336]
Resolution: If [get_<value>] was used to populate the object, check to make sure this command returns at least one valid object.
WARNING: [Vivado 12-507] No nets matched 'uav_sar_i/zynq_ultra_pl/axi_interconnect_0_M02_AXI_RDATA[27]'. [E:/vivado_axidma3/uav_sar.srcs/constrs_1/new/system.xdc:337]
CRITICAL WARNING: [Common 17-55] 'set_property' expects at least one object. [E:/vivado_axidma3/uav_sar.srcs/constrs_1/new/system.xdc:337]
Resolution: If [get_<value>] was used to populate the object, check to make sure this command returns at least one valid object.
WARNING: [Vivado 12-507] No nets matched 'uav_sar_i/zynq_ultra_pl/axi_interconnect_0_M02_AXI_RDATA[29]'. [E:/vivado_axidma3/uav_sar.srcs/constrs_1/new/system.xdc:338]
CRITICAL WARNING: [Common 17-55] 'set_property' expects at least one object. [E:/vivado_axidma3/uav_sar.srcs/constrs_1/new/system.xdc:338]
Resolution: If [get_<value>] was used to populate the object, check to make sure this command returns at least one valid object.
WARNING: [Vivado 12-507] No nets matched 'uav_sar_i/zynq_ultra_pl/axi_interconnect_0_M02_AXI_RDATA[1]'. [E:/vivado_axidma3/uav_sar.srcs/constrs_1/new/system.xdc:339]
CRITICAL WARNING: [Common 17-55] 'set_property' expects at least one object. [E:/vivado_axidma3/uav_sar.srcs/constrs_1/new/system.xdc:339]
Resolution: If [get_<value>] was used to populate the object, check to make sure this command returns at least one valid object.
WARNING: [Vivado 12-507] No nets matched 'uav_sar_i/zynq_ultra_pl/axi_interconnect_0_M02_AXI_RDATA[13]'. [E:/vivado_axidma3/uav_sar.srcs/constrs_1/new/system.xdc:340]
CRITICAL WARNING: [Common 17-55] 'set_property' expects at least one object. [E:/vivado_axidma3/uav_sar.srcs/constrs_1/new/system.xdc:340]
Resolution: If [get_<value>] was used to populate the object, check to make sure this command returns at least one valid object.
WARNING: [Vivado 12-507] No nets matched 'uav_sar_i/zynq_ultra_pl/axi_interconnect_0_M02_AXI_ARADDR[0]'. [E:/vivado_axidma3/uav_sar.srcs/constrs_1/new/system.xdc:341]
CRITICAL WARNING: [Common 17-55] 'set_property' expects at least one object. [E:/vivado_axidma3/uav_sar.srcs/constrs_1/new/system.xdc:341]
Resolution: If [get_<value>] was used to populate the object, check to make sure this command returns at least one valid object.
WARNING: [Vivado 12-507] No nets matched 'uav_sar_i/zynq_ultra_pl/axi_interconnect_0_M02_AXI_ARPROT[0]'. [E:/vivado_axidma3/uav_sar.srcs/constrs_1/new/system.xdc:342]
CRITICAL WARNING: [Common 17-55] 'set_property' expects at least one object. [E:/vivado_axidma3/uav_sar.srcs/constrs_1/new/system.xdc:342]
Resolution: If [get_<value>] was used to populate the object, check to make sure this command returns at least one valid object.
WARNING: [Vivado 12-507] No nets matched 'uav_sar_i/zynq_ultra_pl/axi_interconnect_0_M02_AXI_WDATA[2]'. [E:/vivado_axidma3/uav_sar.srcs/constrs_1/new/system.xdc:343]
CRITICAL WARNING: [Common 17-55] 'set_property' expects at least one object. [E:/vivado_axidma3/uav_sar.srcs/constrs_1/new/system.xdc:343]
Resolution: If [get_<value>] was used to populate the object, check to make sure this command returns at least one valid object.
WARNING: [Vivado 12-507] No nets matched 'uav_sar_i/zynq_ultra_pl/axi_interconnect_0_M02_AXI_AWADDR[0]'. [E:/vivado_axidma3/uav_sar.srcs/constrs_1/new/system.xdc:344]
CRITICAL WARNING: [Common 17-55] 'set_property' expects at least one object. [E:/vivado_axidma3/uav_sar.srcs/constrs_1/new/system.xdc:344]
Resolution: If [get_<value>] was used to populate the object, check to make sure this command returns at least one valid object.
WARNING: [Vivado 12-507] No nets matched 'uav_sar_i/zynq_ultra_pl/axi_interconnect_0_M02_AXI_WDATA[20]'. [E:/vivado_axidma3/uav_sar.srcs/constrs_1/new/system.xdc:345]
CRITICAL WARNING: [Common 17-55] 'set_property' expects at least one object. [E:/vivado_axidma3/uav_sar.srcs/constrs_1/new/system.xdc:345]
Resolution: If [get_<value>] was used to populate the object, check to make sure this command returns at least one valid object.
WARNING: [Vivado 12-507] No nets matched 'uav_sar_i/zynq_ultra_pl/axi_interconnect_0_M02_AXI_WDATA[5]'. [E:/vivado_axidma3/uav_sar.srcs/constrs_1/new/system.xdc:346]
CRITICAL WARNING: [Common 17-55] 'set_property' expects at least one object. [E:/vivado_axidma3/uav_sar.srcs/constrs_1/new/system.xdc:346]
Resolution: If [get_<value>] was used to populate the object, check to make sure this command returns at least one valid object.
WARNING: [Vivado 12-507] No nets matched 'uav_sar_i/zynq_ultra_pl/axi_interconnect_0_M02_AXI_WDATA[10]'. [E:/vivado_axidma3/uav_sar.srcs/constrs_1/new/system.xdc:347]
CRITICAL WARNING: [Common 17-55] 'set_property' expects at least one object. [E:/vivado_axidma3/uav_sar.srcs/constrs_1/new/system.xdc:347]
Resolution: If [get_<value>] was used to populate the object, check to make sure this command returns at least one valid object.
WARNING: [Vivado 12-507] No nets matched 'uav_sar_i/zynq_ultra_pl/axi_interconnect_0_M02_AXI_WDATA[19]'. [E:/vivado_axidma3/uav_sar.srcs/constrs_1/new/system.xdc:348]
CRITICAL WARNING: [Common 17-55] 'set_property' expects at least one object. [E:/vivado_axidma3/uav_sar.srcs/constrs_1/new/system.xdc:348]
Resolution: If [get_<value>] was used to populate the object, check to make sure this command returns at least one valid object.
WARNING: [Vivado 12-507] No nets matched 'uav_sar_i/zynq_ultra_pl/axi_interconnect_0_M02_AXI_WDATA[30]'. [E:/vivado_axidma3/uav_sar.srcs/constrs_1/new/system.xdc:349]
CRITICAL WARNING: [Common 17-55] 'set_property' expects at least one object. [E:/vivado_axidma3/uav_sar.srcs/constrs_1/new/system.xdc:349]
Resolution: If [get_<value>] was used to populate the object, check to make sure this command returns at least one valid object.
WARNING: [Vivado 12-507] No nets matched 'uav_sar_i/zynq_ultra_pl/axi_interconnect_0_M02_AXI_RDATA[7]'. [E:/vivado_axidma3/uav_sar.srcs/constrs_1/new/system.xdc:350]
CRITICAL WARNING: [Common 17-55] 'set_property' expects at least one object. [E:/vivado_axidma3/uav_sar.srcs/constrs_1/new/system.xdc:350]
Resolution: If [get_<value>] was used to populate the object, check to make sure this command returns at least one valid object.
WARNING: [Vivado 12-507] No nets matched 'uav_sar_i/zynq_ultra_pl/axi_interconnect_0_M02_AXI_RDATA[8]'. [E:/vivado_axidma3/uav_sar.srcs/constrs_1/new/system.xdc:351]
CRITICAL WARNING: [Common 17-55] 'set_property' expects at least one object. [E:/vivado_axidma3/uav_sar.srcs/constrs_1/new/system.xdc:351]
Resolution: If [get_<value>] was used to populate the object, check to make sure this command returns at least one valid object.
WARNING: [Vivado 12-507] No nets matched 'uav_sar_i/zynq_ultra_pl/axi_interconnect_0_M02_AXI_RDATA[24]'. [E:/vivado_axidma3/uav_sar.srcs/constrs_1/new/system.xdc:352]
CRITICAL WARNING: [Common 17-55] 'set_property' expects at least one object. [E:/vivado_axidma3/uav_sar.srcs/constrs_1/new/system.xdc:352]
Resolution: If [get_<value>] was used to populate the object, check to make sure this command returns at least one valid object.
WARNING: [Vivado 12-507] No nets matched 'uav_sar_i/zynq_ultra_pl/axi_interconnect_0_M02_AXI_RDATA[0]'. [E:/vivado_axidma3/uav_sar.srcs/constrs_1/new/system.xdc:353]
CRITICAL WARNING: [Common 17-55] 'set_property' expects at least one object. [E:/vivado_axidma3/uav_sar.srcs/constrs_1/new/system.xdc:353]
Resolution: If [get_<value>] was used to populate the object, check to make sure this command returns at least one valid object.
WARNING: [Vivado 12-507] No nets matched 'uav_sar_i/zynq_ultra_pl/axi_interconnect_0_M02_AXI_RDATA[10]'. [E:/vivado_axidma3/uav_sar.srcs/constrs_1/new/system.xdc:354]
CRITICAL WARNING: [Common 17-55] 'set_property' expects at least one object. [E:/vivado_axidma3/uav_sar.srcs/constrs_1/new/system.xdc:354]
Resolution: If [get_<value>] was used to populate the object, check to make sure this command returns at least one valid object.
WARNING: [Vivado 12-507] No nets matched 'uav_sar_i/zynq_ultra_pl/axi_interconnect_0_M02_AXI_RDATA[26]'. [E:/vivado_axidma3/uav_sar.srcs/constrs_1/new/system.xdc:355]
CRITICAL WARNING: [Common 17-55] 'set_property' expects at least one object. [E:/vivado_axidma3/uav_sar.srcs/constrs_1/new/system.xdc:355]
Resolution: If [get_<value>] was used to populate the object, check to make sure this command returns at least one valid object.
WARNING: [Vivado 12-507] No nets matched 'uav_sar_i/zynq_ultra_pl/axi_interconnect_0_M02_AXI_RDATA[21]'. [E:/vivado_axidma3/uav_sar.srcs/constrs_1/new/system.xdc:356]
CRITICAL WARNING: [Common 17-55] 'set_property' expects at least one object. [E:/vivado_axidma3/uav_sar.srcs/constrs_1/new/system.xdc:356]
Resolution: If [get_<value>] was used to populate the object, check to make sure this command returns at least one valid object.
WARNING: [Vivado 12-507] No nets matched 'uav_sar_i/zynq_ultra_pl/axi_interconnect_0_M02_AXI_WDATA[17]'. [E:/vivado_axidma3/uav_sar.srcs/constrs_1/new/system.xdc:357]
CRITICAL WARNING: [Common 17-55] 'set_property' expects at least one object. [E:/vivado_axidma3/uav_sar.srcs/constrs_1/new/system.xdc:357]
Resolution: If [get_<value>] was used to populate the object, check to make sure this command returns at least one valid object.
WARNING: [Vivado 12-507] No nets matched 'uav_sar_i/zynq_ultra_pl/axi_interconnect_0_M02_AXI_WDATA[24]'. [E:/vivado_axidma3/uav_sar.srcs/constrs_1/new/system.xdc:358]
CRITICAL WARNING: [Common 17-55] 'set_property' expects at least one object. [E:/vivado_axidma3/uav_sar.srcs/constrs_1/new/system.xdc:358]
Resolution: If [get_<value>] was used to populate the object, check to make sure this command returns at least one valid object.
WARNING: [Vivado 12-507] No nets matched 'uav_sar_i/zynq_ultra_pl/axi_interconnect_0_M02_AXI_WDATA[25]'. [E:/vivado_axidma3/uav_sar.srcs/constrs_1/new/system.xdc:359]
CRITICAL WARNING: [Common 17-55] 'set_property' expects at least one object. [E:/vivado_axidma3/uav_sar.srcs/constrs_1/new/system.xdc:359]
Resolution: If [get_<value>] was used to populate the object, check to make sure this command returns at least one valid object.
WARNING: [Vivado 12-507] No nets matched 'uav_sar_i/zynq_ultra_pl/axi_interconnect_0_M02_AXI_WDATA[28]'. [E:/vivado_axidma3/uav_sar.srcs/constrs_1/new/system.xdc:360]
CRITICAL WARNING: [Common 17-55] 'set_property' expects at least one object. [E:/vivado_axidma3/uav_sar.srcs/constrs_1/new/system.xdc:360]
Resolution: If [get_<value>] was used to populate the object, check to make sure this command returns at least one valid object.
WARNING: [Vivado 12-507] No nets matched 'uav_sar_i/zynq_ultra_pl/axi_interconnect_0_M02_AXI_WDATA[0]'. [E:/vivado_axidma3/uav_sar.srcs/constrs_1/new/system.xdc:361]
CRITICAL WARNING: [Common 17-55] 'set_property' expects at least one object. [E:/vivado_axidma3/uav_sar.srcs/constrs_1/new/system.xdc:361]
Resolution: If [get_<value>] was used to populate the object, check to make sure this command returns at least one valid object.
WARNING: [Vivado 12-507] No nets matched 'uav_sar_i/zynq_ultra_pl/axi_interconnect_0_M02_AXI_RDATA[28]'. [E:/vivado_axidma3/uav_sar.srcs/constrs_1/new/system.xdc:362]
CRITICAL WARNING: [Common 17-55] 'set_property' expects at least one object. [E:/vivado_axidma3/uav_sar.srcs/constrs_1/new/system.xdc:362]
Resolution: If [get_<value>] was used to populate the object, check to make sure this command returns at least one valid object.
WARNING: [Vivado 12-507] No nets matched 'uav_sar_i/zynq_ultra_pl/axi_interconnect_0_M02_AXI_AWPROT[1]'. [E:/vivado_axidma3/uav_sar.srcs/constrs_1/new/system.xdc:363]
CRITICAL WARNING: [Common 17-55] 'set_property' expects at least one object. [E:/vivado_axidma3/uav_sar.srcs/constrs_1/new/system.xdc:363]
Resolution: If [get_<value>] was used to populate the object, check to make sure this command returns at least one valid object.
WARNING: [Vivado 12-507] No nets matched 'uav_sar_i/zynq_ultra_pl/axi_interconnect_0_M02_AXI_RDATA[3]'. [E:/vivado_axidma3/uav_sar.srcs/constrs_1/new/system.xdc:364]
CRITICAL WARNING: [Common 17-55] 'set_property' expects at least one object. [E:/vivado_axidma3/uav_sar.srcs/constrs_1/new/system.xdc:364]
Resolution: If [get_<value>] was used to populate the object, check to make sure this command returns at least one valid object.
WARNING: [Vivado 12-507] No nets matched 'uav_sar_i/zynq_ultra_pl/axi_interconnect_0_M02_AXI_RDATA[16]'. [E:/vivado_axidma3/uav_sar.srcs/constrs_1/new/system.xdc:365]
CRITICAL WARNING: [Common 17-55] 'set_property' expects at least one object. [E:/vivado_axidma3/uav_sar.srcs/constrs_1/new/system.xdc:365]
Resolution: If [get_<value>] was used to populate the object, check to make sure this command returns at least one valid object.
WARNING: [Vivado 12-507] No nets matched 'uav_sar_i/zynq_ultra_pl/axi_interconnect_0_M02_AXI_RDATA[31]'. [E:/vivado_axidma3/uav_sar.srcs/constrs_1/new/system.xdc:366]
CRITICAL WARNING: [Common 17-55] 'set_property' expects at least one object. [E:/vivado_axidma3/uav_sar.srcs/constrs_1/new/system.xdc:366]
Resolution: If [get_<value>] was used to populate the object, check to make sure this command returns at least one valid object.
WARNING: [Vivado 12-507] No nets matched 'uav_sar_i/zynq_ultra_pl/axi_interconnect_0_M02_AXI_WDATA[4]'. [E:/vivado_axidma3/uav_sar.srcs/constrs_1/new/system.xdc:367]
CRITICAL WARNING: [Common 17-55] 'set_property' expects at least one object. [E:/vivado_axidma3/uav_sar.srcs/constrs_1/new/system.xdc:367]
Resolution: If [get_<value>] was used to populate the object, check to make sure this command returns at least one valid object.
WARNING: [Vivado 12-507] No nets matched 'uav_sar_i/zynq_ultra_pl/axi_interconnect_0_M02_AXI_WDATA[6]'. [E:/vivado_axidma3/uav_sar.srcs/constrs_1/new/system.xdc:368]
CRITICAL WARNING: [Common 17-55] 'set_property' expects at least one object. [E:/vivado_axidma3/uav_sar.srcs/constrs_1/new/system.xdc:368]
Resolution: If [get_<value>] was used to populate the object, check to make sure this command returns at least one valid object.
WARNING: [Vivado 12-507] No nets matched 'uav_sar_i/zynq_ultra_pl/axi_interconnect_0_M02_AXI_WDATA[13]'. [E:/vivado_axidma3/uav_sar.srcs/constrs_1/new/system.xdc:369]
CRITICAL WARNING: [Common 17-55] 'set_property' expects at least one object. [E:/vivado_axidma3/uav_sar.srcs/constrs_1/new/system.xdc:369]
Resolution: If [get_<value>] was used to populate the object, check to make sure this command returns at least one valid object.
WARNING: [Vivado 12-507] No nets matched 'uav_sar_i/zynq_ultra_pl/axi_interconnect_0_M02_AXI_WSTRB[1]'. [E:/vivado_axidma3/uav_sar.srcs/constrs_1/new/system.xdc:370]
CRITICAL WARNING: [Common 17-55] 'set_property' expects at least one object. [E:/vivado_axidma3/uav_sar.srcs/constrs_1/new/system.xdc:370]
Resolution: If [get_<value>] was used to populate the object, check to make sure this command returns at least one valid object.
WARNING: [Vivado 12-507] No nets matched 'u_ila_0_clk_out1'. [E:/vivado_axidma3/uav_sar.srcs/constrs_1/new/system.xdc:374]
CRITICAL WARNING: [Common 17-162] Invalid option value specified for '-nets'. [E:/vivado_axidma3/uav_sar.srcs/constrs_1/new/system.xdc:374]
WARNING: [Vivado 12-507] No nets matched 'u_ila_0_clk_out1'. [E:/vivado_axidma3/uav_sar.srcs/constrs_1/new/system.xdc:378]
CRITICAL WARNING: [Common 17-162] Invalid option value specified for '-nets'. [E:/vivado_axidma3/uav_sar.srcs/constrs_1/new/system.xdc:378]
WARNING: [Vivado 12-507] No nets matched 'u_ila_0_clk_out1'. [E:/vivado_axidma3/uav_sar.srcs/constrs_1/new/system.xdc:1075]
CRITICAL WARNING: [Common 17-162] Invalid option value specified for '-nets'. [E:/vivado_axidma3/uav_sar.srcs/constrs_1/new/system.xdc:1075]
Finished Parsing XDC File [E:/vivado_axidma3/uav_sar.srcs/constrs_1/new/system.xdc]
Parsing XDC File [e:/vivado_axidma3/uav_sar.srcs/sources_1/bd/uav_sar/ip/uav_sar_axi_data_fifo_0_0/uav_sar_axi_data_fifo_0_0_clocks.xdc] for cell 'uav_sar_i/zynq_ultra_pl/axi_data_fifo/inst'
WARNING: [Vivado 12-180] No cells matched '*'. [e:/vivado_axidma3/uav_sar.srcs/sources_1/bd/uav_sar/ip/uav_sar_axi_data_fifo_0_0/uav_sar_axi_data_fifo_0_0_clocks.xdc:2]
WARNING: [Vivado 12-508] No pins matched '*'. [e:/vivado_axidma3/uav_sar.srcs/sources_1/bd/uav_sar/ip/uav_sar_axi_data_fifo_0_0/uav_sar_axi_data_fifo_0_0_clocks.xdc:2]
WARNING: [Vivado_Tcl 4-939] Waiver ID 'LUTAR-1' object list should not be empty (perhaps an invalid wildcard was used or only unsupported objects). [e:/vivado_axidma3/uav_sar.srcs/sources_1/bd/uav_sar/ip/uav_sar_axi_data_fifo_0_0/uav_sar_axi_data_fifo_0_0_clocks.xdc:2]
WARNING: [Vivado 12-180] No cells matched '*'. [e:/vivado_axidma3/uav_sar.srcs/sources_1/bd/uav_sar/ip/uav_sar_axi_data_fifo_0_0/uav_sar_axi_data_fifo_0_0_clocks.xdc:6]
WARNING: [Vivado 12-508] No pins matched '*'. [e:/vivado_axidma3/uav_sar.srcs/sources_1/bd/uav_sar/ip/uav_sar_axi_data_fifo_0_0/uav_sar_axi_data_fifo_0_0_clocks.xdc:6]
WARNING: [Vivado_Tcl 4-939] Waiver ID 'LUTAR-1' object list should not be empty (perhaps an invalid wildcard was used or only unsupported objects). [e:/vivado_axidma3/uav_sar.srcs/sources_1/bd/uav_sar/ip/uav_sar_axi_data_fifo_0_0/uav_sar_axi_data_fifo_0_0_clocks.xdc:6]
Finished Parsing XDC File [e:/vivado_axidma3/uav_sar.srcs/sources_1/bd/uav_sar/ip/uav_sar_axi_data_fifo_0_0/uav_sar_axi_data_fifo_0_0_clocks.xdc] for cell 'uav_sar_i/zynq_ultra_pl/axi_data_fifo/inst'
Parsing XDC File [e:/vivado_axidma3/uav_sar.srcs/sources_1/bd/uav_sar/ip/uav_sar_axi_dma_0_0/uav_sar_axi_dma_0_0_clocks.xdc] for cell 'uav_sar_i/zynq_ultra_pl/axi_dma/U0'
Finished Parsing XDC File [e:/vivado_axidma3/uav_sar.srcs/sources_1/bd/uav_sar/ip/uav_sar_axi_dma_0_0/uav_sar_axi_dma_0_0_clocks.xdc] for cell 'uav_sar_i/zynq_ultra_pl/axi_dma/U0'
Parsing XDC File [e:/vivado_axidma3/uav_sar.srcs/sources_1/bd/uav_sar/ip/uav_sar_axi_dma_0_1/uav_sar_axi_dma_0_1_clocks.xdc] for cell 'uav_sar_i/zynq_ultra_pl/axi_dma_0/U0'
Finished Parsing XDC File [e:/vivado_axidma3/uav_sar.srcs/sources_1/bd/uav_sar/ip/uav_sar_axi_dma_0_1/uav_sar_axi_dma_0_1_clocks.xdc] for cell 'uav_sar_i/zynq_ultra_pl/axi_dma_0/U0'
Parsing XDC File [e:/vivado_axidma3/uav_sar.srcs/sources_1/bd/uav_sar/ip/uav_sar_axi_data_fifo_0_1/uav_sar_axi_data_fifo_0_1_clocks.xdc] for cell 'uav_sar_i/zynq_ultra_pl/axi_data_fifo_0/inst'
WARNING: [Vivado 12-180] No cells matched '*'. [e:/vivado_axidma3/uav_sar.srcs/sources_1/bd/uav_sar/ip/uav_sar_axi_data_fifo_0_1/uav_sar_axi_data_fifo_0_1_clocks.xdc:2]
WARNING: [Vivado 12-508] No pins matched '*'. [e:/vivado_axidma3/uav_sar.srcs/sources_1/bd/uav_sar/ip/uav_sar_axi_data_fifo_0_1/uav_sar_axi_data_fifo_0_1_clocks.xdc:2]
WARNING: [Vivado_Tcl 4-939] Waiver ID 'LUTAR-1' object list should not be empty (perhaps an invalid wildcard was used or only unsupported objects). [e:/vivado_axidma3/uav_sar.srcs/sources_1/bd/uav_sar/ip/uav_sar_axi_data_fifo_0_1/uav_sar_axi_data_fifo_0_1_clocks.xdc:2]
WARNING: [Vivado 12-180] No cells matched '*'. [e:/vivado_axidma3/uav_sar.srcs/sources_1/bd/uav_sar/ip/uav_sar_axi_data_fifo_0_1/uav_sar_axi_data_fifo_0_1_clocks.xdc:6]
WARNING: [Vivado 12-508] No pins matched '*'. [e:/vivado_axidma3/uav_sar.srcs/sources_1/bd/uav_sar/ip/uav_sar_axi_data_fifo_0_1/uav_sar_axi_data_fifo_0_1_clocks.xdc:6]
WARNING: [Vivado_Tcl 4-939] Waiver ID 'LUTAR-1' object list should not be empty (perhaps an invalid wildcard was used or only unsupported objects). [e:/vivado_axidma3/uav_sar.srcs/sources_1/bd/uav_sar/ip/uav_sar_axi_data_fifo_0_1/uav_sar_axi_data_fifo_0_1_clocks.xdc:6]
Finished Parsing XDC File [e:/vivado_axidma3/uav_sar.srcs/sources_1/bd/uav_sar/ip/uav_sar_axi_data_fifo_0_1/uav_sar_axi_data_fifo_0_1_clocks.xdc] for cell 'uav_sar_i/zynq_ultra_pl/axi_data_fifo_0/inst'
Parsing XDC File [e:/vivado_axidma3/uav_sar.srcs/sources_1/bd/uav_sar/ip/uav_sar_uart_uav_data_0_4/src/fifo_generator_0/fifo_generator_0_clocks.xdc] for cell 'uav_sar_i/zynq_ultra_pl/uart_uav_data_0/inst/uart_uav_data_v1_0_S00_AXI_inst/u_uart_rx/fifo_async/U0'
Finished Parsing XDC File [e:/vivado_axidma3/uav_sar.srcs/sources_1/bd/uav_sar/ip/uav_sar_uart_uav_data_0_4/src/fifo_generator_0/fifo_generator_0_clocks.xdc] for cell 'uav_sar_i/zynq_ultra_pl/uart_uav_data_0/inst/uart_uav_data_v1_0_S00_AXI_inst/u_uart_rx/fifo_async/U0'
Sourcing Tcl File [E:/Xilinx_vitis2020/Vivado/2020.1/data/ip/xpm/xpm_cdc/tcl/xpm_cdc_gray.tcl] for cell 'uav_sar_i/zynq_ultra_pl/ad9269_sample_ctrl/inst/ad9269_sample_v1_0_S00_AXI_inst/sample_inst/xpm_fifo_async_inst/gnuram_async_fifo.xpm_fifo_base_inst/gen_cdc_pntr.rd_pntr_cdc_inst'
Finished Sourcing Tcl File [E:/Xilinx_vitis2020/Vivado/2020.1/data/ip/xpm/xpm_cdc/tcl/xpm_cdc_gray.tcl] for cell 'uav_sar_i/zynq_ultra_pl/ad9269_sample_ctrl/inst/ad9269_sample_v1_0_S00_AXI_inst/sample_inst/xpm_fifo_async_inst/gnuram_async_fifo.xpm_fifo_base_inst/gen_cdc_pntr.rd_pntr_cdc_inst'
Sourcing Tcl File [E:/Xilinx_vitis2020/Vivado/2020.1/data/ip/xpm/xpm_cdc/tcl/xpm_cdc_gray.tcl] for cell 'uav_sar_i/zynq_ultra_pl/ad9269_sample_ctrl/inst/ad9269_sample_v1_0_S00_AXI_inst/sample_inst/xpm_fifo_async_inst/gnuram_async_fifo.xpm_fifo_base_inst/gen_cdc_pntr.wr_pntr_cdc_inst'
Finished Sourcing Tcl File [E:/Xilinx_vitis2020/Vivado/2020.1/data/ip/xpm/xpm_cdc/tcl/xpm_cdc_gray.tcl] for cell 'uav_sar_i/zynq_ultra_pl/ad9269_sample_ctrl/inst/ad9269_sample_v1_0_S00_AXI_inst/sample_inst/xpm_fifo_async_inst/gnuram_async_fifo.xpm_fifo_base_inst/gen_cdc_pntr.wr_pntr_cdc_inst'
Sourcing Tcl File [E:/Xilinx_vitis2020/Vivado/2020.1/data/ip/xpm/xpm_cdc/tcl/xpm_cdc_gray.tcl] for cell 'uav_sar_i/zynq_ultra_pl/ad9269_sample_ctrl/inst/ad9269_sample_v1_0_S00_AXI_inst/sample_inst/xpm_fifo_async_inst/gnuram_async_fifo.xpm_fifo_base_inst/gen_cdc_pntr.rd_pntr_cdc_dc_inst'
Finished Sourcing Tcl File [E:/Xilinx_vitis2020/Vivado/2020.1/data/ip/xpm/xpm_cdc/tcl/xpm_cdc_gray.tcl] for cell 'uav_sar_i/zynq_ultra_pl/ad9269_sample_ctrl/inst/ad9269_sample_v1_0_S00_AXI_inst/sample_inst/xpm_fifo_async_inst/gnuram_async_fifo.xpm_fifo_base_inst/gen_cdc_pntr.rd_pntr_cdc_dc_inst'
Sourcing Tcl File [E:/Xilinx_vitis2020/Vivado/2020.1/data/ip/xpm/xpm_cdc/tcl/xpm_cdc_gray.tcl] for cell 'uav_sar_i/zynq_ultra_pl/ad9269_sample_ctrl/inst/ad9269_sample_v1_0_S00_AXI_inst/sample_inst/xpm_fifo_async_inst/gnuram_async_fifo.xpm_fifo_base_inst/gen_cdc_pntr.wr_pntr_cdc_dc_inst'
Finished Sourcing Tcl File [E:/Xilinx_vitis2020/Vivado/2020.1/data/ip/xpm/xpm_cdc/tcl/xpm_cdc_gray.tcl] for cell 'uav_sar_i/zynq_ultra_pl/ad9269_sample_ctrl/inst/ad9269_sample_v1_0_S00_AXI_inst/sample_inst/xpm_fifo_async_inst/gnuram_async_fifo.xpm_fifo_base_inst/gen_cdc_pntr.wr_pntr_cdc_dc_inst'
Sourcing Tcl File [E:/Xilinx_vitis2020/Vivado/2020.1/data/ip/xpm/xpm_cdc/tcl/xpm_cdc_sync_rst.tcl] for cell 'uav_sar_i/zynq_ultra_pl/ad9269_sample_ctrl/inst/ad9269_sample_v1_0_S00_AXI_inst/sample_inst/xpm_fifo_async_inst/gnuram_async_fifo.xpm_fifo_base_inst/xpm_fifo_rst_inst/gen_rst_ic.rrst_wr_inst'
Finished Sourcing Tcl File [E:/Xilinx_vitis2020/Vivado/2020.1/data/ip/xpm/xpm_cdc/tcl/xpm_cdc_sync_rst.tcl] for cell 'uav_sar_i/zynq_ultra_pl/ad9269_sample_ctrl/inst/ad9269_sample_v1_0_S00_AXI_inst/sample_inst/xpm_fifo_async_inst/gnuram_async_fifo.xpm_fifo_base_inst/xpm_fifo_rst_inst/gen_rst_ic.rrst_wr_inst'
Sourcing Tcl File [E:/Xilinx_vitis2020/Vivado/2020.1/data/ip/xpm/xpm_cdc/tcl/xpm_cdc_sync_rst.tcl] for cell 'uav_sar_i/zynq_ultra_pl/ad9269_sample_ctrl/inst/ad9269_sample_v1_0_S00_AXI_inst/sample_inst/xpm_fifo_async_inst/gnuram_async_fifo.xpm_fifo_base_inst/xpm_fifo_rst_inst/gen_rst_ic.wrst_rd_inst'
Finished Sourcing Tcl File [E:/Xilinx_vitis2020/Vivado/2020.1/data/ip/xpm/xpm_cdc/tcl/xpm_cdc_sync_rst.tcl] for cell 'uav_sar_i/zynq_ultra_pl/ad9269_sample_ctrl/inst/ad9269_sample_v1_0_S00_AXI_inst/sample_inst/xpm_fifo_async_inst/gnuram_async_fifo.xpm_fifo_base_inst/xpm_fifo_rst_inst/gen_rst_ic.wrst_rd_inst'
Sourcing Tcl File [E:/Xilinx_vitis2020/Vivado/2020.1/data/ip/xpm/xpm_cdc/tcl/xpm_cdc_sync_rst.tcl] for cell 'uav_sar_i/zynq_ultra_pl/axis_data_fifo/inst/gen_fifo.xpm_fifo_axis_inst/gaxis_rst_sync.xpm_cdc_sync_rst_inst'
Finished Sourcing Tcl File [E:/Xilinx_vitis2020/Vivado/2020.1/data/ip/xpm/xpm_cdc/tcl/xpm_cdc_sync_rst.tcl] for cell 'uav_sar_i/zynq_ultra_pl/axis_data_fifo/inst/gen_fifo.xpm_fifo_axis_inst/gaxis_rst_sync.xpm_cdc_sync_rst_inst'
Sourcing Tcl File [E:/Xilinx_vitis2020/Vivado/2020.1/data/ip/xpm/xpm_cdc/tcl/xpm_cdc_sync_rst.tcl] for cell 'uav_sar_i/zynq_ultra_pl/axis_data_fifo_0/inst/gen_fifo.xpm_fifo_axis_inst/gaxis_rst_sync.xpm_cdc_sync_rst_inst'
Finished Sourcing Tcl File [E:/Xilinx_vitis2020/Vivado/2020.1/data/ip/xpm/xpm_cdc/tcl/xpm_cdc_sync_rst.tcl] for cell 'uav_sar_i/zynq_ultra_pl/axis_data_fifo_0/inst/gen_fifo.xpm_fifo_axis_inst/gaxis_rst_sync.xpm_cdc_sync_rst_inst'
Sourcing Tcl File [E:/Xilinx_vitis2020/Vivado/2020.1/data/ip/xpm/xpm_fifo/tcl/xpm_fifo_rst.tcl] for cell 'uav_sar_i/zynq_ultra_pl/ad9269_sample_ctrl/inst/ad9269_sample_v1_0_S00_AXI_inst/sample_inst/xpm_fifo_async_inst'
Finished Sourcing Tcl File [E:/Xilinx_vitis2020/Vivado/2020.1/data/ip/xpm/xpm_fifo/tcl/xpm_fifo_rst.tcl] for cell 'uav_sar_i/zynq_ultra_pl/ad9269_sample_ctrl/inst/ad9269_sample_v1_0_S00_AXI_inst/sample_inst/xpm_fifo_async_inst'
Sourcing Tcl File [E:/Xilinx_vitis2020/Vivado/2020.1/data/ip/xpm/xpm_fifo/tcl/xpm_fifo_rst_axis.tcl] for cell 'uav_sar_i/zynq_ultra_pl/axis_data_fifo/inst/gen_fifo.xpm_fifo_axis_inst'
Finished Sourcing Tcl File [E:/Xilinx_vitis2020/Vivado/2020.1/data/ip/xpm/xpm_fifo/tcl/xpm_fifo_rst_axis.tcl] for cell 'uav_sar_i/zynq_ultra_pl/axis_data_fifo/inst/gen_fifo.xpm_fifo_axis_inst'
Sourcing Tcl File [E:/Xilinx_vitis2020/Vivado/2020.1/data/ip/xpm/xpm_fifo/tcl/xpm_fifo_rst_axis.tcl] for cell 'uav_sar_i/zynq_ultra_pl/axis_data_fifo_0/inst/gen_fifo.xpm_fifo_axis_inst'
Finished Sourcing Tcl File [E:/Xilinx_vitis2020/Vivado/2020.1/data/ip/xpm/xpm_fifo/tcl/xpm_fifo_rst_axis.tcl] for cell 'uav_sar_i/zynq_ultra_pl/axis_data_fifo_0/inst/gen_fifo.xpm_fifo_axis_inst'
Sourcing Tcl File [E:/Xilinx_vitis2020/Vivado/2020.1/data/ip/xpm/xpm_fifo/tcl/xpm_fifo_rst.tcl] for cell 'uav_sar_i/zynq_ultra_pl/axi_dma/U0/I_PRMRY_DATAMOVER/GEN_S2MM_FULL.I_S2MM_FULL_WRAPPER/GEN_ENABLE_INDET_BTT_SF.I_INDET_BTT/I_XD_FIFO/NON_BLK_MEM.I_SYNC_FIFOGEN_FIFO/xpm_fifo_instance.xpm_fifo_sync_inst'
Finished Sourcing Tcl File [E:/Xilinx_vitis2020/Vivado/2020.1/data/ip/xpm/xpm_fifo/tcl/xpm_fifo_rst.tcl] for cell 'uav_sar_i/zynq_ultra_pl/axi_dma/U0/I_PRMRY_DATAMOVER/GEN_S2MM_FULL.I_S2MM_FULL_WRAPPER/GEN_ENABLE_INDET_BTT_SF.I_INDET_BTT/I_XD_FIFO/NON_BLK_MEM.I_SYNC_FIFOGEN_FIFO/xpm_fifo_instance.xpm_fifo_sync_inst'
Sourcing Tcl File [E:/Xilinx_vitis2020/Vivado/2020.1/data/ip/xpm/xpm_fifo/tcl/xpm_fifo_rst.tcl] for cell 'uav_sar_i/zynq_ultra_pl/axi_dma_0/U0/I_PRMRY_DATAMOVER/GEN_S2MM_FULL.I_S2MM_FULL_WRAPPER/GEN_ENABLE_INDET_BTT_SF.I_INDET_BTT/I_XD_FIFO/NON_BLK_MEM.I_SYNC_FIFOGEN_FIFO/xpm_fifo_instance.xpm_fifo_sync_inst'
Finished Sourcing Tcl File [E:/Xilinx_vitis2020/Vivado/2020.1/data/ip/xpm/xpm_fifo/tcl/xpm_fifo_rst.tcl] for cell 'uav_sar_i/zynq_ultra_pl/axi_dma_0/U0/I_PRMRY_DATAMOVER/GEN_S2MM_FULL.I_S2MM_FULL_WRAPPER/GEN_ENABLE_INDET_BTT_SF.I_INDET_BTT/I_XD_FIFO/NON_BLK_MEM.I_SYNC_FIFOGEN_FIFO/xpm_fifo_instance.xpm_fifo_sync_inst'
Sourcing Tcl File [E:/Xilinx_vitis2020/Vivado/2020.1/data/ip/xpm/xpm_fifo/tcl/xpm_fifo_rst.tcl] for cell 'uav_sar_i/zynq_ultra_pl/axi_dma/U0/I_PRMRY_DATAMOVER/GEN_S2MM_FULL.I_S2MM_FULL_WRAPPER/GEN_ENABLE_INDET_BTT_SF.I_INDET_BTT/I_DATA_FIFO/BLK_MEM.I_SYNC_FIFOGEN_FIFO/xpm_fifo_instance.xpm_fifo_sync_inst'
Finished Sourcing Tcl File [E:/Xilinx_vitis2020/Vivado/2020.1/data/ip/xpm/xpm_fifo/tcl/xpm_fifo_rst.tcl] for cell 'uav_sar_i/zynq_ultra_pl/axi_dma/U0/I_PRMRY_DATAMOVER/GEN_S2MM_FULL.I_S2MM_FULL_WRAPPER/GEN_ENABLE_INDET_BTT_SF.I_INDET_BTT/I_DATA_FIFO/BLK_MEM.I_SYNC_FIFOGEN_FIFO/xpm_fifo_instance.xpm_fifo_sync_inst'
Sourcing Tcl File [E:/Xilinx_vitis2020/Vivado/2020.1/data/ip/xpm/xpm_fifo/tcl/xpm_fifo_rst.tcl] for cell 'uav_sar_i/zynq_ultra_pl/axi_dma_0/U0/I_PRMRY_DATAMOVER/GEN_S2MM_FULL.I_S2MM_FULL_WRAPPER/GEN_ENABLE_INDET_BTT_SF.I_INDET_BTT/I_DATA_FIFO/BLK_MEM.I_SYNC_FIFOGEN_FIFO/xpm_fifo_instance.xpm_fifo_sync_inst'
Finished Sourcing Tcl File [E:/Xilinx_vitis2020/Vivado/2020.1/data/ip/xpm/xpm_fifo/tcl/xpm_fifo_rst.tcl] for cell 'uav_sar_i/zynq_ultra_pl/axi_dma_0/U0/I_PRMRY_DATAMOVER/GEN_S2MM_FULL.I_S2MM_FULL_WRAPPER/GEN_ENABLE_INDET_BTT_SF.I_INDET_BTT/I_DATA_FIFO/BLK_MEM.I_SYNC_FIFOGEN_FIFO/xpm_fifo_instance.xpm_fifo_sync_inst'
INFO: [Opt 31-138] Pushed 0 inverter(s) to 0 load pin(s).
Netlist sorting complete. Time (s): cpu = 00:00:00 ; elapsed = 00:00:00.006 . Memory (MB): peak = 4623.477 ; gain = 0.000
INFO: [Project 1-111] Unisim Transformation Summary:
  A total of 100 instances were transformed.
  CFGLUT5 => CFGLUT5 (SRL16E, SRLC32E): 52 instances
  IBUF => IBUF (IBUFCTRL, INBUF): 20 instances
  IOBUF => IOBUF (IBUFCTRL, INBUF, OBUFT): 26 instances
  RAM32M16 => RAM32M16 (RAMD32(x14), RAMS32(x2)): 2 instances

open_run: Time (s): cpu = 00:00:49 ; elapsed = 00:00:50 . Memory (MB): peak = 4732.172 ; gain = 1924.152
open_bd_design {E:/vivado_axidma3/uav_sar.srcs/sources_1/bd/uav_sar/uav_sar.bd}
startgroup
set_property -dict [list CONFIG.c_include_sg {0}] [get_bd_cells zynq_ultra_pl/axi_dma]
WARNING: [BD 41-1684] Pin /zynq_ultra_pl/axi_dma/m_axi_sg_aclk is now disabled. All connections to this pin have been removed. 
delete_bd_objs [get_bd_intf_nets zynq_ultra_pl/axi_dma_M_AXI_SG]
endgroup
add_wave -into {hw_ila_data_2.wcfg} -radix hex { {uav_sar_i/zynq_ultra_pl/ad9269_sample_ctrl/inst/m00_axis_tready} }
add_wave -into {hw_ila_data_1.wcfg} -radix bin { {uav_sar_i/system_ila_0/inst/net_slot_0_axis_tkeep} }
add_wave -into {hw_ila_data_1.wcfg} -radix hex { {Interface_(i1:s0)_(Conn)} {uav_sar_i/system_ila_0/inst/net_slot_0_axis_tlast} {uav_sar_i/system_ila_0/inst/net_slot_0_axis_tready} {uav_sar_i/system_ila_0/inst/net_slot_0_axis_tvalid} {T_Channel_(i1:s0)_(Conn)} }
add_wave -into {hw_ila_data_1.wcfg} -radix unsigned { {uav_sar_i/system_ila_0/inst/net_slot_0_axis_tdata} }
set_property NAME.CUSTOM {slot_0 : Conn : TDATA} [get_hw_probes uav_sar_i/system_ila_0/inst/net_slot_0_axis_tdata] 
set_property NAME.CUSTOM {slot_0 : Conn : TKEEP} [get_hw_probes uav_sar_i/system_ila_0/inst/net_slot_0_axis_tkeep] 
set_property NAME.CUSTOM {slot_0 : Conn : TLAST} [get_hw_probes uav_sar_i/system_ila_0/inst/net_slot_0_axis_tlast] 
set_property NAME.CUSTOM {slot_0 : Conn : TREADY} [get_hw_probes uav_sar_i/system_ila_0/inst/net_slot_0_axis_tready] 
set_property NAME.CUSTOM {slot_0 : Conn : TVALID} [get_hw_probes uav_sar_i/system_ila_0/inst/net_slot_0_axis_tvalid] 
set_property TRIGGER_COMPARE_VALUE eq1'bX [get_hw_probes uav_sar_i/system_ila_0/inst/net_slot_0_axis_tvalid -of_objects [get_hw_ilas -of_objects [get_hw_devices xczu2_0] -filter {CELL_NAME=~"uav_sar_i/system_ila_0/inst/ila_lib"}]]
set_property TRIGGER_COMPARE_VALUE eq1'bX [get_hw_probes uav_sar_i/system_ila_0/inst/net_slot_0_axis_tready -of_objects [get_hw_ilas -of_objects [get_hw_devices xczu2_0] -filter {CELL_NAME=~"uav_sar_i/system_ila_0/inst/ila_lib"}]]
run_hw_ila [get_hw_ilas -of_objects [get_hw_devices xczu2_0] -filter {CELL_NAME=~"uav_sar_i/system_ila_0/inst/ila_lib"}]
INFO: [Labtools 27-1964] The ILA core 'hw_ila_1' trigger was armed at 2025-Oct-27 20:31:38
wait_on_hw_ila [get_hw_ilas -of_objects [get_hw_devices xczu2_0] -filter {CELL_NAME=~"uav_sar_i/system_ila_0/inst/ila_lib"}]
display_hw_ila_data [upload_hw_ila_data [get_hw_ilas -of_objects [get_hw_devices xczu2_0] -filter {CELL_NAME=~"uav_sar_i/system_ila_0/inst/ila_lib"}]]
INFO: [Labtools 27-1966] The ILA core 'hw_ila_1' triggered at 2025-Oct-27 20:31:38
Processed interface Conn_ila1_slot0
INFO: [Labtools 27-3304] ILA Waveform data saved to file E:/vivado_axidma3/uav_sar.hw/backup/hw_ila_data_1.ila. Use Tcl command 'read_hw_ila_data' or Vivado File->Import->Import ILA Data menu item to import the previously saved data.
open_bd_design {E:/vivado_axidma3/uav_sar.srcs/sources_1/bd/uav_sar/uav_sar.bd}
set_property TRIGGER_COMPARE_VALUE eq1'bB [get_hw_probes uav_sar_i/system_ila_0/inst/net_slot_0_axis_tready -of_objects [get_hw_ilas -of_objects [get_hw_devices xczu2_0] -filter {CELL_NAME=~"uav_sar_i/system_ila_0/inst/ila_lib"}]]
run_hw_ila [get_hw_ilas -of_objects [get_hw_devices xczu2_0] -filter {CELL_NAME=~"uav_sar_i/system_ila_0/inst/ila_lib"}]
INFO: [Labtools 27-1964] The ILA core 'hw_ila_1' trigger was armed at 2025-Oct-27 20:32:39
wait_on_hw_ila [get_hw_ilas -of_objects [get_hw_devices xczu2_0] -filter {CELL_NAME=~"uav_sar_i/system_ila_0/inst/ila_lib"}]
display_hw_ila_data [upload_hw_ila_data [get_hw_ilas -of_objects [get_hw_devices xczu2_0] -filter {CELL_NAME=~"uav_sar_i/system_ila_0/inst/ila_lib"}]]
INFO: [Labtools 27-1966] The ILA core 'hw_ila_1' triggered at 2025-Oct-27 20:32:42
Processed interface Conn_ila1_slot0
INFO: [Labtools 27-3304] ILA Waveform data saved to file E:/vivado_axidma3/uav_sar.hw/backup/hw_ila_data_1.ila. Use Tcl command 'read_hw_ila_data' or Vivado File->Import->Import ILA Data menu item to import the previously saved data.
open_bd_design {E:/vivado_axidma3/uav_sar.srcs/sources_1/bd/uav_sar/uav_sar.bd}
save_wave_config {E:/vivado_axidma3/uav_sar.hw/hw_1/wave/hw_ila_data_1/hw_ila_data_1.wcfg}
save_wave_config {E:/vivado_axidma3/uav_sar.hw/hw_1/wave/hw_ila_data_2/hw_ila_data_2.wcfg}
close_hw_manager
open_bd_design {E:/vivado_axidma3/uav_sar.srcs/sources_1/bd/uav_sar/uav_sar.bd}
update_module_reference uav_sar_ADC_sim_0_0
INFO: [IP_Flow 19-5107] Inferred bus interface 'rst_n' of definition 'xilinx.com:signal:reset:1.0' (from Xilinx Repository).
INFO: [IP_Flow 19-5107] Inferred bus interface 'clk' of definition 'xilinx.com:signal:clock:1.0' (from Xilinx Repository).
INFO: [IP_Flow 19-4728] Bus Interface 'rst_n': Added interface parameter 'POLARITY' with value 'ACTIVE_LOW'.
WARNING: [IP_Flow 19-3157] Bus Interface 'rst_n': Bus parameter POLARITY is ACTIVE_LOW but port 'rst_n' is not *resetn - please double check the POLARITY setting.
WARNING: [IP_Flow 19-5661] Bus Interface 'clk' does not have any bus interfaces associated with it.
INFO: [IP_Flow 19-234] Refreshing IP repositories
WARNING: [IP_Flow 19-3685] Ignored loading user repository 'e:/vivado_axidma3/repo/uart_uav_data_1.0'. The path is contained within another repository.
WARNING: [IP_Flow 19-2207] Repository 'e:/vivado_axidma3/repo/uart_uav_data_1.0' already exists; ignoring attempt to add it again.
WARNING: [IP_Flow 19-3685] Ignored loading user repository 'e:/vivado_axidma3/repo/uart_uav_data_1.0'. The path is contained within another repository.
WARNING: [IP_Flow 19-3685] Ignored loading user repository 'e:/vivado_axidma3/repo/pl_bram_rd_1.0'. The path is contained within another repository.
WARNING: [IP_Flow 19-3685] Ignored loading user repository 'e:/vivado_axidma3/repo/nav_data_rd_1.0'. The path is contained within another repository.
INFO: [IP_Flow 19-1700] Loaded user IP repository 'e:/vivado_axidma3/repo'.
Upgrading 'E:/vivado_axidma3/uav_sar.srcs/sources_1/bd/uav_sar/uav_sar.bd'
INFO: [IP_Flow 19-1972] Upgraded uav_sar_ADC_sim_0_0 from ADC_sim_v1_0 1.0 to ADC_sim_v1_0 1.0
Wrote  : <E:\vivado_axidma3\uav_sar.srcs\sources_1\bd\uav_sar\uav_sar.bd> 
Wrote  : <E:/vivado_axidma3/uav_sar.srcs/sources_1/bd/uav_sar/ui/bd_934feeaf.ui> 
update_module_reference uav_sar_ADC_sim_0_0
INFO: [IP_Flow 19-5107] Inferred bus interface 'rst_n' of definition 'xilinx.com:signal:reset:1.0' (from Xilinx Repository).
INFO: [IP_Flow 19-5107] Inferred bus interface 'clk' of definition 'xilinx.com:signal:clock:1.0' (from Xilinx Repository).
INFO: [IP_Flow 19-4728] Bus Interface 'rst_n': Added interface parameter 'POLARITY' with value 'ACTIVE_LOW'.
WARNING: [IP_Flow 19-3157] Bus Interface 'rst_n': Bus parameter POLARITY is ACTIVE_LOW but port 'rst_n' is not *resetn - please double check the POLARITY setting.
WARNING: [IP_Flow 19-5661] Bus Interface 'clk' does not have any bus interfaces associated with it.
INFO: [IP_Flow 19-234] Refreshing IP repositories
WARNING: [IP_Flow 19-3685] Ignored loading user repository 'e:/vivado_axidma3/repo/uart_uav_data_1.0'. The path is contained within another repository.
WARNING: [IP_Flow 19-2207] Repository 'e:/vivado_axidma3/repo/uart_uav_data_1.0' already exists; ignoring attempt to add it again.
WARNING: [IP_Flow 19-3685] Ignored loading user repository 'e:/vivado_axidma3/repo/uart_uav_data_1.0'. The path is contained within another repository.
WARNING: [IP_Flow 19-3685] Ignored loading user repository 'e:/vivado_axidma3/repo/pl_bram_rd_1.0'. The path is contained within another repository.
WARNING: [IP_Flow 19-3685] Ignored loading user repository 'e:/vivado_axidma3/repo/nav_data_rd_1.0'. The path is contained within another repository.
INFO: [IP_Flow 19-1700] Loaded user IP repository 'e:/vivado_axidma3/repo'.
Upgrading 'E:/vivado_axidma3/uav_sar.srcs/sources_1/bd/uav_sar/uav_sar.bd'
INFO: [IP_Flow 19-1972] Upgraded uav_sar_ADC_sim_0_0 from ADC_sim_v1_0 1.0 to ADC_sim_v1_0 1.0
WARNING: [IP_Flow 19-4700] Upgrade has removed port 'sample_en'
WARNING: [IP_Flow 19-3298] Detected external port differences while upgrading 'uav_sar_ADC_sim_0_0'. These changes may impact your design.
CRITICAL WARNING: [BD 41-1167] The pin 'sample_en' is not found on the upgraded version of the cell '/ADC_sim_0'. Its connection to the net 'zynq_ultra_pl_sample_en' has been removed.
CRITICAL WARNING: [Coretcl 2-1280] The upgrade of 'uav_sar_ADC_sim_0_0' has identified issues that may require user intervention. Please verify that the instance is correctly configured, and review any upgrade messages.
Wrote  : <E:\vivado_axidma3\uav_sar.srcs\sources_1\bd\uav_sar\uav_sar.bd> 
Wrote  : <E:/vivado_axidma3/uav_sar.srcs/sources_1/bd/uav_sar/ui/bd_934feeaf.ui> 
delete_bd_objs [get_bd_nets zynq_ultra_pl_sample_en]
save_bd_design
Wrote  : <E:\vivado_axidma3\uav_sar.srcs\sources_1\bd\uav_sar\uav_sar.bd> 
Wrote  : <E:/vivado_axidma3/uav_sar.srcs/sources_1/bd/uav_sar/ui/bd_934feeaf.ui> 
set_property HDL_ATTRIBUTE.DEBUG true [get_bd_nets {zynq_ultra_pl/axi_dma_0_s2mm_introut }]
true
apply_bd_automation -rule xilinx.com:bd_rule:debug -dict [list \
                                                          [get_bd_nets zynq_ultra_pl/axi_dma_0_s2mm_introut] {PROBE_TYPE "Data and Trigger" CLK_SRC "None (Connect manually)" SYSTEM_ILA "Auto" } \
                                                         ]
Debug Automation : Instantiating new System ILA block '/system_ila_1' with mode NATIVE, 0 slot interface pins and 1 probe pins. Also setting parameters on this block, corresponding to newly enabled interface pins and probe pins as specified via Debug Automation.
Debug Automation : Connecting net /zynq_ultra_pl/axi_dma_0_s2mm_introut, to System ILA probe pin /system_ila_1/probe0 for debug.
apply_bd_automation -rule xilinx.com:bd_rule:clkrst -config { Clk {/zynq_ultra_ps/pl_clk0 (99 MHz)} Freq {100} Ref_Clk0 {} Ref_Clk1 {} Ref_Clk2 {}}  [get_bd_pins system_ila_1/clk]
delete_bd_objs [get_bd_nets clk_in1_1]
connect_bd_net [get_bd_pins zynq_ultra_ps/pl_clk0] [get_bd_pins zynq_ultra_pl/clk_in1]
connect_bd_net [get_bd_pins system_ila_1/clk] [get_bd_pins zynq_ultra_pl/clk_wiz/clk_out1]
save_bd_design
Wrote  : <E:\vivado_axidma3\uav_sar.srcs\sources_1\bd\uav_sar\uav_sar.bd> 
Wrote  : <E:/vivado_axidma3/uav_sar.srcs/sources_1/bd/uav_sar/ui/bd_934feeaf.ui> 
current_project ad9269_sample_ctrl_v1_0_project
ipx::merge_project_changes files [ipx::current_core]
WARNING: [IP_Flow 19-5226] Project source file 'e:/vivado_axidma3/repo/radar_sample_ctrl/component.xml' ignored by IP packager.
ipx::update_checksums [ipx::current_core]
ipx::save_core [ipx::current_core]
set_property core_revision 87 [ipx::current_core]
ipx::update_source_project_archive -component [ipx::current_core]
ipx::create_xgui_files [ipx::current_core]
ipx::update_checksums [ipx::current_core]
ipx::save_core [ipx::current_core]
ipx::move_temp_component_back -component [ipx::current_core]
close_project -delete
update_ip_catalog -rebuild -repo_path e:/vivado_axidma3/repo
INFO: [IP_Flow 19-725] Reloaded user IP repository 'e:/vivado_axidma3/repo'
report_ip_status -name ip_status 
upgrade_ip -srcset uav_sar -vlnv xilinx.com:user:ad9269_sample_ctrl:1.0 [get_ips  uav_sar_ad9269_sample_ctrl_0_0] -log ip_upgrade.log
Upgrading 'E:/vivado_axidma3/uav_sar.srcs/sources_1/bd/uav_sar/uav_sar.bd'
INFO: [IP_Flow 19-3422] Upgraded uav_sar_ad9269_sample_ctrl_0_0 (ad9269_sample_v1_0 1.0) from revision 86 to revision 87
Wrote  : <E:\vivado_axidma3\uav_sar.srcs\sources_1\bd\uav_sar\uav_sar.bd> 
Wrote  : <E:/vivado_axidma3/uav_sar.srcs/sources_1/bd/uav_sar/ui/bd_934feeaf.ui> 
INFO: [Coretcl 2-1525] Wrote upgrade log to 'E:/vivado_axidma3/ip_upgrade.log'.
export_ip_user_files -of_objects [get_ips uav_sar_ad9269_sample_ctrl_0_0] -no_script -sync -force -quiet
generate_target all [get_files  E:/vivado_axidma3/uav_sar.srcs/sources_1/bd/uav_sar/uav_sar.bd]
WARNING: [BD 41-1781] Updates have been made to one or more nets/interface connections marked for debug.
Debug nets, which are already connected to any ILA IP core in the block-design, will be automatically available for debug in Hardware Manager.
For unconnected Debug nets, please open synthesized design and use 'Set Up Debug' wizard to insert, modify or delete Debug Cores. 
CRITICAL WARNING: [BD 41-1343] Reset pin /zynq_ultra_pl/ad9269_sample_ctrl/adc_rst_n (associated clock /zynq_ultra_pl/ad9269_sample_ctrl/adc_clk) is connected to reset source /zynq_ultra_pl/proc_sys_reset/peripheral_aresetn (synchronous to clock source /zynq_ultra_pl/clk_wiz/clk_out1).
This may prevent design from meeting timing. Please add Processor System Reset module to create a reset that is synchronous to the associated clock source /zynq_ultra_pl/util_ds_buf/BUFG_O.
INFO: [xilinx.com:ip:clk_wiz:6.0-1] /zynq_ultra_pl/clk_wiz clk_wiz propagate
INFO: [xilinx.com:ip:clk_wiz:6.0-1] /zynq_ultra_pl/clk_wiz clk_wiz propagate
WARNING: [BD 41-237] Bus Interface property AWUSER_WIDTH does not match between /zynq_ultra_pl/axi_interconnect_0/s00_couplers/auto_pc/S_AXI(0) and /zynq_ultra_ps/M_AXI_HPM0_LPD(16)
WARNING: [BD 41-237] Bus Interface property ARUSER_WIDTH does not match between /zynq_ultra_pl/axi_interconnect_0/s00_couplers/auto_pc/S_AXI(0) and /zynq_ultra_ps/M_AXI_HPM0_LPD(16)
WARNING: [BD 41-237] Bus Interface property AWUSER_WIDTH does not match between /zynq_ultra_ps/S_AXI_HP0_FPD(1) and /zynq_ultra_pl/axi_interconnect_1/xbar/M00_AXI(0)
WARNING: [BD 41-237] Bus Interface property ARUSER_WIDTH does not match between /zynq_ultra_ps/S_AXI_HP0_FPD(1) and /zynq_ultra_pl/axi_interconnect_1/xbar/M00_AXI(0)
Wrote  : <E:\vivado_axidma3\uav_sar.srcs\sources_1\bd\uav_sar\uav_sar.bd> 
Wrote  : <E:/vivado_axidma3/uav_sar.srcs/sources_1/bd/uav_sar/ui/bd_934feeaf.ui> 
WARNING: [BD 41-2384] Width mismatch when connecting pin: '/zynq_ultra_pl/axi_interconnect_1/xbar/m_axi_bid'(2) to pin: '/zynq_ultra_pl/axi_interconnect_1/m00_couplers/S_AXI_bid'(6) - Only lower order bits will be connected.
WARNING: [BD 41-2384] Width mismatch when connecting pin: '/zynq_ultra_pl/axi_interconnect_1/xbar/m_axi_rid'(2) to pin: '/zynq_ultra_pl/axi_interconnect_1/m00_couplers/S_AXI_rid'(6) - Only lower order bits will be connected.
WARNING: [BD 41-2384] Width mismatch when connecting pin: '/zynq_ultra_ps/saxigp2_awid'(6) to pin: '/zynq_ultra_pl/M00_AXI_awid'(2) - Only lower order bits will be connected.
WARNING: [BD 41-2384] Width mismatch when connecting pin: '/zynq_ultra_ps/saxigp2_arid'(6) to pin: '/zynq_ultra_pl/M00_AXI_arid'(2) - Only lower order bits will be connected.
VHDL Output written to : E:/vivado_axidma3/uav_sar.srcs/sources_1/bd/uav_sar/synth/uav_sar.v
WARNING: [BD 41-2384] Width mismatch when connecting pin: '/zynq_ultra_pl/axi_interconnect_1/xbar/m_axi_bid'(2) to pin: '/zynq_ultra_pl/axi_interconnect_1/m00_couplers/S_AXI_bid'(6) - Only lower order bits will be connected.
WARNING: [BD 41-2384] Width mismatch when connecting pin: '/zynq_ultra_pl/axi_interconnect_1/xbar/m_axi_rid'(2) to pin: '/zynq_ultra_pl/axi_interconnect_1/m00_couplers/S_AXI_rid'(6) - Only lower order bits will be connected.
WARNING: [BD 41-2384] Width mismatch when connecting pin: '/zynq_ultra_ps/saxigp2_awid'(6) to pin: '/zynq_ultra_pl/M00_AXI_awid'(2) - Only lower order bits will be connected.
WARNING: [BD 41-2384] Width mismatch when connecting pin: '/zynq_ultra_ps/saxigp2_arid'(6) to pin: '/zynq_ultra_pl/M00_AXI_arid'(2) - Only lower order bits will be connected.
VHDL Output written to : E:/vivado_axidma3/uav_sar.srcs/sources_1/bd/uav_sar/sim/uav_sar.v
VHDL Output written to : E:/vivado_axidma3/uav_sar.srcs/sources_1/bd/uav_sar/hdl/uav_sar_wrapper.v
WARNING: [IP_Flow 19-5611] Unable to find an associated reset port for the interface 'M_AXI_HPM0_LPD'. A default connection has been created.
WARNING: [IP_Flow 19-5611] Unable to find an associated reset port for the interface 'S_AXI_HP0_FPD'. A default connection has been created.
INFO: [BD 41-1029] Generation completed for the IP Integrator block zynq_ultra_ps .
INFO: [BD 41-1029] Generation completed for the IP Integrator block zynq_ultra_pl/ad9269_sample_ctrl .
INFO: [BD 41-1029] Generation completed for the IP Integrator block zynq_ultra_pl/axi_interconnect_1/xbar .
Exporting to file e:/vivado_axidma3/uav_sar.srcs/sources_1/bd/uav_sar/ip/uav_sar_system_ila_0_0_1/bd_0/hw_handoff/uav_sar_system_ila_0_0.hwh
Generated Block Design Tcl file e:/vivado_axidma3/uav_sar.srcs/sources_1/bd/uav_sar/ip/uav_sar_system_ila_0_0_1/bd_0/hw_handoff/uav_sar_system_ila_0_0_bd.tcl
Generated Hardware Definition File e:/vivado_axidma3/uav_sar.srcs/sources_1/bd/uav_sar/ip/uav_sar_system_ila_0_0_1/bd_0/synth/uav_sar_system_ila_0_0.hwdef
INFO: [BD 41-1029] Generation completed for the IP Integrator block system_ila_0 .
INFO: [BD 41-1029] Generation completed for the IP Integrator block ADC_sim_0 .
Exporting to file e:/vivado_axidma3/uav_sar.srcs/sources_1/bd/uav_sar/ip/uav_sar_system_ila_1_0/bd_0/hw_handoff/uav_sar_system_ila_1_0.hwh
Generated Block Design Tcl file e:/vivado_axidma3/uav_sar.srcs/sources_1/bd/uav_sar/ip/uav_sar_system_ila_1_0/bd_0/hw_handoff/uav_sar_system_ila_1_0_bd.tcl
Generated Hardware Definition File e:/vivado_axidma3/uav_sar.srcs/sources_1/bd/uav_sar/ip/uav_sar_system_ila_1_0/bd_0/synth/uav_sar_system_ila_1_0.hwdef
INFO: [BD 41-1029] Generation completed for the IP Integrator block system_ila_1 .
WARNING: [IP_Flow 19-4994] Overwriting existing constraint file 'e:/vivado_axidma3/uav_sar.srcs/sources_1/bd/uav_sar/ip/uav_sar_auto_pc_0/uav_sar_auto_pc_0_ooc.xdc'
INFO: [BD 41-1029] Generation completed for the IP Integrator block zynq_ultra_pl/axi_interconnect_0/s00_couplers/auto_pc .
WARNING: [IP_Flow 19-4994] Overwriting existing constraint file 'e:/vivado_axidma3/uav_sar.srcs/sources_1/bd/uav_sar/ip/uav_sar_auto_us_0/uav_sar_auto_us_0_ooc.xdc'
WARNING: [IP_Flow 19-5611] Unable to find an associated reset port for the interface 'S_AXI'. A default connection has been created.
WARNING: [IP_Flow 19-5611] Unable to find an associated reset port for the interface 'M_AXI'. A default connection has been created.
INFO: [BD 41-1029] Generation completed for the IP Integrator block zynq_ultra_pl/axi_interconnect_1/s00_couplers/auto_us .
WARNING: [IP_Flow 19-4994] Overwriting existing constraint file 'e:/vivado_axidma3/uav_sar.srcs/sources_1/bd/uav_sar/ip/uav_sar_auto_us_1/uav_sar_auto_us_1_ooc.xdc'
WARNING: [IP_Flow 19-5611] Unable to find an associated reset port for the interface 'S_AXI'. A default connection has been created.
WARNING: [IP_Flow 19-5611] Unable to find an associated reset port for the interface 'M_AXI'. A default connection has been created.
INFO: [BD 41-1029] Generation completed for the IP Integrator block zynq_ultra_pl/axi_interconnect_1/s01_couplers/auto_us .
Exporting to file E:/vivado_axidma3/uav_sar.srcs/sources_1/bd/uav_sar/hw_handoff/uav_sar.hwh
Generated Block Design Tcl file E:/vivado_axidma3/uav_sar.srcs/sources_1/bd/uav_sar/hw_handoff/uav_sar_bd.tcl
Generated Hardware Definition File E:/vivado_axidma3/uav_sar.srcs/sources_1/bd/uav_sar/synth/uav_sar.hwdef
generate_target: Time (s): cpu = 00:00:38 ; elapsed = 00:00:44 . Memory (MB): peak = 5647.520 ; gain = 125.754
export_ip_user_files -of_objects [get_files E:/vivado_axidma3/uav_sar.srcs/sources_1/bd/uav_sar/uav_sar.bd] -no_script -sync -force -quiet
reset_run uav_sar_synth_1
WARNING: [Vivado 12-1017] Problems encountered:
1. Failed to delete one or more files in run directory E:/vivado_axidma3/uav_sar.runs/uav_sar_synth_1

launch_runs uav_sar_synth_1 -jobs 8
[Mon Oct 27 21:37:55 2025] Launched uav_sar_synth_1...
Run output will be captured here: E:/vivado_axidma3/uav_sar.runs/uav_sar_synth_1/runme.log
export_simulation -of_objects [get_files E:/vivado_axidma3/uav_sar.srcs/sources_1/bd/uav_sar/uav_sar.bd] -directory E:/vivado_axidma3/uav_sar.ip_user_files/sim_scripts -ip_user_files_dir E:/vivado_axidma3/uav_sar.ip_user_files -ipstatic_source_dir E:/vivado_axidma3/uav_sar.ip_user_files/ipstatic -lib_map_path [list {modelsim=E:/vivado_axidma3/uav_sar.cache/compile_simlib/modelsim} {questa=D:/Questasim/vivado_lib} {riviera=E:/vivado_axidma3/uav_sar.cache/compile_simlib/riviera} {activehdl=E:/vivado_axidma3/uav_sar.cache/compile_simlib/activehdl}] -use_ip_compiled_libs -force -quiet
report_ip_status -name ip_status 
reset_run synth_1
WARNING: [Vivado 12-1017] Problems encountered:
1. Failed to delete one or more files in run directory E:/vivado_axidma3/uav_sar.runs/synth_1

launch_runs synth_1 -jobs 8
[Mon Oct 27 21:43:09 2025] Launched synth_1...
Run output will be captured here: E:/vivado_axidma3/uav_sar.runs/synth_1/runme.log
refresh_design
INFO: [Project 1-454] Reading design checkpoint 'E:/vivado_axidma3/uav_sar.srcs/sources_1/bd/uav_sar/uav_sar.dcp' for cell 'uav_sar_i'
Netlist sorting complete. Time (s): cpu = 00:00:01 ; elapsed = 00:00:00.343 . Memory (MB): peak = 5704.754 ; gain = 0.000
INFO: [Netlist 29-17] Analyzing 667 Unisim elements for replacement
INFO: [Netlist 29-28] Unisim Transformation completed in 0 CPU seconds
INFO: [Project 1-479] Netlist was created with Vivado 2020.1
INFO: [Project 1-570] Preparing netlist for logic optimization
INFO: [Chipscope 16-324] Core: uav_sar_i/system_ila_0/inst/ila_lib UUID: 1a383018-5598-5cd9-9b88-9c3d5a3cae0f 
INFO: [Chipscope 16-324] Core: uav_sar_i/system_ila_1/inst/ila_lib UUID: 6762c1ec-5daf-5d84-ab75-42da3779edc5 
Parsing XDC File [e:/vivado_axidma3/uav_sar.srcs/sources_1/bd/uav_sar/ip/uav_sar_zynq_ultra_ps_e_0_0/uav_sar_zynq_ultra_ps_e_0_0.xdc] for cell 'uav_sar_i/zynq_ultra_ps/inst'
Finished Parsing XDC File [e:/vivado_axidma3/uav_sar.srcs/sources_1/bd/uav_sar/ip/uav_sar_zynq_ultra_ps_e_0_0/uav_sar_zynq_ultra_ps_e_0_0.xdc] for cell 'uav_sar_i/zynq_ultra_ps/inst'
Parsing XDC File [e:/vivado_axidma3/uav_sar.srcs/sources_1/bd/uav_sar/ip/uav_sar_proc_sys_reset_0_0/uav_sar_proc_sys_reset_0_0_board.xdc] for cell 'uav_sar_i/zynq_ultra_pl/proc_sys_reset/U0'
Finished Parsing XDC File [e:/vivado_axidma3/uav_sar.srcs/sources_1/bd/uav_sar/ip/uav_sar_proc_sys_reset_0_0/uav_sar_proc_sys_reset_0_0_board.xdc] for cell 'uav_sar_i/zynq_ultra_pl/proc_sys_reset/U0'
Parsing XDC File [e:/vivado_axidma3/uav_sar.srcs/sources_1/bd/uav_sar/ip/uav_sar_proc_sys_reset_0_0/uav_sar_proc_sys_reset_0_0.xdc] for cell 'uav_sar_i/zynq_ultra_pl/proc_sys_reset/U0'
Finished Parsing XDC File [e:/vivado_axidma3/uav_sar.srcs/sources_1/bd/uav_sar/ip/uav_sar_proc_sys_reset_0_0/uav_sar_proc_sys_reset_0_0.xdc] for cell 'uav_sar_i/zynq_ultra_pl/proc_sys_reset/U0'
Parsing XDC File [e:/vivado_axidma3/uav_sar.srcs/sources_1/bd/uav_sar/ip/uav_sar_axi_dma_0_0/uav_sar_axi_dma_0_0.xdc] for cell 'uav_sar_i/zynq_ultra_pl/axi_dma/U0'
WARNING: [Vivado_Tcl 4-921] Waiver ID 'CDC-1' -to list should not be empty. [e:/vivado_axidma3/uav_sar.srcs/sources_1/bd/uav_sar/ip/uav_sar_axi_dma_0_0/uav_sar_axi_dma_0_0.xdc:52]
WARNING: [Vivado_Tcl 4-921] Waiver ID 'CDC-1' -to list should not be empty. [e:/vivado_axidma3/uav_sar.srcs/sources_1/bd/uav_sar/ip/uav_sar_axi_dma_0_0/uav_sar_axi_dma_0_0.xdc:56]
WARNING: [Vivado_Tcl 4-919] Waiver ID 'CDC-1' -from list should not be empty. [e:/vivado_axidma3/uav_sar.srcs/sources_1/bd/uav_sar/ip/uav_sar_axi_dma_0_0/uav_sar_axi_dma_0_0.xdc:61]
Finished Parsing XDC File [e:/vivado_axidma3/uav_sar.srcs/sources_1/bd/uav_sar/ip/uav_sar_axi_dma_0_0/uav_sar_axi_dma_0_0.xdc] for cell 'uav_sar_i/zynq_ultra_pl/axi_dma/U0'
Parsing XDC File [e:/vivado_axidma3/uav_sar.srcs/sources_1/bd/uav_sar/ip/uav_sar_clk_wiz_0_0/uav_sar_clk_wiz_0_0_board.xdc] for cell 'uav_sar_i/zynq_ultra_pl/clk_wiz/inst'
Finished Parsing XDC File [e:/vivado_axidma3/uav_sar.srcs/sources_1/bd/uav_sar/ip/uav_sar_clk_wiz_0_0/uav_sar_clk_wiz_0_0_board.xdc] for cell 'uav_sar_i/zynq_ultra_pl/clk_wiz/inst'
Parsing XDC File [e:/vivado_axidma3/uav_sar.srcs/sources_1/bd/uav_sar/ip/uav_sar_clk_wiz_0_0/uav_sar_clk_wiz_0_0.xdc] for cell 'uav_sar_i/zynq_ultra_pl/clk_wiz/inst'
INFO: [Timing 38-35] Done setting XDC timing constraints. [e:/vivado_axidma3/uav_sar.srcs/sources_1/bd/uav_sar/ip/uav_sar_clk_wiz_0_0/uav_sar_clk_wiz_0_0.xdc:57]
INFO: [Timing 38-2] Deriving generated clocks [e:/vivado_axidma3/uav_sar.srcs/sources_1/bd/uav_sar/ip/uav_sar_clk_wiz_0_0/uav_sar_clk_wiz_0_0.xdc:57]
Finished Parsing XDC File [e:/vivado_axidma3/uav_sar.srcs/sources_1/bd/uav_sar/ip/uav_sar_clk_wiz_0_0/uav_sar_clk_wiz_0_0.xdc] for cell 'uav_sar_i/zynq_ultra_pl/clk_wiz/inst'
Parsing XDC File [e:/vivado_axidma3/uav_sar.srcs/sources_1/bd/uav_sar/ip/uav_sar_util_ds_buf_0_0/uav_sar_util_ds_buf_0_0_board.xdc] for cell 'uav_sar_i/zynq_ultra_pl/util_ds_buf/U0'
Finished Parsing XDC File [e:/vivado_axidma3/uav_sar.srcs/sources_1/bd/uav_sar/ip/uav_sar_util_ds_buf_0_0/uav_sar_util_ds_buf_0_0_board.xdc] for cell 'uav_sar_i/zynq_ultra_pl/util_ds_buf/U0'
Parsing XDC File [e:/vivado_axidma3/uav_sar.srcs/sources_1/bd/uav_sar/ip/uav_sar_axi_dma_0_1/uav_sar_axi_dma_0_1.xdc] for cell 'uav_sar_i/zynq_ultra_pl/axi_dma_0/U0'
WARNING: [Vivado_Tcl 4-921] Waiver ID 'CDC-1' -to list should not be empty. [e:/vivado_axidma3/uav_sar.srcs/sources_1/bd/uav_sar/ip/uav_sar_axi_dma_0_1/uav_sar_axi_dma_0_1.xdc:52]
WARNING: [Vivado_Tcl 4-921] Waiver ID 'CDC-1' -to list should not be empty. [e:/vivado_axidma3/uav_sar.srcs/sources_1/bd/uav_sar/ip/uav_sar_axi_dma_0_1/uav_sar_axi_dma_0_1.xdc:56]
WARNING: [Vivado_Tcl 4-919] Waiver ID 'CDC-1' -from list should not be empty. [e:/vivado_axidma3/uav_sar.srcs/sources_1/bd/uav_sar/ip/uav_sar_axi_dma_0_1/uav_sar_axi_dma_0_1.xdc:61]
Finished Parsing XDC File [e:/vivado_axidma3/uav_sar.srcs/sources_1/bd/uav_sar/ip/uav_sar_axi_dma_0_1/uav_sar_axi_dma_0_1.xdc] for cell 'uav_sar_i/zynq_ultra_pl/axi_dma_0/U0'
Parsing XDC File [e:/vivado_axidma3/uav_sar.srcs/sources_1/bd/uav_sar/ip/uav_sar_uart_uav_data_0_4/src/fifo_generator_0/fifo_generator_0.xdc] for cell 'uav_sar_i/zynq_ultra_pl/uart_uav_data_0/inst/uart_uav_data_v1_0_S00_AXI_inst/u_uart_rx/fifo_async/U0'
Finished Parsing XDC File [e:/vivado_axidma3/uav_sar.srcs/sources_1/bd/uav_sar/ip/uav_sar_uart_uav_data_0_4/src/fifo_generator_0/fifo_generator_0.xdc] for cell 'uav_sar_i/zynq_ultra_pl/uart_uav_data_0/inst/uart_uav_data_v1_0_S00_AXI_inst/u_uart_rx/fifo_async/U0'
Parsing XDC File [e:/vivado_axidma3/uav_sar.srcs/sources_1/bd/uav_sar/ip/uav_sar_system_ila_0_0_1/bd_0/ip/ip_0/ila_v6_2/constraints/ila_impl.xdc] for cell 'uav_sar_i/system_ila_0/inst/ila_lib/inst'
Finished Parsing XDC File [e:/vivado_axidma3/uav_sar.srcs/sources_1/bd/uav_sar/ip/uav_sar_system_ila_0_0_1/bd_0/ip/ip_0/ila_v6_2/constraints/ila_impl.xdc] for cell 'uav_sar_i/system_ila_0/inst/ila_lib/inst'
Parsing XDC File [e:/vivado_axidma3/uav_sar.srcs/sources_1/bd/uav_sar/ip/uav_sar_system_ila_0_0_1/bd_0/ip/ip_0/ila_v6_2/constraints/ila.xdc] for cell 'uav_sar_i/system_ila_0/inst/ila_lib/inst'
Finished Parsing XDC File [e:/vivado_axidma3/uav_sar.srcs/sources_1/bd/uav_sar/ip/uav_sar_system_ila_0_0_1/bd_0/ip/ip_0/ila_v6_2/constraints/ila.xdc] for cell 'uav_sar_i/system_ila_0/inst/ila_lib/inst'
Parsing XDC File [e:/vivado_axidma3/uav_sar.srcs/sources_1/bd/uav_sar/ip/uav_sar_system_ila_1_0/bd_0/ip/ip_0/ila_v6_2/constraints/ila_impl.xdc] for cell 'uav_sar_i/system_ila_1/inst/ila_lib/inst'
Finished Parsing XDC File [e:/vivado_axidma3/uav_sar.srcs/sources_1/bd/uav_sar/ip/uav_sar_system_ila_1_0/bd_0/ip/ip_0/ila_v6_2/constraints/ila_impl.xdc] for cell 'uav_sar_i/system_ila_1/inst/ila_lib/inst'
Parsing XDC File [e:/vivado_axidma3/uav_sar.srcs/sources_1/bd/uav_sar/ip/uav_sar_system_ila_1_0/bd_0/ip/ip_0/ila_v6_2/constraints/ila.xdc] for cell 'uav_sar_i/system_ila_1/inst/ila_lib/inst'
Finished Parsing XDC File [e:/vivado_axidma3/uav_sar.srcs/sources_1/bd/uav_sar/ip/uav_sar_system_ila_1_0/bd_0/ip/ip_0/ila_v6_2/constraints/ila.xdc] for cell 'uav_sar_i/system_ila_1/inst/ila_lib/inst'
Parsing XDC File [E:/vivado_axidma3/uav_sar.srcs/constrs_1/new/system.xdc]
WARNING: [Vivado 12-508] No pins matched 'uav_sar_i/zynq_ultra_pl/clk_wiz/inst/mmcme4_adv_inst/CLKOUT0'. [E:/vivado_axidma3/uav_sar.srcs/constrs_1/new/system.xdc:174]
WARNING: [Vivado 12-1008] No clocks found for command 'get_clocks -of_objects [get_pins uav_sar_i/zynq_ultra_pl/clk_wiz/inst/mmcme4_adv_inst/CLKOUT0]'. [E:/vivado_axidma3/uav_sar.srcs/constrs_1/new/system.xdc:174]
Resolution: Verify the create_clock command was called to create the clock object before it is referenced.
INFO: [Vivado 12-626] No clocks found. Please use 'create_clock' or 'create_generated_clock' command to create clocks. [E:/vivado_axidma3/uav_sar.srcs/constrs_1/new/system.xdc:174]
CRITICAL WARNING: [Vivado 12-4739] set_false_path:No valid object(s) found for '-from [get_clocks -of_objects [get_pins uav_sar_i/zynq_ultra_pl/clk_wiz/inst/mmcme4_adv_inst/CLKOUT0]]'. [E:/vivado_axidma3/uav_sar.srcs/constrs_1/new/system.xdc:174]
Resolution: Check if the specified object(s) exists in the current design. If it does, ensure that the correct design hierarchy was specified for the object. If you are working with clocks, make sure create_clock was used to create the clock object before it is referenced.
WARNING: [Vivado 12-508] No pins matched 'uav_sar_i/zynq_ultra_pl/clk_wiz/inst/mmcme4_adv_inst/CLKOUT0'. [E:/vivado_axidma3/uav_sar.srcs/constrs_1/new/system.xdc:177]
WARNING: [Vivado 12-1008] No clocks found for command 'get_clocks -of_objects [get_pins uav_sar_i/zynq_ultra_pl/clk_wiz/inst/mmcme4_adv_inst/CLKOUT0]'. [E:/vivado_axidma3/uav_sar.srcs/constrs_1/new/system.xdc:177]
Resolution: Verify the create_clock command was called to create the clock object before it is referenced.
INFO: [Vivado 12-626] No clocks found. Please use 'create_clock' or 'create_generated_clock' command to create clocks. [E:/vivado_axidma3/uav_sar.srcs/constrs_1/new/system.xdc:177]
CRITICAL WARNING: [Vivado 12-4739] set_false_path:No valid object(s) found for '-to [get_clocks -of_objects [get_pins uav_sar_i/zynq_ultra_pl/clk_wiz/inst/mmcme4_adv_inst/CLKOUT0]]'. [E:/vivado_axidma3/uav_sar.srcs/constrs_1/new/system.xdc:177]
Resolution: Check if the specified object(s) exists in the current design. If it does, ensure that the correct design hierarchy was specified for the object. If you are working with clocks, make sure create_clock was used to create the clock object before it is referenced.
WARNING: [Vivado 12-584] No ports matched 'IBUF_DS_P_0[0]'. [E:/vivado_axidma3/uav_sar.srcs/constrs_1/new/system.xdc:277]
CRITICAL WARNING: [Common 17-55] 'set_property' expects at least one object. [E:/vivado_axidma3/uav_sar.srcs/constrs_1/new/system.xdc:277]
Resolution: If [get_<value>] was used to populate the object, check to make sure this command returns at least one valid object.
WARNING: [Vivado 12-584] No ports matched 'IBUF_DS_N_0[0]'. [E:/vivado_axidma3/uav_sar.srcs/constrs_1/new/system.xdc:278]
CRITICAL WARNING: [Common 17-55] 'set_property' expects at least one object. [E:/vivado_axidma3/uav_sar.srcs/constrs_1/new/system.xdc:278]
Resolution: If [get_<value>] was used to populate the object, check to make sure this command returns at least one valid object.
WARNING: [Vivado 12-584] No ports matched 'IBUF_DS_P_0[0]'. [E:/vivado_axidma3/uav_sar.srcs/constrs_1/new/system.xdc:279]
CRITICAL WARNING: [Common 17-55] 'set_property' expects at least one object. [E:/vivado_axidma3/uav_sar.srcs/constrs_1/new/system.xdc:279]
Resolution: If [get_<value>] was used to populate the object, check to make sure this command returns at least one valid object.
WARNING: [Vivado 12-584] No ports matched 'IBUF_DS_P_0[0]'. [E:/vivado_axidma3/uav_sar.srcs/constrs_1/new/system.xdc:280]
CRITICAL WARNING: [Common 17-55] 'set_property' expects at least one object. [E:/vivado_axidma3/uav_sar.srcs/constrs_1/new/system.xdc:280]
Resolution: If [get_<value>] was used to populate the object, check to make sure this command returns at least one valid object.
WARNING: [Vivado 12-507] No nets matched 'uav_sar_i/zynq_ultra_pl/axi_interconnect_0_M02_AXI_RDATA[12]'. [E:/vivado_axidma3/uav_sar.srcs/constrs_1/new/system.xdc:285]
CRITICAL WARNING: [Common 17-55] 'set_property' expects at least one object. [E:/vivado_axidma3/uav_sar.srcs/constrs_1/new/system.xdc:285]
Resolution: If [get_<value>] was used to populate the object, check to make sure this command returns at least one valid object.
WARNING: [Vivado 12-507] No nets matched 'uav_sar_i/zynq_ultra_pl/axi_interconnect_0_M02_AXI_AWPROT[0]'. [E:/vivado_axidma3/uav_sar.srcs/constrs_1/new/system.xdc:286]
CRITICAL WARNING: [Common 17-55] 'set_property' expects at least one object. [E:/vivado_axidma3/uav_sar.srcs/constrs_1/new/system.xdc:286]
Resolution: If [get_<value>] was used to populate the object, check to make sure this command returns at least one valid object.
WARNING: [Vivado 12-507] No nets matched 'uav_sar_i/zynq_ultra_pl/axi_interconnect_0_M02_AXI_RDATA[5]'. [E:/vivado_axidma3/uav_sar.srcs/constrs_1/new/system.xdc:287]
CRITICAL WARNING: [Common 17-55] 'set_property' expects at least one object. [E:/vivado_axidma3/uav_sar.srcs/constrs_1/new/system.xdc:287]
Resolution: If [get_<value>] was used to populate the object, check to make sure this command returns at least one valid object.
WARNING: [Vivado 12-507] No nets matched 'uav_sar_i/zynq_ultra_pl/axi_interconnect_0_M02_AXI_RDATA[6]'. [E:/vivado_axidma3/uav_sar.srcs/constrs_1/new/system.xdc:288]
CRITICAL WARNING: [Common 17-55] 'set_property' expects at least one object. [E:/vivado_axidma3/uav_sar.srcs/constrs_1/new/system.xdc:288]
Resolution: If [get_<value>] was used to populate the object, check to make sure this command returns at least one valid object.
WARNING: [Vivado 12-507] No nets matched 'uav_sar_i/zynq_ultra_pl/axi_interconnect_0_M02_AXI_RDATA[19]'. [E:/vivado_axidma3/uav_sar.srcs/constrs_1/new/system.xdc:289]
CRITICAL WARNING: [Common 17-55] 'set_property' expects at least one object. [E:/vivado_axidma3/uav_sar.srcs/constrs_1/new/system.xdc:289]
Resolution: If [get_<value>] was used to populate the object, check to make sure this command returns at least one valid object.
WARNING: [Vivado 12-507] No nets matched 'uav_sar_i/zynq_ultra_pl/axi_interconnect_0_M02_AXI_RDATA[17]'. [E:/vivado_axidma3/uav_sar.srcs/constrs_1/new/system.xdc:290]
CRITICAL WARNING: [Common 17-55] 'set_property' expects at least one object. [E:/vivado_axidma3/uav_sar.srcs/constrs_1/new/system.xdc:290]
Resolution: If [get_<value>] was used to populate the object, check to make sure this command returns at least one valid object.
WARNING: [Vivado 12-507] No nets matched 'uav_sar_i/zynq_ultra_pl/axi_interconnect_0_M02_AXI_WDATA[7]'. [E:/vivado_axidma3/uav_sar.srcs/constrs_1/new/system.xdc:291]
CRITICAL WARNING: [Common 17-55] 'set_property' expects at least one object. [E:/vivado_axidma3/uav_sar.srcs/constrs_1/new/system.xdc:291]
Resolution: If [get_<value>] was used to populate the object, check to make sure this command returns at least one valid object.
WARNING: [Vivado 12-507] No nets matched 'uav_sar_i/zynq_ultra_pl/axi_interconnect_0_M02_AXI_WDATA[9]'. [E:/vivado_axidma3/uav_sar.srcs/constrs_1/new/system.xdc:292]
CRITICAL WARNING: [Common 17-55] 'set_property' expects at least one object. [E:/vivado_axidma3/uav_sar.srcs/constrs_1/new/system.xdc:292]
Resolution: If [get_<value>] was used to populate the object, check to make sure this command returns at least one valid object.
WARNING: [Vivado 12-507] No nets matched 'uav_sar_i/zynq_ultra_pl/axi_interconnect_0_M02_AXI_WDATA[14]'. [E:/vivado_axidma3/uav_sar.srcs/constrs_1/new/system.xdc:293]
CRITICAL WARNING: [Common 17-55] 'set_property' expects at least one object. [E:/vivado_axidma3/uav_sar.srcs/constrs_1/new/system.xdc:293]
Resolution: If [get_<value>] was used to populate the object, check to make sure this command returns at least one valid object.
WARNING: [Vivado 12-507] No nets matched 'uav_sar_i/zynq_ultra_pl/axi_interconnect_0_M02_AXI_WSTRB[2]'. [E:/vivado_axidma3/uav_sar.srcs/constrs_1/new/system.xdc:294]
CRITICAL WARNING: [Common 17-55] 'set_property' expects at least one object. [E:/vivado_axidma3/uav_sar.srcs/constrs_1/new/system.xdc:294]
Resolution: If [get_<value>] was used to populate the object, check to make sure this command returns at least one valid object.
WARNING: [Vivado 12-507] No nets matched 'uav_sar_i/zynq_ultra_pl/axi_interconnect_0_M02_AXI_WDATA[16]'. [E:/vivado_axidma3/uav_sar.srcs/constrs_1/new/system.xdc:295]
CRITICAL WARNING: [Common 17-55] 'set_property' expects at least one object. [E:/vivado_axidma3/uav_sar.srcs/constrs_1/new/system.xdc:295]
Resolution: If [get_<value>] was used to populate the object, check to make sure this command returns at least one valid object.
WARNING: [Vivado 12-507] No nets matched 'uav_sar_i/zynq_ultra_pl/axi_interconnect_0_M02_AXI_AWADDR[2]'. [E:/vivado_axidma3/uav_sar.srcs/constrs_1/new/system.xdc:296]
CRITICAL WARNING: [Common 17-55] 'set_property' expects at least one object. [E:/vivado_axidma3/uav_sar.srcs/constrs_1/new/system.xdc:296]
Resolution: If [get_<value>] was used to populate the object, check to make sure this command returns at least one valid object.
WARNING: [Vivado 12-507] No nets matched 'uav_sar_i/zynq_ultra_pl/axi_interconnect_0_M02_AXI_RDATA[23]'. [E:/vivado_axidma3/uav_sar.srcs/constrs_1/new/system.xdc:297]
CRITICAL WARNING: [Common 17-55] 'set_property' expects at least one object. [E:/vivado_axidma3/uav_sar.srcs/constrs_1/new/system.xdc:297]
Resolution: If [get_<value>] was used to populate the object, check to make sure this command returns at least one valid object.
WARNING: [Vivado 12-507] No nets matched 'uav_sar_i/zynq_ultra_pl/axi_interconnect_0_M02_AXI_RDATA[25]'. [E:/vivado_axidma3/uav_sar.srcs/constrs_1/new/system.xdc:298]
CRITICAL WARNING: [Common 17-55] 'set_property' expects at least one object. [E:/vivado_axidma3/uav_sar.srcs/constrs_1/new/system.xdc:298]
Resolution: If [get_<value>] was used to populate the object, check to make sure this command returns at least one valid object.
WARNING: [Vivado 12-507] No nets matched 'uav_sar_i/zynq_ultra_pl/axi_interconnect_0_M02_AXI_ARPROT[2]'. [E:/vivado_axidma3/uav_sar.srcs/constrs_1/new/system.xdc:299]
CRITICAL WARNING: [Common 17-55] 'set_property' expects at least one object. [E:/vivado_axidma3/uav_sar.srcs/constrs_1/new/system.xdc:299]
Resolution: If [get_<value>] was used to populate the object, check to make sure this command returns at least one valid object.
WARNING: [Vivado 12-507] No nets matched 'uav_sar_i/zynq_ultra_pl/axi_interconnect_0_M02_AXI_BRESP[1]'. [E:/vivado_axidma3/uav_sar.srcs/constrs_1/new/system.xdc:300]
CRITICAL WARNING: [Common 17-55] 'set_property' expects at least one object. [E:/vivado_axidma3/uav_sar.srcs/constrs_1/new/system.xdc:300]
Resolution: If [get_<value>] was used to populate the object, check to make sure this command returns at least one valid object.
WARNING: [Vivado 12-507] No nets matched 'uav_sar_i/zynq_ultra_pl/axi_interconnect_0_M02_AXI_RDATA[30]'. [E:/vivado_axidma3/uav_sar.srcs/constrs_1/new/system.xdc:301]
CRITICAL WARNING: [Common 17-55] 'set_property' expects at least one object. [E:/vivado_axidma3/uav_sar.srcs/constrs_1/new/system.xdc:301]
Resolution: If [get_<value>] was used to populate the object, check to make sure this command returns at least one valid object.
WARNING: [Vivado 12-507] No nets matched 'uav_sar_i/zynq_ultra_pl/axi_interconnect_0_M02_AXI_WDATA[11]'. [E:/vivado_axidma3/uav_sar.srcs/constrs_1/new/system.xdc:302]
CRITICAL WARNING: [Common 17-55] 'set_property' expects at least one object. [E:/vivado_axidma3/uav_sar.srcs/constrs_1/new/system.xdc:302]
Resolution: If [get_<value>] was used to populate the object, check to make sure this command returns at least one valid object.
WARNING: [Vivado 12-507] No nets matched 'uav_sar_i/zynq_ultra_pl/axi_interconnect_0_M02_AXI_WDATA[21]'. [E:/vivado_axidma3/uav_sar.srcs/constrs_1/new/system.xdc:303]
CRITICAL WARNING: [Common 17-55] 'set_property' expects at least one object. [E:/vivado_axidma3/uav_sar.srcs/constrs_1/new/system.xdc:303]
Resolution: If [get_<value>] was used to populate the object, check to make sure this command returns at least one valid object.
WARNING: [Vivado 12-507] No nets matched 'uav_sar_i/zynq_ultra_pl/axi_interconnect_0_M02_AXI_WDATA[27]'. [E:/vivado_axidma3/uav_sar.srcs/constrs_1/new/system.xdc:304]
CRITICAL WARNING: [Common 17-55] 'set_property' expects at least one object. [E:/vivado_axidma3/uav_sar.srcs/constrs_1/new/system.xdc:304]
Resolution: If [get_<value>] was used to populate the object, check to make sure this command returns at least one valid object.
WARNING: [Vivado 12-507] No nets matched 'uav_sar_i/zynq_ultra_pl/axi_interconnect_0_M02_AXI_WDATA[22]'. [E:/vivado_axidma3/uav_sar.srcs/constrs_1/new/system.xdc:305]
CRITICAL WARNING: [Common 17-55] 'set_property' expects at least one object. [E:/vivado_axidma3/uav_sar.srcs/constrs_1/new/system.xdc:305]
Resolution: If [get_<value>] was used to populate the object, check to make sure this command returns at least one valid object.
WARNING: [Vivado 12-507] No nets matched 'uav_sar_i/zynq_ultra_pl/axi_interconnect_0_M02_AXI_RDATA[4]'. [E:/vivado_axidma3/uav_sar.srcs/constrs_1/new/system.xdc:306]
CRITICAL WARNING: [Common 17-55] 'set_property' expects at least one object. [E:/vivado_axidma3/uav_sar.srcs/constrs_1/new/system.xdc:306]
Resolution: If [get_<value>] was used to populate the object, check to make sure this command returns at least one valid object.
WARNING: [Vivado 12-507] No nets matched 'uav_sar_i/zynq_ultra_pl/axi_interconnect_0_M02_AXI_AWADDR[3]'. [E:/vivado_axidma3/uav_sar.srcs/constrs_1/new/system.xdc:307]
CRITICAL WARNING: [Common 17-55] 'set_property' expects at least one object. [E:/vivado_axidma3/uav_sar.srcs/constrs_1/new/system.xdc:307]
Resolution: If [get_<value>] was used to populate the object, check to make sure this command returns at least one valid object.
WARNING: [Vivado 12-507] No nets matched 'uav_sar_i/zynq_ultra_pl/axi_interconnect_0_M02_AXI_ARADDR[1]'. [E:/vivado_axidma3/uav_sar.srcs/constrs_1/new/system.xdc:308]
CRITICAL WARNING: [Common 17-55] 'set_property' expects at least one object. [E:/vivado_axidma3/uav_sar.srcs/constrs_1/new/system.xdc:308]
Resolution: If [get_<value>] was used to populate the object, check to make sure this command returns at least one valid object.
WARNING: [Vivado 12-507] No nets matched 'uav_sar_i/zynq_ultra_pl/axi_interconnect_0_M02_AXI_AWADDR[1]'. [E:/vivado_axidma3/uav_sar.srcs/constrs_1/new/system.xdc:309]
CRITICAL WARNING: [Common 17-55] 'set_property' expects at least one object. [E:/vivado_axidma3/uav_sar.srcs/constrs_1/new/system.xdc:309]
Resolution: If [get_<value>] was used to populate the object, check to make sure this command returns at least one valid object.
WARNING: [Vivado 12-507] No nets matched 'uav_sar_i/zynq_ultra_pl/axi_interconnect_0_M02_AXI_RDATA[2]'. [E:/vivado_axidma3/uav_sar.srcs/constrs_1/new/system.xdc:310]
CRITICAL WARNING: [Common 17-55] 'set_property' expects at least one object. [E:/vivado_axidma3/uav_sar.srcs/constrs_1/new/system.xdc:310]
Resolution: If [get_<value>] was used to populate the object, check to make sure this command returns at least one valid object.
WARNING: [Vivado 12-507] No nets matched 'uav_sar_i/zynq_ultra_pl/axi_interconnect_0_M02_AXI_RDATA[14]'. [E:/vivado_axidma3/uav_sar.srcs/constrs_1/new/system.xdc:311]
CRITICAL WARNING: [Common 17-55] 'set_property' expects at least one object. [E:/vivado_axidma3/uav_sar.srcs/constrs_1/new/system.xdc:311]
Resolution: If [get_<value>] was used to populate the object, check to make sure this command returns at least one valid object.
WARNING: [Vivado 12-507] No nets matched 'uav_sar_i/zynq_ultra_pl/axi_interconnect_0_M02_AXI_RRESP[1]'. [E:/vivado_axidma3/uav_sar.srcs/constrs_1/new/system.xdc:312]
CRITICAL WARNING: [Common 17-55] 'set_property' expects at least one object. [E:/vivado_axidma3/uav_sar.srcs/constrs_1/new/system.xdc:312]
Resolution: If [get_<value>] was used to populate the object, check to make sure this command returns at least one valid object.
WARNING: [Vivado 12-507] No nets matched 'uav_sar_i/zynq_ultra_pl/axi_interconnect_0_M02_AXI_WDATA[1]'. [E:/vivado_axidma3/uav_sar.srcs/constrs_1/new/system.xdc:313]
CRITICAL WARNING: [Common 17-55] 'set_property' expects at least one object. [E:/vivado_axidma3/uav_sar.srcs/constrs_1/new/system.xdc:313]
Resolution: If [get_<value>] was used to populate the object, check to make sure this command returns at least one valid object.
WARNING: [Vivado 12-507] No nets matched 'uav_sar_i/zynq_ultra_pl/axi_interconnect_0_M02_AXI_WDATA[12]'. [E:/vivado_axidma3/uav_sar.srcs/constrs_1/new/system.xdc:314]
CRITICAL WARNING: [Common 17-55] 'set_property' expects at least one object. [E:/vivado_axidma3/uav_sar.srcs/constrs_1/new/system.xdc:314]
Resolution: If [get_<value>] was used to populate the object, check to make sure this command returns at least one valid object.
WARNING: [Vivado 12-507] No nets matched 'uav_sar_i/zynq_ultra_pl/axi_interconnect_0_M02_AXI_WSTRB[3]'. [E:/vivado_axidma3/uav_sar.srcs/constrs_1/new/system.xdc:315]
CRITICAL WARNING: [Common 17-55] 'set_property' expects at least one object. [E:/vivado_axidma3/uav_sar.srcs/constrs_1/new/system.xdc:315]
Resolution: If [get_<value>] was used to populate the object, check to make sure this command returns at least one valid object.
WARNING: [Vivado 12-507] No nets matched 'uav_sar_i/zynq_ultra_pl/axi_interconnect_0_M02_AXI_ARPROT[1]'. [E:/vivado_axidma3/uav_sar.srcs/constrs_1/new/system.xdc:316]
CRITICAL WARNING: [Common 17-55] 'set_property' expects at least one object. [E:/vivado_axidma3/uav_sar.srcs/constrs_1/new/system.xdc:316]
Resolution: If [get_<value>] was used to populate the object, check to make sure this command returns at least one valid object.
WARNING: [Vivado 12-507] No nets matched 'uav_sar_i/zynq_ultra_pl/axi_interconnect_0_M02_AXI_ARADDR[3]'. [E:/vivado_axidma3/uav_sar.srcs/constrs_1/new/system.xdc:317]
CRITICAL WARNING: [Common 17-55] 'set_property' expects at least one object. [E:/vivado_axidma3/uav_sar.srcs/constrs_1/new/system.xdc:317]
Resolution: If [get_<value>] was used to populate the object, check to make sure this command returns at least one valid object.
WARNING: [Vivado 12-507] No nets matched 'uav_sar_i/zynq_ultra_pl/axi_interconnect_0_M02_AXI_RDATA[9]'. [E:/vivado_axidma3/uav_sar.srcs/constrs_1/new/system.xdc:318]
CRITICAL WARNING: [Common 17-55] 'set_property' expects at least one object. [E:/vivado_axidma3/uav_sar.srcs/constrs_1/new/system.xdc:318]
Resolution: If [get_<value>] was used to populate the object, check to make sure this command returns at least one valid object.
WARNING: [Vivado 12-507] No nets matched 'uav_sar_i/zynq_ultra_pl/axi_interconnect_0_M02_AXI_RDATA[15]'. [E:/vivado_axidma3/uav_sar.srcs/constrs_1/new/system.xdc:319]
CRITICAL WARNING: [Common 17-55] 'set_property' expects at least one object. [E:/vivado_axidma3/uav_sar.srcs/constrs_1/new/system.xdc:319]
Resolution: If [get_<value>] was used to populate the object, check to make sure this command returns at least one valid object.
WARNING: [Vivado 12-507] No nets matched 'uav_sar_i/zynq_ultra_pl/axi_interconnect_0_M02_AXI_RDATA[18]'. [E:/vivado_axidma3/uav_sar.srcs/constrs_1/new/system.xdc:320]
CRITICAL WARNING: [Common 17-55] 'set_property' expects at least one object. [E:/vivado_axidma3/uav_sar.srcs/constrs_1/new/system.xdc:320]
Resolution: If [get_<value>] was used to populate the object, check to make sure this command returns at least one valid object.
WARNING: [Vivado 12-507] No nets matched 'uav_sar_i/zynq_ultra_pl/axi_interconnect_0_M02_AXI_RDATA[22]'. [E:/vivado_axidma3/uav_sar.srcs/constrs_1/new/system.xdc:321]
CRITICAL WARNING: [Common 17-55] 'set_property' expects at least one object. [E:/vivado_axidma3/uav_sar.srcs/constrs_1/new/system.xdc:321]
Resolution: If [get_<value>] was used to populate the object, check to make sure this command returns at least one valid object.
WARNING: [Vivado 12-507] No nets matched 'uav_sar_i/zynq_ultra_pl/axi_interconnect_0_M02_AXI_WDATA[8]'. [E:/vivado_axidma3/uav_sar.srcs/constrs_1/new/system.xdc:322]
CRITICAL WARNING: [Common 17-55] 'set_property' expects at least one object. [E:/vivado_axidma3/uav_sar.srcs/constrs_1/new/system.xdc:322]
Resolution: If [get_<value>] was used to populate the object, check to make sure this command returns at least one valid object.
WARNING: [Vivado 12-507] No nets matched 'uav_sar_i/zynq_ultra_pl/axi_interconnect_0_M02_AXI_WDATA[31]'. [E:/vivado_axidma3/uav_sar.srcs/constrs_1/new/system.xdc:323]
CRITICAL WARNING: [Common 17-55] 'set_property' expects at least one object. [E:/vivado_axidma3/uav_sar.srcs/constrs_1/new/system.xdc:323]
Resolution: If [get_<value>] was used to populate the object, check to make sure this command returns at least one valid object.
WARNING: [Vivado 12-507] No nets matched 'uav_sar_i/zynq_ultra_pl/axi_interconnect_0_M02_AXI_WDATA[18]'. [E:/vivado_axidma3/uav_sar.srcs/constrs_1/new/system.xdc:324]
CRITICAL WARNING: [Common 17-55] 'set_property' expects at least one object. [E:/vivado_axidma3/uav_sar.srcs/constrs_1/new/system.xdc:324]
Resolution: If [get_<value>] was used to populate the object, check to make sure this command returns at least one valid object.
WARNING: [Vivado 12-507] No nets matched 'uav_sar_i/zynq_ultra_pl/axi_interconnect_0_M02_AXI_WDATA[23]'. [E:/vivado_axidma3/uav_sar.srcs/constrs_1/new/system.xdc:325]
CRITICAL WARNING: [Common 17-55] 'set_property' expects at least one object. [E:/vivado_axidma3/uav_sar.srcs/constrs_1/new/system.xdc:325]
Resolution: If [get_<value>] was used to populate the object, check to make sure this command returns at least one valid object.
WARNING: [Vivado 12-507] No nets matched 'uav_sar_i/zynq_ultra_pl/axi_interconnect_0_M02_AXI_RDATA[20]'. [E:/vivado_axidma3/uav_sar.srcs/constrs_1/new/system.xdc:326]
CRITICAL WARNING: [Common 17-55] 'set_property' expects at least one object. [E:/vivado_axidma3/uav_sar.srcs/constrs_1/new/system.xdc:326]
Resolution: If [get_<value>] was used to populate the object, check to make sure this command returns at least one valid object.
WARNING: [Vivado 12-507] No nets matched 'uav_sar_i/zynq_ultra_pl/axi_interconnect_0_M02_AXI_ARADDR[2]'. [E:/vivado_axidma3/uav_sar.srcs/constrs_1/new/system.xdc:327]
CRITICAL WARNING: [Common 17-55] 'set_property' expects at least one object. [E:/vivado_axidma3/uav_sar.srcs/constrs_1/new/system.xdc:327]
Resolution: If [get_<value>] was used to populate the object, check to make sure this command returns at least one valid object.
WARNING: [Vivado 12-507] No nets matched 'uav_sar_i/zynq_ultra_pl/axi_interconnect_0_M02_AXI_AWPROT[2]'. [E:/vivado_axidma3/uav_sar.srcs/constrs_1/new/system.xdc:328]
CRITICAL WARNING: [Common 17-55] 'set_property' expects at least one object. [E:/vivado_axidma3/uav_sar.srcs/constrs_1/new/system.xdc:328]
Resolution: If [get_<value>] was used to populate the object, check to make sure this command returns at least one valid object.
WARNING: [Vivado 12-507] No nets matched 'uav_sar_i/zynq_ultra_pl/axi_interconnect_0_M02_AXI_BRESP[0]'. [E:/vivado_axidma3/uav_sar.srcs/constrs_1/new/system.xdc:329]
CRITICAL WARNING: [Common 17-55] 'set_property' expects at least one object. [E:/vivado_axidma3/uav_sar.srcs/constrs_1/new/system.xdc:329]
Resolution: If [get_<value>] was used to populate the object, check to make sure this command returns at least one valid object.
WARNING: [Vivado 12-507] No nets matched 'uav_sar_i/zynq_ultra_pl/axi_interconnect_0_M02_AXI_WSTRB[0]'. [E:/vivado_axidma3/uav_sar.srcs/constrs_1/new/system.xdc:330]
CRITICAL WARNING: [Common 17-55] 'set_property' expects at least one object. [E:/vivado_axidma3/uav_sar.srcs/constrs_1/new/system.xdc:330]
Resolution: If [get_<value>] was used to populate the object, check to make sure this command returns at least one valid object.
WARNING: [Vivado 12-507] No nets matched 'uav_sar_i/zynq_ultra_pl/axi_interconnect_0_M02_AXI_WDATA[3]'. [E:/vivado_axidma3/uav_sar.srcs/constrs_1/new/system.xdc:331]
CRITICAL WARNING: [Common 17-55] 'set_property' expects at least one object. [E:/vivado_axidma3/uav_sar.srcs/constrs_1/new/system.xdc:331]
Resolution: If [get_<value>] was used to populate the object, check to make sure this command returns at least one valid object.
WARNING: [Vivado 12-507] No nets matched 'uav_sar_i/zynq_ultra_pl/axi_interconnect_0_M02_AXI_WDATA[15]'. [E:/vivado_axidma3/uav_sar.srcs/constrs_1/new/system.xdc:332]
CRITICAL WARNING: [Common 17-55] 'set_property' expects at least one object. [E:/vivado_axidma3/uav_sar.srcs/constrs_1/new/system.xdc:332]
Resolution: If [get_<value>] was used to populate the object, check to make sure this command returns at least one valid object.
WARNING: [Vivado 12-507] No nets matched 'uav_sar_i/zynq_ultra_pl/axi_interconnect_0_M02_AXI_WDATA[26]'. [E:/vivado_axidma3/uav_sar.srcs/constrs_1/new/system.xdc:333]
CRITICAL WARNING: [Common 17-55] 'set_property' expects at least one object. [E:/vivado_axidma3/uav_sar.srcs/constrs_1/new/system.xdc:333]
Resolution: If [get_<value>] was used to populate the object, check to make sure this command returns at least one valid object.
WARNING: [Vivado 12-507] No nets matched 'uav_sar_i/zynq_ultra_pl/axi_interconnect_0_M02_AXI_WDATA[29]'. [E:/vivado_axidma3/uav_sar.srcs/constrs_1/new/system.xdc:334]
CRITICAL WARNING: [Common 17-55] 'set_property' expects at least one object. [E:/vivado_axidma3/uav_sar.srcs/constrs_1/new/system.xdc:334]
Resolution: If [get_<value>] was used to populate the object, check to make sure this command returns at least one valid object.
WARNING: [Vivado 12-507] No nets matched 'uav_sar_i/zynq_ultra_pl/axi_interconnect_0_M02_AXI_RDATA[11]'. [E:/vivado_axidma3/uav_sar.srcs/constrs_1/new/system.xdc:335]
CRITICAL WARNING: [Common 17-55] 'set_property' expects at least one object. [E:/vivado_axidma3/uav_sar.srcs/constrs_1/new/system.xdc:335]
Resolution: If [get_<value>] was used to populate the object, check to make sure this command returns at least one valid object.
WARNING: [Vivado 12-507] No nets matched 'uav_sar_i/zynq_ultra_pl/axi_interconnect_0_M02_AXI_RRESP[0]'. [E:/vivado_axidma3/uav_sar.srcs/constrs_1/new/system.xdc:336]
CRITICAL WARNING: [Common 17-55] 'set_property' expects at least one object. [E:/vivado_axidma3/uav_sar.srcs/constrs_1/new/system.xdc:336]
Resolution: If [get_<value>] was used to populate the object, check to make sure this command returns at least one valid object.
WARNING: [Vivado 12-507] No nets matched 'uav_sar_i/zynq_ultra_pl/axi_interconnect_0_M02_AXI_RDATA[27]'. [E:/vivado_axidma3/uav_sar.srcs/constrs_1/new/system.xdc:337]
CRITICAL WARNING: [Common 17-55] 'set_property' expects at least one object. [E:/vivado_axidma3/uav_sar.srcs/constrs_1/new/system.xdc:337]
Resolution: If [get_<value>] was used to populate the object, check to make sure this command returns at least one valid object.
WARNING: [Vivado 12-507] No nets matched 'uav_sar_i/zynq_ultra_pl/axi_interconnect_0_M02_AXI_RDATA[29]'. [E:/vivado_axidma3/uav_sar.srcs/constrs_1/new/system.xdc:338]
CRITICAL WARNING: [Common 17-55] 'set_property' expects at least one object. [E:/vivado_axidma3/uav_sar.srcs/constrs_1/new/system.xdc:338]
Resolution: If [get_<value>] was used to populate the object, check to make sure this command returns at least one valid object.
WARNING: [Vivado 12-507] No nets matched 'uav_sar_i/zynq_ultra_pl/axi_interconnect_0_M02_AXI_RDATA[1]'. [E:/vivado_axidma3/uav_sar.srcs/constrs_1/new/system.xdc:339]
CRITICAL WARNING: [Common 17-55] 'set_property' expects at least one object. [E:/vivado_axidma3/uav_sar.srcs/constrs_1/new/system.xdc:339]
Resolution: If [get_<value>] was used to populate the object, check to make sure this command returns at least one valid object.
WARNING: [Vivado 12-507] No nets matched 'uav_sar_i/zynq_ultra_pl/axi_interconnect_0_M02_AXI_RDATA[13]'. [E:/vivado_axidma3/uav_sar.srcs/constrs_1/new/system.xdc:340]
CRITICAL WARNING: [Common 17-55] 'set_property' expects at least one object. [E:/vivado_axidma3/uav_sar.srcs/constrs_1/new/system.xdc:340]
Resolution: If [get_<value>] was used to populate the object, check to make sure this command returns at least one valid object.
WARNING: [Vivado 12-507] No nets matched 'uav_sar_i/zynq_ultra_pl/axi_interconnect_0_M02_AXI_ARADDR[0]'. [E:/vivado_axidma3/uav_sar.srcs/constrs_1/new/system.xdc:341]
CRITICAL WARNING: [Common 17-55] 'set_property' expects at least one object. [E:/vivado_axidma3/uav_sar.srcs/constrs_1/new/system.xdc:341]
Resolution: If [get_<value>] was used to populate the object, check to make sure this command returns at least one valid object.
WARNING: [Vivado 12-507] No nets matched 'uav_sar_i/zynq_ultra_pl/axi_interconnect_0_M02_AXI_ARPROT[0]'. [E:/vivado_axidma3/uav_sar.srcs/constrs_1/new/system.xdc:342]
CRITICAL WARNING: [Common 17-55] 'set_property' expects at least one object. [E:/vivado_axidma3/uav_sar.srcs/constrs_1/new/system.xdc:342]
Resolution: If [get_<value>] was used to populate the object, check to make sure this command returns at least one valid object.
WARNING: [Vivado 12-507] No nets matched 'uav_sar_i/zynq_ultra_pl/axi_interconnect_0_M02_AXI_WDATA[2]'. [E:/vivado_axidma3/uav_sar.srcs/constrs_1/new/system.xdc:343]
CRITICAL WARNING: [Common 17-55] 'set_property' expects at least one object. [E:/vivado_axidma3/uav_sar.srcs/constrs_1/new/system.xdc:343]
Resolution: If [get_<value>] was used to populate the object, check to make sure this command returns at least one valid object.
WARNING: [Vivado 12-507] No nets matched 'uav_sar_i/zynq_ultra_pl/axi_interconnect_0_M02_AXI_AWADDR[0]'. [E:/vivado_axidma3/uav_sar.srcs/constrs_1/new/system.xdc:344]
CRITICAL WARNING: [Common 17-55] 'set_property' expects at least one object. [E:/vivado_axidma3/uav_sar.srcs/constrs_1/new/system.xdc:344]
Resolution: If [get_<value>] was used to populate the object, check to make sure this command returns at least one valid object.
WARNING: [Vivado 12-507] No nets matched 'uav_sar_i/zynq_ultra_pl/axi_interconnect_0_M02_AXI_WDATA[20]'. [E:/vivado_axidma3/uav_sar.srcs/constrs_1/new/system.xdc:345]
CRITICAL WARNING: [Common 17-55] 'set_property' expects at least one object. [E:/vivado_axidma3/uav_sar.srcs/constrs_1/new/system.xdc:345]
Resolution: If [get_<value>] was used to populate the object, check to make sure this command returns at least one valid object.
WARNING: [Vivado 12-507] No nets matched 'uav_sar_i/zynq_ultra_pl/axi_interconnect_0_M02_AXI_WDATA[5]'. [E:/vivado_axidma3/uav_sar.srcs/constrs_1/new/system.xdc:346]
CRITICAL WARNING: [Common 17-55] 'set_property' expects at least one object. [E:/vivado_axidma3/uav_sar.srcs/constrs_1/new/system.xdc:346]
Resolution: If [get_<value>] was used to populate the object, check to make sure this command returns at least one valid object.
WARNING: [Vivado 12-507] No nets matched 'uav_sar_i/zynq_ultra_pl/axi_interconnect_0_M02_AXI_WDATA[10]'. [E:/vivado_axidma3/uav_sar.srcs/constrs_1/new/system.xdc:347]
CRITICAL WARNING: [Common 17-55] 'set_property' expects at least one object. [E:/vivado_axidma3/uav_sar.srcs/constrs_1/new/system.xdc:347]
Resolution: If [get_<value>] was used to populate the object, check to make sure this command returns at least one valid object.
WARNING: [Vivado 12-507] No nets matched 'uav_sar_i/zynq_ultra_pl/axi_interconnect_0_M02_AXI_WDATA[19]'. [E:/vivado_axidma3/uav_sar.srcs/constrs_1/new/system.xdc:348]
CRITICAL WARNING: [Common 17-55] 'set_property' expects at least one object. [E:/vivado_axidma3/uav_sar.srcs/constrs_1/new/system.xdc:348]
Resolution: If [get_<value>] was used to populate the object, check to make sure this command returns at least one valid object.
WARNING: [Vivado 12-507] No nets matched 'uav_sar_i/zynq_ultra_pl/axi_interconnect_0_M02_AXI_WDATA[30]'. [E:/vivado_axidma3/uav_sar.srcs/constrs_1/new/system.xdc:349]
CRITICAL WARNING: [Common 17-55] 'set_property' expects at least one object. [E:/vivado_axidma3/uav_sar.srcs/constrs_1/new/system.xdc:349]
Resolution: If [get_<value>] was used to populate the object, check to make sure this command returns at least one valid object.
WARNING: [Vivado 12-507] No nets matched 'uav_sar_i/zynq_ultra_pl/axi_interconnect_0_M02_AXI_RDATA[7]'. [E:/vivado_axidma3/uav_sar.srcs/constrs_1/new/system.xdc:350]
CRITICAL WARNING: [Common 17-55] 'set_property' expects at least one object. [E:/vivado_axidma3/uav_sar.srcs/constrs_1/new/system.xdc:350]
Resolution: If [get_<value>] was used to populate the object, check to make sure this command returns at least one valid object.
WARNING: [Vivado 12-507] No nets matched 'uav_sar_i/zynq_ultra_pl/axi_interconnect_0_M02_AXI_RDATA[8]'. [E:/vivado_axidma3/uav_sar.srcs/constrs_1/new/system.xdc:351]
CRITICAL WARNING: [Common 17-55] 'set_property' expects at least one object. [E:/vivado_axidma3/uav_sar.srcs/constrs_1/new/system.xdc:351]
Resolution: If [get_<value>] was used to populate the object, check to make sure this command returns at least one valid object.
WARNING: [Vivado 12-507] No nets matched 'uav_sar_i/zynq_ultra_pl/axi_interconnect_0_M02_AXI_RDATA[24]'. [E:/vivado_axidma3/uav_sar.srcs/constrs_1/new/system.xdc:352]
CRITICAL WARNING: [Common 17-55] 'set_property' expects at least one object. [E:/vivado_axidma3/uav_sar.srcs/constrs_1/new/system.xdc:352]
Resolution: If [get_<value>] was used to populate the object, check to make sure this command returns at least one valid object.
WARNING: [Vivado 12-507] No nets matched 'uav_sar_i/zynq_ultra_pl/axi_interconnect_0_M02_AXI_RDATA[0]'. [E:/vivado_axidma3/uav_sar.srcs/constrs_1/new/system.xdc:353]
CRITICAL WARNING: [Common 17-55] 'set_property' expects at least one object. [E:/vivado_axidma3/uav_sar.srcs/constrs_1/new/system.xdc:353]
Resolution: If [get_<value>] was used to populate the object, check to make sure this command returns at least one valid object.
WARNING: [Vivado 12-507] No nets matched 'uav_sar_i/zynq_ultra_pl/axi_interconnect_0_M02_AXI_RDATA[10]'. [E:/vivado_axidma3/uav_sar.srcs/constrs_1/new/system.xdc:354]
CRITICAL WARNING: [Common 17-55] 'set_property' expects at least one object. [E:/vivado_axidma3/uav_sar.srcs/constrs_1/new/system.xdc:354]
Resolution: If [get_<value>] was used to populate the object, check to make sure this command returns at least one valid object.
WARNING: [Vivado 12-507] No nets matched 'uav_sar_i/zynq_ultra_pl/axi_interconnect_0_M02_AXI_RDATA[26]'. [E:/vivado_axidma3/uav_sar.srcs/constrs_1/new/system.xdc:355]
CRITICAL WARNING: [Common 17-55] 'set_property' expects at least one object. [E:/vivado_axidma3/uav_sar.srcs/constrs_1/new/system.xdc:355]
Resolution: If [get_<value>] was used to populate the object, check to make sure this command returns at least one valid object.
WARNING: [Vivado 12-507] No nets matched 'uav_sar_i/zynq_ultra_pl/axi_interconnect_0_M02_AXI_RDATA[21]'. [E:/vivado_axidma3/uav_sar.srcs/constrs_1/new/system.xdc:356]
CRITICAL WARNING: [Common 17-55] 'set_property' expects at least one object. [E:/vivado_axidma3/uav_sar.srcs/constrs_1/new/system.xdc:356]
Resolution: If [get_<value>] was used to populate the object, check to make sure this command returns at least one valid object.
WARNING: [Vivado 12-507] No nets matched 'uav_sar_i/zynq_ultra_pl/axi_interconnect_0_M02_AXI_WDATA[17]'. [E:/vivado_axidma3/uav_sar.srcs/constrs_1/new/system.xdc:357]
CRITICAL WARNING: [Common 17-55] 'set_property' expects at least one object. [E:/vivado_axidma3/uav_sar.srcs/constrs_1/new/system.xdc:357]
Resolution: If [get_<value>] was used to populate the object, check to make sure this command returns at least one valid object.
WARNING: [Vivado 12-507] No nets matched 'uav_sar_i/zynq_ultra_pl/axi_interconnect_0_M02_AXI_WDATA[24]'. [E:/vivado_axidma3/uav_sar.srcs/constrs_1/new/system.xdc:358]
CRITICAL WARNING: [Common 17-55] 'set_property' expects at least one object. [E:/vivado_axidma3/uav_sar.srcs/constrs_1/new/system.xdc:358]
Resolution: If [get_<value>] was used to populate the object, check to make sure this command returns at least one valid object.
WARNING: [Vivado 12-507] No nets matched 'uav_sar_i/zynq_ultra_pl/axi_interconnect_0_M02_AXI_WDATA[25]'. [E:/vivado_axidma3/uav_sar.srcs/constrs_1/new/system.xdc:359]
CRITICAL WARNING: [Common 17-55] 'set_property' expects at least one object. [E:/vivado_axidma3/uav_sar.srcs/constrs_1/new/system.xdc:359]
Resolution: If [get_<value>] was used to populate the object, check to make sure this command returns at least one valid object.
WARNING: [Vivado 12-507] No nets matched 'uav_sar_i/zynq_ultra_pl/axi_interconnect_0_M02_AXI_WDATA[28]'. [E:/vivado_axidma3/uav_sar.srcs/constrs_1/new/system.xdc:360]
CRITICAL WARNING: [Common 17-55] 'set_property' expects at least one object. [E:/vivado_axidma3/uav_sar.srcs/constrs_1/new/system.xdc:360]
Resolution: If [get_<value>] was used to populate the object, check to make sure this command returns at least one valid object.
WARNING: [Vivado 12-507] No nets matched 'uav_sar_i/zynq_ultra_pl/axi_interconnect_0_M02_AXI_WDATA[0]'. [E:/vivado_axidma3/uav_sar.srcs/constrs_1/new/system.xdc:361]
CRITICAL WARNING: [Common 17-55] 'set_property' expects at least one object. [E:/vivado_axidma3/uav_sar.srcs/constrs_1/new/system.xdc:361]
Resolution: If [get_<value>] was used to populate the object, check to make sure this command returns at least one valid object.
WARNING: [Vivado 12-507] No nets matched 'uav_sar_i/zynq_ultra_pl/axi_interconnect_0_M02_AXI_RDATA[28]'. [E:/vivado_axidma3/uav_sar.srcs/constrs_1/new/system.xdc:362]
CRITICAL WARNING: [Common 17-55] 'set_property' expects at least one object. [E:/vivado_axidma3/uav_sar.srcs/constrs_1/new/system.xdc:362]
Resolution: If [get_<value>] was used to populate the object, check to make sure this command returns at least one valid object.
WARNING: [Vivado 12-507] No nets matched 'uav_sar_i/zynq_ultra_pl/axi_interconnect_0_M02_AXI_AWPROT[1]'. [E:/vivado_axidma3/uav_sar.srcs/constrs_1/new/system.xdc:363]
CRITICAL WARNING: [Common 17-55] 'set_property' expects at least one object. [E:/vivado_axidma3/uav_sar.srcs/constrs_1/new/system.xdc:363]
Resolution: If [get_<value>] was used to populate the object, check to make sure this command returns at least one valid object.
WARNING: [Vivado 12-507] No nets matched 'uav_sar_i/zynq_ultra_pl/axi_interconnect_0_M02_AXI_RDATA[3]'. [E:/vivado_axidma3/uav_sar.srcs/constrs_1/new/system.xdc:364]
CRITICAL WARNING: [Common 17-55] 'set_property' expects at least one object. [E:/vivado_axidma3/uav_sar.srcs/constrs_1/new/system.xdc:364]
Resolution: If [get_<value>] was used to populate the object, check to make sure this command returns at least one valid object.
WARNING: [Vivado 12-507] No nets matched 'uav_sar_i/zynq_ultra_pl/axi_interconnect_0_M02_AXI_RDATA[16]'. [E:/vivado_axidma3/uav_sar.srcs/constrs_1/new/system.xdc:365]
CRITICAL WARNING: [Common 17-55] 'set_property' expects at least one object. [E:/vivado_axidma3/uav_sar.srcs/constrs_1/new/system.xdc:365]
Resolution: If [get_<value>] was used to populate the object, check to make sure this command returns at least one valid object.
WARNING: [Vivado 12-507] No nets matched 'uav_sar_i/zynq_ultra_pl/axi_interconnect_0_M02_AXI_RDATA[31]'. [E:/vivado_axidma3/uav_sar.srcs/constrs_1/new/system.xdc:366]
CRITICAL WARNING: [Common 17-55] 'set_property' expects at least one object. [E:/vivado_axidma3/uav_sar.srcs/constrs_1/new/system.xdc:366]
Resolution: If [get_<value>] was used to populate the object, check to make sure this command returns at least one valid object.
WARNING: [Vivado 12-507] No nets matched 'uav_sar_i/zynq_ultra_pl/axi_interconnect_0_M02_AXI_WDATA[4]'. [E:/vivado_axidma3/uav_sar.srcs/constrs_1/new/system.xdc:367]
CRITICAL WARNING: [Common 17-55] 'set_property' expects at least one object. [E:/vivado_axidma3/uav_sar.srcs/constrs_1/new/system.xdc:367]
Resolution: If [get_<value>] was used to populate the object, check to make sure this command returns at least one valid object.
WARNING: [Vivado 12-507] No nets matched 'uav_sar_i/zynq_ultra_pl/axi_interconnect_0_M02_AXI_WDATA[6]'. [E:/vivado_axidma3/uav_sar.srcs/constrs_1/new/system.xdc:368]
CRITICAL WARNING: [Common 17-55] 'set_property' expects at least one object. [E:/vivado_axidma3/uav_sar.srcs/constrs_1/new/system.xdc:368]
Resolution: If [get_<value>] was used to populate the object, check to make sure this command returns at least one valid object.
WARNING: [Vivado 12-507] No nets matched 'uav_sar_i/zynq_ultra_pl/axi_interconnect_0_M02_AXI_WDATA[13]'. [E:/vivado_axidma3/uav_sar.srcs/constrs_1/new/system.xdc:369]
CRITICAL WARNING: [Common 17-55] 'set_property' expects at least one object. [E:/vivado_axidma3/uav_sar.srcs/constrs_1/new/system.xdc:369]
Resolution: If [get_<value>] was used to populate the object, check to make sure this command returns at least one valid object.
WARNING: [Vivado 12-507] No nets matched 'uav_sar_i/zynq_ultra_pl/axi_interconnect_0_M02_AXI_WSTRB[1]'. [E:/vivado_axidma3/uav_sar.srcs/constrs_1/new/system.xdc:370]
CRITICAL WARNING: [Common 17-55] 'set_property' expects at least one object. [E:/vivado_axidma3/uav_sar.srcs/constrs_1/new/system.xdc:370]
Resolution: If [get_<value>] was used to populate the object, check to make sure this command returns at least one valid object.
WARNING: [Vivado 12-507] No nets matched 'u_ila_0_clk_out1'. [E:/vivado_axidma3/uav_sar.srcs/constrs_1/new/system.xdc:374]
CRITICAL WARNING: [Common 17-162] Invalid option value specified for '-nets'. [E:/vivado_axidma3/uav_sar.srcs/constrs_1/new/system.xdc:374]
WARNING: [Vivado 12-507] No nets matched 'u_ila_0_clk_out1'. [E:/vivado_axidma3/uav_sar.srcs/constrs_1/new/system.xdc:378]
CRITICAL WARNING: [Common 17-162] Invalid option value specified for '-nets'. [E:/vivado_axidma3/uav_sar.srcs/constrs_1/new/system.xdc:378]
WARNING: [Vivado 12-507] No nets matched 'u_ila_0_clk_out1'. [E:/vivado_axidma3/uav_sar.srcs/constrs_1/new/system.xdc:1075]
CRITICAL WARNING: [Common 17-162] Invalid option value specified for '-nets'. [E:/vivado_axidma3/uav_sar.srcs/constrs_1/new/system.xdc:1075]
Finished Parsing XDC File [E:/vivado_axidma3/uav_sar.srcs/constrs_1/new/system.xdc]
Parsing XDC File [e:/vivado_axidma3/uav_sar.srcs/sources_1/bd/uav_sar/ip/uav_sar_axi_data_fifo_0_0/uav_sar_axi_data_fifo_0_0_clocks.xdc] for cell 'uav_sar_i/zynq_ultra_pl/axi_data_fifo/inst'
WARNING: [Vivado 12-180] No cells matched '*'. [e:/vivado_axidma3/uav_sar.srcs/sources_1/bd/uav_sar/ip/uav_sar_axi_data_fifo_0_0/uav_sar_axi_data_fifo_0_0_clocks.xdc:2]
WARNING: [Vivado 12-508] No pins matched '*'. [e:/vivado_axidma3/uav_sar.srcs/sources_1/bd/uav_sar/ip/uav_sar_axi_data_fifo_0_0/uav_sar_axi_data_fifo_0_0_clocks.xdc:2]
WARNING: [Vivado_Tcl 4-939] Waiver ID 'LUTAR-1' object list should not be empty (perhaps an invalid wildcard was used or only unsupported objects). [e:/vivado_axidma3/uav_sar.srcs/sources_1/bd/uav_sar/ip/uav_sar_axi_data_fifo_0_0/uav_sar_axi_data_fifo_0_0_clocks.xdc:2]
WARNING: [Vivado 12-180] No cells matched '*'. [e:/vivado_axidma3/uav_sar.srcs/sources_1/bd/uav_sar/ip/uav_sar_axi_data_fifo_0_0/uav_sar_axi_data_fifo_0_0_clocks.xdc:6]
WARNING: [Vivado 12-508] No pins matched '*'. [e:/vivado_axidma3/uav_sar.srcs/sources_1/bd/uav_sar/ip/uav_sar_axi_data_fifo_0_0/uav_sar_axi_data_fifo_0_0_clocks.xdc:6]
WARNING: [Vivado_Tcl 4-939] Waiver ID 'LUTAR-1' object list should not be empty (perhaps an invalid wildcard was used or only unsupported objects). [e:/vivado_axidma3/uav_sar.srcs/sources_1/bd/uav_sar/ip/uav_sar_axi_data_fifo_0_0/uav_sar_axi_data_fifo_0_0_clocks.xdc:6]
Finished Parsing XDC File [e:/vivado_axidma3/uav_sar.srcs/sources_1/bd/uav_sar/ip/uav_sar_axi_data_fifo_0_0/uav_sar_axi_data_fifo_0_0_clocks.xdc] for cell 'uav_sar_i/zynq_ultra_pl/axi_data_fifo/inst'
Parsing XDC File [e:/vivado_axidma3/uav_sar.srcs/sources_1/bd/uav_sar/ip/uav_sar_axi_dma_0_0/uav_sar_axi_dma_0_0_clocks.xdc] for cell 'uav_sar_i/zynq_ultra_pl/axi_dma/U0'
Finished Parsing XDC File [e:/vivado_axidma3/uav_sar.srcs/sources_1/bd/uav_sar/ip/uav_sar_axi_dma_0_0/uav_sar_axi_dma_0_0_clocks.xdc] for cell 'uav_sar_i/zynq_ultra_pl/axi_dma/U0'
Parsing XDC File [e:/vivado_axidma3/uav_sar.srcs/sources_1/bd/uav_sar/ip/uav_sar_axi_dma_0_1/uav_sar_axi_dma_0_1_clocks.xdc] for cell 'uav_sar_i/zynq_ultra_pl/axi_dma_0/U0'
Finished Parsing XDC File [e:/vivado_axidma3/uav_sar.srcs/sources_1/bd/uav_sar/ip/uav_sar_axi_dma_0_1/uav_sar_axi_dma_0_1_clocks.xdc] for cell 'uav_sar_i/zynq_ultra_pl/axi_dma_0/U0'
Parsing XDC File [e:/vivado_axidma3/uav_sar.srcs/sources_1/bd/uav_sar/ip/uav_sar_axi_data_fifo_0_1/uav_sar_axi_data_fifo_0_1_clocks.xdc] for cell 'uav_sar_i/zynq_ultra_pl/axi_data_fifo_0/inst'
WARNING: [Vivado 12-180] No cells matched '*'. [e:/vivado_axidma3/uav_sar.srcs/sources_1/bd/uav_sar/ip/uav_sar_axi_data_fifo_0_1/uav_sar_axi_data_fifo_0_1_clocks.xdc:2]
WARNING: [Vivado 12-508] No pins matched '*'. [e:/vivado_axidma3/uav_sar.srcs/sources_1/bd/uav_sar/ip/uav_sar_axi_data_fifo_0_1/uav_sar_axi_data_fifo_0_1_clocks.xdc:2]
WARNING: [Vivado_Tcl 4-939] Waiver ID 'LUTAR-1' object list should not be empty (perhaps an invalid wildcard was used or only unsupported objects). [e:/vivado_axidma3/uav_sar.srcs/sources_1/bd/uav_sar/ip/uav_sar_axi_data_fifo_0_1/uav_sar_axi_data_fifo_0_1_clocks.xdc:2]
WARNING: [Vivado 12-180] No cells matched '*'. [e:/vivado_axidma3/uav_sar.srcs/sources_1/bd/uav_sar/ip/uav_sar_axi_data_fifo_0_1/uav_sar_axi_data_fifo_0_1_clocks.xdc:6]
WARNING: [Vivado 12-508] No pins matched '*'. [e:/vivado_axidma3/uav_sar.srcs/sources_1/bd/uav_sar/ip/uav_sar_axi_data_fifo_0_1/uav_sar_axi_data_fifo_0_1_clocks.xdc:6]
WARNING: [Vivado_Tcl 4-939] Waiver ID 'LUTAR-1' object list should not be empty (perhaps an invalid wildcard was used or only unsupported objects). [e:/vivado_axidma3/uav_sar.srcs/sources_1/bd/uav_sar/ip/uav_sar_axi_data_fifo_0_1/uav_sar_axi_data_fifo_0_1_clocks.xdc:6]
Finished Parsing XDC File [e:/vivado_axidma3/uav_sar.srcs/sources_1/bd/uav_sar/ip/uav_sar_axi_data_fifo_0_1/uav_sar_axi_data_fifo_0_1_clocks.xdc] for cell 'uav_sar_i/zynq_ultra_pl/axi_data_fifo_0/inst'
Parsing XDC File [e:/vivado_axidma3/uav_sar.srcs/sources_1/bd/uav_sar/ip/uav_sar_uart_uav_data_0_4/src/fifo_generator_0/fifo_generator_0_clocks.xdc] for cell 'uav_sar_i/zynq_ultra_pl/uart_uav_data_0/inst/uart_uav_data_v1_0_S00_AXI_inst/u_uart_rx/fifo_async/U0'
Finished Parsing XDC File [e:/vivado_axidma3/uav_sar.srcs/sources_1/bd/uav_sar/ip/uav_sar_uart_uav_data_0_4/src/fifo_generator_0/fifo_generator_0_clocks.xdc] for cell 'uav_sar_i/zynq_ultra_pl/uart_uav_data_0/inst/uart_uav_data_v1_0_S00_AXI_inst/u_uart_rx/fifo_async/U0'
Parsing XDC File [e:/vivado_axidma3/uav_sar.srcs/sources_1/bd/uav_sar/ip/uav_sar_auto_us_0/uav_sar_auto_us_0_clocks.xdc] for cell 'uav_sar_i/zynq_ultra_pl/axi_interconnect_1/s00_couplers/auto_us/inst'
Finished Parsing XDC File [e:/vivado_axidma3/uav_sar.srcs/sources_1/bd/uav_sar/ip/uav_sar_auto_us_0/uav_sar_auto_us_0_clocks.xdc] for cell 'uav_sar_i/zynq_ultra_pl/axi_interconnect_1/s00_couplers/auto_us/inst'
Parsing XDC File [e:/vivado_axidma3/uav_sar.srcs/sources_1/bd/uav_sar/ip/uav_sar_auto_us_1/uav_sar_auto_us_1_clocks.xdc] for cell 'uav_sar_i/zynq_ultra_pl/axi_interconnect_1/s01_couplers/auto_us/inst'
Finished Parsing XDC File [e:/vivado_axidma3/uav_sar.srcs/sources_1/bd/uav_sar/ip/uav_sar_auto_us_1/uav_sar_auto_us_1_clocks.xdc] for cell 'uav_sar_i/zynq_ultra_pl/axi_interconnect_1/s01_couplers/auto_us/inst'
Sourcing Tcl File [E:/Xilinx_vitis2020/Vivado/2020.1/data/ip/xpm/xpm_cdc/tcl/xpm_cdc_gray.tcl] for cell 'uav_sar_i/zynq_ultra_pl/ad9269_sample_ctrl/inst/ad9269_sample_v1_0_S00_AXI_inst/sample_inst/xpm_fifo_async_inst/gnuram_async_fifo.xpm_fifo_base_inst/gen_cdc_pntr.rd_pntr_cdc_inst'
Finished Sourcing Tcl File [E:/Xilinx_vitis2020/Vivado/2020.1/data/ip/xpm/xpm_cdc/tcl/xpm_cdc_gray.tcl] for cell 'uav_sar_i/zynq_ultra_pl/ad9269_sample_ctrl/inst/ad9269_sample_v1_0_S00_AXI_inst/sample_inst/xpm_fifo_async_inst/gnuram_async_fifo.xpm_fifo_base_inst/gen_cdc_pntr.rd_pntr_cdc_inst'
Sourcing Tcl File [E:/Xilinx_vitis2020/Vivado/2020.1/data/ip/xpm/xpm_cdc/tcl/xpm_cdc_gray.tcl] for cell 'uav_sar_i/zynq_ultra_pl/ad9269_sample_ctrl/inst/ad9269_sample_v1_0_S00_AXI_inst/sample_inst/xpm_fifo_async_inst/gnuram_async_fifo.xpm_fifo_base_inst/gen_cdc_pntr.wr_pntr_cdc_inst'
Finished Sourcing Tcl File [E:/Xilinx_vitis2020/Vivado/2020.1/data/ip/xpm/xpm_cdc/tcl/xpm_cdc_gray.tcl] for cell 'uav_sar_i/zynq_ultra_pl/ad9269_sample_ctrl/inst/ad9269_sample_v1_0_S00_AXI_inst/sample_inst/xpm_fifo_async_inst/gnuram_async_fifo.xpm_fifo_base_inst/gen_cdc_pntr.wr_pntr_cdc_inst'
Sourcing Tcl File [E:/Xilinx_vitis2020/Vivado/2020.1/data/ip/xpm/xpm_cdc/tcl/xpm_cdc_gray.tcl] for cell 'uav_sar_i/zynq_ultra_pl/ad9269_sample_ctrl/inst/ad9269_sample_v1_0_S00_AXI_inst/sample_inst/xpm_fifo_async_inst/gnuram_async_fifo.xpm_fifo_base_inst/gen_cdc_pntr.rd_pntr_cdc_dc_inst'
Finished Sourcing Tcl File [E:/Xilinx_vitis2020/Vivado/2020.1/data/ip/xpm/xpm_cdc/tcl/xpm_cdc_gray.tcl] for cell 'uav_sar_i/zynq_ultra_pl/ad9269_sample_ctrl/inst/ad9269_sample_v1_0_S00_AXI_inst/sample_inst/xpm_fifo_async_inst/gnuram_async_fifo.xpm_fifo_base_inst/gen_cdc_pntr.rd_pntr_cdc_dc_inst'
Sourcing Tcl File [E:/Xilinx_vitis2020/Vivado/2020.1/data/ip/xpm/xpm_cdc/tcl/xpm_cdc_gray.tcl] for cell 'uav_sar_i/zynq_ultra_pl/ad9269_sample_ctrl/inst/ad9269_sample_v1_0_S00_AXI_inst/sample_inst/xpm_fifo_async_inst/gnuram_async_fifo.xpm_fifo_base_inst/gen_cdc_pntr.wr_pntr_cdc_dc_inst'
Finished Sourcing Tcl File [E:/Xilinx_vitis2020/Vivado/2020.1/data/ip/xpm/xpm_cdc/tcl/xpm_cdc_gray.tcl] for cell 'uav_sar_i/zynq_ultra_pl/ad9269_sample_ctrl/inst/ad9269_sample_v1_0_S00_AXI_inst/sample_inst/xpm_fifo_async_inst/gnuram_async_fifo.xpm_fifo_base_inst/gen_cdc_pntr.wr_pntr_cdc_dc_inst'
Sourcing Tcl File [E:/Xilinx_vitis2020/Vivado/2020.1/data/ip/xpm/xpm_cdc/tcl/xpm_cdc_sync_rst.tcl] for cell 'uav_sar_i/zynq_ultra_pl/ad9269_sample_ctrl/inst/ad9269_sample_v1_0_S00_AXI_inst/sample_inst/xpm_fifo_async_inst/gnuram_async_fifo.xpm_fifo_base_inst/xpm_fifo_rst_inst/gen_rst_ic.rrst_wr_inst'
Finished Sourcing Tcl File [E:/Xilinx_vitis2020/Vivado/2020.1/data/ip/xpm/xpm_cdc/tcl/xpm_cdc_sync_rst.tcl] for cell 'uav_sar_i/zynq_ultra_pl/ad9269_sample_ctrl/inst/ad9269_sample_v1_0_S00_AXI_inst/sample_inst/xpm_fifo_async_inst/gnuram_async_fifo.xpm_fifo_base_inst/xpm_fifo_rst_inst/gen_rst_ic.rrst_wr_inst'
Sourcing Tcl File [E:/Xilinx_vitis2020/Vivado/2020.1/data/ip/xpm/xpm_cdc/tcl/xpm_cdc_sync_rst.tcl] for cell 'uav_sar_i/zynq_ultra_pl/ad9269_sample_ctrl/inst/ad9269_sample_v1_0_S00_AXI_inst/sample_inst/xpm_fifo_async_inst/gnuram_async_fifo.xpm_fifo_base_inst/xpm_fifo_rst_inst/gen_rst_ic.wrst_rd_inst'
Finished Sourcing Tcl File [E:/Xilinx_vitis2020/Vivado/2020.1/data/ip/xpm/xpm_cdc/tcl/xpm_cdc_sync_rst.tcl] for cell 'uav_sar_i/zynq_ultra_pl/ad9269_sample_ctrl/inst/ad9269_sample_v1_0_S00_AXI_inst/sample_inst/xpm_fifo_async_inst/gnuram_async_fifo.xpm_fifo_base_inst/xpm_fifo_rst_inst/gen_rst_ic.wrst_rd_inst'
Sourcing Tcl File [E:/Xilinx_vitis2020/Vivado/2020.1/data/ip/xpm/xpm_cdc/tcl/xpm_cdc_sync_rst.tcl] for cell 'uav_sar_i/zynq_ultra_pl/axis_data_fifo_0/inst/gen_fifo.xpm_fifo_axis_inst/gaxis_rst_sync.xpm_cdc_sync_rst_inst'
Finished Sourcing Tcl File [E:/Xilinx_vitis2020/Vivado/2020.1/data/ip/xpm/xpm_cdc/tcl/xpm_cdc_sync_rst.tcl] for cell 'uav_sar_i/zynq_ultra_pl/axis_data_fifo_0/inst/gen_fifo.xpm_fifo_axis_inst/gaxis_rst_sync.xpm_cdc_sync_rst_inst'
Sourcing Tcl File [E:/Xilinx_vitis2020/Vivado/2020.1/data/ip/xpm/xpm_cdc/tcl/xpm_cdc_sync_rst.tcl] for cell 'uav_sar_i/zynq_ultra_pl/axis_data_fifo/inst/gen_fifo.xpm_fifo_axis_inst/gaxis_rst_sync.xpm_cdc_sync_rst_inst'
Finished Sourcing Tcl File [E:/Xilinx_vitis2020/Vivado/2020.1/data/ip/xpm/xpm_cdc/tcl/xpm_cdc_sync_rst.tcl] for cell 'uav_sar_i/zynq_ultra_pl/axis_data_fifo/inst/gen_fifo.xpm_fifo_axis_inst/gaxis_rst_sync.xpm_cdc_sync_rst_inst'
Sourcing Tcl File [E:/Xilinx_vitis2020/Vivado/2020.1/data/ip/xpm/xpm_fifo/tcl/xpm_fifo_rst.tcl] for cell 'uav_sar_i/zynq_ultra_pl/ad9269_sample_ctrl/inst/ad9269_sample_v1_0_S00_AXI_inst/sample_inst/xpm_fifo_async_inst'
Finished Sourcing Tcl File [E:/Xilinx_vitis2020/Vivado/2020.1/data/ip/xpm/xpm_fifo/tcl/xpm_fifo_rst.tcl] for cell 'uav_sar_i/zynq_ultra_pl/ad9269_sample_ctrl/inst/ad9269_sample_v1_0_S00_AXI_inst/sample_inst/xpm_fifo_async_inst'
Sourcing Tcl File [E:/Xilinx_vitis2020/Vivado/2020.1/data/ip/xpm/xpm_fifo/tcl/xpm_fifo_rst_axis.tcl] for cell 'uav_sar_i/zynq_ultra_pl/axis_data_fifo/inst/gen_fifo.xpm_fifo_axis_inst'
Finished Sourcing Tcl File [E:/Xilinx_vitis2020/Vivado/2020.1/data/ip/xpm/xpm_fifo/tcl/xpm_fifo_rst_axis.tcl] for cell 'uav_sar_i/zynq_ultra_pl/axis_data_fifo/inst/gen_fifo.xpm_fifo_axis_inst'
Sourcing Tcl File [E:/Xilinx_vitis2020/Vivado/2020.1/data/ip/xpm/xpm_fifo/tcl/xpm_fifo_rst_axis.tcl] for cell 'uav_sar_i/zynq_ultra_pl/axis_data_fifo_0/inst/gen_fifo.xpm_fifo_axis_inst'
Finished Sourcing Tcl File [E:/Xilinx_vitis2020/Vivado/2020.1/data/ip/xpm/xpm_fifo/tcl/xpm_fifo_rst_axis.tcl] for cell 'uav_sar_i/zynq_ultra_pl/axis_data_fifo_0/inst/gen_fifo.xpm_fifo_axis_inst'
Sourcing Tcl File [E:/Xilinx_vitis2020/Vivado/2020.1/data/ip/xpm/xpm_fifo/tcl/xpm_fifo_rst.tcl] for cell 'uav_sar_i/zynq_ultra_pl/axi_dma/U0/I_PRMRY_DATAMOVER/GEN_S2MM_FULL.I_S2MM_FULL_WRAPPER/GEN_ENABLE_INDET_BTT_SF.I_INDET_BTT/I_XD_FIFO/NON_BLK_MEM.I_SYNC_FIFOGEN_FIFO/xpm_fifo_instance.xpm_fifo_sync_inst'
Finished Sourcing Tcl File [E:/Xilinx_vitis2020/Vivado/2020.1/data/ip/xpm/xpm_fifo/tcl/xpm_fifo_rst.tcl] for cell 'uav_sar_i/zynq_ultra_pl/axi_dma/U0/I_PRMRY_DATAMOVER/GEN_S2MM_FULL.I_S2MM_FULL_WRAPPER/GEN_ENABLE_INDET_BTT_SF.I_INDET_BTT/I_XD_FIFO/NON_BLK_MEM.I_SYNC_FIFOGEN_FIFO/xpm_fifo_instance.xpm_fifo_sync_inst'
Sourcing Tcl File [E:/Xilinx_vitis2020/Vivado/2020.1/data/ip/xpm/xpm_fifo/tcl/xpm_fifo_rst.tcl] for cell 'uav_sar_i/zynq_ultra_pl/axi_dma_0/U0/I_PRMRY_DATAMOVER/GEN_S2MM_FULL.I_S2MM_FULL_WRAPPER/GEN_ENABLE_INDET_BTT_SF.I_INDET_BTT/I_XD_FIFO/NON_BLK_MEM.I_SYNC_FIFOGEN_FIFO/xpm_fifo_instance.xpm_fifo_sync_inst'
Finished Sourcing Tcl File [E:/Xilinx_vitis2020/Vivado/2020.1/data/ip/xpm/xpm_fifo/tcl/xpm_fifo_rst.tcl] for cell 'uav_sar_i/zynq_ultra_pl/axi_dma_0/U0/I_PRMRY_DATAMOVER/GEN_S2MM_FULL.I_S2MM_FULL_WRAPPER/GEN_ENABLE_INDET_BTT_SF.I_INDET_BTT/I_XD_FIFO/NON_BLK_MEM.I_SYNC_FIFOGEN_FIFO/xpm_fifo_instance.xpm_fifo_sync_inst'
Sourcing Tcl File [E:/Xilinx_vitis2020/Vivado/2020.1/data/ip/xpm/xpm_fifo/tcl/xpm_fifo_rst.tcl] for cell 'uav_sar_i/zynq_ultra_pl/axi_dma/U0/I_PRMRY_DATAMOVER/GEN_S2MM_FULL.I_S2MM_FULL_WRAPPER/GEN_ENABLE_INDET_BTT_SF.I_INDET_BTT/I_DATA_FIFO/BLK_MEM.I_SYNC_FIFOGEN_FIFO/xpm_fifo_instance.xpm_fifo_sync_inst'
Finished Sourcing Tcl File [E:/Xilinx_vitis2020/Vivado/2020.1/data/ip/xpm/xpm_fifo/tcl/xpm_fifo_rst.tcl] for cell 'uav_sar_i/zynq_ultra_pl/axi_dma/U0/I_PRMRY_DATAMOVER/GEN_S2MM_FULL.I_S2MM_FULL_WRAPPER/GEN_ENABLE_INDET_BTT_SF.I_INDET_BTT/I_DATA_FIFO/BLK_MEM.I_SYNC_FIFOGEN_FIFO/xpm_fifo_instance.xpm_fifo_sync_inst'
Sourcing Tcl File [E:/Xilinx_vitis2020/Vivado/2020.1/data/ip/xpm/xpm_fifo/tcl/xpm_fifo_rst.tcl] for cell 'uav_sar_i/zynq_ultra_pl/axi_dma_0/U0/I_PRMRY_DATAMOVER/GEN_S2MM_FULL.I_S2MM_FULL_WRAPPER/GEN_ENABLE_INDET_BTT_SF.I_INDET_BTT/I_DATA_FIFO/BLK_MEM.I_SYNC_FIFOGEN_FIFO/xpm_fifo_instance.xpm_fifo_sync_inst'
Finished Sourcing Tcl File [E:/Xilinx_vitis2020/Vivado/2020.1/data/ip/xpm/xpm_fifo/tcl/xpm_fifo_rst.tcl] for cell 'uav_sar_i/zynq_ultra_pl/axi_dma_0/U0/I_PRMRY_DATAMOVER/GEN_S2MM_FULL.I_S2MM_FULL_WRAPPER/GEN_ENABLE_INDET_BTT_SF.I_INDET_BTT/I_DATA_FIFO/BLK_MEM.I_SYNC_FIFOGEN_FIFO/xpm_fifo_instance.xpm_fifo_sync_inst'
INFO: [Opt 31-138] Pushed 0 inverter(s) to 0 load pin(s).
refresh_design: Time (s): cpu = 00:00:25 ; elapsed = 00:00:21 . Memory (MB): peak = 5704.754 ; gain = 29.133
delete_debug_core [get_debug_cores {u_ila_0 }]
create_debug_core u_ila_0 ila
set_property C_DATA_DEPTH 1024 [get_debug_cores u_ila_0]
set_property C_TRIGIN_EN false [get_debug_cores u_ila_0]
set_property C_TRIGOUT_EN false [get_debug_cores u_ila_0]
set_property C_ADV_TRIGGER false [get_debug_cores u_ila_0]
set_property C_INPUT_PIPE_STAGES 0 [get_debug_cores u_ila_0]
set_property C_EN_STRG_QUAL false [get_debug_cores u_ila_0]
set_property ALL_PROBE_SAME_MU true [get_debug_cores u_ila_0]
set_property ALL_PROBE_SAME_MU_CNT 1 [get_debug_cores u_ila_0]
connect_debug_port u_ila_0/clk [get_nets [list uav_sar_i/zynq_ultra_pl/clk_wiz/inst/clk_out1 ]]
set_property port_width 64 [get_debug_ports u_ila_0/probe0]
set_property PROBE_TYPE DATA_AND_TRIGGER [get_debug_ports u_ila_0/probe0]
connect_debug_port u_ila_0/probe0 [get_nets [list {uav_sar_i/zynq_ultra_pl/ad9269_sample_ctrl/inst/ad9269_sample_v1_0_S00_AXI_inst/clk_div_inst/clk_cnt[0]} {uav_sar_i/zynq_ultra_pl/ad9269_sample_ctrl/inst/ad9269_sample_v1_0_S00_AXI_inst/clk_div_inst/clk_cnt[1]} {uav_sar_i/zynq_ultra_pl/ad9269_sample_ctrl/inst/ad9269_sample_v1_0_S00_AXI_inst/clk_div_inst/clk_cnt[2]} {uav_sar_i/zynq_ultra_pl/ad9269_sample_ctrl/inst/ad9269_sample_v1_0_S00_AXI_inst/clk_div_inst/clk_cnt[3]} {uav_sar_i/zynq_ultra_pl/ad9269_sample_ctrl/inst/ad9269_sample_v1_0_S00_AXI_inst/clk_div_inst/clk_cnt[4]} {uav_sar_i/zynq_ultra_pl/ad9269_sample_ctrl/inst/ad9269_sample_v1_0_S00_AXI_inst/clk_div_inst/clk_cnt[5]} {uav_sar_i/zynq_ultra_pl/ad9269_sample_ctrl/inst/ad9269_sample_v1_0_S00_AXI_inst/clk_div_inst/clk_cnt[6]} {uav_sar_i/zynq_ultra_pl/ad9269_sample_ctrl/inst/ad9269_sample_v1_0_S00_AXI_inst/clk_div_inst/clk_cnt[7]} {uav_sar_i/zynq_ultra_pl/ad9269_sample_ctrl/inst/ad9269_sample_v1_0_S00_AXI_inst/clk_div_inst/clk_cnt[8]} {uav_sar_i/zynq_ultra_pl/ad9269_sample_ctrl/inst/ad9269_sample_v1_0_S00_AXI_inst/clk_div_inst/clk_cnt[9]} {uav_sar_i/zynq_ultra_pl/ad9269_sample_ctrl/inst/ad9269_sample_v1_0_S00_AXI_inst/clk_div_inst/clk_cnt[10]} {uav_sar_i/zynq_ultra_pl/ad9269_sample_ctrl/inst/ad9269_sample_v1_0_S00_AXI_inst/clk_div_inst/clk_cnt[11]} {uav_sar_i/zynq_ultra_pl/ad9269_sample_ctrl/inst/ad9269_sample_v1_0_S00_AXI_inst/clk_div_inst/clk_cnt[12]} {uav_sar_i/zynq_ultra_pl/ad9269_sample_ctrl/inst/ad9269_sample_v1_0_S00_AXI_inst/clk_div_inst/clk_cnt[13]} {uav_sar_i/zynq_ultra_pl/ad9269_sample_ctrl/inst/ad9269_sample_v1_0_S00_AXI_inst/clk_div_inst/clk_cnt[14]} {uav_sar_i/zynq_ultra_pl/ad9269_sample_ctrl/inst/ad9269_sample_v1_0_S00_AXI_inst/clk_div_inst/clk_cnt[15]} {uav_sar_i/zynq_ultra_pl/ad9269_sample_ctrl/inst/ad9269_sample_v1_0_S00_AXI_inst/clk_div_inst/clk_cnt[16]} {uav_sar_i/zynq_ultra_pl/ad9269_sample_ctrl/inst/ad9269_sample_v1_0_S00_AXI_inst/clk_div_inst/clk_cnt[17]} {uav_sar_i/zynq_ultra_pl/ad9269_sample_ctrl/inst/ad9269_sample_v1_0_S00_AXI_inst/clk_div_inst/clk_cnt[18]} {uav_sar_i/zynq_ultra_pl/ad9269_sample_ctrl/inst/ad9269_sample_v1_0_S00_AXI_inst/clk_div_inst/clk_cnt[19]} {uav_sar_i/zynq_ultra_pl/ad9269_sample_ctrl/inst/ad9269_sample_v1_0_S00_AXI_inst/clk_div_inst/clk_cnt[20]} {uav_sar_i/zynq_ultra_pl/ad9269_sample_ctrl/inst/ad9269_sample_v1_0_S00_AXI_inst/clk_div_inst/clk_cnt[21]} {uav_sar_i/zynq_ultra_pl/ad9269_sample_ctrl/inst/ad9269_sample_v1_0_S00_AXI_inst/clk_div_inst/clk_cnt[22]} {uav_sar_i/zynq_ultra_pl/ad9269_sample_ctrl/inst/ad9269_sample_v1_0_S00_AXI_inst/clk_div_inst/clk_cnt[23]} {uav_sar_i/zynq_ultra_pl/ad9269_sample_ctrl/inst/ad9269_sample_v1_0_S00_AXI_inst/clk_div_inst/clk_cnt[24]} {uav_sar_i/zynq_ultra_pl/ad9269_sample_ctrl/inst/ad9269_sample_v1_0_S00_AXI_inst/clk_div_inst/clk_cnt[25]} {uav_sar_i/zynq_ultra_pl/ad9269_sample_ctrl/inst/ad9269_sample_v1_0_S00_AXI_inst/clk_div_inst/clk_cnt[26]} {uav_sar_i/zynq_ultra_pl/ad9269_sample_ctrl/inst/ad9269_sample_v1_0_S00_AXI_inst/clk_div_inst/clk_cnt[27]} {uav_sar_i/zynq_ultra_pl/ad9269_sample_ctrl/inst/ad9269_sample_v1_0_S00_AXI_inst/clk_div_inst/clk_cnt[28]} {uav_sar_i/zynq_ultra_pl/ad9269_sample_ctrl/inst/ad9269_sample_v1_0_S00_AXI_inst/clk_div_inst/clk_cnt[29]} {uav_sar_i/zynq_ultra_pl/ad9269_sample_ctrl/inst/ad9269_sample_v1_0_S00_AXI_inst/clk_div_inst/clk_cnt[30]} {uav_sar_i/zynq_ultra_pl/ad9269_sample_ctrl/inst/ad9269_sample_v1_0_S00_AXI_inst/clk_div_inst/clk_cnt[31]} {uav_sar_i/zynq_ultra_pl/ad9269_sample_ctrl/inst/ad9269_sample_v1_0_S00_AXI_inst/clk_div_inst/clk_cnt[32]} {uav_sar_i/zynq_ultra_pl/ad9269_sample_ctrl/inst/ad9269_sample_v1_0_S00_AXI_inst/clk_div_inst/clk_cnt[33]} {uav_sar_i/zynq_ultra_pl/ad9269_sample_ctrl/inst/ad9269_sample_v1_0_S00_AXI_inst/clk_div_inst/clk_cnt[34]} {uav_sar_i/zynq_ultra_pl/ad9269_sample_ctrl/inst/ad9269_sample_v1_0_S00_AXI_inst/clk_div_inst/clk_cnt[35]} {uav_sar_i/zynq_ultra_pl/ad9269_sample_ctrl/inst/ad9269_sample_v1_0_S00_AXI_inst/clk_div_inst/clk_cnt[36]} {uav_sar_i/zynq_ultra_pl/ad9269_sample_ctrl/inst/ad9269_sample_v1_0_S00_AXI_inst/clk_div_inst/clk_cnt[37]} {uav_sar_i/zynq_ultra_pl/ad9269_sample_ctrl/inst/ad9269_sample_v1_0_S00_AXI_inst/clk_div_inst/clk_cnt[38]} {uav_sar_i/zynq_ultra_pl/ad9269_sample_ctrl/inst/ad9269_sample_v1_0_S00_AXI_inst/clk_div_inst/clk_cnt[39]} {uav_sar_i/zynq_ultra_pl/ad9269_sample_ctrl/inst/ad9269_sample_v1_0_S00_AXI_inst/clk_div_inst/clk_cnt[40]} {uav_sar_i/zynq_ultra_pl/ad9269_sample_ctrl/inst/ad9269_sample_v1_0_S00_AXI_inst/clk_div_inst/clk_cnt[41]} {uav_sar_i/zynq_ultra_pl/ad9269_sample_ctrl/inst/ad9269_sample_v1_0_S00_AXI_inst/clk_div_inst/clk_cnt[42]} {uav_sar_i/zynq_ultra_pl/ad9269_sample_ctrl/inst/ad9269_sample_v1_0_S00_AXI_inst/clk_div_inst/clk_cnt[43]} {uav_sar_i/zynq_ultra_pl/ad9269_sample_ctrl/inst/ad9269_sample_v1_0_S00_AXI_inst/clk_div_inst/clk_cnt[44]} {uav_sar_i/zynq_ultra_pl/ad9269_sample_ctrl/inst/ad9269_sample_v1_0_S00_AXI_inst/clk_div_inst/clk_cnt[45]} {uav_sar_i/zynq_ultra_pl/ad9269_sample_ctrl/inst/ad9269_sample_v1_0_S00_AXI_inst/clk_div_inst/clk_cnt[46]} {uav_sar_i/zynq_ultra_pl/ad9269_sample_ctrl/inst/ad9269_sample_v1_0_S00_AXI_inst/clk_div_inst/clk_cnt[47]} {uav_sar_i/zynq_ultra_pl/ad9269_sample_ctrl/inst/ad9269_sample_v1_0_S00_AXI_inst/clk_div_inst/clk_cnt[48]} {uav_sar_i/zynq_ultra_pl/ad9269_sample_ctrl/inst/ad9269_sample_v1_0_S00_AXI_inst/clk_div_inst/clk_cnt[49]} {uav_sar_i/zynq_ultra_pl/ad9269_sample_ctrl/inst/ad9269_sample_v1_0_S00_AXI_inst/clk_div_inst/clk_cnt[50]} {uav_sar_i/zynq_ultra_pl/ad9269_sample_ctrl/inst/ad9269_sample_v1_0_S00_AXI_inst/clk_div_inst/clk_cnt[51]} {uav_sar_i/zynq_ultra_pl/ad9269_sample_ctrl/inst/ad9269_sample_v1_0_S00_AXI_inst/clk_div_inst/clk_cnt[52]} {uav_sar_i/zynq_ultra_pl/ad9269_sample_ctrl/inst/ad9269_sample_v1_0_S00_AXI_inst/clk_div_inst/clk_cnt[53]} {uav_sar_i/zynq_ultra_pl/ad9269_sample_ctrl/inst/ad9269_sample_v1_0_S00_AXI_inst/clk_div_inst/clk_cnt[54]} {uav_sar_i/zynq_ultra_pl/ad9269_sample_ctrl/inst/ad9269_sample_v1_0_S00_AXI_inst/clk_div_inst/clk_cnt[55]} {uav_sar_i/zynq_ultra_pl/ad9269_sample_ctrl/inst/ad9269_sample_v1_0_S00_AXI_inst/clk_div_inst/clk_cnt[56]} {uav_sar_i/zynq_ultra_pl/ad9269_sample_ctrl/inst/ad9269_sample_v1_0_S00_AXI_inst/clk_div_inst/clk_cnt[57]} {uav_sar_i/zynq_ultra_pl/ad9269_sample_ctrl/inst/ad9269_sample_v1_0_S00_AXI_inst/clk_div_inst/clk_cnt[58]} {uav_sar_i/zynq_ultra_pl/ad9269_sample_ctrl/inst/ad9269_sample_v1_0_S00_AXI_inst/clk_div_inst/clk_cnt[59]} {uav_sar_i/zynq_ultra_pl/ad9269_sample_ctrl/inst/ad9269_sample_v1_0_S00_AXI_inst/clk_div_inst/clk_cnt[60]} {uav_sar_i/zynq_ultra_pl/ad9269_sample_ctrl/inst/ad9269_sample_v1_0_S00_AXI_inst/clk_div_inst/clk_cnt[61]} {uav_sar_i/zynq_ultra_pl/ad9269_sample_ctrl/inst/ad9269_sample_v1_0_S00_AXI_inst/clk_div_inst/clk_cnt[62]} {uav_sar_i/zynq_ultra_pl/ad9269_sample_ctrl/inst/ad9269_sample_v1_0_S00_AXI_inst/clk_div_inst/clk_cnt[63]} ]]
create_debug_port u_ila_0 probe
set_property port_width 16 [get_debug_ports u_ila_0/probe1]
set_property PROBE_TYPE DATA_AND_TRIGGER [get_debug_ports u_ila_0/probe1]
connect_debug_port u_ila_0/probe1 [get_nets [list {uav_sar_i/zynq_ultra_pl/ad9269_sample_ctrl/inst/m00_axis_tdata[0]} {uav_sar_i/zynq_ultra_pl/ad9269_sample_ctrl/inst/m00_axis_tdata[1]} {uav_sar_i/zynq_ultra_pl/ad9269_sample_ctrl/inst/m00_axis_tdata[2]} {uav_sar_i/zynq_ultra_pl/ad9269_sample_ctrl/inst/m00_axis_tdata[3]} {uav_sar_i/zynq_ultra_pl/ad9269_sample_ctrl/inst/m00_axis_tdata[4]} {uav_sar_i/zynq_ultra_pl/ad9269_sample_ctrl/inst/m00_axis_tdata[5]} {uav_sar_i/zynq_ultra_pl/ad9269_sample_ctrl/inst/m00_axis_tdata[6]} {uav_sar_i/zynq_ultra_pl/ad9269_sample_ctrl/inst/m00_axis_tdata[7]} {uav_sar_i/zynq_ultra_pl/ad9269_sample_ctrl/inst/m00_axis_tdata[8]} {uav_sar_i/zynq_ultra_pl/ad9269_sample_ctrl/inst/m00_axis_tdata[9]} {uav_sar_i/zynq_ultra_pl/ad9269_sample_ctrl/inst/m00_axis_tdata[10]} {uav_sar_i/zynq_ultra_pl/ad9269_sample_ctrl/inst/m00_axis_tdata[11]} {uav_sar_i/zynq_ultra_pl/ad9269_sample_ctrl/inst/m00_axis_tdata[12]} {uav_sar_i/zynq_ultra_pl/ad9269_sample_ctrl/inst/m00_axis_tdata[13]} {uav_sar_i/zynq_ultra_pl/ad9269_sample_ctrl/inst/m00_axis_tdata[14]} {uav_sar_i/zynq_ultra_pl/ad9269_sample_ctrl/inst/m00_axis_tdata[15]} ]]
create_debug_port u_ila_0 probe
set_property port_width 2 [get_debug_ports u_ila_0/probe2]
set_property PROBE_TYPE DATA_AND_TRIGGER [get_debug_ports u_ila_0/probe2]
connect_debug_port u_ila_0/probe2 [get_nets [list {uav_sar_i/zynq_ultra_pl/ad9269_sample_ctrl/inst/m00_axis_tkeep[0]} {uav_sar_i/zynq_ultra_pl/ad9269_sample_ctrl/inst/m00_axis_tkeep[1]} ]]
create_debug_port u_ila_0 probe
set_property port_width 32 [get_debug_ports u_ila_0/probe3]
set_property PROBE_TYPE DATA_AND_TRIGGER [get_debug_ports u_ila_0/probe3]
connect_debug_port u_ila_0/probe3 [get_nets [list {uav_sar_i/zynq_ultra_pl/ad9269_sample_ctrl/inst/dma_cnt[0]} {uav_sar_i/zynq_ultra_pl/ad9269_sample_ctrl/inst/dma_cnt[1]} {uav_sar_i/zynq_ultra_pl/ad9269_sample_ctrl/inst/dma_cnt[2]} {uav_sar_i/zynq_ultra_pl/ad9269_sample_ctrl/inst/dma_cnt[3]} {uav_sar_i/zynq_ultra_pl/ad9269_sample_ctrl/inst/dma_cnt[4]} {uav_sar_i/zynq_ultra_pl/ad9269_sample_ctrl/inst/dma_cnt[5]} {uav_sar_i/zynq_ultra_pl/ad9269_sample_ctrl/inst/dma_cnt[6]} {uav_sar_i/zynq_ultra_pl/ad9269_sample_ctrl/inst/dma_cnt[7]} {uav_sar_i/zynq_ultra_pl/ad9269_sample_ctrl/inst/dma_cnt[8]} {uav_sar_i/zynq_ultra_pl/ad9269_sample_ctrl/inst/dma_cnt[9]} {uav_sar_i/zynq_ultra_pl/ad9269_sample_ctrl/inst/dma_cnt[10]} {uav_sar_i/zynq_ultra_pl/ad9269_sample_ctrl/inst/dma_cnt[11]} {uav_sar_i/zynq_ultra_pl/ad9269_sample_ctrl/inst/dma_cnt[12]} {uav_sar_i/zynq_ultra_pl/ad9269_sample_ctrl/inst/dma_cnt[13]} {uav_sar_i/zynq_ultra_pl/ad9269_sample_ctrl/inst/dma_cnt[14]} {uav_sar_i/zynq_ultra_pl/ad9269_sample_ctrl/inst/dma_cnt[15]} {uav_sar_i/zynq_ultra_pl/ad9269_sample_ctrl/inst/dma_cnt[16]} {uav_sar_i/zynq_ultra_pl/ad9269_sample_ctrl/inst/dma_cnt[17]} {uav_sar_i/zynq_ultra_pl/ad9269_sample_ctrl/inst/dma_cnt[18]} {uav_sar_i/zynq_ultra_pl/ad9269_sample_ctrl/inst/dma_cnt[19]} {uav_sar_i/zynq_ultra_pl/ad9269_sample_ctrl/inst/dma_cnt[20]} {uav_sar_i/zynq_ultra_pl/ad9269_sample_ctrl/inst/dma_cnt[21]} {uav_sar_i/zynq_ultra_pl/ad9269_sample_ctrl/inst/dma_cnt[22]} {uav_sar_i/zynq_ultra_pl/ad9269_sample_ctrl/inst/dma_cnt[23]} {uav_sar_i/zynq_ultra_pl/ad9269_sample_ctrl/inst/dma_cnt[24]} {uav_sar_i/zynq_ultra_pl/ad9269_sample_ctrl/inst/dma_cnt[25]} {uav_sar_i/zynq_ultra_pl/ad9269_sample_ctrl/inst/dma_cnt[26]} {uav_sar_i/zynq_ultra_pl/ad9269_sample_ctrl/inst/dma_cnt[27]} {uav_sar_i/zynq_ultra_pl/ad9269_sample_ctrl/inst/dma_cnt[28]} {uav_sar_i/zynq_ultra_pl/ad9269_sample_ctrl/inst/dma_cnt[29]} {uav_sar_i/zynq_ultra_pl/ad9269_sample_ctrl/inst/dma_cnt[30]} {uav_sar_i/zynq_ultra_pl/ad9269_sample_ctrl/inst/dma_cnt[31]} ]]
create_debug_port u_ila_0 probe
set_property port_width 32 [get_debug_ports u_ila_0/probe4]
set_property PROBE_TYPE DATA_AND_TRIGGER [get_debug_ports u_ila_0/probe4]
connect_debug_port u_ila_0/probe4 [get_nets [list {uav_sar_i/zynq_ultra_pl/ad9269_sample_ctrl/inst/ad9269_sample_v1_0_S00_AXI_inst/reg_data_out[0]} {uav_sar_i/zynq_ultra_pl/ad9269_sample_ctrl/inst/ad9269_sample_v1_0_S00_AXI_inst/reg_data_out[1]} {uav_sar_i/zynq_ultra_pl/ad9269_sample_ctrl/inst/ad9269_sample_v1_0_S00_AXI_inst/reg_data_out[2]} {uav_sar_i/zynq_ultra_pl/ad9269_sample_ctrl/inst/ad9269_sample_v1_0_S00_AXI_inst/reg_data_out[3]} {uav_sar_i/zynq_ultra_pl/ad9269_sample_ctrl/inst/ad9269_sample_v1_0_S00_AXI_inst/reg_data_out[4]} {uav_sar_i/zynq_ultra_pl/ad9269_sample_ctrl/inst/ad9269_sample_v1_0_S00_AXI_inst/reg_data_out[5]} {uav_sar_i/zynq_ultra_pl/ad9269_sample_ctrl/inst/ad9269_sample_v1_0_S00_AXI_inst/reg_data_out[6]} {uav_sar_i/zynq_ultra_pl/ad9269_sample_ctrl/inst/ad9269_sample_v1_0_S00_AXI_inst/reg_data_out[7]} {uav_sar_i/zynq_ultra_pl/ad9269_sample_ctrl/inst/ad9269_sample_v1_0_S00_AXI_inst/reg_data_out[8]} {uav_sar_i/zynq_ultra_pl/ad9269_sample_ctrl/inst/ad9269_sample_v1_0_S00_AXI_inst/reg_data_out[9]} {uav_sar_i/zynq_ultra_pl/ad9269_sample_ctrl/inst/ad9269_sample_v1_0_S00_AXI_inst/reg_data_out[10]} {uav_sar_i/zynq_ultra_pl/ad9269_sample_ctrl/inst/ad9269_sample_v1_0_S00_AXI_inst/reg_data_out[11]} {uav_sar_i/zynq_ultra_pl/ad9269_sample_ctrl/inst/ad9269_sample_v1_0_S00_AXI_inst/reg_data_out[12]} {uav_sar_i/zynq_ultra_pl/ad9269_sample_ctrl/inst/ad9269_sample_v1_0_S00_AXI_inst/reg_data_out[13]} {uav_sar_i/zynq_ultra_pl/ad9269_sample_ctrl/inst/ad9269_sample_v1_0_S00_AXI_inst/reg_data_out[14]} {uav_sar_i/zynq_ultra_pl/ad9269_sample_ctrl/inst/ad9269_sample_v1_0_S00_AXI_inst/reg_data_out[15]} {uav_sar_i/zynq_ultra_pl/ad9269_sample_ctrl/inst/ad9269_sample_v1_0_S00_AXI_inst/reg_data_out[16]} {uav_sar_i/zynq_ultra_pl/ad9269_sample_ctrl/inst/ad9269_sample_v1_0_S00_AXI_inst/reg_data_out[17]} {uav_sar_i/zynq_ultra_pl/ad9269_sample_ctrl/inst/ad9269_sample_v1_0_S00_AXI_inst/reg_data_out[18]} {uav_sar_i/zynq_ultra_pl/ad9269_sample_ctrl/inst/ad9269_sample_v1_0_S00_AXI_inst/reg_data_out[19]} {uav_sar_i/zynq_ultra_pl/ad9269_sample_ctrl/inst/ad9269_sample_v1_0_S00_AXI_inst/reg_data_out[20]} {uav_sar_i/zynq_ultra_pl/ad9269_sample_ctrl/inst/ad9269_sample_v1_0_S00_AXI_inst/reg_data_out[21]} {uav_sar_i/zynq_ultra_pl/ad9269_sample_ctrl/inst/ad9269_sample_v1_0_S00_AXI_inst/reg_data_out[22]} {uav_sar_i/zynq_ultra_pl/ad9269_sample_ctrl/inst/ad9269_sample_v1_0_S00_AXI_inst/reg_data_out[23]} {uav_sar_i/zynq_ultra_pl/ad9269_sample_ctrl/inst/ad9269_sample_v1_0_S00_AXI_inst/reg_data_out[24]} {uav_sar_i/zynq_ultra_pl/ad9269_sample_ctrl/inst/ad9269_sample_v1_0_S00_AXI_inst/reg_data_out[25]} {uav_sar_i/zynq_ultra_pl/ad9269_sample_ctrl/inst/ad9269_sample_v1_0_S00_AXI_inst/reg_data_out[26]} {uav_sar_i/zynq_ultra_pl/ad9269_sample_ctrl/inst/ad9269_sample_v1_0_S00_AXI_inst/reg_data_out[27]} {uav_sar_i/zynq_ultra_pl/ad9269_sample_ctrl/inst/ad9269_sample_v1_0_S00_AXI_inst/reg_data_out[28]} {uav_sar_i/zynq_ultra_pl/ad9269_sample_ctrl/inst/ad9269_sample_v1_0_S00_AXI_inst/reg_data_out[29]} {uav_sar_i/zynq_ultra_pl/ad9269_sample_ctrl/inst/ad9269_sample_v1_0_S00_AXI_inst/reg_data_out[30]} {uav_sar_i/zynq_ultra_pl/ad9269_sample_ctrl/inst/ad9269_sample_v1_0_S00_AXI_inst/reg_data_out[31]} ]]
create_debug_port u_ila_0 probe
set_property port_width 32 [get_debug_ports u_ila_0/probe5]
set_property PROBE_TYPE DATA_AND_TRIGGER [get_debug_ports u_ila_0/probe5]
connect_debug_port u_ila_0/probe5 [get_nets [list {uav_sar_i/zynq_ultra_pl/ad9269_sample_ctrl/inst/ad9269_sample_v1_0_S00_AXI_inst/slv_reg0[0]} {uav_sar_i/zynq_ultra_pl/ad9269_sample_ctrl/inst/ad9269_sample_v1_0_S00_AXI_inst/slv_reg0[1]} {uav_sar_i/zynq_ultra_pl/ad9269_sample_ctrl/inst/ad9269_sample_v1_0_S00_AXI_inst/slv_reg0[2]} {uav_sar_i/zynq_ultra_pl/ad9269_sample_ctrl/inst/ad9269_sample_v1_0_S00_AXI_inst/slv_reg0[3]} {uav_sar_i/zynq_ultra_pl/ad9269_sample_ctrl/inst/ad9269_sample_v1_0_S00_AXI_inst/slv_reg0[4]} {uav_sar_i/zynq_ultra_pl/ad9269_sample_ctrl/inst/ad9269_sample_v1_0_S00_AXI_inst/slv_reg0[5]} {uav_sar_i/zynq_ultra_pl/ad9269_sample_ctrl/inst/ad9269_sample_v1_0_S00_AXI_inst/slv_reg0[6]} {uav_sar_i/zynq_ultra_pl/ad9269_sample_ctrl/inst/ad9269_sample_v1_0_S00_AXI_inst/slv_reg0[7]} {uav_sar_i/zynq_ultra_pl/ad9269_sample_ctrl/inst/ad9269_sample_v1_0_S00_AXI_inst/slv_reg0[8]} {uav_sar_i/zynq_ultra_pl/ad9269_sample_ctrl/inst/ad9269_sample_v1_0_S00_AXI_inst/slv_reg0[9]} {uav_sar_i/zynq_ultra_pl/ad9269_sample_ctrl/inst/ad9269_sample_v1_0_S00_AXI_inst/slv_reg0[10]} {uav_sar_i/zynq_ultra_pl/ad9269_sample_ctrl/inst/ad9269_sample_v1_0_S00_AXI_inst/slv_reg0[11]} {uav_sar_i/zynq_ultra_pl/ad9269_sample_ctrl/inst/ad9269_sample_v1_0_S00_AXI_inst/slv_reg0[12]} {uav_sar_i/zynq_ultra_pl/ad9269_sample_ctrl/inst/ad9269_sample_v1_0_S00_AXI_inst/slv_reg0[13]} {uav_sar_i/zynq_ultra_pl/ad9269_sample_ctrl/inst/ad9269_sample_v1_0_S00_AXI_inst/slv_reg0[14]} {uav_sar_i/zynq_ultra_pl/ad9269_sample_ctrl/inst/ad9269_sample_v1_0_S00_AXI_inst/slv_reg0[15]} {uav_sar_i/zynq_ultra_pl/ad9269_sample_ctrl/inst/ad9269_sample_v1_0_S00_AXI_inst/slv_reg0[16]} {uav_sar_i/zynq_ultra_pl/ad9269_sample_ctrl/inst/ad9269_sample_v1_0_S00_AXI_inst/slv_reg0[17]} {uav_sar_i/zynq_ultra_pl/ad9269_sample_ctrl/inst/ad9269_sample_v1_0_S00_AXI_inst/slv_reg0[18]} {uav_sar_i/zynq_ultra_pl/ad9269_sample_ctrl/inst/ad9269_sample_v1_0_S00_AXI_inst/slv_reg0[19]} {uav_sar_i/zynq_ultra_pl/ad9269_sample_ctrl/inst/ad9269_sample_v1_0_S00_AXI_inst/slv_reg0[20]} {uav_sar_i/zynq_ultra_pl/ad9269_sample_ctrl/inst/ad9269_sample_v1_0_S00_AXI_inst/slv_reg0[21]} {uav_sar_i/zynq_ultra_pl/ad9269_sample_ctrl/inst/ad9269_sample_v1_0_S00_AXI_inst/slv_reg0[22]} {uav_sar_i/zynq_ultra_pl/ad9269_sample_ctrl/inst/ad9269_sample_v1_0_S00_AXI_inst/slv_reg0[23]} {uav_sar_i/zynq_ultra_pl/ad9269_sample_ctrl/inst/ad9269_sample_v1_0_S00_AXI_inst/slv_reg0[24]} {uav_sar_i/zynq_ultra_pl/ad9269_sample_ctrl/inst/ad9269_sample_v1_0_S00_AXI_inst/slv_reg0[25]} {uav_sar_i/zynq_ultra_pl/ad9269_sample_ctrl/inst/ad9269_sample_v1_0_S00_AXI_inst/slv_reg0[26]} {uav_sar_i/zynq_ultra_pl/ad9269_sample_ctrl/inst/ad9269_sample_v1_0_S00_AXI_inst/slv_reg0[27]} {uav_sar_i/zynq_ultra_pl/ad9269_sample_ctrl/inst/ad9269_sample_v1_0_S00_AXI_inst/slv_reg0[28]} {uav_sar_i/zynq_ultra_pl/ad9269_sample_ctrl/inst/ad9269_sample_v1_0_S00_AXI_inst/slv_reg0[29]} {uav_sar_i/zynq_ultra_pl/ad9269_sample_ctrl/inst/ad9269_sample_v1_0_S00_AXI_inst/slv_reg0[30]} {uav_sar_i/zynq_ultra_pl/ad9269_sample_ctrl/inst/ad9269_sample_v1_0_S00_AXI_inst/slv_reg0[31]} ]]
create_debug_port u_ila_0 probe
set_property port_width 32 [get_debug_ports u_ila_0/probe6]
set_property PROBE_TYPE DATA_AND_TRIGGER [get_debug_ports u_ila_0/probe6]
connect_debug_port u_ila_0/probe6 [get_nets [list {uav_sar_i/zynq_ultra_pl/ad9269_sample_ctrl/inst/ad9269_sample_v1_0_S00_AXI_inst/slv_reg3[0]} {uav_sar_i/zynq_ultra_pl/ad9269_sample_ctrl/inst/ad9269_sample_v1_0_S00_AXI_inst/slv_reg3[1]} {uav_sar_i/zynq_ultra_pl/ad9269_sample_ctrl/inst/ad9269_sample_v1_0_S00_AXI_inst/slv_reg3[2]} {uav_sar_i/zynq_ultra_pl/ad9269_sample_ctrl/inst/ad9269_sample_v1_0_S00_AXI_inst/slv_reg3[3]} {uav_sar_i/zynq_ultra_pl/ad9269_sample_ctrl/inst/ad9269_sample_v1_0_S00_AXI_inst/slv_reg3[4]} {uav_sar_i/zynq_ultra_pl/ad9269_sample_ctrl/inst/ad9269_sample_v1_0_S00_AXI_inst/slv_reg3[5]} {uav_sar_i/zynq_ultra_pl/ad9269_sample_ctrl/inst/ad9269_sample_v1_0_S00_AXI_inst/slv_reg3[6]} {uav_sar_i/zynq_ultra_pl/ad9269_sample_ctrl/inst/ad9269_sample_v1_0_S00_AXI_inst/slv_reg3[7]} {uav_sar_i/zynq_ultra_pl/ad9269_sample_ctrl/inst/ad9269_sample_v1_0_S00_AXI_inst/slv_reg3[8]} {uav_sar_i/zynq_ultra_pl/ad9269_sample_ctrl/inst/ad9269_sample_v1_0_S00_AXI_inst/slv_reg3[9]} {uav_sar_i/zynq_ultra_pl/ad9269_sample_ctrl/inst/ad9269_sample_v1_0_S00_AXI_inst/slv_reg3[10]} {uav_sar_i/zynq_ultra_pl/ad9269_sample_ctrl/inst/ad9269_sample_v1_0_S00_AXI_inst/slv_reg3[11]} {uav_sar_i/zynq_ultra_pl/ad9269_sample_ctrl/inst/ad9269_sample_v1_0_S00_AXI_inst/slv_reg3[12]} {uav_sar_i/zynq_ultra_pl/ad9269_sample_ctrl/inst/ad9269_sample_v1_0_S00_AXI_inst/slv_reg3[13]} {uav_sar_i/zynq_ultra_pl/ad9269_sample_ctrl/inst/ad9269_sample_v1_0_S00_AXI_inst/slv_reg3[14]} {uav_sar_i/zynq_ultra_pl/ad9269_sample_ctrl/inst/ad9269_sample_v1_0_S00_AXI_inst/slv_reg3[15]} {uav_sar_i/zynq_ultra_pl/ad9269_sample_ctrl/inst/ad9269_sample_v1_0_S00_AXI_inst/slv_reg3[16]} {uav_sar_i/zynq_ultra_pl/ad9269_sample_ctrl/inst/ad9269_sample_v1_0_S00_AXI_inst/slv_reg3[17]} {uav_sar_i/zynq_ultra_pl/ad9269_sample_ctrl/inst/ad9269_sample_v1_0_S00_AXI_inst/slv_reg3[18]} {uav_sar_i/zynq_ultra_pl/ad9269_sample_ctrl/inst/ad9269_sample_v1_0_S00_AXI_inst/slv_reg3[19]} {uav_sar_i/zynq_ultra_pl/ad9269_sample_ctrl/inst/ad9269_sample_v1_0_S00_AXI_inst/slv_reg3[20]} {uav_sar_i/zynq_ultra_pl/ad9269_sample_ctrl/inst/ad9269_sample_v1_0_S00_AXI_inst/slv_reg3[21]} {uav_sar_i/zynq_ultra_pl/ad9269_sample_ctrl/inst/ad9269_sample_v1_0_S00_AXI_inst/slv_reg3[22]} {uav_sar_i/zynq_ultra_pl/ad9269_sample_ctrl/inst/ad9269_sample_v1_0_S00_AXI_inst/slv_reg3[23]} {uav_sar_i/zynq_ultra_pl/ad9269_sample_ctrl/inst/ad9269_sample_v1_0_S00_AXI_inst/slv_reg3[24]} {uav_sar_i/zynq_ultra_pl/ad9269_sample_ctrl/inst/ad9269_sample_v1_0_S00_AXI_inst/slv_reg3[25]} {uav_sar_i/zynq_ultra_pl/ad9269_sample_ctrl/inst/ad9269_sample_v1_0_S00_AXI_inst/slv_reg3[26]} {uav_sar_i/zynq_ultra_pl/ad9269_sample_ctrl/inst/ad9269_sample_v1_0_S00_AXI_inst/slv_reg3[27]} {uav_sar_i/zynq_ultra_pl/ad9269_sample_ctrl/inst/ad9269_sample_v1_0_S00_AXI_inst/slv_reg3[28]} {uav_sar_i/zynq_ultra_pl/ad9269_sample_ctrl/inst/ad9269_sample_v1_0_S00_AXI_inst/slv_reg3[29]} {uav_sar_i/zynq_ultra_pl/ad9269_sample_ctrl/inst/ad9269_sample_v1_0_S00_AXI_inst/slv_reg3[30]} {uav_sar_i/zynq_ultra_pl/ad9269_sample_ctrl/inst/ad9269_sample_v1_0_S00_AXI_inst/slv_reg3[31]} ]]
create_debug_port u_ila_0 probe
set_property port_width 32 [get_debug_ports u_ila_0/probe7]
set_property PROBE_TYPE DATA_AND_TRIGGER [get_debug_ports u_ila_0/probe7]
connect_debug_port u_ila_0/probe7 [get_nets [list {uav_sar_i/zynq_ultra_pl/ad9269_sample_ctrl/inst/ad9269_sample_v1_0_S00_AXI_inst/slv_reg5[0]} {uav_sar_i/zynq_ultra_pl/ad9269_sample_ctrl/inst/ad9269_sample_v1_0_S00_AXI_inst/slv_reg5[1]} {uav_sar_i/zynq_ultra_pl/ad9269_sample_ctrl/inst/ad9269_sample_v1_0_S00_AXI_inst/slv_reg5[2]} {uav_sar_i/zynq_ultra_pl/ad9269_sample_ctrl/inst/ad9269_sample_v1_0_S00_AXI_inst/slv_reg5[3]} {uav_sar_i/zynq_ultra_pl/ad9269_sample_ctrl/inst/ad9269_sample_v1_0_S00_AXI_inst/slv_reg5[4]} {uav_sar_i/zynq_ultra_pl/ad9269_sample_ctrl/inst/ad9269_sample_v1_0_S00_AXI_inst/slv_reg5[5]} {uav_sar_i/zynq_ultra_pl/ad9269_sample_ctrl/inst/ad9269_sample_v1_0_S00_AXI_inst/slv_reg5[6]} {uav_sar_i/zynq_ultra_pl/ad9269_sample_ctrl/inst/ad9269_sample_v1_0_S00_AXI_inst/slv_reg5[7]} {uav_sar_i/zynq_ultra_pl/ad9269_sample_ctrl/inst/ad9269_sample_v1_0_S00_AXI_inst/slv_reg5[8]} {uav_sar_i/zynq_ultra_pl/ad9269_sample_ctrl/inst/ad9269_sample_v1_0_S00_AXI_inst/slv_reg5[9]} {uav_sar_i/zynq_ultra_pl/ad9269_sample_ctrl/inst/ad9269_sample_v1_0_S00_AXI_inst/slv_reg5[10]} {uav_sar_i/zynq_ultra_pl/ad9269_sample_ctrl/inst/ad9269_sample_v1_0_S00_AXI_inst/slv_reg5[11]} {uav_sar_i/zynq_ultra_pl/ad9269_sample_ctrl/inst/ad9269_sample_v1_0_S00_AXI_inst/slv_reg5[12]} {uav_sar_i/zynq_ultra_pl/ad9269_sample_ctrl/inst/ad9269_sample_v1_0_S00_AXI_inst/slv_reg5[13]} {uav_sar_i/zynq_ultra_pl/ad9269_sample_ctrl/inst/ad9269_sample_v1_0_S00_AXI_inst/slv_reg5[14]} {uav_sar_i/zynq_ultra_pl/ad9269_sample_ctrl/inst/ad9269_sample_v1_0_S00_AXI_inst/slv_reg5[15]} {uav_sar_i/zynq_ultra_pl/ad9269_sample_ctrl/inst/ad9269_sample_v1_0_S00_AXI_inst/slv_reg5[16]} {uav_sar_i/zynq_ultra_pl/ad9269_sample_ctrl/inst/ad9269_sample_v1_0_S00_AXI_inst/slv_reg5[17]} {uav_sar_i/zynq_ultra_pl/ad9269_sample_ctrl/inst/ad9269_sample_v1_0_S00_AXI_inst/slv_reg5[18]} {uav_sar_i/zynq_ultra_pl/ad9269_sample_ctrl/inst/ad9269_sample_v1_0_S00_AXI_inst/slv_reg5[19]} {uav_sar_i/zynq_ultra_pl/ad9269_sample_ctrl/inst/ad9269_sample_v1_0_S00_AXI_inst/slv_reg5[20]} {uav_sar_i/zynq_ultra_pl/ad9269_sample_ctrl/inst/ad9269_sample_v1_0_S00_AXI_inst/slv_reg5[21]} {uav_sar_i/zynq_ultra_pl/ad9269_sample_ctrl/inst/ad9269_sample_v1_0_S00_AXI_inst/slv_reg5[22]} {uav_sar_i/zynq_ultra_pl/ad9269_sample_ctrl/inst/ad9269_sample_v1_0_S00_AXI_inst/slv_reg5[23]} {uav_sar_i/zynq_ultra_pl/ad9269_sample_ctrl/inst/ad9269_sample_v1_0_S00_AXI_inst/slv_reg5[24]} {uav_sar_i/zynq_ultra_pl/ad9269_sample_ctrl/inst/ad9269_sample_v1_0_S00_AXI_inst/slv_reg5[25]} {uav_sar_i/zynq_ultra_pl/ad9269_sample_ctrl/inst/ad9269_sample_v1_0_S00_AXI_inst/slv_reg5[26]} {uav_sar_i/zynq_ultra_pl/ad9269_sample_ctrl/inst/ad9269_sample_v1_0_S00_AXI_inst/slv_reg5[27]} {uav_sar_i/zynq_ultra_pl/ad9269_sample_ctrl/inst/ad9269_sample_v1_0_S00_AXI_inst/slv_reg5[28]} {uav_sar_i/zynq_ultra_pl/ad9269_sample_ctrl/inst/ad9269_sample_v1_0_S00_AXI_inst/slv_reg5[29]} {uav_sar_i/zynq_ultra_pl/ad9269_sample_ctrl/inst/ad9269_sample_v1_0_S00_AXI_inst/slv_reg5[30]} {uav_sar_i/zynq_ultra_pl/ad9269_sample_ctrl/inst/ad9269_sample_v1_0_S00_AXI_inst/slv_reg5[31]} ]]
create_debug_port u_ila_0 probe
set_property port_width 32 [get_debug_ports u_ila_0/probe8]
set_property PROBE_TYPE DATA_AND_TRIGGER [get_debug_ports u_ila_0/probe8]
connect_debug_port u_ila_0/probe8 [get_nets [list {uav_sar_i/zynq_ultra_pl/ad9269_sample_ctrl/inst/ad9269_sample_v1_0_S00_AXI_inst/slv_reg4[0]} {uav_sar_i/zynq_ultra_pl/ad9269_sample_ctrl/inst/ad9269_sample_v1_0_S00_AXI_inst/slv_reg4[1]} {uav_sar_i/zynq_ultra_pl/ad9269_sample_ctrl/inst/ad9269_sample_v1_0_S00_AXI_inst/slv_reg4[2]} {uav_sar_i/zynq_ultra_pl/ad9269_sample_ctrl/inst/ad9269_sample_v1_0_S00_AXI_inst/slv_reg4[3]} {uav_sar_i/zynq_ultra_pl/ad9269_sample_ctrl/inst/ad9269_sample_v1_0_S00_AXI_inst/slv_reg4[4]} {uav_sar_i/zynq_ultra_pl/ad9269_sample_ctrl/inst/ad9269_sample_v1_0_S00_AXI_inst/slv_reg4[5]} {uav_sar_i/zynq_ultra_pl/ad9269_sample_ctrl/inst/ad9269_sample_v1_0_S00_AXI_inst/slv_reg4[6]} {uav_sar_i/zynq_ultra_pl/ad9269_sample_ctrl/inst/ad9269_sample_v1_0_S00_AXI_inst/slv_reg4[7]} {uav_sar_i/zynq_ultra_pl/ad9269_sample_ctrl/inst/ad9269_sample_v1_0_S00_AXI_inst/slv_reg4[8]} {uav_sar_i/zynq_ultra_pl/ad9269_sample_ctrl/inst/ad9269_sample_v1_0_S00_AXI_inst/slv_reg4[9]} {uav_sar_i/zynq_ultra_pl/ad9269_sample_ctrl/inst/ad9269_sample_v1_0_S00_AXI_inst/slv_reg4[10]} {uav_sar_i/zynq_ultra_pl/ad9269_sample_ctrl/inst/ad9269_sample_v1_0_S00_AXI_inst/slv_reg4[11]} {uav_sar_i/zynq_ultra_pl/ad9269_sample_ctrl/inst/ad9269_sample_v1_0_S00_AXI_inst/slv_reg4[12]} {uav_sar_i/zynq_ultra_pl/ad9269_sample_ctrl/inst/ad9269_sample_v1_0_S00_AXI_inst/slv_reg4[13]} {uav_sar_i/zynq_ultra_pl/ad9269_sample_ctrl/inst/ad9269_sample_v1_0_S00_AXI_inst/slv_reg4[14]} {uav_sar_i/zynq_ultra_pl/ad9269_sample_ctrl/inst/ad9269_sample_v1_0_S00_AXI_inst/slv_reg4[15]} {uav_sar_i/zynq_ultra_pl/ad9269_sample_ctrl/inst/ad9269_sample_v1_0_S00_AXI_inst/slv_reg4[16]} {uav_sar_i/zynq_ultra_pl/ad9269_sample_ctrl/inst/ad9269_sample_v1_0_S00_AXI_inst/slv_reg4[17]} {uav_sar_i/zynq_ultra_pl/ad9269_sample_ctrl/inst/ad9269_sample_v1_0_S00_AXI_inst/slv_reg4[18]} {uav_sar_i/zynq_ultra_pl/ad9269_sample_ctrl/inst/ad9269_sample_v1_0_S00_AXI_inst/slv_reg4[19]} {uav_sar_i/zynq_ultra_pl/ad9269_sample_ctrl/inst/ad9269_sample_v1_0_S00_AXI_inst/slv_reg4[20]} {uav_sar_i/zynq_ultra_pl/ad9269_sample_ctrl/inst/ad9269_sample_v1_0_S00_AXI_inst/slv_reg4[21]} {uav_sar_i/zynq_ultra_pl/ad9269_sample_ctrl/inst/ad9269_sample_v1_0_S00_AXI_inst/slv_reg4[22]} {uav_sar_i/zynq_ultra_pl/ad9269_sample_ctrl/inst/ad9269_sample_v1_0_S00_AXI_inst/slv_reg4[23]} {uav_sar_i/zynq_ultra_pl/ad9269_sample_ctrl/inst/ad9269_sample_v1_0_S00_AXI_inst/slv_reg4[24]} {uav_sar_i/zynq_ultra_pl/ad9269_sample_ctrl/inst/ad9269_sample_v1_0_S00_AXI_inst/slv_reg4[25]} {uav_sar_i/zynq_ultra_pl/ad9269_sample_ctrl/inst/ad9269_sample_v1_0_S00_AXI_inst/slv_reg4[26]} {uav_sar_i/zynq_ultra_pl/ad9269_sample_ctrl/inst/ad9269_sample_v1_0_S00_AXI_inst/slv_reg4[27]} {uav_sar_i/zynq_ultra_pl/ad9269_sample_ctrl/inst/ad9269_sample_v1_0_S00_AXI_inst/slv_reg4[28]} {uav_sar_i/zynq_ultra_pl/ad9269_sample_ctrl/inst/ad9269_sample_v1_0_S00_AXI_inst/slv_reg4[29]} {uav_sar_i/zynq_ultra_pl/ad9269_sample_ctrl/inst/ad9269_sample_v1_0_S00_AXI_inst/slv_reg4[30]} {uav_sar_i/zynq_ultra_pl/ad9269_sample_ctrl/inst/ad9269_sample_v1_0_S00_AXI_inst/slv_reg4[31]} ]]
create_debug_port u_ila_0 probe
set_property port_width 32 [get_debug_ports u_ila_0/probe9]
set_property PROBE_TYPE DATA_AND_TRIGGER [get_debug_ports u_ila_0/probe9]
connect_debug_port u_ila_0/probe9 [get_nets [list {uav_sar_i/zynq_ultra_pl/ad9269_sample_ctrl/inst/ad9269_sample_v1_0_S00_AXI_inst/slv_reg1[0]} {uav_sar_i/zynq_ultra_pl/ad9269_sample_ctrl/inst/ad9269_sample_v1_0_S00_AXI_inst/slv_reg1[1]} {uav_sar_i/zynq_ultra_pl/ad9269_sample_ctrl/inst/ad9269_sample_v1_0_S00_AXI_inst/slv_reg1[2]} {uav_sar_i/zynq_ultra_pl/ad9269_sample_ctrl/inst/ad9269_sample_v1_0_S00_AXI_inst/slv_reg1[3]} {uav_sar_i/zynq_ultra_pl/ad9269_sample_ctrl/inst/ad9269_sample_v1_0_S00_AXI_inst/slv_reg1[4]} {uav_sar_i/zynq_ultra_pl/ad9269_sample_ctrl/inst/ad9269_sample_v1_0_S00_AXI_inst/slv_reg1[5]} {uav_sar_i/zynq_ultra_pl/ad9269_sample_ctrl/inst/ad9269_sample_v1_0_S00_AXI_inst/slv_reg1[6]} {uav_sar_i/zynq_ultra_pl/ad9269_sample_ctrl/inst/ad9269_sample_v1_0_S00_AXI_inst/slv_reg1[7]} {uav_sar_i/zynq_ultra_pl/ad9269_sample_ctrl/inst/ad9269_sample_v1_0_S00_AXI_inst/slv_reg1[8]} {uav_sar_i/zynq_ultra_pl/ad9269_sample_ctrl/inst/ad9269_sample_v1_0_S00_AXI_inst/slv_reg1[9]} {uav_sar_i/zynq_ultra_pl/ad9269_sample_ctrl/inst/ad9269_sample_v1_0_S00_AXI_inst/slv_reg1[10]} {uav_sar_i/zynq_ultra_pl/ad9269_sample_ctrl/inst/ad9269_sample_v1_0_S00_AXI_inst/slv_reg1[11]} {uav_sar_i/zynq_ultra_pl/ad9269_sample_ctrl/inst/ad9269_sample_v1_0_S00_AXI_inst/slv_reg1[12]} {uav_sar_i/zynq_ultra_pl/ad9269_sample_ctrl/inst/ad9269_sample_v1_0_S00_AXI_inst/slv_reg1[13]} {uav_sar_i/zynq_ultra_pl/ad9269_sample_ctrl/inst/ad9269_sample_v1_0_S00_AXI_inst/slv_reg1[14]} {uav_sar_i/zynq_ultra_pl/ad9269_sample_ctrl/inst/ad9269_sample_v1_0_S00_AXI_inst/slv_reg1[15]} {uav_sar_i/zynq_ultra_pl/ad9269_sample_ctrl/inst/ad9269_sample_v1_0_S00_AXI_inst/slv_reg1[16]} {uav_sar_i/zynq_ultra_pl/ad9269_sample_ctrl/inst/ad9269_sample_v1_0_S00_AXI_inst/slv_reg1[17]} {uav_sar_i/zynq_ultra_pl/ad9269_sample_ctrl/inst/ad9269_sample_v1_0_S00_AXI_inst/slv_reg1[18]} {uav_sar_i/zynq_ultra_pl/ad9269_sample_ctrl/inst/ad9269_sample_v1_0_S00_AXI_inst/slv_reg1[19]} {uav_sar_i/zynq_ultra_pl/ad9269_sample_ctrl/inst/ad9269_sample_v1_0_S00_AXI_inst/slv_reg1[20]} {uav_sar_i/zynq_ultra_pl/ad9269_sample_ctrl/inst/ad9269_sample_v1_0_S00_AXI_inst/slv_reg1[21]} {uav_sar_i/zynq_ultra_pl/ad9269_sample_ctrl/inst/ad9269_sample_v1_0_S00_AXI_inst/slv_reg1[22]} {uav_sar_i/zynq_ultra_pl/ad9269_sample_ctrl/inst/ad9269_sample_v1_0_S00_AXI_inst/slv_reg1[23]} {uav_sar_i/zynq_ultra_pl/ad9269_sample_ctrl/inst/ad9269_sample_v1_0_S00_AXI_inst/slv_reg1[24]} {uav_sar_i/zynq_ultra_pl/ad9269_sample_ctrl/inst/ad9269_sample_v1_0_S00_AXI_inst/slv_reg1[25]} {uav_sar_i/zynq_ultra_pl/ad9269_sample_ctrl/inst/ad9269_sample_v1_0_S00_AXI_inst/slv_reg1[26]} {uav_sar_i/zynq_ultra_pl/ad9269_sample_ctrl/inst/ad9269_sample_v1_0_S00_AXI_inst/slv_reg1[27]} {uav_sar_i/zynq_ultra_pl/ad9269_sample_ctrl/inst/ad9269_sample_v1_0_S00_AXI_inst/slv_reg1[28]} {uav_sar_i/zynq_ultra_pl/ad9269_sample_ctrl/inst/ad9269_sample_v1_0_S00_AXI_inst/slv_reg1[29]} {uav_sar_i/zynq_ultra_pl/ad9269_sample_ctrl/inst/ad9269_sample_v1_0_S00_AXI_inst/slv_reg1[30]} {uav_sar_i/zynq_ultra_pl/ad9269_sample_ctrl/inst/ad9269_sample_v1_0_S00_AXI_inst/slv_reg1[31]} ]]
create_debug_port u_ila_0 probe
set_property port_width 16 [get_debug_ports u_ila_0/probe10]
set_property PROBE_TYPE DATA_AND_TRIGGER [get_debug_ports u_ila_0/probe10]
connect_debug_port u_ila_0/probe10 [get_nets [list {uav_sar_i/zynq_ultra_pl/ad9269_sample_ctrl/inst/ad9269_sample_v1_0_S00_AXI_inst/adc_data[0]} {uav_sar_i/zynq_ultra_pl/ad9269_sample_ctrl/inst/ad9269_sample_v1_0_S00_AXI_inst/adc_data[1]} {uav_sar_i/zynq_ultra_pl/ad9269_sample_ctrl/inst/ad9269_sample_v1_0_S00_AXI_inst/adc_data[2]} {uav_sar_i/zynq_ultra_pl/ad9269_sample_ctrl/inst/ad9269_sample_v1_0_S00_AXI_inst/adc_data[3]} {uav_sar_i/zynq_ultra_pl/ad9269_sample_ctrl/inst/ad9269_sample_v1_0_S00_AXI_inst/adc_data[4]} {uav_sar_i/zynq_ultra_pl/ad9269_sample_ctrl/inst/ad9269_sample_v1_0_S00_AXI_inst/adc_data[5]} {uav_sar_i/zynq_ultra_pl/ad9269_sample_ctrl/inst/ad9269_sample_v1_0_S00_AXI_inst/adc_data[6]} {uav_sar_i/zynq_ultra_pl/ad9269_sample_ctrl/inst/ad9269_sample_v1_0_S00_AXI_inst/adc_data[7]} {uav_sar_i/zynq_ultra_pl/ad9269_sample_ctrl/inst/ad9269_sample_v1_0_S00_AXI_inst/adc_data[8]} {uav_sar_i/zynq_ultra_pl/ad9269_sample_ctrl/inst/ad9269_sample_v1_0_S00_AXI_inst/adc_data[9]} {uav_sar_i/zynq_ultra_pl/ad9269_sample_ctrl/inst/ad9269_sample_v1_0_S00_AXI_inst/adc_data[10]} {uav_sar_i/zynq_ultra_pl/ad9269_sample_ctrl/inst/ad9269_sample_v1_0_S00_AXI_inst/adc_data[11]} {uav_sar_i/zynq_ultra_pl/ad9269_sample_ctrl/inst/ad9269_sample_v1_0_S00_AXI_inst/adc_data[12]} {uav_sar_i/zynq_ultra_pl/ad9269_sample_ctrl/inst/ad9269_sample_v1_0_S00_AXI_inst/adc_data[13]} {uav_sar_i/zynq_ultra_pl/ad9269_sample_ctrl/inst/ad9269_sample_v1_0_S00_AXI_inst/adc_data[14]} {uav_sar_i/zynq_ultra_pl/ad9269_sample_ctrl/inst/ad9269_sample_v1_0_S00_AXI_inst/adc_data[15]} ]]
create_debug_port u_ila_0 probe
set_property port_width 32 [get_debug_ports u_ila_0/probe11]
set_property PROBE_TYPE DATA_AND_TRIGGER [get_debug_ports u_ila_0/probe11]
connect_debug_port u_ila_0/probe11 [get_nets [list {uav_sar_i/zynq_ultra_pl/ad9269_sample_ctrl/inst/ad9269_sample_v1_0_S00_AXI_inst/slv_reg2[0]} {uav_sar_i/zynq_ultra_pl/ad9269_sample_ctrl/inst/ad9269_sample_v1_0_S00_AXI_inst/slv_reg2[1]} {uav_sar_i/zynq_ultra_pl/ad9269_sample_ctrl/inst/ad9269_sample_v1_0_S00_AXI_inst/slv_reg2[2]} {uav_sar_i/zynq_ultra_pl/ad9269_sample_ctrl/inst/ad9269_sample_v1_0_S00_AXI_inst/slv_reg2[3]} {uav_sar_i/zynq_ultra_pl/ad9269_sample_ctrl/inst/ad9269_sample_v1_0_S00_AXI_inst/slv_reg2[4]} {uav_sar_i/zynq_ultra_pl/ad9269_sample_ctrl/inst/ad9269_sample_v1_0_S00_AXI_inst/slv_reg2[5]} {uav_sar_i/zynq_ultra_pl/ad9269_sample_ctrl/inst/ad9269_sample_v1_0_S00_AXI_inst/slv_reg2[6]} {uav_sar_i/zynq_ultra_pl/ad9269_sample_ctrl/inst/ad9269_sample_v1_0_S00_AXI_inst/slv_reg2[7]} {uav_sar_i/zynq_ultra_pl/ad9269_sample_ctrl/inst/ad9269_sample_v1_0_S00_AXI_inst/slv_reg2[8]} {uav_sar_i/zynq_ultra_pl/ad9269_sample_ctrl/inst/ad9269_sample_v1_0_S00_AXI_inst/slv_reg2[9]} {uav_sar_i/zynq_ultra_pl/ad9269_sample_ctrl/inst/ad9269_sample_v1_0_S00_AXI_inst/slv_reg2[10]} {uav_sar_i/zynq_ultra_pl/ad9269_sample_ctrl/inst/ad9269_sample_v1_0_S00_AXI_inst/slv_reg2[11]} {uav_sar_i/zynq_ultra_pl/ad9269_sample_ctrl/inst/ad9269_sample_v1_0_S00_AXI_inst/slv_reg2[12]} {uav_sar_i/zynq_ultra_pl/ad9269_sample_ctrl/inst/ad9269_sample_v1_0_S00_AXI_inst/slv_reg2[13]} {uav_sar_i/zynq_ultra_pl/ad9269_sample_ctrl/inst/ad9269_sample_v1_0_S00_AXI_inst/slv_reg2[14]} {uav_sar_i/zynq_ultra_pl/ad9269_sample_ctrl/inst/ad9269_sample_v1_0_S00_AXI_inst/slv_reg2[15]} {uav_sar_i/zynq_ultra_pl/ad9269_sample_ctrl/inst/ad9269_sample_v1_0_S00_AXI_inst/slv_reg2[16]} {uav_sar_i/zynq_ultra_pl/ad9269_sample_ctrl/inst/ad9269_sample_v1_0_S00_AXI_inst/slv_reg2[17]} {uav_sar_i/zynq_ultra_pl/ad9269_sample_ctrl/inst/ad9269_sample_v1_0_S00_AXI_inst/slv_reg2[18]} {uav_sar_i/zynq_ultra_pl/ad9269_sample_ctrl/inst/ad9269_sample_v1_0_S00_AXI_inst/slv_reg2[19]} {uav_sar_i/zynq_ultra_pl/ad9269_sample_ctrl/inst/ad9269_sample_v1_0_S00_AXI_inst/slv_reg2[20]} {uav_sar_i/zynq_ultra_pl/ad9269_sample_ctrl/inst/ad9269_sample_v1_0_S00_AXI_inst/slv_reg2[21]} {uav_sar_i/zynq_ultra_pl/ad9269_sample_ctrl/inst/ad9269_sample_v1_0_S00_AXI_inst/slv_reg2[22]} {uav_sar_i/zynq_ultra_pl/ad9269_sample_ctrl/inst/ad9269_sample_v1_0_S00_AXI_inst/slv_reg2[23]} {uav_sar_i/zynq_ultra_pl/ad9269_sample_ctrl/inst/ad9269_sample_v1_0_S00_AXI_inst/slv_reg2[24]} {uav_sar_i/zynq_ultra_pl/ad9269_sample_ctrl/inst/ad9269_sample_v1_0_S00_AXI_inst/slv_reg2[25]} {uav_sar_i/zynq_ultra_pl/ad9269_sample_ctrl/inst/ad9269_sample_v1_0_S00_AXI_inst/slv_reg2[26]} {uav_sar_i/zynq_ultra_pl/ad9269_sample_ctrl/inst/ad9269_sample_v1_0_S00_AXI_inst/slv_reg2[27]} {uav_sar_i/zynq_ultra_pl/ad9269_sample_ctrl/inst/ad9269_sample_v1_0_S00_AXI_inst/slv_reg2[28]} {uav_sar_i/zynq_ultra_pl/ad9269_sample_ctrl/inst/ad9269_sample_v1_0_S00_AXI_inst/slv_reg2[29]} {uav_sar_i/zynq_ultra_pl/ad9269_sample_ctrl/inst/ad9269_sample_v1_0_S00_AXI_inst/slv_reg2[30]} {uav_sar_i/zynq_ultra_pl/ad9269_sample_ctrl/inst/ad9269_sample_v1_0_S00_AXI_inst/slv_reg2[31]} ]]
create_debug_port u_ila_0 probe
set_property port_width 16 [get_debug_ports u_ila_0/probe12]
set_property PROBE_TYPE DATA_AND_TRIGGER [get_debug_ports u_ila_0/probe12]
connect_debug_port u_ila_0/probe12 [get_nets [list {uav_sar_i/zynq_ultra_pl/ad9269_sample_ctrl/inst/ad9269_sample_v1_0_S00_AXI_inst/m00_axis_tdata[0]} {uav_sar_i/zynq_ultra_pl/ad9269_sample_ctrl/inst/ad9269_sample_v1_0_S00_AXI_inst/m00_axis_tdata[1]} {uav_sar_i/zynq_ultra_pl/ad9269_sample_ctrl/inst/ad9269_sample_v1_0_S00_AXI_inst/m00_axis_tdata[2]} {uav_sar_i/zynq_ultra_pl/ad9269_sample_ctrl/inst/ad9269_sample_v1_0_S00_AXI_inst/m00_axis_tdata[3]} {uav_sar_i/zynq_ultra_pl/ad9269_sample_ctrl/inst/ad9269_sample_v1_0_S00_AXI_inst/m00_axis_tdata[4]} {uav_sar_i/zynq_ultra_pl/ad9269_sample_ctrl/inst/ad9269_sample_v1_0_S00_AXI_inst/m00_axis_tdata[5]} {uav_sar_i/zynq_ultra_pl/ad9269_sample_ctrl/inst/ad9269_sample_v1_0_S00_AXI_inst/m00_axis_tdata[6]} {uav_sar_i/zynq_ultra_pl/ad9269_sample_ctrl/inst/ad9269_sample_v1_0_S00_AXI_inst/m00_axis_tdata[7]} {uav_sar_i/zynq_ultra_pl/ad9269_sample_ctrl/inst/ad9269_sample_v1_0_S00_AXI_inst/m00_axis_tdata[8]} {uav_sar_i/zynq_ultra_pl/ad9269_sample_ctrl/inst/ad9269_sample_v1_0_S00_AXI_inst/m00_axis_tdata[9]} {uav_sar_i/zynq_ultra_pl/ad9269_sample_ctrl/inst/ad9269_sample_v1_0_S00_AXI_inst/m00_axis_tdata[10]} {uav_sar_i/zynq_ultra_pl/ad9269_sample_ctrl/inst/ad9269_sample_v1_0_S00_AXI_inst/m00_axis_tdata[11]} {uav_sar_i/zynq_ultra_pl/ad9269_sample_ctrl/inst/ad9269_sample_v1_0_S00_AXI_inst/m00_axis_tdata[12]} {uav_sar_i/zynq_ultra_pl/ad9269_sample_ctrl/inst/ad9269_sample_v1_0_S00_AXI_inst/m00_axis_tdata[13]} {uav_sar_i/zynq_ultra_pl/ad9269_sample_ctrl/inst/ad9269_sample_v1_0_S00_AXI_inst/m00_axis_tdata[14]} {uav_sar_i/zynq_ultra_pl/ad9269_sample_ctrl/inst/ad9269_sample_v1_0_S00_AXI_inst/m00_axis_tdata[15]} ]]
create_debug_port u_ila_0 probe
set_property port_width 2 [get_debug_ports u_ila_0/probe13]
set_property PROBE_TYPE DATA_AND_TRIGGER [get_debug_ports u_ila_0/probe13]
connect_debug_port u_ila_0/probe13 [get_nets [list {uav_sar_i/zynq_ultra_pl/ad9269_sample_ctrl/inst/ad9269_sample_v1_0_S00_AXI_inst/m00_axis_tkeep[0]} {uav_sar_i/zynq_ultra_pl/ad9269_sample_ctrl/inst/ad9269_sample_v1_0_S00_AXI_inst/m00_axis_tkeep[1]} ]]
create_debug_port u_ila_0 probe
set_property port_width 2 [get_debug_ports u_ila_0/probe14]
set_property PROBE_TYPE DATA_AND_TRIGGER [get_debug_ports u_ila_0/probe14]
connect_debug_port u_ila_0/probe14 [get_nets [list {uav_sar_i/zynq_ultra_pl/ad9269_sample_ctrl/inst/ad9269_sample_v1_0_S00_AXI_inst/sample_inst/M_AXIS_tkeep[0]} {uav_sar_i/zynq_ultra_pl/ad9269_sample_ctrl/inst/ad9269_sample_v1_0_S00_AXI_inst/sample_inst/M_AXIS_tkeep[1]} ]]
create_debug_port u_ila_0 probe
set_property port_width 16 [get_debug_ports u_ila_0/probe15]
set_property PROBE_TYPE DATA_AND_TRIGGER [get_debug_ports u_ila_0/probe15]
connect_debug_port u_ila_0/probe15 [get_nets [list {uav_sar_i/zynq_ultra_pl/ad9269_sample_ctrl/inst/ad9269_sample_v1_0_S00_AXI_inst/sample_inst/adc_data[0]} {uav_sar_i/zynq_ultra_pl/ad9269_sample_ctrl/inst/ad9269_sample_v1_0_S00_AXI_inst/sample_inst/adc_data[1]} {uav_sar_i/zynq_ultra_pl/ad9269_sample_ctrl/inst/ad9269_sample_v1_0_S00_AXI_inst/sample_inst/adc_data[2]} {uav_sar_i/zynq_ultra_pl/ad9269_sample_ctrl/inst/ad9269_sample_v1_0_S00_AXI_inst/sample_inst/adc_data[3]} {uav_sar_i/zynq_ultra_pl/ad9269_sample_ctrl/inst/ad9269_sample_v1_0_S00_AXI_inst/sample_inst/adc_data[4]} {uav_sar_i/zynq_ultra_pl/ad9269_sample_ctrl/inst/ad9269_sample_v1_0_S00_AXI_inst/sample_inst/adc_data[5]} {uav_sar_i/zynq_ultra_pl/ad9269_sample_ctrl/inst/ad9269_sample_v1_0_S00_AXI_inst/sample_inst/adc_data[6]} {uav_sar_i/zynq_ultra_pl/ad9269_sample_ctrl/inst/ad9269_sample_v1_0_S00_AXI_inst/sample_inst/adc_data[7]} {uav_sar_i/zynq_ultra_pl/ad9269_sample_ctrl/inst/ad9269_sample_v1_0_S00_AXI_inst/sample_inst/adc_data[8]} {uav_sar_i/zynq_ultra_pl/ad9269_sample_ctrl/inst/ad9269_sample_v1_0_S00_AXI_inst/sample_inst/adc_data[9]} {uav_sar_i/zynq_ultra_pl/ad9269_sample_ctrl/inst/ad9269_sample_v1_0_S00_AXI_inst/sample_inst/adc_data[10]} {uav_sar_i/zynq_ultra_pl/ad9269_sample_ctrl/inst/ad9269_sample_v1_0_S00_AXI_inst/sample_inst/adc_data[11]} {uav_sar_i/zynq_ultra_pl/ad9269_sample_ctrl/inst/ad9269_sample_v1_0_S00_AXI_inst/sample_inst/adc_data[12]} {uav_sar_i/zynq_ultra_pl/ad9269_sample_ctrl/inst/ad9269_sample_v1_0_S00_AXI_inst/sample_inst/adc_data[13]} {uav_sar_i/zynq_ultra_pl/ad9269_sample_ctrl/inst/ad9269_sample_v1_0_S00_AXI_inst/sample_inst/adc_data[14]} {uav_sar_i/zynq_ultra_pl/ad9269_sample_ctrl/inst/ad9269_sample_v1_0_S00_AXI_inst/sample_inst/adc_data[15]} ]]
create_debug_port u_ila_0 probe
set_property port_width 32 [get_debug_ports u_ila_0/probe16]
set_property PROBE_TYPE DATA_AND_TRIGGER [get_debug_ports u_ila_0/probe16]
connect_debug_port u_ila_0/probe16 [get_nets [list {uav_sar_i/zynq_ultra_pl/ad9269_sample_ctrl/inst/ad9269_sample_v1_0_S00_AXI_inst/sample_inst/sample_len[0]} {uav_sar_i/zynq_ultra_pl/ad9269_sample_ctrl/inst/ad9269_sample_v1_0_S00_AXI_inst/sample_inst/sample_len[1]} {uav_sar_i/zynq_ultra_pl/ad9269_sample_ctrl/inst/ad9269_sample_v1_0_S00_AXI_inst/sample_inst/sample_len[2]} {uav_sar_i/zynq_ultra_pl/ad9269_sample_ctrl/inst/ad9269_sample_v1_0_S00_AXI_inst/sample_inst/sample_len[3]} {uav_sar_i/zynq_ultra_pl/ad9269_sample_ctrl/inst/ad9269_sample_v1_0_S00_AXI_inst/sample_inst/sample_len[4]} {uav_sar_i/zynq_ultra_pl/ad9269_sample_ctrl/inst/ad9269_sample_v1_0_S00_AXI_inst/sample_inst/sample_len[5]} {uav_sar_i/zynq_ultra_pl/ad9269_sample_ctrl/inst/ad9269_sample_v1_0_S00_AXI_inst/sample_inst/sample_len[6]} {uav_sar_i/zynq_ultra_pl/ad9269_sample_ctrl/inst/ad9269_sample_v1_0_S00_AXI_inst/sample_inst/sample_len[7]} {uav_sar_i/zynq_ultra_pl/ad9269_sample_ctrl/inst/ad9269_sample_v1_0_S00_AXI_inst/sample_inst/sample_len[8]} {uav_sar_i/zynq_ultra_pl/ad9269_sample_ctrl/inst/ad9269_sample_v1_0_S00_AXI_inst/sample_inst/sample_len[9]} {uav_sar_i/zynq_ultra_pl/ad9269_sample_ctrl/inst/ad9269_sample_v1_0_S00_AXI_inst/sample_inst/sample_len[10]} {uav_sar_i/zynq_ultra_pl/ad9269_sample_ctrl/inst/ad9269_sample_v1_0_S00_AXI_inst/sample_inst/sample_len[11]} {uav_sar_i/zynq_ultra_pl/ad9269_sample_ctrl/inst/ad9269_sample_v1_0_S00_AXI_inst/sample_inst/sample_len[12]} {uav_sar_i/zynq_ultra_pl/ad9269_sample_ctrl/inst/ad9269_sample_v1_0_S00_AXI_inst/sample_inst/sample_len[13]} {uav_sar_i/zynq_ultra_pl/ad9269_sample_ctrl/inst/ad9269_sample_v1_0_S00_AXI_inst/sample_inst/sample_len[14]} {uav_sar_i/zynq_ultra_pl/ad9269_sample_ctrl/inst/ad9269_sample_v1_0_S00_AXI_inst/sample_inst/sample_len[15]} {uav_sar_i/zynq_ultra_pl/ad9269_sample_ctrl/inst/ad9269_sample_v1_0_S00_AXI_inst/sample_inst/sample_len[16]} {uav_sar_i/zynq_ultra_pl/ad9269_sample_ctrl/inst/ad9269_sample_v1_0_S00_AXI_inst/sample_inst/sample_len[17]} {uav_sar_i/zynq_ultra_pl/ad9269_sample_ctrl/inst/ad9269_sample_v1_0_S00_AXI_inst/sample_inst/sample_len[18]} {uav_sar_i/zynq_ultra_pl/ad9269_sample_ctrl/inst/ad9269_sample_v1_0_S00_AXI_inst/sample_inst/sample_len[19]} {uav_sar_i/zynq_ultra_pl/ad9269_sample_ctrl/inst/ad9269_sample_v1_0_S00_AXI_inst/sample_inst/sample_len[20]} {uav_sar_i/zynq_ultra_pl/ad9269_sample_ctrl/inst/ad9269_sample_v1_0_S00_AXI_inst/sample_inst/sample_len[21]} {uav_sar_i/zynq_ultra_pl/ad9269_sample_ctrl/inst/ad9269_sample_v1_0_S00_AXI_inst/sample_inst/sample_len[22]} {uav_sar_i/zynq_ultra_pl/ad9269_sample_ctrl/inst/ad9269_sample_v1_0_S00_AXI_inst/sample_inst/sample_len[23]} {uav_sar_i/zynq_ultra_pl/ad9269_sample_ctrl/inst/ad9269_sample_v1_0_S00_AXI_inst/sample_inst/sample_len[24]} {uav_sar_i/zynq_ultra_pl/ad9269_sample_ctrl/inst/ad9269_sample_v1_0_S00_AXI_inst/sample_inst/sample_len[25]} {uav_sar_i/zynq_ultra_pl/ad9269_sample_ctrl/inst/ad9269_sample_v1_0_S00_AXI_inst/sample_inst/sample_len[26]} {uav_sar_i/zynq_ultra_pl/ad9269_sample_ctrl/inst/ad9269_sample_v1_0_S00_AXI_inst/sample_inst/sample_len[27]} {uav_sar_i/zynq_ultra_pl/ad9269_sample_ctrl/inst/ad9269_sample_v1_0_S00_AXI_inst/sample_inst/sample_len[28]} {uav_sar_i/zynq_ultra_pl/ad9269_sample_ctrl/inst/ad9269_sample_v1_0_S00_AXI_inst/sample_inst/sample_len[29]} {uav_sar_i/zynq_ultra_pl/ad9269_sample_ctrl/inst/ad9269_sample_v1_0_S00_AXI_inst/sample_inst/sample_len[30]} {uav_sar_i/zynq_ultra_pl/ad9269_sample_ctrl/inst/ad9269_sample_v1_0_S00_AXI_inst/sample_inst/sample_len[31]} ]]
create_debug_port u_ila_0 probe
set_property port_width 32 [get_debug_ports u_ila_0/probe17]
set_property PROBE_TYPE DATA_AND_TRIGGER [get_debug_ports u_ila_0/probe17]
connect_debug_port u_ila_0/probe17 [get_nets [list {uav_sar_i/zynq_ultra_pl/ad9269_sample_ctrl/inst/ad9269_sample_v1_0_S00_AXI_inst/sample_inst/sample_len_dly2[0]} {uav_sar_i/zynq_ultra_pl/ad9269_sample_ctrl/inst/ad9269_sample_v1_0_S00_AXI_inst/sample_inst/sample_len_dly2[1]} {uav_sar_i/zynq_ultra_pl/ad9269_sample_ctrl/inst/ad9269_sample_v1_0_S00_AXI_inst/sample_inst/sample_len_dly2[2]} {uav_sar_i/zynq_ultra_pl/ad9269_sample_ctrl/inst/ad9269_sample_v1_0_S00_AXI_inst/sample_inst/sample_len_dly2[3]} {uav_sar_i/zynq_ultra_pl/ad9269_sample_ctrl/inst/ad9269_sample_v1_0_S00_AXI_inst/sample_inst/sample_len_dly2[4]} {uav_sar_i/zynq_ultra_pl/ad9269_sample_ctrl/inst/ad9269_sample_v1_0_S00_AXI_inst/sample_inst/sample_len_dly2[5]} {uav_sar_i/zynq_ultra_pl/ad9269_sample_ctrl/inst/ad9269_sample_v1_0_S00_AXI_inst/sample_inst/sample_len_dly2[6]} {uav_sar_i/zynq_ultra_pl/ad9269_sample_ctrl/inst/ad9269_sample_v1_0_S00_AXI_inst/sample_inst/sample_len_dly2[7]} {uav_sar_i/zynq_ultra_pl/ad9269_sample_ctrl/inst/ad9269_sample_v1_0_S00_AXI_inst/sample_inst/sample_len_dly2[8]} {uav_sar_i/zynq_ultra_pl/ad9269_sample_ctrl/inst/ad9269_sample_v1_0_S00_AXI_inst/sample_inst/sample_len_dly2[9]} {uav_sar_i/zynq_ultra_pl/ad9269_sample_ctrl/inst/ad9269_sample_v1_0_S00_AXI_inst/sample_inst/sample_len_dly2[10]} {uav_sar_i/zynq_ultra_pl/ad9269_sample_ctrl/inst/ad9269_sample_v1_0_S00_AXI_inst/sample_inst/sample_len_dly2[11]} {uav_sar_i/zynq_ultra_pl/ad9269_sample_ctrl/inst/ad9269_sample_v1_0_S00_AXI_inst/sample_inst/sample_len_dly2[12]} {uav_sar_i/zynq_ultra_pl/ad9269_sample_ctrl/inst/ad9269_sample_v1_0_S00_AXI_inst/sample_inst/sample_len_dly2[13]} {uav_sar_i/zynq_ultra_pl/ad9269_sample_ctrl/inst/ad9269_sample_v1_0_S00_AXI_inst/sample_inst/sample_len_dly2[14]} {uav_sar_i/zynq_ultra_pl/ad9269_sample_ctrl/inst/ad9269_sample_v1_0_S00_AXI_inst/sample_inst/sample_len_dly2[15]} {uav_sar_i/zynq_ultra_pl/ad9269_sample_ctrl/inst/ad9269_sample_v1_0_S00_AXI_inst/sample_inst/sample_len_dly2[16]} {uav_sar_i/zynq_ultra_pl/ad9269_sample_ctrl/inst/ad9269_sample_v1_0_S00_AXI_inst/sample_inst/sample_len_dly2[17]} {uav_sar_i/zynq_ultra_pl/ad9269_sample_ctrl/inst/ad9269_sample_v1_0_S00_AXI_inst/sample_inst/sample_len_dly2[18]} {uav_sar_i/zynq_ultra_pl/ad9269_sample_ctrl/inst/ad9269_sample_v1_0_S00_AXI_inst/sample_inst/sample_len_dly2[19]} {uav_sar_i/zynq_ultra_pl/ad9269_sample_ctrl/inst/ad9269_sample_v1_0_S00_AXI_inst/sample_inst/sample_len_dly2[20]} {uav_sar_i/zynq_ultra_pl/ad9269_sample_ctrl/inst/ad9269_sample_v1_0_S00_AXI_inst/sample_inst/sample_len_dly2[21]} {uav_sar_i/zynq_ultra_pl/ad9269_sample_ctrl/inst/ad9269_sample_v1_0_S00_AXI_inst/sample_inst/sample_len_dly2[22]} {uav_sar_i/zynq_ultra_pl/ad9269_sample_ctrl/inst/ad9269_sample_v1_0_S00_AXI_inst/sample_inst/sample_len_dly2[23]} {uav_sar_i/zynq_ultra_pl/ad9269_sample_ctrl/inst/ad9269_sample_v1_0_S00_AXI_inst/sample_inst/sample_len_dly2[24]} {uav_sar_i/zynq_ultra_pl/ad9269_sample_ctrl/inst/ad9269_sample_v1_0_S00_AXI_inst/sample_inst/sample_len_dly2[25]} {uav_sar_i/zynq_ultra_pl/ad9269_sample_ctrl/inst/ad9269_sample_v1_0_S00_AXI_inst/sample_inst/sample_len_dly2[26]} {uav_sar_i/zynq_ultra_pl/ad9269_sample_ctrl/inst/ad9269_sample_v1_0_S00_AXI_inst/sample_inst/sample_len_dly2[27]} {uav_sar_i/zynq_ultra_pl/ad9269_sample_ctrl/inst/ad9269_sample_v1_0_S00_AXI_inst/sample_inst/sample_len_dly2[28]} {uav_sar_i/zynq_ultra_pl/ad9269_sample_ctrl/inst/ad9269_sample_v1_0_S00_AXI_inst/sample_inst/sample_len_dly2[29]} {uav_sar_i/zynq_ultra_pl/ad9269_sample_ctrl/inst/ad9269_sample_v1_0_S00_AXI_inst/sample_inst/sample_len_dly2[30]} {uav_sar_i/zynq_ultra_pl/ad9269_sample_ctrl/inst/ad9269_sample_v1_0_S00_AXI_inst/sample_inst/sample_len_dly2[31]} ]]
create_debug_port u_ila_0 probe
set_property port_width 32 [get_debug_ports u_ila_0/probe18]
set_property PROBE_TYPE DATA_AND_TRIGGER [get_debug_ports u_ila_0/probe18]
connect_debug_port u_ila_0/probe18 [get_nets [list {uav_sar_i/zynq_ultra_pl/ad9269_sample_ctrl/inst/ad9269_sample_v1_0_S00_AXI_inst/sample_inst/dma_len_dly2[0]} {uav_sar_i/zynq_ultra_pl/ad9269_sample_ctrl/inst/ad9269_sample_v1_0_S00_AXI_inst/sample_inst/dma_len_dly2[1]} {uav_sar_i/zynq_ultra_pl/ad9269_sample_ctrl/inst/ad9269_sample_v1_0_S00_AXI_inst/sample_inst/dma_len_dly2[2]} {uav_sar_i/zynq_ultra_pl/ad9269_sample_ctrl/inst/ad9269_sample_v1_0_S00_AXI_inst/sample_inst/dma_len_dly2[3]} {uav_sar_i/zynq_ultra_pl/ad9269_sample_ctrl/inst/ad9269_sample_v1_0_S00_AXI_inst/sample_inst/dma_len_dly2[4]} {uav_sar_i/zynq_ultra_pl/ad9269_sample_ctrl/inst/ad9269_sample_v1_0_S00_AXI_inst/sample_inst/dma_len_dly2[5]} {uav_sar_i/zynq_ultra_pl/ad9269_sample_ctrl/inst/ad9269_sample_v1_0_S00_AXI_inst/sample_inst/dma_len_dly2[6]} {uav_sar_i/zynq_ultra_pl/ad9269_sample_ctrl/inst/ad9269_sample_v1_0_S00_AXI_inst/sample_inst/dma_len_dly2[7]} {uav_sar_i/zynq_ultra_pl/ad9269_sample_ctrl/inst/ad9269_sample_v1_0_S00_AXI_inst/sample_inst/dma_len_dly2[8]} {uav_sar_i/zynq_ultra_pl/ad9269_sample_ctrl/inst/ad9269_sample_v1_0_S00_AXI_inst/sample_inst/dma_len_dly2[9]} {uav_sar_i/zynq_ultra_pl/ad9269_sample_ctrl/inst/ad9269_sample_v1_0_S00_AXI_inst/sample_inst/dma_len_dly2[10]} {uav_sar_i/zynq_ultra_pl/ad9269_sample_ctrl/inst/ad9269_sample_v1_0_S00_AXI_inst/sample_inst/dma_len_dly2[11]} {uav_sar_i/zynq_ultra_pl/ad9269_sample_ctrl/inst/ad9269_sample_v1_0_S00_AXI_inst/sample_inst/dma_len_dly2[12]} {uav_sar_i/zynq_ultra_pl/ad9269_sample_ctrl/inst/ad9269_sample_v1_0_S00_AXI_inst/sample_inst/dma_len_dly2[13]} {uav_sar_i/zynq_ultra_pl/ad9269_sample_ctrl/inst/ad9269_sample_v1_0_S00_AXI_inst/sample_inst/dma_len_dly2[14]} {uav_sar_i/zynq_ultra_pl/ad9269_sample_ctrl/inst/ad9269_sample_v1_0_S00_AXI_inst/sample_inst/dma_len_dly2[15]} {uav_sar_i/zynq_ultra_pl/ad9269_sample_ctrl/inst/ad9269_sample_v1_0_S00_AXI_inst/sample_inst/dma_len_dly2[16]} {uav_sar_i/zynq_ultra_pl/ad9269_sample_ctrl/inst/ad9269_sample_v1_0_S00_AXI_inst/sample_inst/dma_len_dly2[17]} {uav_sar_i/zynq_ultra_pl/ad9269_sample_ctrl/inst/ad9269_sample_v1_0_S00_AXI_inst/sample_inst/dma_len_dly2[18]} {uav_sar_i/zynq_ultra_pl/ad9269_sample_ctrl/inst/ad9269_sample_v1_0_S00_AXI_inst/sample_inst/dma_len_dly2[19]} {uav_sar_i/zynq_ultra_pl/ad9269_sample_ctrl/inst/ad9269_sample_v1_0_S00_AXI_inst/sample_inst/dma_len_dly2[20]} {uav_sar_i/zynq_ultra_pl/ad9269_sample_ctrl/inst/ad9269_sample_v1_0_S00_AXI_inst/sample_inst/dma_len_dly2[21]} {uav_sar_i/zynq_ultra_pl/ad9269_sample_ctrl/inst/ad9269_sample_v1_0_S00_AXI_inst/sample_inst/dma_len_dly2[22]} {uav_sar_i/zynq_ultra_pl/ad9269_sample_ctrl/inst/ad9269_sample_v1_0_S00_AXI_inst/sample_inst/dma_len_dly2[23]} {uav_sar_i/zynq_ultra_pl/ad9269_sample_ctrl/inst/ad9269_sample_v1_0_S00_AXI_inst/sample_inst/dma_len_dly2[24]} {uav_sar_i/zynq_ultra_pl/ad9269_sample_ctrl/inst/ad9269_sample_v1_0_S00_AXI_inst/sample_inst/dma_len_dly2[25]} {uav_sar_i/zynq_ultra_pl/ad9269_sample_ctrl/inst/ad9269_sample_v1_0_S00_AXI_inst/sample_inst/dma_len_dly2[26]} {uav_sar_i/zynq_ultra_pl/ad9269_sample_ctrl/inst/ad9269_sample_v1_0_S00_AXI_inst/sample_inst/dma_len_dly2[27]} {uav_sar_i/zynq_ultra_pl/ad9269_sample_ctrl/inst/ad9269_sample_v1_0_S00_AXI_inst/sample_inst/dma_len_dly2[28]} {uav_sar_i/zynq_ultra_pl/ad9269_sample_ctrl/inst/ad9269_sample_v1_0_S00_AXI_inst/sample_inst/dma_len_dly2[29]} {uav_sar_i/zynq_ultra_pl/ad9269_sample_ctrl/inst/ad9269_sample_v1_0_S00_AXI_inst/sample_inst/dma_len_dly2[30]} {uav_sar_i/zynq_ultra_pl/ad9269_sample_ctrl/inst/ad9269_sample_v1_0_S00_AXI_inst/sample_inst/dma_len_dly2[31]} ]]
create_debug_port u_ila_0 probe
set_property port_width 32 [get_debug_ports u_ila_0/probe19]
set_property PROBE_TYPE DATA_AND_TRIGGER [get_debug_ports u_ila_0/probe19]
connect_debug_port u_ila_0/probe19 [get_nets [list {uav_sar_i/zynq_ultra_pl/ad9269_sample_ctrl/inst/ad9269_sample_v1_0_S00_AXI_inst/sample_inst/sample_cnt[0]} {uav_sar_i/zynq_ultra_pl/ad9269_sample_ctrl/inst/ad9269_sample_v1_0_S00_AXI_inst/sample_inst/sample_cnt[1]} {uav_sar_i/zynq_ultra_pl/ad9269_sample_ctrl/inst/ad9269_sample_v1_0_S00_AXI_inst/sample_inst/sample_cnt[2]} {uav_sar_i/zynq_ultra_pl/ad9269_sample_ctrl/inst/ad9269_sample_v1_0_S00_AXI_inst/sample_inst/sample_cnt[3]} {uav_sar_i/zynq_ultra_pl/ad9269_sample_ctrl/inst/ad9269_sample_v1_0_S00_AXI_inst/sample_inst/sample_cnt[4]} {uav_sar_i/zynq_ultra_pl/ad9269_sample_ctrl/inst/ad9269_sample_v1_0_S00_AXI_inst/sample_inst/sample_cnt[5]} {uav_sar_i/zynq_ultra_pl/ad9269_sample_ctrl/inst/ad9269_sample_v1_0_S00_AXI_inst/sample_inst/sample_cnt[6]} {uav_sar_i/zynq_ultra_pl/ad9269_sample_ctrl/inst/ad9269_sample_v1_0_S00_AXI_inst/sample_inst/sample_cnt[7]} {uav_sar_i/zynq_ultra_pl/ad9269_sample_ctrl/inst/ad9269_sample_v1_0_S00_AXI_inst/sample_inst/sample_cnt[8]} {uav_sar_i/zynq_ultra_pl/ad9269_sample_ctrl/inst/ad9269_sample_v1_0_S00_AXI_inst/sample_inst/sample_cnt[9]} {uav_sar_i/zynq_ultra_pl/ad9269_sample_ctrl/inst/ad9269_sample_v1_0_S00_AXI_inst/sample_inst/sample_cnt[10]} {uav_sar_i/zynq_ultra_pl/ad9269_sample_ctrl/inst/ad9269_sample_v1_0_S00_AXI_inst/sample_inst/sample_cnt[11]} {uav_sar_i/zynq_ultra_pl/ad9269_sample_ctrl/inst/ad9269_sample_v1_0_S00_AXI_inst/sample_inst/sample_cnt[12]} {uav_sar_i/zynq_ultra_pl/ad9269_sample_ctrl/inst/ad9269_sample_v1_0_S00_AXI_inst/sample_inst/sample_cnt[13]} {uav_sar_i/zynq_ultra_pl/ad9269_sample_ctrl/inst/ad9269_sample_v1_0_S00_AXI_inst/sample_inst/sample_cnt[14]} {uav_sar_i/zynq_ultra_pl/ad9269_sample_ctrl/inst/ad9269_sample_v1_0_S00_AXI_inst/sample_inst/sample_cnt[15]} {uav_sar_i/zynq_ultra_pl/ad9269_sample_ctrl/inst/ad9269_sample_v1_0_S00_AXI_inst/sample_inst/sample_cnt[16]} {uav_sar_i/zynq_ultra_pl/ad9269_sample_ctrl/inst/ad9269_sample_v1_0_S00_AXI_inst/sample_inst/sample_cnt[17]} {uav_sar_i/zynq_ultra_pl/ad9269_sample_ctrl/inst/ad9269_sample_v1_0_S00_AXI_inst/sample_inst/sample_cnt[18]} {uav_sar_i/zynq_ultra_pl/ad9269_sample_ctrl/inst/ad9269_sample_v1_0_S00_AXI_inst/sample_inst/sample_cnt[19]} {uav_sar_i/zynq_ultra_pl/ad9269_sample_ctrl/inst/ad9269_sample_v1_0_S00_AXI_inst/sample_inst/sample_cnt[20]} {uav_sar_i/zynq_ultra_pl/ad9269_sample_ctrl/inst/ad9269_sample_v1_0_S00_AXI_inst/sample_inst/sample_cnt[21]} {uav_sar_i/zynq_ultra_pl/ad9269_sample_ctrl/inst/ad9269_sample_v1_0_S00_AXI_inst/sample_inst/sample_cnt[22]} {uav_sar_i/zynq_ultra_pl/ad9269_sample_ctrl/inst/ad9269_sample_v1_0_S00_AXI_inst/sample_inst/sample_cnt[23]} {uav_sar_i/zynq_ultra_pl/ad9269_sample_ctrl/inst/ad9269_sample_v1_0_S00_AXI_inst/sample_inst/sample_cnt[24]} {uav_sar_i/zynq_ultra_pl/ad9269_sample_ctrl/inst/ad9269_sample_v1_0_S00_AXI_inst/sample_inst/sample_cnt[25]} {uav_sar_i/zynq_ultra_pl/ad9269_sample_ctrl/inst/ad9269_sample_v1_0_S00_AXI_inst/sample_inst/sample_cnt[26]} {uav_sar_i/zynq_ultra_pl/ad9269_sample_ctrl/inst/ad9269_sample_v1_0_S00_AXI_inst/sample_inst/sample_cnt[27]} {uav_sar_i/zynq_ultra_pl/ad9269_sample_ctrl/inst/ad9269_sample_v1_0_S00_AXI_inst/sample_inst/sample_cnt[28]} {uav_sar_i/zynq_ultra_pl/ad9269_sample_ctrl/inst/ad9269_sample_v1_0_S00_AXI_inst/sample_inst/sample_cnt[29]} {uav_sar_i/zynq_ultra_pl/ad9269_sample_ctrl/inst/ad9269_sample_v1_0_S00_AXI_inst/sample_inst/sample_cnt[30]} {uav_sar_i/zynq_ultra_pl/ad9269_sample_ctrl/inst/ad9269_sample_v1_0_S00_AXI_inst/sample_inst/sample_cnt[31]} ]]
create_debug_port u_ila_0 probe
set_property port_width 32 [get_debug_ports u_ila_0/probe20]
set_property PROBE_TYPE DATA_AND_TRIGGER [get_debug_ports u_ila_0/probe20]
connect_debug_port u_ila_0/probe20 [get_nets [list {uav_sar_i/zynq_ultra_pl/ad9269_sample_ctrl/inst/ad9269_sample_v1_0_S00_AXI_inst/sample_inst/dma_cnt[0]} {uav_sar_i/zynq_ultra_pl/ad9269_sample_ctrl/inst/ad9269_sample_v1_0_S00_AXI_inst/sample_inst/dma_cnt[1]} {uav_sar_i/zynq_ultra_pl/ad9269_sample_ctrl/inst/ad9269_sample_v1_0_S00_AXI_inst/sample_inst/dma_cnt[2]} {uav_sar_i/zynq_ultra_pl/ad9269_sample_ctrl/inst/ad9269_sample_v1_0_S00_AXI_inst/sample_inst/dma_cnt[3]} {uav_sar_i/zynq_ultra_pl/ad9269_sample_ctrl/inst/ad9269_sample_v1_0_S00_AXI_inst/sample_inst/dma_cnt[4]} {uav_sar_i/zynq_ultra_pl/ad9269_sample_ctrl/inst/ad9269_sample_v1_0_S00_AXI_inst/sample_inst/dma_cnt[5]} {uav_sar_i/zynq_ultra_pl/ad9269_sample_ctrl/inst/ad9269_sample_v1_0_S00_AXI_inst/sample_inst/dma_cnt[6]} {uav_sar_i/zynq_ultra_pl/ad9269_sample_ctrl/inst/ad9269_sample_v1_0_S00_AXI_inst/sample_inst/dma_cnt[7]} {uav_sar_i/zynq_ultra_pl/ad9269_sample_ctrl/inst/ad9269_sample_v1_0_S00_AXI_inst/sample_inst/dma_cnt[8]} {uav_sar_i/zynq_ultra_pl/ad9269_sample_ctrl/inst/ad9269_sample_v1_0_S00_AXI_inst/sample_inst/dma_cnt[9]} {uav_sar_i/zynq_ultra_pl/ad9269_sample_ctrl/inst/ad9269_sample_v1_0_S00_AXI_inst/sample_inst/dma_cnt[10]} {uav_sar_i/zynq_ultra_pl/ad9269_sample_ctrl/inst/ad9269_sample_v1_0_S00_AXI_inst/sample_inst/dma_cnt[11]} {uav_sar_i/zynq_ultra_pl/ad9269_sample_ctrl/inst/ad9269_sample_v1_0_S00_AXI_inst/sample_inst/dma_cnt[12]} {uav_sar_i/zynq_ultra_pl/ad9269_sample_ctrl/inst/ad9269_sample_v1_0_S00_AXI_inst/sample_inst/dma_cnt[13]} {uav_sar_i/zynq_ultra_pl/ad9269_sample_ctrl/inst/ad9269_sample_v1_0_S00_AXI_inst/sample_inst/dma_cnt[14]} {uav_sar_i/zynq_ultra_pl/ad9269_sample_ctrl/inst/ad9269_sample_v1_0_S00_AXI_inst/sample_inst/dma_cnt[15]} {uav_sar_i/zynq_ultra_pl/ad9269_sample_ctrl/inst/ad9269_sample_v1_0_S00_AXI_inst/sample_inst/dma_cnt[16]} {uav_sar_i/zynq_ultra_pl/ad9269_sample_ctrl/inst/ad9269_sample_v1_0_S00_AXI_inst/sample_inst/dma_cnt[17]} {uav_sar_i/zynq_ultra_pl/ad9269_sample_ctrl/inst/ad9269_sample_v1_0_S00_AXI_inst/sample_inst/dma_cnt[18]} {uav_sar_i/zynq_ultra_pl/ad9269_sample_ctrl/inst/ad9269_sample_v1_0_S00_AXI_inst/sample_inst/dma_cnt[19]} {uav_sar_i/zynq_ultra_pl/ad9269_sample_ctrl/inst/ad9269_sample_v1_0_S00_AXI_inst/sample_inst/dma_cnt[20]} {uav_sar_i/zynq_ultra_pl/ad9269_sample_ctrl/inst/ad9269_sample_v1_0_S00_AXI_inst/sample_inst/dma_cnt[21]} {uav_sar_i/zynq_ultra_pl/ad9269_sample_ctrl/inst/ad9269_sample_v1_0_S00_AXI_inst/sample_inst/dma_cnt[22]} {uav_sar_i/zynq_ultra_pl/ad9269_sample_ctrl/inst/ad9269_sample_v1_0_S00_AXI_inst/sample_inst/dma_cnt[23]} {uav_sar_i/zynq_ultra_pl/ad9269_sample_ctrl/inst/ad9269_sample_v1_0_S00_AXI_inst/sample_inst/dma_cnt[24]} {uav_sar_i/zynq_ultra_pl/ad9269_sample_ctrl/inst/ad9269_sample_v1_0_S00_AXI_inst/sample_inst/dma_cnt[25]} {uav_sar_i/zynq_ultra_pl/ad9269_sample_ctrl/inst/ad9269_sample_v1_0_S00_AXI_inst/sample_inst/dma_cnt[26]} {uav_sar_i/zynq_ultra_pl/ad9269_sample_ctrl/inst/ad9269_sample_v1_0_S00_AXI_inst/sample_inst/dma_cnt[27]} {uav_sar_i/zynq_ultra_pl/ad9269_sample_ctrl/inst/ad9269_sample_v1_0_S00_AXI_inst/sample_inst/dma_cnt[28]} {uav_sar_i/zynq_ultra_pl/ad9269_sample_ctrl/inst/ad9269_sample_v1_0_S00_AXI_inst/sample_inst/dma_cnt[29]} {uav_sar_i/zynq_ultra_pl/ad9269_sample_ctrl/inst/ad9269_sample_v1_0_S00_AXI_inst/sample_inst/dma_cnt[30]} {uav_sar_i/zynq_ultra_pl/ad9269_sample_ctrl/inst/ad9269_sample_v1_0_S00_AXI_inst/sample_inst/dma_cnt[31]} ]]
create_debug_port u_ila_0 probe
set_property port_width 16 [get_debug_ports u_ila_0/probe21]
set_property PROBE_TYPE DATA_AND_TRIGGER [get_debug_ports u_ila_0/probe21]
connect_debug_port u_ila_0/probe21 [get_nets [list {uav_sar_i/zynq_ultra_pl/ad9269_sample_ctrl/inst/ad9269_sample_v1_0_S00_AXI_inst/sample_inst/M_AXIS_tdata[0]} {uav_sar_i/zynq_ultra_pl/ad9269_sample_ctrl/inst/ad9269_sample_v1_0_S00_AXI_inst/sample_inst/M_AXIS_tdata[1]} {uav_sar_i/zynq_ultra_pl/ad9269_sample_ctrl/inst/ad9269_sample_v1_0_S00_AXI_inst/sample_inst/M_AXIS_tdata[2]} {uav_sar_i/zynq_ultra_pl/ad9269_sample_ctrl/inst/ad9269_sample_v1_0_S00_AXI_inst/sample_inst/M_AXIS_tdata[3]} {uav_sar_i/zynq_ultra_pl/ad9269_sample_ctrl/inst/ad9269_sample_v1_0_S00_AXI_inst/sample_inst/M_AXIS_tdata[4]} {uav_sar_i/zynq_ultra_pl/ad9269_sample_ctrl/inst/ad9269_sample_v1_0_S00_AXI_inst/sample_inst/M_AXIS_tdata[5]} {uav_sar_i/zynq_ultra_pl/ad9269_sample_ctrl/inst/ad9269_sample_v1_0_S00_AXI_inst/sample_inst/M_AXIS_tdata[6]} {uav_sar_i/zynq_ultra_pl/ad9269_sample_ctrl/inst/ad9269_sample_v1_0_S00_AXI_inst/sample_inst/M_AXIS_tdata[7]} {uav_sar_i/zynq_ultra_pl/ad9269_sample_ctrl/inst/ad9269_sample_v1_0_S00_AXI_inst/sample_inst/M_AXIS_tdata[8]} {uav_sar_i/zynq_ultra_pl/ad9269_sample_ctrl/inst/ad9269_sample_v1_0_S00_AXI_inst/sample_inst/M_AXIS_tdata[9]} {uav_sar_i/zynq_ultra_pl/ad9269_sample_ctrl/inst/ad9269_sample_v1_0_S00_AXI_inst/sample_inst/M_AXIS_tdata[10]} {uav_sar_i/zynq_ultra_pl/ad9269_sample_ctrl/inst/ad9269_sample_v1_0_S00_AXI_inst/sample_inst/M_AXIS_tdata[11]} {uav_sar_i/zynq_ultra_pl/ad9269_sample_ctrl/inst/ad9269_sample_v1_0_S00_AXI_inst/sample_inst/M_AXIS_tdata[12]} {uav_sar_i/zynq_ultra_pl/ad9269_sample_ctrl/inst/ad9269_sample_v1_0_S00_AXI_inst/sample_inst/M_AXIS_tdata[13]} {uav_sar_i/zynq_ultra_pl/ad9269_sample_ctrl/inst/ad9269_sample_v1_0_S00_AXI_inst/sample_inst/M_AXIS_tdata[14]} {uav_sar_i/zynq_ultra_pl/ad9269_sample_ctrl/inst/ad9269_sample_v1_0_S00_AXI_inst/sample_inst/M_AXIS_tdata[15]} ]]
create_debug_port u_ila_0 probe
set_property port_width 16 [get_debug_ports u_ila_0/probe22]
set_property PROBE_TYPE DATA_AND_TRIGGER [get_debug_ports u_ila_0/probe22]
connect_debug_port u_ila_0/probe22 [get_nets [list {uav_sar_i/zynq_ultra_pl/ad9269_sample_ctrl/inst/ad9269_sample_v1_0_S00_AXI_inst/sample_inst/adc_buf_data[0]} {uav_sar_i/zynq_ultra_pl/ad9269_sample_ctrl/inst/ad9269_sample_v1_0_S00_AXI_inst/sample_inst/adc_buf_data[1]} {uav_sar_i/zynq_ultra_pl/ad9269_sample_ctrl/inst/ad9269_sample_v1_0_S00_AXI_inst/sample_inst/adc_buf_data[2]} {uav_sar_i/zynq_ultra_pl/ad9269_sample_ctrl/inst/ad9269_sample_v1_0_S00_AXI_inst/sample_inst/adc_buf_data[3]} {uav_sar_i/zynq_ultra_pl/ad9269_sample_ctrl/inst/ad9269_sample_v1_0_S00_AXI_inst/sample_inst/adc_buf_data[4]} {uav_sar_i/zynq_ultra_pl/ad9269_sample_ctrl/inst/ad9269_sample_v1_0_S00_AXI_inst/sample_inst/adc_buf_data[5]} {uav_sar_i/zynq_ultra_pl/ad9269_sample_ctrl/inst/ad9269_sample_v1_0_S00_AXI_inst/sample_inst/adc_buf_data[6]} {uav_sar_i/zynq_ultra_pl/ad9269_sample_ctrl/inst/ad9269_sample_v1_0_S00_AXI_inst/sample_inst/adc_buf_data[7]} {uav_sar_i/zynq_ultra_pl/ad9269_sample_ctrl/inst/ad9269_sample_v1_0_S00_AXI_inst/sample_inst/adc_buf_data[8]} {uav_sar_i/zynq_ultra_pl/ad9269_sample_ctrl/inst/ad9269_sample_v1_0_S00_AXI_inst/sample_inst/adc_buf_data[9]} {uav_sar_i/zynq_ultra_pl/ad9269_sample_ctrl/inst/ad9269_sample_v1_0_S00_AXI_inst/sample_inst/adc_buf_data[10]} {uav_sar_i/zynq_ultra_pl/ad9269_sample_ctrl/inst/ad9269_sample_v1_0_S00_AXI_inst/sample_inst/adc_buf_data[11]} {uav_sar_i/zynq_ultra_pl/ad9269_sample_ctrl/inst/ad9269_sample_v1_0_S00_AXI_inst/sample_inst/adc_buf_data[12]} {uav_sar_i/zynq_ultra_pl/ad9269_sample_ctrl/inst/ad9269_sample_v1_0_S00_AXI_inst/sample_inst/adc_buf_data[13]} {uav_sar_i/zynq_ultra_pl/ad9269_sample_ctrl/inst/ad9269_sample_v1_0_S00_AXI_inst/sample_inst/adc_buf_data[14]} {uav_sar_i/zynq_ultra_pl/ad9269_sample_ctrl/inst/ad9269_sample_v1_0_S00_AXI_inst/sample_inst/adc_buf_data[15]} ]]
create_debug_port u_ila_0 probe
set_property port_width 32 [get_debug_ports u_ila_0/probe23]
set_property PROBE_TYPE DATA_AND_TRIGGER [get_debug_ports u_ila_0/probe23]
connect_debug_port u_ila_0/probe23 [get_nets [list {uav_sar_i/zynq_ultra_pl/uart_uav_data_0/inst/uart_uav_data_v1_0_S00_AXI_inst/u_uart_rx/uart_buf_data[0]} {uav_sar_i/zynq_ultra_pl/uart_uav_data_0/inst/uart_uav_data_v1_0_S00_AXI_inst/u_uart_rx/uart_buf_data[1]} {uav_sar_i/zynq_ultra_pl/uart_uav_data_0/inst/uart_uav_data_v1_0_S00_AXI_inst/u_uart_rx/uart_buf_data[2]} {uav_sar_i/zynq_ultra_pl/uart_uav_data_0/inst/uart_uav_data_v1_0_S00_AXI_inst/u_uart_rx/uart_buf_data[3]} {uav_sar_i/zynq_ultra_pl/uart_uav_data_0/inst/uart_uav_data_v1_0_S00_AXI_inst/u_uart_rx/uart_buf_data[4]} {uav_sar_i/zynq_ultra_pl/uart_uav_data_0/inst/uart_uav_data_v1_0_S00_AXI_inst/u_uart_rx/uart_buf_data[5]} {uav_sar_i/zynq_ultra_pl/uart_uav_data_0/inst/uart_uav_data_v1_0_S00_AXI_inst/u_uart_rx/uart_buf_data[6]} {uav_sar_i/zynq_ultra_pl/uart_uav_data_0/inst/uart_uav_data_v1_0_S00_AXI_inst/u_uart_rx/uart_buf_data[7]} {uav_sar_i/zynq_ultra_pl/uart_uav_data_0/inst/uart_uav_data_v1_0_S00_AXI_inst/u_uart_rx/uart_buf_data[8]} {uav_sar_i/zynq_ultra_pl/uart_uav_data_0/inst/uart_uav_data_v1_0_S00_AXI_inst/u_uart_rx/uart_buf_data[9]} {uav_sar_i/zynq_ultra_pl/uart_uav_data_0/inst/uart_uav_data_v1_0_S00_AXI_inst/u_uart_rx/uart_buf_data[10]} {uav_sar_i/zynq_ultra_pl/uart_uav_data_0/inst/uart_uav_data_v1_0_S00_AXI_inst/u_uart_rx/uart_buf_data[11]} {uav_sar_i/zynq_ultra_pl/uart_uav_data_0/inst/uart_uav_data_v1_0_S00_AXI_inst/u_uart_rx/uart_buf_data[12]} {uav_sar_i/zynq_ultra_pl/uart_uav_data_0/inst/uart_uav_data_v1_0_S00_AXI_inst/u_uart_rx/uart_buf_data[13]} {uav_sar_i/zynq_ultra_pl/uart_uav_data_0/inst/uart_uav_data_v1_0_S00_AXI_inst/u_uart_rx/uart_buf_data[14]} {uav_sar_i/zynq_ultra_pl/uart_uav_data_0/inst/uart_uav_data_v1_0_S00_AXI_inst/u_uart_rx/uart_buf_data[15]} {uav_sar_i/zynq_ultra_pl/uart_uav_data_0/inst/uart_uav_data_v1_0_S00_AXI_inst/u_uart_rx/uart_buf_data[16]} {uav_sar_i/zynq_ultra_pl/uart_uav_data_0/inst/uart_uav_data_v1_0_S00_AXI_inst/u_uart_rx/uart_buf_data[17]} {uav_sar_i/zynq_ultra_pl/uart_uav_data_0/inst/uart_uav_data_v1_0_S00_AXI_inst/u_uart_rx/uart_buf_data[18]} {uav_sar_i/zynq_ultra_pl/uart_uav_data_0/inst/uart_uav_data_v1_0_S00_AXI_inst/u_uart_rx/uart_buf_data[19]} {uav_sar_i/zynq_ultra_pl/uart_uav_data_0/inst/uart_uav_data_v1_0_S00_AXI_inst/u_uart_rx/uart_buf_data[20]} {uav_sar_i/zynq_ultra_pl/uart_uav_data_0/inst/uart_uav_data_v1_0_S00_AXI_inst/u_uart_rx/uart_buf_data[21]} {uav_sar_i/zynq_ultra_pl/uart_uav_data_0/inst/uart_uav_data_v1_0_S00_AXI_inst/u_uart_rx/uart_buf_data[22]} {uav_sar_i/zynq_ultra_pl/uart_uav_data_0/inst/uart_uav_data_v1_0_S00_AXI_inst/u_uart_rx/uart_buf_data[23]} {uav_sar_i/zynq_ultra_pl/uart_uav_data_0/inst/uart_uav_data_v1_0_S00_AXI_inst/u_uart_rx/uart_buf_data[24]} {uav_sar_i/zynq_ultra_pl/uart_uav_data_0/inst/uart_uav_data_v1_0_S00_AXI_inst/u_uart_rx/uart_buf_data[25]} {uav_sar_i/zynq_ultra_pl/uart_uav_data_0/inst/uart_uav_data_v1_0_S00_AXI_inst/u_uart_rx/uart_buf_data[26]} {uav_sar_i/zynq_ultra_pl/uart_uav_data_0/inst/uart_uav_data_v1_0_S00_AXI_inst/u_uart_rx/uart_buf_data[27]} {uav_sar_i/zynq_ultra_pl/uart_uav_data_0/inst/uart_uav_data_v1_0_S00_AXI_inst/u_uart_rx/uart_buf_data[28]} {uav_sar_i/zynq_ultra_pl/uart_uav_data_0/inst/uart_uav_data_v1_0_S00_AXI_inst/u_uart_rx/uart_buf_data[29]} {uav_sar_i/zynq_ultra_pl/uart_uav_data_0/inst/uart_uav_data_v1_0_S00_AXI_inst/u_uart_rx/uart_buf_data[30]} {uav_sar_i/zynq_ultra_pl/uart_uav_data_0/inst/uart_uav_data_v1_0_S00_AXI_inst/u_uart_rx/uart_buf_data[31]} ]]
create_debug_port u_ila_0 probe
set_property port_width 16 [get_debug_ports u_ila_0/probe24]
set_property PROBE_TYPE DATA_AND_TRIGGER [get_debug_ports u_ila_0/probe24]
connect_debug_port u_ila_0/probe24 [get_nets [list {uav_sar_i/zynq_ultra_pl/uart_uav_data_0/inst/uart_uav_data_v1_0_S00_AXI_inst/u_uart_rx/baud_cnt[0]} {uav_sar_i/zynq_ultra_pl/uart_uav_data_0/inst/uart_uav_data_v1_0_S00_AXI_inst/u_uart_rx/baud_cnt[1]} {uav_sar_i/zynq_ultra_pl/uart_uav_data_0/inst/uart_uav_data_v1_0_S00_AXI_inst/u_uart_rx/baud_cnt[2]} {uav_sar_i/zynq_ultra_pl/uart_uav_data_0/inst/uart_uav_data_v1_0_S00_AXI_inst/u_uart_rx/baud_cnt[3]} {uav_sar_i/zynq_ultra_pl/uart_uav_data_0/inst/uart_uav_data_v1_0_S00_AXI_inst/u_uart_rx/baud_cnt[4]} {uav_sar_i/zynq_ultra_pl/uart_uav_data_0/inst/uart_uav_data_v1_0_S00_AXI_inst/u_uart_rx/baud_cnt[5]} {uav_sar_i/zynq_ultra_pl/uart_uav_data_0/inst/uart_uav_data_v1_0_S00_AXI_inst/u_uart_rx/baud_cnt[6]} {uav_sar_i/zynq_ultra_pl/uart_uav_data_0/inst/uart_uav_data_v1_0_S00_AXI_inst/u_uart_rx/baud_cnt[7]} {uav_sar_i/zynq_ultra_pl/uart_uav_data_0/inst/uart_uav_data_v1_0_S00_AXI_inst/u_uart_rx/baud_cnt[8]} {uav_sar_i/zynq_ultra_pl/uart_uav_data_0/inst/uart_uav_data_v1_0_S00_AXI_inst/u_uart_rx/baud_cnt[9]} {uav_sar_i/zynq_ultra_pl/uart_uav_data_0/inst/uart_uav_data_v1_0_S00_AXI_inst/u_uart_rx/baud_cnt[10]} {uav_sar_i/zynq_ultra_pl/uart_uav_data_0/inst/uart_uav_data_v1_0_S00_AXI_inst/u_uart_rx/baud_cnt[11]} {uav_sar_i/zynq_ultra_pl/uart_uav_data_0/inst/uart_uav_data_v1_0_S00_AXI_inst/u_uart_rx/baud_cnt[12]} {uav_sar_i/zynq_ultra_pl/uart_uav_data_0/inst/uart_uav_data_v1_0_S00_AXI_inst/u_uart_rx/baud_cnt[13]} {uav_sar_i/zynq_ultra_pl/uart_uav_data_0/inst/uart_uav_data_v1_0_S00_AXI_inst/u_uart_rx/baud_cnt[14]} {uav_sar_i/zynq_ultra_pl/uart_uav_data_0/inst/uart_uav_data_v1_0_S00_AXI_inst/u_uart_rx/baud_cnt[15]} ]]
create_debug_port u_ila_0 probe
set_property port_width 8 [get_debug_ports u_ila_0/probe25]
set_property PROBE_TYPE DATA_AND_TRIGGER [get_debug_ports u_ila_0/probe25]
connect_debug_port u_ila_0/probe25 [get_nets [list {uav_sar_i/zynq_ultra_pl/uart_uav_data_0/inst/uart_uav_data_v1_0_S00_AXI_inst/u_uart_rx/uart_rx_data[0]} {uav_sar_i/zynq_ultra_pl/uart_uav_data_0/inst/uart_uav_data_v1_0_S00_AXI_inst/u_uart_rx/uart_rx_data[1]} {uav_sar_i/zynq_ultra_pl/uart_uav_data_0/inst/uart_uav_data_v1_0_S00_AXI_inst/u_uart_rx/uart_rx_data[2]} {uav_sar_i/zynq_ultra_pl/uart_uav_data_0/inst/uart_uav_data_v1_0_S00_AXI_inst/u_uart_rx/uart_rx_data[3]} {uav_sar_i/zynq_ultra_pl/uart_uav_data_0/inst/uart_uav_data_v1_0_S00_AXI_inst/u_uart_rx/uart_rx_data[4]} {uav_sar_i/zynq_ultra_pl/uart_uav_data_0/inst/uart_uav_data_v1_0_S00_AXI_inst/u_uart_rx/uart_rx_data[5]} {uav_sar_i/zynq_ultra_pl/uart_uav_data_0/inst/uart_uav_data_v1_0_S00_AXI_inst/u_uart_rx/uart_rx_data[6]} {uav_sar_i/zynq_ultra_pl/uart_uav_data_0/inst/uart_uav_data_v1_0_S00_AXI_inst/u_uart_rx/uart_rx_data[7]} ]]
create_debug_port u_ila_0 probe
set_property port_width 2 [get_debug_ports u_ila_0/probe26]
set_property PROBE_TYPE DATA_AND_TRIGGER [get_debug_ports u_ila_0/probe26]
connect_debug_port u_ila_0/probe26 [get_nets [list {uav_sar_i/zynq_ultra_pl/uart_uav_data_0/inst/uart_uav_data_v1_0_S00_AXI_inst/u_uart_rx/byte_cnt[0]} {uav_sar_i/zynq_ultra_pl/uart_uav_data_0/inst/uart_uav_data_v1_0_S00_AXI_inst/u_uart_rx/byte_cnt[1]} ]]
create_debug_port u_ila_0 probe
set_property port_width 32 [get_debug_ports u_ila_0/probe27]
set_property PROBE_TYPE DATA_AND_TRIGGER [get_debug_ports u_ila_0/probe27]
connect_debug_port u_ila_0/probe27 [get_nets [list {uav_sar_i/zynq_ultra_pl/uart_uav_data_0/inst/uart_uav_data_v1_0_S00_AXI_inst/u_uart_rx/dma_cnt[0]} {uav_sar_i/zynq_ultra_pl/uart_uav_data_0/inst/uart_uav_data_v1_0_S00_AXI_inst/u_uart_rx/dma_cnt[1]} {uav_sar_i/zynq_ultra_pl/uart_uav_data_0/inst/uart_uav_data_v1_0_S00_AXI_inst/u_uart_rx/dma_cnt[2]} {uav_sar_i/zynq_ultra_pl/uart_uav_data_0/inst/uart_uav_data_v1_0_S00_AXI_inst/u_uart_rx/dma_cnt[3]} {uav_sar_i/zynq_ultra_pl/uart_uav_data_0/inst/uart_uav_data_v1_0_S00_AXI_inst/u_uart_rx/dma_cnt[4]} {uav_sar_i/zynq_ultra_pl/uart_uav_data_0/inst/uart_uav_data_v1_0_S00_AXI_inst/u_uart_rx/dma_cnt[5]} {uav_sar_i/zynq_ultra_pl/uart_uav_data_0/inst/uart_uav_data_v1_0_S00_AXI_inst/u_uart_rx/dma_cnt[6]} {uav_sar_i/zynq_ultra_pl/uart_uav_data_0/inst/uart_uav_data_v1_0_S00_AXI_inst/u_uart_rx/dma_cnt[7]} {uav_sar_i/zynq_ultra_pl/uart_uav_data_0/inst/uart_uav_data_v1_0_S00_AXI_inst/u_uart_rx/dma_cnt[8]} {uav_sar_i/zynq_ultra_pl/uart_uav_data_0/inst/uart_uav_data_v1_0_S00_AXI_inst/u_uart_rx/dma_cnt[9]} {uav_sar_i/zynq_ultra_pl/uart_uav_data_0/inst/uart_uav_data_v1_0_S00_AXI_inst/u_uart_rx/dma_cnt[10]} {uav_sar_i/zynq_ultra_pl/uart_uav_data_0/inst/uart_uav_data_v1_0_S00_AXI_inst/u_uart_rx/dma_cnt[11]} {uav_sar_i/zynq_ultra_pl/uart_uav_data_0/inst/uart_uav_data_v1_0_S00_AXI_inst/u_uart_rx/dma_cnt[12]} {uav_sar_i/zynq_ultra_pl/uart_uav_data_0/inst/uart_uav_data_v1_0_S00_AXI_inst/u_uart_rx/dma_cnt[13]} {uav_sar_i/zynq_ultra_pl/uart_uav_data_0/inst/uart_uav_data_v1_0_S00_AXI_inst/u_uart_rx/dma_cnt[14]} {uav_sar_i/zynq_ultra_pl/uart_uav_data_0/inst/uart_uav_data_v1_0_S00_AXI_inst/u_uart_rx/dma_cnt[15]} {uav_sar_i/zynq_ultra_pl/uart_uav_data_0/inst/uart_uav_data_v1_0_S00_AXI_inst/u_uart_rx/dma_cnt[16]} {uav_sar_i/zynq_ultra_pl/uart_uav_data_0/inst/uart_uav_data_v1_0_S00_AXI_inst/u_uart_rx/dma_cnt[17]} {uav_sar_i/zynq_ultra_pl/uart_uav_data_0/inst/uart_uav_data_v1_0_S00_AXI_inst/u_uart_rx/dma_cnt[18]} {uav_sar_i/zynq_ultra_pl/uart_uav_data_0/inst/uart_uav_data_v1_0_S00_AXI_inst/u_uart_rx/dma_cnt[19]} {uav_sar_i/zynq_ultra_pl/uart_uav_data_0/inst/uart_uav_data_v1_0_S00_AXI_inst/u_uart_rx/dma_cnt[20]} {uav_sar_i/zynq_ultra_pl/uart_uav_data_0/inst/uart_uav_data_v1_0_S00_AXI_inst/u_uart_rx/dma_cnt[21]} {uav_sar_i/zynq_ultra_pl/uart_uav_data_0/inst/uart_uav_data_v1_0_S00_AXI_inst/u_uart_rx/dma_cnt[22]} {uav_sar_i/zynq_ultra_pl/uart_uav_data_0/inst/uart_uav_data_v1_0_S00_AXI_inst/u_uart_rx/dma_cnt[23]} {uav_sar_i/zynq_ultra_pl/uart_uav_data_0/inst/uart_uav_data_v1_0_S00_AXI_inst/u_uart_rx/dma_cnt[24]} {uav_sar_i/zynq_ultra_pl/uart_uav_data_0/inst/uart_uav_data_v1_0_S00_AXI_inst/u_uart_rx/dma_cnt[25]} {uav_sar_i/zynq_ultra_pl/uart_uav_data_0/inst/uart_uav_data_v1_0_S00_AXI_inst/u_uart_rx/dma_cnt[26]} {uav_sar_i/zynq_ultra_pl/uart_uav_data_0/inst/uart_uav_data_v1_0_S00_AXI_inst/u_uart_rx/dma_cnt[27]} {uav_sar_i/zynq_ultra_pl/uart_uav_data_0/inst/uart_uav_data_v1_0_S00_AXI_inst/u_uart_rx/dma_cnt[28]} {uav_sar_i/zynq_ultra_pl/uart_uav_data_0/inst/uart_uav_data_v1_0_S00_AXI_inst/u_uart_rx/dma_cnt[29]} {uav_sar_i/zynq_ultra_pl/uart_uav_data_0/inst/uart_uav_data_v1_0_S00_AXI_inst/u_uart_rx/dma_cnt[30]} {uav_sar_i/zynq_ultra_pl/uart_uav_data_0/inst/uart_uav_data_v1_0_S00_AXI_inst/u_uart_rx/dma_cnt[31]} ]]
create_debug_port u_ila_0 probe
set_property port_width 8 [get_debug_ports u_ila_0/probe28]
set_property PROBE_TYPE DATA_AND_TRIGGER [get_debug_ports u_ila_0/probe28]
connect_debug_port u_ila_0/probe28 [get_nets [list {uav_sar_i/zynq_ultra_pl/uart_uav_data_0/inst/uart_uav_data_v1_0_S00_AXI_inst/u_uart_rx/rx_data_t[0]} {uav_sar_i/zynq_ultra_pl/uart_uav_data_0/inst/uart_uav_data_v1_0_S00_AXI_inst/u_uart_rx/rx_data_t[1]} {uav_sar_i/zynq_ultra_pl/uart_uav_data_0/inst/uart_uav_data_v1_0_S00_AXI_inst/u_uart_rx/rx_data_t[2]} {uav_sar_i/zynq_ultra_pl/uart_uav_data_0/inst/uart_uav_data_v1_0_S00_AXI_inst/u_uart_rx/rx_data_t[3]} {uav_sar_i/zynq_ultra_pl/uart_uav_data_0/inst/uart_uav_data_v1_0_S00_AXI_inst/u_uart_rx/rx_data_t[4]} {uav_sar_i/zynq_ultra_pl/uart_uav_data_0/inst/uart_uav_data_v1_0_S00_AXI_inst/u_uart_rx/rx_data_t[5]} {uav_sar_i/zynq_ultra_pl/uart_uav_data_0/inst/uart_uav_data_v1_0_S00_AXI_inst/u_uart_rx/rx_data_t[6]} {uav_sar_i/zynq_ultra_pl/uart_uav_data_0/inst/uart_uav_data_v1_0_S00_AXI_inst/u_uart_rx/rx_data_t[7]} ]]
create_debug_port u_ila_0 probe
set_property port_width 32 [get_debug_ports u_ila_0/probe29]
set_property PROBE_TYPE DATA_AND_TRIGGER [get_debug_ports u_ila_0/probe29]
connect_debug_port u_ila_0/probe29 [get_nets [list {uav_sar_i/zynq_ultra_pl/uart_uav_data_0/inst/uart_uav_data_v1_0_S00_AXI_inst/u_uart_rx/M_AXIS_tdata[0]} {uav_sar_i/zynq_ultra_pl/uart_uav_data_0/inst/uart_uav_data_v1_0_S00_AXI_inst/u_uart_rx/M_AXIS_tdata[1]} {uav_sar_i/zynq_ultra_pl/uart_uav_data_0/inst/uart_uav_data_v1_0_S00_AXI_inst/u_uart_rx/M_AXIS_tdata[2]} {uav_sar_i/zynq_ultra_pl/uart_uav_data_0/inst/uart_uav_data_v1_0_S00_AXI_inst/u_uart_rx/M_AXIS_tdata[3]} {uav_sar_i/zynq_ultra_pl/uart_uav_data_0/inst/uart_uav_data_v1_0_S00_AXI_inst/u_uart_rx/M_AXIS_tdata[4]} {uav_sar_i/zynq_ultra_pl/uart_uav_data_0/inst/uart_uav_data_v1_0_S00_AXI_inst/u_uart_rx/M_AXIS_tdata[5]} {uav_sar_i/zynq_ultra_pl/uart_uav_data_0/inst/uart_uav_data_v1_0_S00_AXI_inst/u_uart_rx/M_AXIS_tdata[6]} {uav_sar_i/zynq_ultra_pl/uart_uav_data_0/inst/uart_uav_data_v1_0_S00_AXI_inst/u_uart_rx/M_AXIS_tdata[7]} {uav_sar_i/zynq_ultra_pl/uart_uav_data_0/inst/uart_uav_data_v1_0_S00_AXI_inst/u_uart_rx/M_AXIS_tdata[8]} {uav_sar_i/zynq_ultra_pl/uart_uav_data_0/inst/uart_uav_data_v1_0_S00_AXI_inst/u_uart_rx/M_AXIS_tdata[9]} {uav_sar_i/zynq_ultra_pl/uart_uav_data_0/inst/uart_uav_data_v1_0_S00_AXI_inst/u_uart_rx/M_AXIS_tdata[10]} {uav_sar_i/zynq_ultra_pl/uart_uav_data_0/inst/uart_uav_data_v1_0_S00_AXI_inst/u_uart_rx/M_AXIS_tdata[11]} {uav_sar_i/zynq_ultra_pl/uart_uav_data_0/inst/uart_uav_data_v1_0_S00_AXI_inst/u_uart_rx/M_AXIS_tdata[12]} {uav_sar_i/zynq_ultra_pl/uart_uav_data_0/inst/uart_uav_data_v1_0_S00_AXI_inst/u_uart_rx/M_AXIS_tdata[13]} {uav_sar_i/zynq_ultra_pl/uart_uav_data_0/inst/uart_uav_data_v1_0_S00_AXI_inst/u_uart_rx/M_AXIS_tdata[14]} {uav_sar_i/zynq_ultra_pl/uart_uav_data_0/inst/uart_uav_data_v1_0_S00_AXI_inst/u_uart_rx/M_AXIS_tdata[15]} {uav_sar_i/zynq_ultra_pl/uart_uav_data_0/inst/uart_uav_data_v1_0_S00_AXI_inst/u_uart_rx/M_AXIS_tdata[16]} {uav_sar_i/zynq_ultra_pl/uart_uav_data_0/inst/uart_uav_data_v1_0_S00_AXI_inst/u_uart_rx/M_AXIS_tdata[17]} {uav_sar_i/zynq_ultra_pl/uart_uav_data_0/inst/uart_uav_data_v1_0_S00_AXI_inst/u_uart_rx/M_AXIS_tdata[18]} {uav_sar_i/zynq_ultra_pl/uart_uav_data_0/inst/uart_uav_data_v1_0_S00_AXI_inst/u_uart_rx/M_AXIS_tdata[19]} {uav_sar_i/zynq_ultra_pl/uart_uav_data_0/inst/uart_uav_data_v1_0_S00_AXI_inst/u_uart_rx/M_AXIS_tdata[20]} {uav_sar_i/zynq_ultra_pl/uart_uav_data_0/inst/uart_uav_data_v1_0_S00_AXI_inst/u_uart_rx/M_AXIS_tdata[21]} {uav_sar_i/zynq_ultra_pl/uart_uav_data_0/inst/uart_uav_data_v1_0_S00_AXI_inst/u_uart_rx/M_AXIS_tdata[22]} {uav_sar_i/zynq_ultra_pl/uart_uav_data_0/inst/uart_uav_data_v1_0_S00_AXI_inst/u_uart_rx/M_AXIS_tdata[23]} {uav_sar_i/zynq_ultra_pl/uart_uav_data_0/inst/uart_uav_data_v1_0_S00_AXI_inst/u_uart_rx/M_AXIS_tdata[24]} {uav_sar_i/zynq_ultra_pl/uart_uav_data_0/inst/uart_uav_data_v1_0_S00_AXI_inst/u_uart_rx/M_AXIS_tdata[25]} {uav_sar_i/zynq_ultra_pl/uart_uav_data_0/inst/uart_uav_data_v1_0_S00_AXI_inst/u_uart_rx/M_AXIS_tdata[26]} {uav_sar_i/zynq_ultra_pl/uart_uav_data_0/inst/uart_uav_data_v1_0_S00_AXI_inst/u_uart_rx/M_AXIS_tdata[27]} {uav_sar_i/zynq_ultra_pl/uart_uav_data_0/inst/uart_uav_data_v1_0_S00_AXI_inst/u_uart_rx/M_AXIS_tdata[28]} {uav_sar_i/zynq_ultra_pl/uart_uav_data_0/inst/uart_uav_data_v1_0_S00_AXI_inst/u_uart_rx/M_AXIS_tdata[29]} {uav_sar_i/zynq_ultra_pl/uart_uav_data_0/inst/uart_uav_data_v1_0_S00_AXI_inst/u_uart_rx/M_AXIS_tdata[30]} {uav_sar_i/zynq_ultra_pl/uart_uav_data_0/inst/uart_uav_data_v1_0_S00_AXI_inst/u_uart_rx/M_AXIS_tdata[31]} ]]
create_debug_port u_ila_0 probe
set_property port_width 32 [get_debug_ports u_ila_0/probe30]
set_property PROBE_TYPE DATA_AND_TRIGGER [get_debug_ports u_ila_0/probe30]
connect_debug_port u_ila_0/probe30 [get_nets [list {uav_sar_i/zynq_ultra_pl/uart_uav_data_0/inst/uart_uav_data_v1_0_S00_AXI_inst/u_uart_rx/fifo_wr_cnt[0]} {uav_sar_i/zynq_ultra_pl/uart_uav_data_0/inst/uart_uav_data_v1_0_S00_AXI_inst/u_uart_rx/fifo_wr_cnt[1]} {uav_sar_i/zynq_ultra_pl/uart_uav_data_0/inst/uart_uav_data_v1_0_S00_AXI_inst/u_uart_rx/fifo_wr_cnt[2]} {uav_sar_i/zynq_ultra_pl/uart_uav_data_0/inst/uart_uav_data_v1_0_S00_AXI_inst/u_uart_rx/fifo_wr_cnt[3]} {uav_sar_i/zynq_ultra_pl/uart_uav_data_0/inst/uart_uav_data_v1_0_S00_AXI_inst/u_uart_rx/fifo_wr_cnt[4]} {uav_sar_i/zynq_ultra_pl/uart_uav_data_0/inst/uart_uav_data_v1_0_S00_AXI_inst/u_uart_rx/fifo_wr_cnt[5]} {uav_sar_i/zynq_ultra_pl/uart_uav_data_0/inst/uart_uav_data_v1_0_S00_AXI_inst/u_uart_rx/fifo_wr_cnt[6]} {uav_sar_i/zynq_ultra_pl/uart_uav_data_0/inst/uart_uav_data_v1_0_S00_AXI_inst/u_uart_rx/fifo_wr_cnt[7]} {uav_sar_i/zynq_ultra_pl/uart_uav_data_0/inst/uart_uav_data_v1_0_S00_AXI_inst/u_uart_rx/fifo_wr_cnt[8]} {uav_sar_i/zynq_ultra_pl/uart_uav_data_0/inst/uart_uav_data_v1_0_S00_AXI_inst/u_uart_rx/fifo_wr_cnt[9]} {uav_sar_i/zynq_ultra_pl/uart_uav_data_0/inst/uart_uav_data_v1_0_S00_AXI_inst/u_uart_rx/fifo_wr_cnt[10]} {uav_sar_i/zynq_ultra_pl/uart_uav_data_0/inst/uart_uav_data_v1_0_S00_AXI_inst/u_uart_rx/fifo_wr_cnt[11]} {uav_sar_i/zynq_ultra_pl/uart_uav_data_0/inst/uart_uav_data_v1_0_S00_AXI_inst/u_uart_rx/fifo_wr_cnt[12]} {uav_sar_i/zynq_ultra_pl/uart_uav_data_0/inst/uart_uav_data_v1_0_S00_AXI_inst/u_uart_rx/fifo_wr_cnt[13]} {uav_sar_i/zynq_ultra_pl/uart_uav_data_0/inst/uart_uav_data_v1_0_S00_AXI_inst/u_uart_rx/fifo_wr_cnt[14]} {uav_sar_i/zynq_ultra_pl/uart_uav_data_0/inst/uart_uav_data_v1_0_S00_AXI_inst/u_uart_rx/fifo_wr_cnt[15]} {uav_sar_i/zynq_ultra_pl/uart_uav_data_0/inst/uart_uav_data_v1_0_S00_AXI_inst/u_uart_rx/fifo_wr_cnt[16]} {uav_sar_i/zynq_ultra_pl/uart_uav_data_0/inst/uart_uav_data_v1_0_S00_AXI_inst/u_uart_rx/fifo_wr_cnt[17]} {uav_sar_i/zynq_ultra_pl/uart_uav_data_0/inst/uart_uav_data_v1_0_S00_AXI_inst/u_uart_rx/fifo_wr_cnt[18]} {uav_sar_i/zynq_ultra_pl/uart_uav_data_0/inst/uart_uav_data_v1_0_S00_AXI_inst/u_uart_rx/fifo_wr_cnt[19]} {uav_sar_i/zynq_ultra_pl/uart_uav_data_0/inst/uart_uav_data_v1_0_S00_AXI_inst/u_uart_rx/fifo_wr_cnt[20]} {uav_sar_i/zynq_ultra_pl/uart_uav_data_0/inst/uart_uav_data_v1_0_S00_AXI_inst/u_uart_rx/fifo_wr_cnt[21]} {uav_sar_i/zynq_ultra_pl/uart_uav_data_0/inst/uart_uav_data_v1_0_S00_AXI_inst/u_uart_rx/fifo_wr_cnt[22]} {uav_sar_i/zynq_ultra_pl/uart_uav_data_0/inst/uart_uav_data_v1_0_S00_AXI_inst/u_uart_rx/fifo_wr_cnt[23]} {uav_sar_i/zynq_ultra_pl/uart_uav_data_0/inst/uart_uav_data_v1_0_S00_AXI_inst/u_uart_rx/fifo_wr_cnt[24]} {uav_sar_i/zynq_ultra_pl/uart_uav_data_0/inst/uart_uav_data_v1_0_S00_AXI_inst/u_uart_rx/fifo_wr_cnt[25]} {uav_sar_i/zynq_ultra_pl/uart_uav_data_0/inst/uart_uav_data_v1_0_S00_AXI_inst/u_uart_rx/fifo_wr_cnt[26]} {uav_sar_i/zynq_ultra_pl/uart_uav_data_0/inst/uart_uav_data_v1_0_S00_AXI_inst/u_uart_rx/fifo_wr_cnt[27]} {uav_sar_i/zynq_ultra_pl/uart_uav_data_0/inst/uart_uav_data_v1_0_S00_AXI_inst/u_uart_rx/fifo_wr_cnt[28]} {uav_sar_i/zynq_ultra_pl/uart_uav_data_0/inst/uart_uav_data_v1_0_S00_AXI_inst/u_uart_rx/fifo_wr_cnt[29]} {uav_sar_i/zynq_ultra_pl/uart_uav_data_0/inst/uart_uav_data_v1_0_S00_AXI_inst/u_uart_rx/fifo_wr_cnt[30]} {uav_sar_i/zynq_ultra_pl/uart_uav_data_0/inst/uart_uav_data_v1_0_S00_AXI_inst/u_uart_rx/fifo_wr_cnt[31]} ]]
create_debug_port u_ila_0 probe
set_property port_width 4 [get_debug_ports u_ila_0/probe31]
set_property PROBE_TYPE DATA_AND_TRIGGER [get_debug_ports u_ila_0/probe31]
connect_debug_port u_ila_0/probe31 [get_nets [list {uav_sar_i/zynq_ultra_pl/uart_uav_data_0/inst/uart_uav_data_v1_0_S00_AXI_inst/u_uart_rx/rx_cnt[0]} {uav_sar_i/zynq_ultra_pl/uart_uav_data_0/inst/uart_uav_data_v1_0_S00_AXI_inst/u_uart_rx/rx_cnt[1]} {uav_sar_i/zynq_ultra_pl/uart_uav_data_0/inst/uart_uav_data_v1_0_S00_AXI_inst/u_uart_rx/rx_cnt[2]} {uav_sar_i/zynq_ultra_pl/uart_uav_data_0/inst/uart_uav_data_v1_0_S00_AXI_inst/u_uart_rx/rx_cnt[3]} ]]
create_debug_port u_ila_0 probe
set_property port_width 4 [get_debug_ports u_ila_0/probe32]
set_property PROBE_TYPE DATA_AND_TRIGGER [get_debug_ports u_ila_0/probe32]
connect_debug_port u_ila_0/probe32 [get_nets [list {uav_sar_i/zynq_ultra_pl/uart_uav_data_0/inst/uart_uav_data_v1_0_S00_AXI_inst/u_uart_rx/M_AXIS_tkeep[0]} {uav_sar_i/zynq_ultra_pl/uart_uav_data_0/inst/uart_uav_data_v1_0_S00_AXI_inst/u_uart_rx/M_AXIS_tkeep[1]} {uav_sar_i/zynq_ultra_pl/uart_uav_data_0/inst/uart_uav_data_v1_0_S00_AXI_inst/u_uart_rx/M_AXIS_tkeep[2]} {uav_sar_i/zynq_ultra_pl/uart_uav_data_0/inst/uart_uav_data_v1_0_S00_AXI_inst/u_uart_rx/M_AXIS_tkeep[3]} ]]
create_debug_port u_ila_0 probe
set_property port_width 8 [get_debug_ports u_ila_0/probe33]
set_property PROBE_TYPE DATA_AND_TRIGGER [get_debug_ports u_ila_0/probe33]
connect_debug_port u_ila_0/probe33 [get_nets [list {uav_sar_i/zynq_ultra_pl/uart_uav_data_0/inst/uart_uav_data_v1_0_S00_AXI_inst/u_utc_time/char_buffer[1][0]} {uav_sar_i/zynq_ultra_pl/uart_uav_data_0/inst/uart_uav_data_v1_0_S00_AXI_inst/u_utc_time/char_buffer[1][1]} {uav_sar_i/zynq_ultra_pl/uart_uav_data_0/inst/uart_uav_data_v1_0_S00_AXI_inst/u_utc_time/char_buffer[1][2]} {uav_sar_i/zynq_ultra_pl/uart_uav_data_0/inst/uart_uav_data_v1_0_S00_AXI_inst/u_utc_time/char_buffer[1][3]} {uav_sar_i/zynq_ultra_pl/uart_uav_data_0/inst/uart_uav_data_v1_0_S00_AXI_inst/u_utc_time/char_buffer[1][4]} {uav_sar_i/zynq_ultra_pl/uart_uav_data_0/inst/uart_uav_data_v1_0_S00_AXI_inst/u_utc_time/char_buffer[1][5]} {uav_sar_i/zynq_ultra_pl/uart_uav_data_0/inst/uart_uav_data_v1_0_S00_AXI_inst/u_utc_time/char_buffer[1][6]} {uav_sar_i/zynq_ultra_pl/uart_uav_data_0/inst/uart_uav_data_v1_0_S00_AXI_inst/u_utc_time/char_buffer[1][7]} ]]
create_debug_port u_ila_0 probe
set_property port_width 64 [get_debug_ports u_ila_0/probe34]
set_property PROBE_TYPE DATA_AND_TRIGGER [get_debug_ports u_ila_0/probe34]
connect_debug_port u_ila_0/probe34 [get_nets [list {uav_sar_i/zynq_ultra_pl/uart_uav_data_0/inst/uart_uav_data_v1_0_S00_AXI_inst/u_utc_time/clk_cnt[0]} {uav_sar_i/zynq_ultra_pl/uart_uav_data_0/inst/uart_uav_data_v1_0_S00_AXI_inst/u_utc_time/clk_cnt[1]} {uav_sar_i/zynq_ultra_pl/uart_uav_data_0/inst/uart_uav_data_v1_0_S00_AXI_inst/u_utc_time/clk_cnt[2]} {uav_sar_i/zynq_ultra_pl/uart_uav_data_0/inst/uart_uav_data_v1_0_S00_AXI_inst/u_utc_time/clk_cnt[3]} {uav_sar_i/zynq_ultra_pl/uart_uav_data_0/inst/uart_uav_data_v1_0_S00_AXI_inst/u_utc_time/clk_cnt[4]} {uav_sar_i/zynq_ultra_pl/uart_uav_data_0/inst/uart_uav_data_v1_0_S00_AXI_inst/u_utc_time/clk_cnt[5]} {uav_sar_i/zynq_ultra_pl/uart_uav_data_0/inst/uart_uav_data_v1_0_S00_AXI_inst/u_utc_time/clk_cnt[6]} {uav_sar_i/zynq_ultra_pl/uart_uav_data_0/inst/uart_uav_data_v1_0_S00_AXI_inst/u_utc_time/clk_cnt[7]} {uav_sar_i/zynq_ultra_pl/uart_uav_data_0/inst/uart_uav_data_v1_0_S00_AXI_inst/u_utc_time/clk_cnt[8]} {uav_sar_i/zynq_ultra_pl/uart_uav_data_0/inst/uart_uav_data_v1_0_S00_AXI_inst/u_utc_time/clk_cnt[9]} {uav_sar_i/zynq_ultra_pl/uart_uav_data_0/inst/uart_uav_data_v1_0_S00_AXI_inst/u_utc_time/clk_cnt[10]} {uav_sar_i/zynq_ultra_pl/uart_uav_data_0/inst/uart_uav_data_v1_0_S00_AXI_inst/u_utc_time/clk_cnt[11]} {uav_sar_i/zynq_ultra_pl/uart_uav_data_0/inst/uart_uav_data_v1_0_S00_AXI_inst/u_utc_time/clk_cnt[12]} {uav_sar_i/zynq_ultra_pl/uart_uav_data_0/inst/uart_uav_data_v1_0_S00_AXI_inst/u_utc_time/clk_cnt[13]} {uav_sar_i/zynq_ultra_pl/uart_uav_data_0/inst/uart_uav_data_v1_0_S00_AXI_inst/u_utc_time/clk_cnt[14]} {uav_sar_i/zynq_ultra_pl/uart_uav_data_0/inst/uart_uav_data_v1_0_S00_AXI_inst/u_utc_time/clk_cnt[15]} {uav_sar_i/zynq_ultra_pl/uart_uav_data_0/inst/uart_uav_data_v1_0_S00_AXI_inst/u_utc_time/clk_cnt[16]} {uav_sar_i/zynq_ultra_pl/uart_uav_data_0/inst/uart_uav_data_v1_0_S00_AXI_inst/u_utc_time/clk_cnt[17]} {uav_sar_i/zynq_ultra_pl/uart_uav_data_0/inst/uart_uav_data_v1_0_S00_AXI_inst/u_utc_time/clk_cnt[18]} {uav_sar_i/zynq_ultra_pl/uart_uav_data_0/inst/uart_uav_data_v1_0_S00_AXI_inst/u_utc_time/clk_cnt[19]} {uav_sar_i/zynq_ultra_pl/uart_uav_data_0/inst/uart_uav_data_v1_0_S00_AXI_inst/u_utc_time/clk_cnt[20]} {uav_sar_i/zynq_ultra_pl/uart_uav_data_0/inst/uart_uav_data_v1_0_S00_AXI_inst/u_utc_time/clk_cnt[21]} {uav_sar_i/zynq_ultra_pl/uart_uav_data_0/inst/uart_uav_data_v1_0_S00_AXI_inst/u_utc_time/clk_cnt[22]} {uav_sar_i/zynq_ultra_pl/uart_uav_data_0/inst/uart_uav_data_v1_0_S00_AXI_inst/u_utc_time/clk_cnt[23]} {uav_sar_i/zynq_ultra_pl/uart_uav_data_0/inst/uart_uav_data_v1_0_S00_AXI_inst/u_utc_time/clk_cnt[24]} {uav_sar_i/zynq_ultra_pl/uart_uav_data_0/inst/uart_uav_data_v1_0_S00_AXI_inst/u_utc_time/clk_cnt[25]} {uav_sar_i/zynq_ultra_pl/uart_uav_data_0/inst/uart_uav_data_v1_0_S00_AXI_inst/u_utc_time/clk_cnt[26]} {uav_sar_i/zynq_ultra_pl/uart_uav_data_0/inst/uart_uav_data_v1_0_S00_AXI_inst/u_utc_time/clk_cnt[27]} {uav_sar_i/zynq_ultra_pl/uart_uav_data_0/inst/uart_uav_data_v1_0_S00_AXI_inst/u_utc_time/clk_cnt[28]} {uav_sar_i/zynq_ultra_pl/uart_uav_data_0/inst/uart_uav_data_v1_0_S00_AXI_inst/u_utc_time/clk_cnt[29]} {uav_sar_i/zynq_ultra_pl/uart_uav_data_0/inst/uart_uav_data_v1_0_S00_AXI_inst/u_utc_time/clk_cnt[30]} {uav_sar_i/zynq_ultra_pl/uart_uav_data_0/inst/uart_uav_data_v1_0_S00_AXI_inst/u_utc_time/clk_cnt[31]} {uav_sar_i/zynq_ultra_pl/uart_uav_data_0/inst/uart_uav_data_v1_0_S00_AXI_inst/u_utc_time/clk_cnt[32]} {uav_sar_i/zynq_ultra_pl/uart_uav_data_0/inst/uart_uav_data_v1_0_S00_AXI_inst/u_utc_time/clk_cnt[33]} {uav_sar_i/zynq_ultra_pl/uart_uav_data_0/inst/uart_uav_data_v1_0_S00_AXI_inst/u_utc_time/clk_cnt[34]} {uav_sar_i/zynq_ultra_pl/uart_uav_data_0/inst/uart_uav_data_v1_0_S00_AXI_inst/u_utc_time/clk_cnt[35]} {uav_sar_i/zynq_ultra_pl/uart_uav_data_0/inst/uart_uav_data_v1_0_S00_AXI_inst/u_utc_time/clk_cnt[36]} {uav_sar_i/zynq_ultra_pl/uart_uav_data_0/inst/uart_uav_data_v1_0_S00_AXI_inst/u_utc_time/clk_cnt[37]} {uav_sar_i/zynq_ultra_pl/uart_uav_data_0/inst/uart_uav_data_v1_0_S00_AXI_inst/u_utc_time/clk_cnt[38]} {uav_sar_i/zynq_ultra_pl/uart_uav_data_0/inst/uart_uav_data_v1_0_S00_AXI_inst/u_utc_time/clk_cnt[39]} {uav_sar_i/zynq_ultra_pl/uart_uav_data_0/inst/uart_uav_data_v1_0_S00_AXI_inst/u_utc_time/clk_cnt[40]} {uav_sar_i/zynq_ultra_pl/uart_uav_data_0/inst/uart_uav_data_v1_0_S00_AXI_inst/u_utc_time/clk_cnt[41]} {uav_sar_i/zynq_ultra_pl/uart_uav_data_0/inst/uart_uav_data_v1_0_S00_AXI_inst/u_utc_time/clk_cnt[42]} {uav_sar_i/zynq_ultra_pl/uart_uav_data_0/inst/uart_uav_data_v1_0_S00_AXI_inst/u_utc_time/clk_cnt[43]} {uav_sar_i/zynq_ultra_pl/uart_uav_data_0/inst/uart_uav_data_v1_0_S00_AXI_inst/u_utc_time/clk_cnt[44]} {uav_sar_i/zynq_ultra_pl/uart_uav_data_0/inst/uart_uav_data_v1_0_S00_AXI_inst/u_utc_time/clk_cnt[45]} {uav_sar_i/zynq_ultra_pl/uart_uav_data_0/inst/uart_uav_data_v1_0_S00_AXI_inst/u_utc_time/clk_cnt[46]} {uav_sar_i/zynq_ultra_pl/uart_uav_data_0/inst/uart_uav_data_v1_0_S00_AXI_inst/u_utc_time/clk_cnt[47]} {uav_sar_i/zynq_ultra_pl/uart_uav_data_0/inst/uart_uav_data_v1_0_S00_AXI_inst/u_utc_time/clk_cnt[48]} {uav_sar_i/zynq_ultra_pl/uart_uav_data_0/inst/uart_uav_data_v1_0_S00_AXI_inst/u_utc_time/clk_cnt[49]} {uav_sar_i/zynq_ultra_pl/uart_uav_data_0/inst/uart_uav_data_v1_0_S00_AXI_inst/u_utc_time/clk_cnt[50]} {uav_sar_i/zynq_ultra_pl/uart_uav_data_0/inst/uart_uav_data_v1_0_S00_AXI_inst/u_utc_time/clk_cnt[51]} {uav_sar_i/zynq_ultra_pl/uart_uav_data_0/inst/uart_uav_data_v1_0_S00_AXI_inst/u_utc_time/clk_cnt[52]} {uav_sar_i/zynq_ultra_pl/uart_uav_data_0/inst/uart_uav_data_v1_0_S00_AXI_inst/u_utc_time/clk_cnt[53]} {uav_sar_i/zynq_ultra_pl/uart_uav_data_0/inst/uart_uav_data_v1_0_S00_AXI_inst/u_utc_time/clk_cnt[54]} {uav_sar_i/zynq_ultra_pl/uart_uav_data_0/inst/uart_uav_data_v1_0_S00_AXI_inst/u_utc_time/clk_cnt[55]} {uav_sar_i/zynq_ultra_pl/uart_uav_data_0/inst/uart_uav_data_v1_0_S00_AXI_inst/u_utc_time/clk_cnt[56]} {uav_sar_i/zynq_ultra_pl/uart_uav_data_0/inst/uart_uav_data_v1_0_S00_AXI_inst/u_utc_time/clk_cnt[57]} {uav_sar_i/zynq_ultra_pl/uart_uav_data_0/inst/uart_uav_data_v1_0_S00_AXI_inst/u_utc_time/clk_cnt[58]} {uav_sar_i/zynq_ultra_pl/uart_uav_data_0/inst/uart_uav_data_v1_0_S00_AXI_inst/u_utc_time/clk_cnt[59]} {uav_sar_i/zynq_ultra_pl/uart_uav_data_0/inst/uart_uav_data_v1_0_S00_AXI_inst/u_utc_time/clk_cnt[60]} {uav_sar_i/zynq_ultra_pl/uart_uav_data_0/inst/uart_uav_data_v1_0_S00_AXI_inst/u_utc_time/clk_cnt[61]} {uav_sar_i/zynq_ultra_pl/uart_uav_data_0/inst/uart_uav_data_v1_0_S00_AXI_inst/u_utc_time/clk_cnt[62]} {uav_sar_i/zynq_ultra_pl/uart_uav_data_0/inst/uart_uav_data_v1_0_S00_AXI_inst/u_utc_time/clk_cnt[63]} ]]
create_debug_port u_ila_0 probe
set_property port_width 80 [get_debug_ports u_ila_0/probe35]
set_property PROBE_TYPE DATA_AND_TRIGGER [get_debug_ports u_ila_0/probe35]
connect_debug_port u_ila_0/probe35 [get_nets [list {uav_sar_i/zynq_ultra_pl/uart_uav_data_0/inst/uart_uav_data_v1_0_S00_AXI_inst/u_utc_time/align_time[0]} {uav_sar_i/zynq_ultra_pl/uart_uav_data_0/inst/uart_uav_data_v1_0_S00_AXI_inst/u_utc_time/align_time[1]} {uav_sar_i/zynq_ultra_pl/uart_uav_data_0/inst/uart_uav_data_v1_0_S00_AXI_inst/u_utc_time/align_time[2]} {uav_sar_i/zynq_ultra_pl/uart_uav_data_0/inst/uart_uav_data_v1_0_S00_AXI_inst/u_utc_time/align_time[3]} {uav_sar_i/zynq_ultra_pl/uart_uav_data_0/inst/uart_uav_data_v1_0_S00_AXI_inst/u_utc_time/align_time[4]} {uav_sar_i/zynq_ultra_pl/uart_uav_data_0/inst/uart_uav_data_v1_0_S00_AXI_inst/u_utc_time/align_time[5]} {uav_sar_i/zynq_ultra_pl/uart_uav_data_0/inst/uart_uav_data_v1_0_S00_AXI_inst/u_utc_time/align_time[6]} {uav_sar_i/zynq_ultra_pl/uart_uav_data_0/inst/uart_uav_data_v1_0_S00_AXI_inst/u_utc_time/align_time[7]} {uav_sar_i/zynq_ultra_pl/uart_uav_data_0/inst/uart_uav_data_v1_0_S00_AXI_inst/u_utc_time/align_time[8]} {uav_sar_i/zynq_ultra_pl/uart_uav_data_0/inst/uart_uav_data_v1_0_S00_AXI_inst/u_utc_time/align_time[9]} {uav_sar_i/zynq_ultra_pl/uart_uav_data_0/inst/uart_uav_data_v1_0_S00_AXI_inst/u_utc_time/align_time[10]} {uav_sar_i/zynq_ultra_pl/uart_uav_data_0/inst/uart_uav_data_v1_0_S00_AXI_inst/u_utc_time/align_time[11]} {uav_sar_i/zynq_ultra_pl/uart_uav_data_0/inst/uart_uav_data_v1_0_S00_AXI_inst/u_utc_time/align_time[12]} {uav_sar_i/zynq_ultra_pl/uart_uav_data_0/inst/uart_uav_data_v1_0_S00_AXI_inst/u_utc_time/align_time[13]} {uav_sar_i/zynq_ultra_pl/uart_uav_data_0/inst/uart_uav_data_v1_0_S00_AXI_inst/u_utc_time/align_time[14]} {uav_sar_i/zynq_ultra_pl/uart_uav_data_0/inst/uart_uav_data_v1_0_S00_AXI_inst/u_utc_time/align_time[15]} {uav_sar_i/zynq_ultra_pl/uart_uav_data_0/inst/uart_uav_data_v1_0_S00_AXI_inst/u_utc_time/align_time[16]} {uav_sar_i/zynq_ultra_pl/uart_uav_data_0/inst/uart_uav_data_v1_0_S00_AXI_inst/u_utc_time/align_time[17]} {uav_sar_i/zynq_ultra_pl/uart_uav_data_0/inst/uart_uav_data_v1_0_S00_AXI_inst/u_utc_time/align_time[18]} {uav_sar_i/zynq_ultra_pl/uart_uav_data_0/inst/uart_uav_data_v1_0_S00_AXI_inst/u_utc_time/align_time[19]} {uav_sar_i/zynq_ultra_pl/uart_uav_data_0/inst/uart_uav_data_v1_0_S00_AXI_inst/u_utc_time/align_time[20]} {uav_sar_i/zynq_ultra_pl/uart_uav_data_0/inst/uart_uav_data_v1_0_S00_AXI_inst/u_utc_time/align_time[21]} {uav_sar_i/zynq_ultra_pl/uart_uav_data_0/inst/uart_uav_data_v1_0_S00_AXI_inst/u_utc_time/align_time[22]} {uav_sar_i/zynq_ultra_pl/uart_uav_data_0/inst/uart_uav_data_v1_0_S00_AXI_inst/u_utc_time/align_time[23]} {uav_sar_i/zynq_ultra_pl/uart_uav_data_0/inst/uart_uav_data_v1_0_S00_AXI_inst/u_utc_time/align_time[24]} {uav_sar_i/zynq_ultra_pl/uart_uav_data_0/inst/uart_uav_data_v1_0_S00_AXI_inst/u_utc_time/align_time[25]} {uav_sar_i/zynq_ultra_pl/uart_uav_data_0/inst/uart_uav_data_v1_0_S00_AXI_inst/u_utc_time/align_time[26]} {uav_sar_i/zynq_ultra_pl/uart_uav_data_0/inst/uart_uav_data_v1_0_S00_AXI_inst/u_utc_time/align_time[27]} {uav_sar_i/zynq_ultra_pl/uart_uav_data_0/inst/uart_uav_data_v1_0_S00_AXI_inst/u_utc_time/align_time[28]} {uav_sar_i/zynq_ultra_pl/uart_uav_data_0/inst/uart_uav_data_v1_0_S00_AXI_inst/u_utc_time/align_time[29]} {uav_sar_i/zynq_ultra_pl/uart_uav_data_0/inst/uart_uav_data_v1_0_S00_AXI_inst/u_utc_time/align_time[30]} {uav_sar_i/zynq_ultra_pl/uart_uav_data_0/inst/uart_uav_data_v1_0_S00_AXI_inst/u_utc_time/align_time[31]} {uav_sar_i/zynq_ultra_pl/uart_uav_data_0/inst/uart_uav_data_v1_0_S00_AXI_inst/u_utc_time/align_time[32]} {uav_sar_i/zynq_ultra_pl/uart_uav_data_0/inst/uart_uav_data_v1_0_S00_AXI_inst/u_utc_time/align_time[33]} {uav_sar_i/zynq_ultra_pl/uart_uav_data_0/inst/uart_uav_data_v1_0_S00_AXI_inst/u_utc_time/align_time[34]} {uav_sar_i/zynq_ultra_pl/uart_uav_data_0/inst/uart_uav_data_v1_0_S00_AXI_inst/u_utc_time/align_time[35]} {uav_sar_i/zynq_ultra_pl/uart_uav_data_0/inst/uart_uav_data_v1_0_S00_AXI_inst/u_utc_time/align_time[36]} {uav_sar_i/zynq_ultra_pl/uart_uav_data_0/inst/uart_uav_data_v1_0_S00_AXI_inst/u_utc_time/align_time[37]} {uav_sar_i/zynq_ultra_pl/uart_uav_data_0/inst/uart_uav_data_v1_0_S00_AXI_inst/u_utc_time/align_time[38]} {uav_sar_i/zynq_ultra_pl/uart_uav_data_0/inst/uart_uav_data_v1_0_S00_AXI_inst/u_utc_time/align_time[39]} {uav_sar_i/zynq_ultra_pl/uart_uav_data_0/inst/uart_uav_data_v1_0_S00_AXI_inst/u_utc_time/align_time[40]} {uav_sar_i/zynq_ultra_pl/uart_uav_data_0/inst/uart_uav_data_v1_0_S00_AXI_inst/u_utc_time/align_time[41]} {uav_sar_i/zynq_ultra_pl/uart_uav_data_0/inst/uart_uav_data_v1_0_S00_AXI_inst/u_utc_time/align_time[42]} {uav_sar_i/zynq_ultra_pl/uart_uav_data_0/inst/uart_uav_data_v1_0_S00_AXI_inst/u_utc_time/align_time[43]} {uav_sar_i/zynq_ultra_pl/uart_uav_data_0/inst/uart_uav_data_v1_0_S00_AXI_inst/u_utc_time/align_time[44]} {uav_sar_i/zynq_ultra_pl/uart_uav_data_0/inst/uart_uav_data_v1_0_S00_AXI_inst/u_utc_time/align_time[45]} {uav_sar_i/zynq_ultra_pl/uart_uav_data_0/inst/uart_uav_data_v1_0_S00_AXI_inst/u_utc_time/align_time[46]} {uav_sar_i/zynq_ultra_pl/uart_uav_data_0/inst/uart_uav_data_v1_0_S00_AXI_inst/u_utc_time/align_time[47]} {uav_sar_i/zynq_ultra_pl/uart_uav_data_0/inst/uart_uav_data_v1_0_S00_AXI_inst/u_utc_time/align_time[48]} {uav_sar_i/zynq_ultra_pl/uart_uav_data_0/inst/uart_uav_data_v1_0_S00_AXI_inst/u_utc_time/align_time[49]} {uav_sar_i/zynq_ultra_pl/uart_uav_data_0/inst/uart_uav_data_v1_0_S00_AXI_inst/u_utc_time/align_time[50]} {uav_sar_i/zynq_ultra_pl/uart_uav_data_0/inst/uart_uav_data_v1_0_S00_AXI_inst/u_utc_time/align_time[51]} {uav_sar_i/zynq_ultra_pl/uart_uav_data_0/inst/uart_uav_data_v1_0_S00_AXI_inst/u_utc_time/align_time[52]} {uav_sar_i/zynq_ultra_pl/uart_uav_data_0/inst/uart_uav_data_v1_0_S00_AXI_inst/u_utc_time/align_time[53]} {uav_sar_i/zynq_ultra_pl/uart_uav_data_0/inst/uart_uav_data_v1_0_S00_AXI_inst/u_utc_time/align_time[54]} {uav_sar_i/zynq_ultra_pl/uart_uav_data_0/inst/uart_uav_data_v1_0_S00_AXI_inst/u_utc_time/align_time[55]} {uav_sar_i/zynq_ultra_pl/uart_uav_data_0/inst/uart_uav_data_v1_0_S00_AXI_inst/u_utc_time/align_time[56]} {uav_sar_i/zynq_ultra_pl/uart_uav_data_0/inst/uart_uav_data_v1_0_S00_AXI_inst/u_utc_time/align_time[57]} {uav_sar_i/zynq_ultra_pl/uart_uav_data_0/inst/uart_uav_data_v1_0_S00_AXI_inst/u_utc_time/align_time[58]} {uav_sar_i/zynq_ultra_pl/uart_uav_data_0/inst/uart_uav_data_v1_0_S00_AXI_inst/u_utc_time/align_time[59]} {uav_sar_i/zynq_ultra_pl/uart_uav_data_0/inst/uart_uav_data_v1_0_S00_AXI_inst/u_utc_time/align_time[60]} {uav_sar_i/zynq_ultra_pl/uart_uav_data_0/inst/uart_uav_data_v1_0_S00_AXI_inst/u_utc_time/align_time[61]} {uav_sar_i/zynq_ultra_pl/uart_uav_data_0/inst/uart_uav_data_v1_0_S00_AXI_inst/u_utc_time/align_time[62]} {uav_sar_i/zynq_ultra_pl/uart_uav_data_0/inst/uart_uav_data_v1_0_S00_AXI_inst/u_utc_time/align_time[63]} {uav_sar_i/zynq_ultra_pl/uart_uav_data_0/inst/uart_uav_data_v1_0_S00_AXI_inst/u_utc_time/align_time[64]} {uav_sar_i/zynq_ultra_pl/uart_uav_data_0/inst/uart_uav_data_v1_0_S00_AXI_inst/u_utc_time/align_time[65]} {uav_sar_i/zynq_ultra_pl/uart_uav_data_0/inst/uart_uav_data_v1_0_S00_AXI_inst/u_utc_time/align_time[66]} {uav_sar_i/zynq_ultra_pl/uart_uav_data_0/inst/uart_uav_data_v1_0_S00_AXI_inst/u_utc_time/align_time[67]} {uav_sar_i/zynq_ultra_pl/uart_uav_data_0/inst/uart_uav_data_v1_0_S00_AXI_inst/u_utc_time/align_time[68]} {uav_sar_i/zynq_ultra_pl/uart_uav_data_0/inst/uart_uav_data_v1_0_S00_AXI_inst/u_utc_time/align_time[69]} {uav_sar_i/zynq_ultra_pl/uart_uav_data_0/inst/uart_uav_data_v1_0_S00_AXI_inst/u_utc_time/align_time[70]} {uav_sar_i/zynq_ultra_pl/uart_uav_data_0/inst/uart_uav_data_v1_0_S00_AXI_inst/u_utc_time/align_time[71]} {uav_sar_i/zynq_ultra_pl/uart_uav_data_0/inst/uart_uav_data_v1_0_S00_AXI_inst/u_utc_time/align_time[72]} {uav_sar_i/zynq_ultra_pl/uart_uav_data_0/inst/uart_uav_data_v1_0_S00_AXI_inst/u_utc_time/align_time[73]} {uav_sar_i/zynq_ultra_pl/uart_uav_data_0/inst/uart_uav_data_v1_0_S00_AXI_inst/u_utc_time/align_time[74]} {uav_sar_i/zynq_ultra_pl/uart_uav_data_0/inst/uart_uav_data_v1_0_S00_AXI_inst/u_utc_time/align_time[75]} {uav_sar_i/zynq_ultra_pl/uart_uav_data_0/inst/uart_uav_data_v1_0_S00_AXI_inst/u_utc_time/align_time[76]} {uav_sar_i/zynq_ultra_pl/uart_uav_data_0/inst/uart_uav_data_v1_0_S00_AXI_inst/u_utc_time/align_time[77]} {uav_sar_i/zynq_ultra_pl/uart_uav_data_0/inst/uart_uav_data_v1_0_S00_AXI_inst/u_utc_time/align_time[78]} {uav_sar_i/zynq_ultra_pl/uart_uav_data_0/inst/uart_uav_data_v1_0_S00_AXI_inst/u_utc_time/align_time[79]} ]]
create_debug_port u_ila_0 probe
set_property port_width 64 [get_debug_ports u_ila_0/probe36]
set_property PROBE_TYPE DATA_AND_TRIGGER [get_debug_ports u_ila_0/probe36]
connect_debug_port u_ila_0/probe36 [get_nets [list {uav_sar_i/zynq_ultra_pl/uart_uav_data_0/inst/uart_uav_data_v1_0_S00_AXI_inst/u_utc_time/clk_cnt_reg[0]} {uav_sar_i/zynq_ultra_pl/uart_uav_data_0/inst/uart_uav_data_v1_0_S00_AXI_inst/u_utc_time/clk_cnt_reg[1]} {uav_sar_i/zynq_ultra_pl/uart_uav_data_0/inst/uart_uav_data_v1_0_S00_AXI_inst/u_utc_time/clk_cnt_reg[2]} {uav_sar_i/zynq_ultra_pl/uart_uav_data_0/inst/uart_uav_data_v1_0_S00_AXI_inst/u_utc_time/clk_cnt_reg[3]} {uav_sar_i/zynq_ultra_pl/uart_uav_data_0/inst/uart_uav_data_v1_0_S00_AXI_inst/u_utc_time/clk_cnt_reg[4]} {uav_sar_i/zynq_ultra_pl/uart_uav_data_0/inst/uart_uav_data_v1_0_S00_AXI_inst/u_utc_time/clk_cnt_reg[5]} {uav_sar_i/zynq_ultra_pl/uart_uav_data_0/inst/uart_uav_data_v1_0_S00_AXI_inst/u_utc_time/clk_cnt_reg[6]} {uav_sar_i/zynq_ultra_pl/uart_uav_data_0/inst/uart_uav_data_v1_0_S00_AXI_inst/u_utc_time/clk_cnt_reg[7]} {uav_sar_i/zynq_ultra_pl/uart_uav_data_0/inst/uart_uav_data_v1_0_S00_AXI_inst/u_utc_time/clk_cnt_reg[8]} {uav_sar_i/zynq_ultra_pl/uart_uav_data_0/inst/uart_uav_data_v1_0_S00_AXI_inst/u_utc_time/clk_cnt_reg[9]} {uav_sar_i/zynq_ultra_pl/uart_uav_data_0/inst/uart_uav_data_v1_0_S00_AXI_inst/u_utc_time/clk_cnt_reg[10]} {uav_sar_i/zynq_ultra_pl/uart_uav_data_0/inst/uart_uav_data_v1_0_S00_AXI_inst/u_utc_time/clk_cnt_reg[11]} {uav_sar_i/zynq_ultra_pl/uart_uav_data_0/inst/uart_uav_data_v1_0_S00_AXI_inst/u_utc_time/clk_cnt_reg[12]} {uav_sar_i/zynq_ultra_pl/uart_uav_data_0/inst/uart_uav_data_v1_0_S00_AXI_inst/u_utc_time/clk_cnt_reg[13]} {uav_sar_i/zynq_ultra_pl/uart_uav_data_0/inst/uart_uav_data_v1_0_S00_AXI_inst/u_utc_time/clk_cnt_reg[14]} {uav_sar_i/zynq_ultra_pl/uart_uav_data_0/inst/uart_uav_data_v1_0_S00_AXI_inst/u_utc_time/clk_cnt_reg[15]} {uav_sar_i/zynq_ultra_pl/uart_uav_data_0/inst/uart_uav_data_v1_0_S00_AXI_inst/u_utc_time/clk_cnt_reg[16]} {uav_sar_i/zynq_ultra_pl/uart_uav_data_0/inst/uart_uav_data_v1_0_S00_AXI_inst/u_utc_time/clk_cnt_reg[17]} {uav_sar_i/zynq_ultra_pl/uart_uav_data_0/inst/uart_uav_data_v1_0_S00_AXI_inst/u_utc_time/clk_cnt_reg[18]} {uav_sar_i/zynq_ultra_pl/uart_uav_data_0/inst/uart_uav_data_v1_0_S00_AXI_inst/u_utc_time/clk_cnt_reg[19]} {uav_sar_i/zynq_ultra_pl/uart_uav_data_0/inst/uart_uav_data_v1_0_S00_AXI_inst/u_utc_time/clk_cnt_reg[20]} {uav_sar_i/zynq_ultra_pl/uart_uav_data_0/inst/uart_uav_data_v1_0_S00_AXI_inst/u_utc_time/clk_cnt_reg[21]} {uav_sar_i/zynq_ultra_pl/uart_uav_data_0/inst/uart_uav_data_v1_0_S00_AXI_inst/u_utc_time/clk_cnt_reg[22]} {uav_sar_i/zynq_ultra_pl/uart_uav_data_0/inst/uart_uav_data_v1_0_S00_AXI_inst/u_utc_time/clk_cnt_reg[23]} {uav_sar_i/zynq_ultra_pl/uart_uav_data_0/inst/uart_uav_data_v1_0_S00_AXI_inst/u_utc_time/clk_cnt_reg[24]} {uav_sar_i/zynq_ultra_pl/uart_uav_data_0/inst/uart_uav_data_v1_0_S00_AXI_inst/u_utc_time/clk_cnt_reg[25]} {uav_sar_i/zynq_ultra_pl/uart_uav_data_0/inst/uart_uav_data_v1_0_S00_AXI_inst/u_utc_time/clk_cnt_reg[26]} {uav_sar_i/zynq_ultra_pl/uart_uav_data_0/inst/uart_uav_data_v1_0_S00_AXI_inst/u_utc_time/clk_cnt_reg[27]} {uav_sar_i/zynq_ultra_pl/uart_uav_data_0/inst/uart_uav_data_v1_0_S00_AXI_inst/u_utc_time/clk_cnt_reg[28]} {uav_sar_i/zynq_ultra_pl/uart_uav_data_0/inst/uart_uav_data_v1_0_S00_AXI_inst/u_utc_time/clk_cnt_reg[29]} {uav_sar_i/zynq_ultra_pl/uart_uav_data_0/inst/uart_uav_data_v1_0_S00_AXI_inst/u_utc_time/clk_cnt_reg[30]} {uav_sar_i/zynq_ultra_pl/uart_uav_data_0/inst/uart_uav_data_v1_0_S00_AXI_inst/u_utc_time/clk_cnt_reg[31]} {uav_sar_i/zynq_ultra_pl/uart_uav_data_0/inst/uart_uav_data_v1_0_S00_AXI_inst/u_utc_time/clk_cnt_reg[32]} {uav_sar_i/zynq_ultra_pl/uart_uav_data_0/inst/uart_uav_data_v1_0_S00_AXI_inst/u_utc_time/clk_cnt_reg[33]} {uav_sar_i/zynq_ultra_pl/uart_uav_data_0/inst/uart_uav_data_v1_0_S00_AXI_inst/u_utc_time/clk_cnt_reg[34]} {uav_sar_i/zynq_ultra_pl/uart_uav_data_0/inst/uart_uav_data_v1_0_S00_AXI_inst/u_utc_time/clk_cnt_reg[35]} {uav_sar_i/zynq_ultra_pl/uart_uav_data_0/inst/uart_uav_data_v1_0_S00_AXI_inst/u_utc_time/clk_cnt_reg[36]} {uav_sar_i/zynq_ultra_pl/uart_uav_data_0/inst/uart_uav_data_v1_0_S00_AXI_inst/u_utc_time/clk_cnt_reg[37]} {uav_sar_i/zynq_ultra_pl/uart_uav_data_0/inst/uart_uav_data_v1_0_S00_AXI_inst/u_utc_time/clk_cnt_reg[38]} {uav_sar_i/zynq_ultra_pl/uart_uav_data_0/inst/uart_uav_data_v1_0_S00_AXI_inst/u_utc_time/clk_cnt_reg[39]} {uav_sar_i/zynq_ultra_pl/uart_uav_data_0/inst/uart_uav_data_v1_0_S00_AXI_inst/u_utc_time/clk_cnt_reg[40]} {uav_sar_i/zynq_ultra_pl/uart_uav_data_0/inst/uart_uav_data_v1_0_S00_AXI_inst/u_utc_time/clk_cnt_reg[41]} {uav_sar_i/zynq_ultra_pl/uart_uav_data_0/inst/uart_uav_data_v1_0_S00_AXI_inst/u_utc_time/clk_cnt_reg[42]} {uav_sar_i/zynq_ultra_pl/uart_uav_data_0/inst/uart_uav_data_v1_0_S00_AXI_inst/u_utc_time/clk_cnt_reg[43]} {uav_sar_i/zynq_ultra_pl/uart_uav_data_0/inst/uart_uav_data_v1_0_S00_AXI_inst/u_utc_time/clk_cnt_reg[44]} {uav_sar_i/zynq_ultra_pl/uart_uav_data_0/inst/uart_uav_data_v1_0_S00_AXI_inst/u_utc_time/clk_cnt_reg[45]} {uav_sar_i/zynq_ultra_pl/uart_uav_data_0/inst/uart_uav_data_v1_0_S00_AXI_inst/u_utc_time/clk_cnt_reg[46]} {uav_sar_i/zynq_ultra_pl/uart_uav_data_0/inst/uart_uav_data_v1_0_S00_AXI_inst/u_utc_time/clk_cnt_reg[47]} {uav_sar_i/zynq_ultra_pl/uart_uav_data_0/inst/uart_uav_data_v1_0_S00_AXI_inst/u_utc_time/clk_cnt_reg[48]} {uav_sar_i/zynq_ultra_pl/uart_uav_data_0/inst/uart_uav_data_v1_0_S00_AXI_inst/u_utc_time/clk_cnt_reg[49]} {uav_sar_i/zynq_ultra_pl/uart_uav_data_0/inst/uart_uav_data_v1_0_S00_AXI_inst/u_utc_time/clk_cnt_reg[50]} {uav_sar_i/zynq_ultra_pl/uart_uav_data_0/inst/uart_uav_data_v1_0_S00_AXI_inst/u_utc_time/clk_cnt_reg[51]} {uav_sar_i/zynq_ultra_pl/uart_uav_data_0/inst/uart_uav_data_v1_0_S00_AXI_inst/u_utc_time/clk_cnt_reg[52]} {uav_sar_i/zynq_ultra_pl/uart_uav_data_0/inst/uart_uav_data_v1_0_S00_AXI_inst/u_utc_time/clk_cnt_reg[53]} {uav_sar_i/zynq_ultra_pl/uart_uav_data_0/inst/uart_uav_data_v1_0_S00_AXI_inst/u_utc_time/clk_cnt_reg[54]} {uav_sar_i/zynq_ultra_pl/uart_uav_data_0/inst/uart_uav_data_v1_0_S00_AXI_inst/u_utc_time/clk_cnt_reg[55]} {uav_sar_i/zynq_ultra_pl/uart_uav_data_0/inst/uart_uav_data_v1_0_S00_AXI_inst/u_utc_time/clk_cnt_reg[56]} {uav_sar_i/zynq_ultra_pl/uart_uav_data_0/inst/uart_uav_data_v1_0_S00_AXI_inst/u_utc_time/clk_cnt_reg[57]} {uav_sar_i/zynq_ultra_pl/uart_uav_data_0/inst/uart_uav_data_v1_0_S00_AXI_inst/u_utc_time/clk_cnt_reg[58]} {uav_sar_i/zynq_ultra_pl/uart_uav_data_0/inst/uart_uav_data_v1_0_S00_AXI_inst/u_utc_time/clk_cnt_reg[59]} {uav_sar_i/zynq_ultra_pl/uart_uav_data_0/inst/uart_uav_data_v1_0_S00_AXI_inst/u_utc_time/clk_cnt_reg[60]} {uav_sar_i/zynq_ultra_pl/uart_uav_data_0/inst/uart_uav_data_v1_0_S00_AXI_inst/u_utc_time/clk_cnt_reg[61]} {uav_sar_i/zynq_ultra_pl/uart_uav_data_0/inst/uart_uav_data_v1_0_S00_AXI_inst/u_utc_time/clk_cnt_reg[62]} {uav_sar_i/zynq_ultra_pl/uart_uav_data_0/inst/uart_uav_data_v1_0_S00_AXI_inst/u_utc_time/clk_cnt_reg[63]} ]]
create_debug_port u_ila_0 probe
set_property port_width 32 [get_debug_ports u_ila_0/probe37]
set_property PROBE_TYPE DATA_AND_TRIGGER [get_debug_ports u_ila_0/probe37]
connect_debug_port u_ila_0/probe37 [get_nets [list {uav_sar_i/zynq_ultra_pl/uart_uav_data_0/inst/uart_uav_data_v1_0_S00_AXI_inst/axi_rdata[0]} {uav_sar_i/zynq_ultra_pl/uart_uav_data_0/inst/uart_uav_data_v1_0_S00_AXI_inst/axi_rdata[1]} {uav_sar_i/zynq_ultra_pl/uart_uav_data_0/inst/uart_uav_data_v1_0_S00_AXI_inst/axi_rdata[2]} {uav_sar_i/zynq_ultra_pl/uart_uav_data_0/inst/uart_uav_data_v1_0_S00_AXI_inst/axi_rdata[3]} {uav_sar_i/zynq_ultra_pl/uart_uav_data_0/inst/uart_uav_data_v1_0_S00_AXI_inst/axi_rdata[4]} {uav_sar_i/zynq_ultra_pl/uart_uav_data_0/inst/uart_uav_data_v1_0_S00_AXI_inst/axi_rdata[5]} {uav_sar_i/zynq_ultra_pl/uart_uav_data_0/inst/uart_uav_data_v1_0_S00_AXI_inst/axi_rdata[6]} {uav_sar_i/zynq_ultra_pl/uart_uav_data_0/inst/uart_uav_data_v1_0_S00_AXI_inst/axi_rdata[7]} {uav_sar_i/zynq_ultra_pl/uart_uav_data_0/inst/uart_uav_data_v1_0_S00_AXI_inst/axi_rdata[8]} {uav_sar_i/zynq_ultra_pl/uart_uav_data_0/inst/uart_uav_data_v1_0_S00_AXI_inst/axi_rdata[9]} {uav_sar_i/zynq_ultra_pl/uart_uav_data_0/inst/uart_uav_data_v1_0_S00_AXI_inst/axi_rdata[10]} {uav_sar_i/zynq_ultra_pl/uart_uav_data_0/inst/uart_uav_data_v1_0_S00_AXI_inst/axi_rdata[11]} {uav_sar_i/zynq_ultra_pl/uart_uav_data_0/inst/uart_uav_data_v1_0_S00_AXI_inst/axi_rdata[12]} {uav_sar_i/zynq_ultra_pl/uart_uav_data_0/inst/uart_uav_data_v1_0_S00_AXI_inst/axi_rdata[13]} {uav_sar_i/zynq_ultra_pl/uart_uav_data_0/inst/uart_uav_data_v1_0_S00_AXI_inst/axi_rdata[14]} {uav_sar_i/zynq_ultra_pl/uart_uav_data_0/inst/uart_uav_data_v1_0_S00_AXI_inst/axi_rdata[15]} {uav_sar_i/zynq_ultra_pl/uart_uav_data_0/inst/uart_uav_data_v1_0_S00_AXI_inst/axi_rdata[16]} {uav_sar_i/zynq_ultra_pl/uart_uav_data_0/inst/uart_uav_data_v1_0_S00_AXI_inst/axi_rdata[17]} {uav_sar_i/zynq_ultra_pl/uart_uav_data_0/inst/uart_uav_data_v1_0_S00_AXI_inst/axi_rdata[18]} {uav_sar_i/zynq_ultra_pl/uart_uav_data_0/inst/uart_uav_data_v1_0_S00_AXI_inst/axi_rdata[19]} {uav_sar_i/zynq_ultra_pl/uart_uav_data_0/inst/uart_uav_data_v1_0_S00_AXI_inst/axi_rdata[20]} {uav_sar_i/zynq_ultra_pl/uart_uav_data_0/inst/uart_uav_data_v1_0_S00_AXI_inst/axi_rdata[21]} {uav_sar_i/zynq_ultra_pl/uart_uav_data_0/inst/uart_uav_data_v1_0_S00_AXI_inst/axi_rdata[22]} {uav_sar_i/zynq_ultra_pl/uart_uav_data_0/inst/uart_uav_data_v1_0_S00_AXI_inst/axi_rdata[23]} {uav_sar_i/zynq_ultra_pl/uart_uav_data_0/inst/uart_uav_data_v1_0_S00_AXI_inst/axi_rdata[24]} {uav_sar_i/zynq_ultra_pl/uart_uav_data_0/inst/uart_uav_data_v1_0_S00_AXI_inst/axi_rdata[25]} {uav_sar_i/zynq_ultra_pl/uart_uav_data_0/inst/uart_uav_data_v1_0_S00_AXI_inst/axi_rdata[26]} {uav_sar_i/zynq_ultra_pl/uart_uav_data_0/inst/uart_uav_data_v1_0_S00_AXI_inst/axi_rdata[27]} {uav_sar_i/zynq_ultra_pl/uart_uav_data_0/inst/uart_uav_data_v1_0_S00_AXI_inst/axi_rdata[28]} {uav_sar_i/zynq_ultra_pl/uart_uav_data_0/inst/uart_uav_data_v1_0_S00_AXI_inst/axi_rdata[29]} {uav_sar_i/zynq_ultra_pl/uart_uav_data_0/inst/uart_uav_data_v1_0_S00_AXI_inst/axi_rdata[30]} {uav_sar_i/zynq_ultra_pl/uart_uav_data_0/inst/uart_uav_data_v1_0_S00_AXI_inst/axi_rdata[31]} ]]
create_debug_port u_ila_0 probe
set_property port_width 8 [get_debug_ports u_ila_0/probe38]
set_property PROBE_TYPE DATA_AND_TRIGGER [get_debug_ports u_ila_0/probe38]
connect_debug_port u_ila_0/probe38 [get_nets [list {uav_sar_i/zynq_ultra_pl/uart_uav_data_0/inst/uart_uav_data_v1_0_S00_AXI_inst/u_utc_time/char_buffer[2][0]} {uav_sar_i/zynq_ultra_pl/uart_uav_data_0/inst/uart_uav_data_v1_0_S00_AXI_inst/u_utc_time/char_buffer[2][1]} {uav_sar_i/zynq_ultra_pl/uart_uav_data_0/inst/uart_uav_data_v1_0_S00_AXI_inst/u_utc_time/char_buffer[2][2]} {uav_sar_i/zynq_ultra_pl/uart_uav_data_0/inst/uart_uav_data_v1_0_S00_AXI_inst/u_utc_time/char_buffer[2][3]} {uav_sar_i/zynq_ultra_pl/uart_uav_data_0/inst/uart_uav_data_v1_0_S00_AXI_inst/u_utc_time/char_buffer[2][4]} {uav_sar_i/zynq_ultra_pl/uart_uav_data_0/inst/uart_uav_data_v1_0_S00_AXI_inst/u_utc_time/char_buffer[2][5]} {uav_sar_i/zynq_ultra_pl/uart_uav_data_0/inst/uart_uav_data_v1_0_S00_AXI_inst/u_utc_time/char_buffer[2][6]} {uav_sar_i/zynq_ultra_pl/uart_uav_data_0/inst/uart_uav_data_v1_0_S00_AXI_inst/u_utc_time/char_buffer[2][7]} ]]
create_debug_port u_ila_0 probe
set_property port_width 2 [get_debug_ports u_ila_0/probe39]
set_property PROBE_TYPE DATA_AND_TRIGGER [get_debug_ports u_ila_0/probe39]
connect_debug_port u_ila_0/probe39 [get_nets [list {uav_sar_i/zynq_ultra_pl/uart_uav_data_0/inst/uart_uav_data_v1_0_S00_AXI_inst/u_utc_time/align_state[0]} {uav_sar_i/zynq_ultra_pl/uart_uav_data_0/inst/uart_uav_data_v1_0_S00_AXI_inst/u_utc_time/align_state[1]} ]]
create_debug_port u_ila_0 probe
set_property port_width 8 [get_debug_ports u_ila_0/probe40]
set_property PROBE_TYPE DATA_AND_TRIGGER [get_debug_ports u_ila_0/probe40]
connect_debug_port u_ila_0/probe40 [get_nets [list {uav_sar_i/zynq_ultra_pl/uart_uav_data_0/inst/uart_uav_data_v1_0_S00_AXI_inst/u_utc_time/char_buffer[3][0]} {uav_sar_i/zynq_ultra_pl/uart_uav_data_0/inst/uart_uav_data_v1_0_S00_AXI_inst/u_utc_time/char_buffer[3][1]} {uav_sar_i/zynq_ultra_pl/uart_uav_data_0/inst/uart_uav_data_v1_0_S00_AXI_inst/u_utc_time/char_buffer[3][2]} {uav_sar_i/zynq_ultra_pl/uart_uav_data_0/inst/uart_uav_data_v1_0_S00_AXI_inst/u_utc_time/char_buffer[3][3]} {uav_sar_i/zynq_ultra_pl/uart_uav_data_0/inst/uart_uav_data_v1_0_S00_AXI_inst/u_utc_time/char_buffer[3][4]} {uav_sar_i/zynq_ultra_pl/uart_uav_data_0/inst/uart_uav_data_v1_0_S00_AXI_inst/u_utc_time/char_buffer[3][5]} {uav_sar_i/zynq_ultra_pl/uart_uav_data_0/inst/uart_uav_data_v1_0_S00_AXI_inst/u_utc_time/char_buffer[3][6]} {uav_sar_i/zynq_ultra_pl/uart_uav_data_0/inst/uart_uav_data_v1_0_S00_AXI_inst/u_utc_time/char_buffer[3][7]} ]]
create_debug_port u_ila_0 probe
set_property port_width 8 [get_debug_ports u_ila_0/probe41]
set_property PROBE_TYPE DATA_AND_TRIGGER [get_debug_ports u_ila_0/probe41]
connect_debug_port u_ila_0/probe41 [get_nets [list {uav_sar_i/zynq_ultra_pl/uart_uav_data_0/inst/uart_uav_data_v1_0_S00_AXI_inst/u_utc_time/char_buffer[6][0]} {uav_sar_i/zynq_ultra_pl/uart_uav_data_0/inst/uart_uav_data_v1_0_S00_AXI_inst/u_utc_time/char_buffer[6][1]} {uav_sar_i/zynq_ultra_pl/uart_uav_data_0/inst/uart_uav_data_v1_0_S00_AXI_inst/u_utc_time/char_buffer[6][2]} {uav_sar_i/zynq_ultra_pl/uart_uav_data_0/inst/uart_uav_data_v1_0_S00_AXI_inst/u_utc_time/char_buffer[6][3]} {uav_sar_i/zynq_ultra_pl/uart_uav_data_0/inst/uart_uav_data_v1_0_S00_AXI_inst/u_utc_time/char_buffer[6][4]} {uav_sar_i/zynq_ultra_pl/uart_uav_data_0/inst/uart_uav_data_v1_0_S00_AXI_inst/u_utc_time/char_buffer[6][5]} {uav_sar_i/zynq_ultra_pl/uart_uav_data_0/inst/uart_uav_data_v1_0_S00_AXI_inst/u_utc_time/char_buffer[6][6]} {uav_sar_i/zynq_ultra_pl/uart_uav_data_0/inst/uart_uav_data_v1_0_S00_AXI_inst/u_utc_time/char_buffer[6][7]} ]]
create_debug_port u_ila_0 probe
set_property port_width 8 [get_debug_ports u_ila_0/probe42]
set_property PROBE_TYPE DATA_AND_TRIGGER [get_debug_ports u_ila_0/probe42]
connect_debug_port u_ila_0/probe42 [get_nets [list {uav_sar_i/zynq_ultra_pl/uart_uav_data_0/inst/uart_uav_data_v1_0_S00_AXI_inst/u_utc_time/char_buffer[4][0]} {uav_sar_i/zynq_ultra_pl/uart_uav_data_0/inst/uart_uav_data_v1_0_S00_AXI_inst/u_utc_time/char_buffer[4][1]} {uav_sar_i/zynq_ultra_pl/uart_uav_data_0/inst/uart_uav_data_v1_0_S00_AXI_inst/u_utc_time/char_buffer[4][2]} {uav_sar_i/zynq_ultra_pl/uart_uav_data_0/inst/uart_uav_data_v1_0_S00_AXI_inst/u_utc_time/char_buffer[4][3]} {uav_sar_i/zynq_ultra_pl/uart_uav_data_0/inst/uart_uav_data_v1_0_S00_AXI_inst/u_utc_time/char_buffer[4][4]} {uav_sar_i/zynq_ultra_pl/uart_uav_data_0/inst/uart_uav_data_v1_0_S00_AXI_inst/u_utc_time/char_buffer[4][5]} {uav_sar_i/zynq_ultra_pl/uart_uav_data_0/inst/uart_uav_data_v1_0_S00_AXI_inst/u_utc_time/char_buffer[4][6]} {uav_sar_i/zynq_ultra_pl/uart_uav_data_0/inst/uart_uav_data_v1_0_S00_AXI_inst/u_utc_time/char_buffer[4][7]} ]]
create_debug_port u_ila_0 probe
set_property port_width 8 [get_debug_ports u_ila_0/probe43]
set_property PROBE_TYPE DATA_AND_TRIGGER [get_debug_ports u_ila_0/probe43]
connect_debug_port u_ila_0/probe43 [get_nets [list {uav_sar_i/zynq_ultra_pl/uart_uav_data_0/inst/uart_uav_data_v1_0_S00_AXI_inst/u_utc_time/char_buffer[5][0]} {uav_sar_i/zynq_ultra_pl/uart_uav_data_0/inst/uart_uav_data_v1_0_S00_AXI_inst/u_utc_time/char_buffer[5][1]} {uav_sar_i/zynq_ultra_pl/uart_uav_data_0/inst/uart_uav_data_v1_0_S00_AXI_inst/u_utc_time/char_buffer[5][2]} {uav_sar_i/zynq_ultra_pl/uart_uav_data_0/inst/uart_uav_data_v1_0_S00_AXI_inst/u_utc_time/char_buffer[5][3]} {uav_sar_i/zynq_ultra_pl/uart_uav_data_0/inst/uart_uav_data_v1_0_S00_AXI_inst/u_utc_time/char_buffer[5][4]} {uav_sar_i/zynq_ultra_pl/uart_uav_data_0/inst/uart_uav_data_v1_0_S00_AXI_inst/u_utc_time/char_buffer[5][5]} {uav_sar_i/zynq_ultra_pl/uart_uav_data_0/inst/uart_uav_data_v1_0_S00_AXI_inst/u_utc_time/char_buffer[5][6]} {uav_sar_i/zynq_ultra_pl/uart_uav_data_0/inst/uart_uav_data_v1_0_S00_AXI_inst/u_utc_time/char_buffer[5][7]} ]]
create_debug_port u_ila_0 probe
set_property port_width 8 [get_debug_ports u_ila_0/probe44]
set_property PROBE_TYPE DATA_AND_TRIGGER [get_debug_ports u_ila_0/probe44]
connect_debug_port u_ila_0/probe44 [get_nets [list {uav_sar_i/zynq_ultra_pl/uart_uav_data_0/inst/uart_uav_data_v1_0_S00_AXI_inst/u_utc_time/char_buffer[0][0]} {uav_sar_i/zynq_ultra_pl/uart_uav_data_0/inst/uart_uav_data_v1_0_S00_AXI_inst/u_utc_time/char_buffer[0][1]} {uav_sar_i/zynq_ultra_pl/uart_uav_data_0/inst/uart_uav_data_v1_0_S00_AXI_inst/u_utc_time/char_buffer[0][2]} {uav_sar_i/zynq_ultra_pl/uart_uav_data_0/inst/uart_uav_data_v1_0_S00_AXI_inst/u_utc_time/char_buffer[0][3]} {uav_sar_i/zynq_ultra_pl/uart_uav_data_0/inst/uart_uav_data_v1_0_S00_AXI_inst/u_utc_time/char_buffer[0][4]} {uav_sar_i/zynq_ultra_pl/uart_uav_data_0/inst/uart_uav_data_v1_0_S00_AXI_inst/u_utc_time/char_buffer[0][5]} {uav_sar_i/zynq_ultra_pl/uart_uav_data_0/inst/uart_uav_data_v1_0_S00_AXI_inst/u_utc_time/char_buffer[0][6]} {uav_sar_i/zynq_ultra_pl/uart_uav_data_0/inst/uart_uav_data_v1_0_S00_AXI_inst/u_utc_time/char_buffer[0][7]} ]]
create_debug_port u_ila_0 probe
set_property port_width 32 [get_debug_ports u_ila_0/probe45]
set_property PROBE_TYPE DATA_AND_TRIGGER [get_debug_ports u_ila_0/probe45]
connect_debug_port u_ila_0/probe45 [get_nets [list {uav_sar_i/zynq_ultra_pl/uart_uav_data_0/inst/uart_uav_data_v1_0_S00_AXI_inst/u_utc_time/hh[0]} {uav_sar_i/zynq_ultra_pl/uart_uav_data_0/inst/uart_uav_data_v1_0_S00_AXI_inst/u_utc_time/hh[1]} {uav_sar_i/zynq_ultra_pl/uart_uav_data_0/inst/uart_uav_data_v1_0_S00_AXI_inst/u_utc_time/hh[2]} {uav_sar_i/zynq_ultra_pl/uart_uav_data_0/inst/uart_uav_data_v1_0_S00_AXI_inst/u_utc_time/hh[3]} {uav_sar_i/zynq_ultra_pl/uart_uav_data_0/inst/uart_uav_data_v1_0_S00_AXI_inst/u_utc_time/hh[4]} {uav_sar_i/zynq_ultra_pl/uart_uav_data_0/inst/uart_uav_data_v1_0_S00_AXI_inst/u_utc_time/hh[5]} {uav_sar_i/zynq_ultra_pl/uart_uav_data_0/inst/uart_uav_data_v1_0_S00_AXI_inst/u_utc_time/hh[6]} {uav_sar_i/zynq_ultra_pl/uart_uav_data_0/inst/uart_uav_data_v1_0_S00_AXI_inst/u_utc_time/hh[7]} {uav_sar_i/zynq_ultra_pl/uart_uav_data_0/inst/uart_uav_data_v1_0_S00_AXI_inst/u_utc_time/hh[8]} {uav_sar_i/zynq_ultra_pl/uart_uav_data_0/inst/uart_uav_data_v1_0_S00_AXI_inst/u_utc_time/hh[9]} {uav_sar_i/zynq_ultra_pl/uart_uav_data_0/inst/uart_uav_data_v1_0_S00_AXI_inst/u_utc_time/hh[10]} {uav_sar_i/zynq_ultra_pl/uart_uav_data_0/inst/uart_uav_data_v1_0_S00_AXI_inst/u_utc_time/hh[11]} {uav_sar_i/zynq_ultra_pl/uart_uav_data_0/inst/uart_uav_data_v1_0_S00_AXI_inst/u_utc_time/hh[12]} {uav_sar_i/zynq_ultra_pl/uart_uav_data_0/inst/uart_uav_data_v1_0_S00_AXI_inst/u_utc_time/hh[13]} {uav_sar_i/zynq_ultra_pl/uart_uav_data_0/inst/uart_uav_data_v1_0_S00_AXI_inst/u_utc_time/hh[14]} {uav_sar_i/zynq_ultra_pl/uart_uav_data_0/inst/uart_uav_data_v1_0_S00_AXI_inst/u_utc_time/hh[15]} {uav_sar_i/zynq_ultra_pl/uart_uav_data_0/inst/uart_uav_data_v1_0_S00_AXI_inst/u_utc_time/hh[16]} {uav_sar_i/zynq_ultra_pl/uart_uav_data_0/inst/uart_uav_data_v1_0_S00_AXI_inst/u_utc_time/hh[17]} {uav_sar_i/zynq_ultra_pl/uart_uav_data_0/inst/uart_uav_data_v1_0_S00_AXI_inst/u_utc_time/hh[18]} {uav_sar_i/zynq_ultra_pl/uart_uav_data_0/inst/uart_uav_data_v1_0_S00_AXI_inst/u_utc_time/hh[19]} {uav_sar_i/zynq_ultra_pl/uart_uav_data_0/inst/uart_uav_data_v1_0_S00_AXI_inst/u_utc_time/hh[20]} {uav_sar_i/zynq_ultra_pl/uart_uav_data_0/inst/uart_uav_data_v1_0_S00_AXI_inst/u_utc_time/hh[21]} {uav_sar_i/zynq_ultra_pl/uart_uav_data_0/inst/uart_uav_data_v1_0_S00_AXI_inst/u_utc_time/hh[22]} {uav_sar_i/zynq_ultra_pl/uart_uav_data_0/inst/uart_uav_data_v1_0_S00_AXI_inst/u_utc_time/hh[23]} {uav_sar_i/zynq_ultra_pl/uart_uav_data_0/inst/uart_uav_data_v1_0_S00_AXI_inst/u_utc_time/hh[24]} {uav_sar_i/zynq_ultra_pl/uart_uav_data_0/inst/uart_uav_data_v1_0_S00_AXI_inst/u_utc_time/hh[25]} {uav_sar_i/zynq_ultra_pl/uart_uav_data_0/inst/uart_uav_data_v1_0_S00_AXI_inst/u_utc_time/hh[26]} {uav_sar_i/zynq_ultra_pl/uart_uav_data_0/inst/uart_uav_data_v1_0_S00_AXI_inst/u_utc_time/hh[27]} {uav_sar_i/zynq_ultra_pl/uart_uav_data_0/inst/uart_uav_data_v1_0_S00_AXI_inst/u_utc_time/hh[28]} {uav_sar_i/zynq_ultra_pl/uart_uav_data_0/inst/uart_uav_data_v1_0_S00_AXI_inst/u_utc_time/hh[29]} {uav_sar_i/zynq_ultra_pl/uart_uav_data_0/inst/uart_uav_data_v1_0_S00_AXI_inst/u_utc_time/hh[30]} {uav_sar_i/zynq_ultra_pl/uart_uav_data_0/inst/uart_uav_data_v1_0_S00_AXI_inst/u_utc_time/hh[31]} ]]
create_debug_port u_ila_0 probe
set_property port_width 32 [get_debug_ports u_ila_0/probe46]
set_property PROBE_TYPE DATA_AND_TRIGGER [get_debug_ports u_ila_0/probe46]
connect_debug_port u_ila_0/probe46 [get_nets [list {uav_sar_i/zynq_ultra_pl/uart_uav_data_0/inst/uart_uav_data_v1_0_S00_AXI_inst/u_utc_time/ss_frac[0]} {uav_sar_i/zynq_ultra_pl/uart_uav_data_0/inst/uart_uav_data_v1_0_S00_AXI_inst/u_utc_time/ss_frac[1]} {uav_sar_i/zynq_ultra_pl/uart_uav_data_0/inst/uart_uav_data_v1_0_S00_AXI_inst/u_utc_time/ss_frac[2]} {uav_sar_i/zynq_ultra_pl/uart_uav_data_0/inst/uart_uav_data_v1_0_S00_AXI_inst/u_utc_time/ss_frac[3]} {uav_sar_i/zynq_ultra_pl/uart_uav_data_0/inst/uart_uav_data_v1_0_S00_AXI_inst/u_utc_time/ss_frac[4]} {uav_sar_i/zynq_ultra_pl/uart_uav_data_0/inst/uart_uav_data_v1_0_S00_AXI_inst/u_utc_time/ss_frac[5]} {uav_sar_i/zynq_ultra_pl/uart_uav_data_0/inst/uart_uav_data_v1_0_S00_AXI_inst/u_utc_time/ss_frac[6]} {uav_sar_i/zynq_ultra_pl/uart_uav_data_0/inst/uart_uav_data_v1_0_S00_AXI_inst/u_utc_time/ss_frac[7]} {uav_sar_i/zynq_ultra_pl/uart_uav_data_0/inst/uart_uav_data_v1_0_S00_AXI_inst/u_utc_time/ss_frac[8]} {uav_sar_i/zynq_ultra_pl/uart_uav_data_0/inst/uart_uav_data_v1_0_S00_AXI_inst/u_utc_time/ss_frac[9]} {uav_sar_i/zynq_ultra_pl/uart_uav_data_0/inst/uart_uav_data_v1_0_S00_AXI_inst/u_utc_time/ss_frac[10]} {uav_sar_i/zynq_ultra_pl/uart_uav_data_0/inst/uart_uav_data_v1_0_S00_AXI_inst/u_utc_time/ss_frac[11]} {uav_sar_i/zynq_ultra_pl/uart_uav_data_0/inst/uart_uav_data_v1_0_S00_AXI_inst/u_utc_time/ss_frac[12]} {uav_sar_i/zynq_ultra_pl/uart_uav_data_0/inst/uart_uav_data_v1_0_S00_AXI_inst/u_utc_time/ss_frac[13]} {uav_sar_i/zynq_ultra_pl/uart_uav_data_0/inst/uart_uav_data_v1_0_S00_AXI_inst/u_utc_time/ss_frac[14]} {uav_sar_i/zynq_ultra_pl/uart_uav_data_0/inst/uart_uav_data_v1_0_S00_AXI_inst/u_utc_time/ss_frac[15]} {uav_sar_i/zynq_ultra_pl/uart_uav_data_0/inst/uart_uav_data_v1_0_S00_AXI_inst/u_utc_time/ss_frac[16]} {uav_sar_i/zynq_ultra_pl/uart_uav_data_0/inst/uart_uav_data_v1_0_S00_AXI_inst/u_utc_time/ss_frac[17]} {uav_sar_i/zynq_ultra_pl/uart_uav_data_0/inst/uart_uav_data_v1_0_S00_AXI_inst/u_utc_time/ss_frac[18]} {uav_sar_i/zynq_ultra_pl/uart_uav_data_0/inst/uart_uav_data_v1_0_S00_AXI_inst/u_utc_time/ss_frac[19]} {uav_sar_i/zynq_ultra_pl/uart_uav_data_0/inst/uart_uav_data_v1_0_S00_AXI_inst/u_utc_time/ss_frac[20]} {uav_sar_i/zynq_ultra_pl/uart_uav_data_0/inst/uart_uav_data_v1_0_S00_AXI_inst/u_utc_time/ss_frac[21]} {uav_sar_i/zynq_ultra_pl/uart_uav_data_0/inst/uart_uav_data_v1_0_S00_AXI_inst/u_utc_time/ss_frac[22]} {uav_sar_i/zynq_ultra_pl/uart_uav_data_0/inst/uart_uav_data_v1_0_S00_AXI_inst/u_utc_time/ss_frac[23]} {uav_sar_i/zynq_ultra_pl/uart_uav_data_0/inst/uart_uav_data_v1_0_S00_AXI_inst/u_utc_time/ss_frac[24]} {uav_sar_i/zynq_ultra_pl/uart_uav_data_0/inst/uart_uav_data_v1_0_S00_AXI_inst/u_utc_time/ss_frac[25]} {uav_sar_i/zynq_ultra_pl/uart_uav_data_0/inst/uart_uav_data_v1_0_S00_AXI_inst/u_utc_time/ss_frac[26]} {uav_sar_i/zynq_ultra_pl/uart_uav_data_0/inst/uart_uav_data_v1_0_S00_AXI_inst/u_utc_time/ss_frac[27]} {uav_sar_i/zynq_ultra_pl/uart_uav_data_0/inst/uart_uav_data_v1_0_S00_AXI_inst/u_utc_time/ss_frac[28]} {uav_sar_i/zynq_ultra_pl/uart_uav_data_0/inst/uart_uav_data_v1_0_S00_AXI_inst/u_utc_time/ss_frac[29]} {uav_sar_i/zynq_ultra_pl/uart_uav_data_0/inst/uart_uav_data_v1_0_S00_AXI_inst/u_utc_time/ss_frac[30]} {uav_sar_i/zynq_ultra_pl/uart_uav_data_0/inst/uart_uav_data_v1_0_S00_AXI_inst/u_utc_time/ss_frac[31]} ]]
create_debug_port u_ila_0 probe
set_property port_width 33 [get_debug_ports u_ila_0/probe47]
set_property PROBE_TYPE DATA_AND_TRIGGER [get_debug_ports u_ila_0/probe47]
connect_debug_port u_ila_0/probe47 [get_nets [list {uav_sar_i/zynq_ultra_pl/uart_uav_data_0/inst/uart_uav_data_v1_0_S00_AXI_inst/u_utc_time/time_aligned_ms[0]} {uav_sar_i/zynq_ultra_pl/uart_uav_data_0/inst/uart_uav_data_v1_0_S00_AXI_inst/u_utc_time/time_aligned_ms[1]} {uav_sar_i/zynq_ultra_pl/uart_uav_data_0/inst/uart_uav_data_v1_0_S00_AXI_inst/u_utc_time/time_aligned_ms[2]} {uav_sar_i/zynq_ultra_pl/uart_uav_data_0/inst/uart_uav_data_v1_0_S00_AXI_inst/u_utc_time/time_aligned_ms[3]} {uav_sar_i/zynq_ultra_pl/uart_uav_data_0/inst/uart_uav_data_v1_0_S00_AXI_inst/u_utc_time/time_aligned_ms[4]} {uav_sar_i/zynq_ultra_pl/uart_uav_data_0/inst/uart_uav_data_v1_0_S00_AXI_inst/u_utc_time/time_aligned_ms[5]} {uav_sar_i/zynq_ultra_pl/uart_uav_data_0/inst/uart_uav_data_v1_0_S00_AXI_inst/u_utc_time/time_aligned_ms[6]} {uav_sar_i/zynq_ultra_pl/uart_uav_data_0/inst/uart_uav_data_v1_0_S00_AXI_inst/u_utc_time/time_aligned_ms[7]} {uav_sar_i/zynq_ultra_pl/uart_uav_data_0/inst/uart_uav_data_v1_0_S00_AXI_inst/u_utc_time/time_aligned_ms[8]} {uav_sar_i/zynq_ultra_pl/uart_uav_data_0/inst/uart_uav_data_v1_0_S00_AXI_inst/u_utc_time/time_aligned_ms[9]} {uav_sar_i/zynq_ultra_pl/uart_uav_data_0/inst/uart_uav_data_v1_0_S00_AXI_inst/u_utc_time/time_aligned_ms[10]} {uav_sar_i/zynq_ultra_pl/uart_uav_data_0/inst/uart_uav_data_v1_0_S00_AXI_inst/u_utc_time/time_aligned_ms[11]} {uav_sar_i/zynq_ultra_pl/uart_uav_data_0/inst/uart_uav_data_v1_0_S00_AXI_inst/u_utc_time/time_aligned_ms[12]} {uav_sar_i/zynq_ultra_pl/uart_uav_data_0/inst/uart_uav_data_v1_0_S00_AXI_inst/u_utc_time/time_aligned_ms[13]} {uav_sar_i/zynq_ultra_pl/uart_uav_data_0/inst/uart_uav_data_v1_0_S00_AXI_inst/u_utc_time/time_aligned_ms[14]} {uav_sar_i/zynq_ultra_pl/uart_uav_data_0/inst/uart_uav_data_v1_0_S00_AXI_inst/u_utc_time/time_aligned_ms[15]} {uav_sar_i/zynq_ultra_pl/uart_uav_data_0/inst/uart_uav_data_v1_0_S00_AXI_inst/u_utc_time/time_aligned_ms[16]} {uav_sar_i/zynq_ultra_pl/uart_uav_data_0/inst/uart_uav_data_v1_0_S00_AXI_inst/u_utc_time/time_aligned_ms[17]} {uav_sar_i/zynq_ultra_pl/uart_uav_data_0/inst/uart_uav_data_v1_0_S00_AXI_inst/u_utc_time/time_aligned_ms[18]} {uav_sar_i/zynq_ultra_pl/uart_uav_data_0/inst/uart_uav_data_v1_0_S00_AXI_inst/u_utc_time/time_aligned_ms[19]} {uav_sar_i/zynq_ultra_pl/uart_uav_data_0/inst/uart_uav_data_v1_0_S00_AXI_inst/u_utc_time/time_aligned_ms[20]} {uav_sar_i/zynq_ultra_pl/uart_uav_data_0/inst/uart_uav_data_v1_0_S00_AXI_inst/u_utc_time/time_aligned_ms[21]} {uav_sar_i/zynq_ultra_pl/uart_uav_data_0/inst/uart_uav_data_v1_0_S00_AXI_inst/u_utc_time/time_aligned_ms[22]} {uav_sar_i/zynq_ultra_pl/uart_uav_data_0/inst/uart_uav_data_v1_0_S00_AXI_inst/u_utc_time/time_aligned_ms[23]} {uav_sar_i/zynq_ultra_pl/uart_uav_data_0/inst/uart_uav_data_v1_0_S00_AXI_inst/u_utc_time/time_aligned_ms[24]} {uav_sar_i/zynq_ultra_pl/uart_uav_data_0/inst/uart_uav_data_v1_0_S00_AXI_inst/u_utc_time/time_aligned_ms[25]} {uav_sar_i/zynq_ultra_pl/uart_uav_data_0/inst/uart_uav_data_v1_0_S00_AXI_inst/u_utc_time/time_aligned_ms[26]} {uav_sar_i/zynq_ultra_pl/uart_uav_data_0/inst/uart_uav_data_v1_0_S00_AXI_inst/u_utc_time/time_aligned_ms[27]} {uav_sar_i/zynq_ultra_pl/uart_uav_data_0/inst/uart_uav_data_v1_0_S00_AXI_inst/u_utc_time/time_aligned_ms[28]} {uav_sar_i/zynq_ultra_pl/uart_uav_data_0/inst/uart_uav_data_v1_0_S00_AXI_inst/u_utc_time/time_aligned_ms[29]} {uav_sar_i/zynq_ultra_pl/uart_uav_data_0/inst/uart_uav_data_v1_0_S00_AXI_inst/u_utc_time/time_aligned_ms[30]} {uav_sar_i/zynq_ultra_pl/uart_uav_data_0/inst/uart_uav_data_v1_0_S00_AXI_inst/u_utc_time/time_aligned_ms[31]} {uav_sar_i/zynq_ultra_pl/uart_uav_data_0/inst/uart_uav_data_v1_0_S00_AXI_inst/u_utc_time/time_aligned_ms[32]} ]]
create_debug_port u_ila_0 probe
set_property port_width 32 [get_debug_ports u_ila_0/probe48]
set_property PROBE_TYPE DATA_AND_TRIGGER [get_debug_ports u_ila_0/probe48]
connect_debug_port u_ila_0/probe48 [get_nets [list {uav_sar_i/zynq_ultra_pl/uart_uav_data_0/inst/uart_uav_data_v1_0_S00_AXI_inst/u_utc_time/mm[0]} {uav_sar_i/zynq_ultra_pl/uart_uav_data_0/inst/uart_uav_data_v1_0_S00_AXI_inst/u_utc_time/mm[1]} {uav_sar_i/zynq_ultra_pl/uart_uav_data_0/inst/uart_uav_data_v1_0_S00_AXI_inst/u_utc_time/mm[2]} {uav_sar_i/zynq_ultra_pl/uart_uav_data_0/inst/uart_uav_data_v1_0_S00_AXI_inst/u_utc_time/mm[3]} {uav_sar_i/zynq_ultra_pl/uart_uav_data_0/inst/uart_uav_data_v1_0_S00_AXI_inst/u_utc_time/mm[4]} {uav_sar_i/zynq_ultra_pl/uart_uav_data_0/inst/uart_uav_data_v1_0_S00_AXI_inst/u_utc_time/mm[5]} {uav_sar_i/zynq_ultra_pl/uart_uav_data_0/inst/uart_uav_data_v1_0_S00_AXI_inst/u_utc_time/mm[6]} {uav_sar_i/zynq_ultra_pl/uart_uav_data_0/inst/uart_uav_data_v1_0_S00_AXI_inst/u_utc_time/mm[7]} {uav_sar_i/zynq_ultra_pl/uart_uav_data_0/inst/uart_uav_data_v1_0_S00_AXI_inst/u_utc_time/mm[8]} {uav_sar_i/zynq_ultra_pl/uart_uav_data_0/inst/uart_uav_data_v1_0_S00_AXI_inst/u_utc_time/mm[9]} {uav_sar_i/zynq_ultra_pl/uart_uav_data_0/inst/uart_uav_data_v1_0_S00_AXI_inst/u_utc_time/mm[10]} {uav_sar_i/zynq_ultra_pl/uart_uav_data_0/inst/uart_uav_data_v1_0_S00_AXI_inst/u_utc_time/mm[11]} {uav_sar_i/zynq_ultra_pl/uart_uav_data_0/inst/uart_uav_data_v1_0_S00_AXI_inst/u_utc_time/mm[12]} {uav_sar_i/zynq_ultra_pl/uart_uav_data_0/inst/uart_uav_data_v1_0_S00_AXI_inst/u_utc_time/mm[13]} {uav_sar_i/zynq_ultra_pl/uart_uav_data_0/inst/uart_uav_data_v1_0_S00_AXI_inst/u_utc_time/mm[14]} {uav_sar_i/zynq_ultra_pl/uart_uav_data_0/inst/uart_uav_data_v1_0_S00_AXI_inst/u_utc_time/mm[15]} {uav_sar_i/zynq_ultra_pl/uart_uav_data_0/inst/uart_uav_data_v1_0_S00_AXI_inst/u_utc_time/mm[16]} {uav_sar_i/zynq_ultra_pl/uart_uav_data_0/inst/uart_uav_data_v1_0_S00_AXI_inst/u_utc_time/mm[17]} {uav_sar_i/zynq_ultra_pl/uart_uav_data_0/inst/uart_uav_data_v1_0_S00_AXI_inst/u_utc_time/mm[18]} {uav_sar_i/zynq_ultra_pl/uart_uav_data_0/inst/uart_uav_data_v1_0_S00_AXI_inst/u_utc_time/mm[19]} {uav_sar_i/zynq_ultra_pl/uart_uav_data_0/inst/uart_uav_data_v1_0_S00_AXI_inst/u_utc_time/mm[20]} {uav_sar_i/zynq_ultra_pl/uart_uav_data_0/inst/uart_uav_data_v1_0_S00_AXI_inst/u_utc_time/mm[21]} {uav_sar_i/zynq_ultra_pl/uart_uav_data_0/inst/uart_uav_data_v1_0_S00_AXI_inst/u_utc_time/mm[22]} {uav_sar_i/zynq_ultra_pl/uart_uav_data_0/inst/uart_uav_data_v1_0_S00_AXI_inst/u_utc_time/mm[23]} {uav_sar_i/zynq_ultra_pl/uart_uav_data_0/inst/uart_uav_data_v1_0_S00_AXI_inst/u_utc_time/mm[24]} {uav_sar_i/zynq_ultra_pl/uart_uav_data_0/inst/uart_uav_data_v1_0_S00_AXI_inst/u_utc_time/mm[25]} {uav_sar_i/zynq_ultra_pl/uart_uav_data_0/inst/uart_uav_data_v1_0_S00_AXI_inst/u_utc_time/mm[26]} {uav_sar_i/zynq_ultra_pl/uart_uav_data_0/inst/uart_uav_data_v1_0_S00_AXI_inst/u_utc_time/mm[27]} {uav_sar_i/zynq_ultra_pl/uart_uav_data_0/inst/uart_uav_data_v1_0_S00_AXI_inst/u_utc_time/mm[28]} {uav_sar_i/zynq_ultra_pl/uart_uav_data_0/inst/uart_uav_data_v1_0_S00_AXI_inst/u_utc_time/mm[29]} {uav_sar_i/zynq_ultra_pl/uart_uav_data_0/inst/uart_uav_data_v1_0_S00_AXI_inst/u_utc_time/mm[30]} {uav_sar_i/zynq_ultra_pl/uart_uav_data_0/inst/uart_uav_data_v1_0_S00_AXI_inst/u_utc_time/mm[31]} ]]
create_debug_port u_ila_0 probe
set_property port_width 3 [get_debug_ports u_ila_0/probe49]
set_property PROBE_TYPE DATA_AND_TRIGGER [get_debug_ports u_ila_0/probe49]
connect_debug_port u_ila_0/probe49 [get_nets [list {uav_sar_i/zynq_ultra_pl/uart_uav_data_0/inst/uart_uav_data_v1_0_S00_AXI_inst/u_utc_time/state[0]} {uav_sar_i/zynq_ultra_pl/uart_uav_data_0/inst/uart_uav_data_v1_0_S00_AXI_inst/u_utc_time/state[1]} {uav_sar_i/zynq_ultra_pl/uart_uav_data_0/inst/uart_uav_data_v1_0_S00_AXI_inst/u_utc_time/state[2]} ]]
create_debug_port u_ila_0 probe
set_property port_width 32 [get_debug_ports u_ila_0/probe50]
set_property PROBE_TYPE DATA_AND_TRIGGER [get_debug_ports u_ila_0/probe50]
connect_debug_port u_ila_0/probe50 [get_nets [list {uav_sar_i/zynq_ultra_pl/uart_uav_data_0/inst/uart_uav_data_v1_0_S00_AXI_inst/u_utc_time/ss[0]} {uav_sar_i/zynq_ultra_pl/uart_uav_data_0/inst/uart_uav_data_v1_0_S00_AXI_inst/u_utc_time/ss[1]} {uav_sar_i/zynq_ultra_pl/uart_uav_data_0/inst/uart_uav_data_v1_0_S00_AXI_inst/u_utc_time/ss[2]} {uav_sar_i/zynq_ultra_pl/uart_uav_data_0/inst/uart_uav_data_v1_0_S00_AXI_inst/u_utc_time/ss[3]} {uav_sar_i/zynq_ultra_pl/uart_uav_data_0/inst/uart_uav_data_v1_0_S00_AXI_inst/u_utc_time/ss[4]} {uav_sar_i/zynq_ultra_pl/uart_uav_data_0/inst/uart_uav_data_v1_0_S00_AXI_inst/u_utc_time/ss[5]} {uav_sar_i/zynq_ultra_pl/uart_uav_data_0/inst/uart_uav_data_v1_0_S00_AXI_inst/u_utc_time/ss[6]} {uav_sar_i/zynq_ultra_pl/uart_uav_data_0/inst/uart_uav_data_v1_0_S00_AXI_inst/u_utc_time/ss[7]} {uav_sar_i/zynq_ultra_pl/uart_uav_data_0/inst/uart_uav_data_v1_0_S00_AXI_inst/u_utc_time/ss[8]} {uav_sar_i/zynq_ultra_pl/uart_uav_data_0/inst/uart_uav_data_v1_0_S00_AXI_inst/u_utc_time/ss[9]} {uav_sar_i/zynq_ultra_pl/uart_uav_data_0/inst/uart_uav_data_v1_0_S00_AXI_inst/u_utc_time/ss[10]} {uav_sar_i/zynq_ultra_pl/uart_uav_data_0/inst/uart_uav_data_v1_0_S00_AXI_inst/u_utc_time/ss[11]} {uav_sar_i/zynq_ultra_pl/uart_uav_data_0/inst/uart_uav_data_v1_0_S00_AXI_inst/u_utc_time/ss[12]} {uav_sar_i/zynq_ultra_pl/uart_uav_data_0/inst/uart_uav_data_v1_0_S00_AXI_inst/u_utc_time/ss[13]} {uav_sar_i/zynq_ultra_pl/uart_uav_data_0/inst/uart_uav_data_v1_0_S00_AXI_inst/u_utc_time/ss[14]} {uav_sar_i/zynq_ultra_pl/uart_uav_data_0/inst/uart_uav_data_v1_0_S00_AXI_inst/u_utc_time/ss[15]} {uav_sar_i/zynq_ultra_pl/uart_uav_data_0/inst/uart_uav_data_v1_0_S00_AXI_inst/u_utc_time/ss[16]} {uav_sar_i/zynq_ultra_pl/uart_uav_data_0/inst/uart_uav_data_v1_0_S00_AXI_inst/u_utc_time/ss[17]} {uav_sar_i/zynq_ultra_pl/uart_uav_data_0/inst/uart_uav_data_v1_0_S00_AXI_inst/u_utc_time/ss[18]} {uav_sar_i/zynq_ultra_pl/uart_uav_data_0/inst/uart_uav_data_v1_0_S00_AXI_inst/u_utc_time/ss[19]} {uav_sar_i/zynq_ultra_pl/uart_uav_data_0/inst/uart_uav_data_v1_0_S00_AXI_inst/u_utc_time/ss[20]} {uav_sar_i/zynq_ultra_pl/uart_uav_data_0/inst/uart_uav_data_v1_0_S00_AXI_inst/u_utc_time/ss[21]} {uav_sar_i/zynq_ultra_pl/uart_uav_data_0/inst/uart_uav_data_v1_0_S00_AXI_inst/u_utc_time/ss[22]} {uav_sar_i/zynq_ultra_pl/uart_uav_data_0/inst/uart_uav_data_v1_0_S00_AXI_inst/u_utc_time/ss[23]} {uav_sar_i/zynq_ultra_pl/uart_uav_data_0/inst/uart_uav_data_v1_0_S00_AXI_inst/u_utc_time/ss[24]} {uav_sar_i/zynq_ultra_pl/uart_uav_data_0/inst/uart_uav_data_v1_0_S00_AXI_inst/u_utc_time/ss[25]} {uav_sar_i/zynq_ultra_pl/uart_uav_data_0/inst/uart_uav_data_v1_0_S00_AXI_inst/u_utc_time/ss[26]} {uav_sar_i/zynq_ultra_pl/uart_uav_data_0/inst/uart_uav_data_v1_0_S00_AXI_inst/u_utc_time/ss[27]} {uav_sar_i/zynq_ultra_pl/uart_uav_data_0/inst/uart_uav_data_v1_0_S00_AXI_inst/u_utc_time/ss[28]} {uav_sar_i/zynq_ultra_pl/uart_uav_data_0/inst/uart_uav_data_v1_0_S00_AXI_inst/u_utc_time/ss[29]} {uav_sar_i/zynq_ultra_pl/uart_uav_data_0/inst/uart_uav_data_v1_0_S00_AXI_inst/u_utc_time/ss[30]} {uav_sar_i/zynq_ultra_pl/uart_uav_data_0/inst/uart_uav_data_v1_0_S00_AXI_inst/u_utc_time/ss[31]} ]]
create_debug_port u_ila_0 probe
set_property port_width 32 [get_debug_ports u_ila_0/probe51]
set_property PROBE_TYPE DATA_AND_TRIGGER [get_debug_ports u_ila_0/probe51]
connect_debug_port u_ila_0/probe51 [get_nets [list {uav_sar_i/zynq_ultra_pl/uart_uav_data_0/inst/uart_uav_data_v1_0_S00_AXI_inst/reg_data_out[0]} {uav_sar_i/zynq_ultra_pl/uart_uav_data_0/inst/uart_uav_data_v1_0_S00_AXI_inst/reg_data_out[1]} {uav_sar_i/zynq_ultra_pl/uart_uav_data_0/inst/uart_uav_data_v1_0_S00_AXI_inst/reg_data_out[2]} {uav_sar_i/zynq_ultra_pl/uart_uav_data_0/inst/uart_uav_data_v1_0_S00_AXI_inst/reg_data_out[3]} {uav_sar_i/zynq_ultra_pl/uart_uav_data_0/inst/uart_uav_data_v1_0_S00_AXI_inst/reg_data_out[4]} {uav_sar_i/zynq_ultra_pl/uart_uav_data_0/inst/uart_uav_data_v1_0_S00_AXI_inst/reg_data_out[5]} {uav_sar_i/zynq_ultra_pl/uart_uav_data_0/inst/uart_uav_data_v1_0_S00_AXI_inst/reg_data_out[6]} {uav_sar_i/zynq_ultra_pl/uart_uav_data_0/inst/uart_uav_data_v1_0_S00_AXI_inst/reg_data_out[7]} {uav_sar_i/zynq_ultra_pl/uart_uav_data_0/inst/uart_uav_data_v1_0_S00_AXI_inst/reg_data_out[8]} {uav_sar_i/zynq_ultra_pl/uart_uav_data_0/inst/uart_uav_data_v1_0_S00_AXI_inst/reg_data_out[9]} {uav_sar_i/zynq_ultra_pl/uart_uav_data_0/inst/uart_uav_data_v1_0_S00_AXI_inst/reg_data_out[10]} {uav_sar_i/zynq_ultra_pl/uart_uav_data_0/inst/uart_uav_data_v1_0_S00_AXI_inst/reg_data_out[11]} {uav_sar_i/zynq_ultra_pl/uart_uav_data_0/inst/uart_uav_data_v1_0_S00_AXI_inst/reg_data_out[12]} {uav_sar_i/zynq_ultra_pl/uart_uav_data_0/inst/uart_uav_data_v1_0_S00_AXI_inst/reg_data_out[13]} {uav_sar_i/zynq_ultra_pl/uart_uav_data_0/inst/uart_uav_data_v1_0_S00_AXI_inst/reg_data_out[14]} {uav_sar_i/zynq_ultra_pl/uart_uav_data_0/inst/uart_uav_data_v1_0_S00_AXI_inst/reg_data_out[15]} {uav_sar_i/zynq_ultra_pl/uart_uav_data_0/inst/uart_uav_data_v1_0_S00_AXI_inst/reg_data_out[16]} {uav_sar_i/zynq_ultra_pl/uart_uav_data_0/inst/uart_uav_data_v1_0_S00_AXI_inst/reg_data_out[17]} {uav_sar_i/zynq_ultra_pl/uart_uav_data_0/inst/uart_uav_data_v1_0_S00_AXI_inst/reg_data_out[18]} {uav_sar_i/zynq_ultra_pl/uart_uav_data_0/inst/uart_uav_data_v1_0_S00_AXI_inst/reg_data_out[19]} {uav_sar_i/zynq_ultra_pl/uart_uav_data_0/inst/uart_uav_data_v1_0_S00_AXI_inst/reg_data_out[20]} {uav_sar_i/zynq_ultra_pl/uart_uav_data_0/inst/uart_uav_data_v1_0_S00_AXI_inst/reg_data_out[21]} {uav_sar_i/zynq_ultra_pl/uart_uav_data_0/inst/uart_uav_data_v1_0_S00_AXI_inst/reg_data_out[22]} {uav_sar_i/zynq_ultra_pl/uart_uav_data_0/inst/uart_uav_data_v1_0_S00_AXI_inst/reg_data_out[23]} {uav_sar_i/zynq_ultra_pl/uart_uav_data_0/inst/uart_uav_data_v1_0_S00_AXI_inst/reg_data_out[24]} {uav_sar_i/zynq_ultra_pl/uart_uav_data_0/inst/uart_uav_data_v1_0_S00_AXI_inst/reg_data_out[25]} {uav_sar_i/zynq_ultra_pl/uart_uav_data_0/inst/uart_uav_data_v1_0_S00_AXI_inst/reg_data_out[26]} {uav_sar_i/zynq_ultra_pl/uart_uav_data_0/inst/uart_uav_data_v1_0_S00_AXI_inst/reg_data_out[27]} {uav_sar_i/zynq_ultra_pl/uart_uav_data_0/inst/uart_uav_data_v1_0_S00_AXI_inst/reg_data_out[28]} {uav_sar_i/zynq_ultra_pl/uart_uav_data_0/inst/uart_uav_data_v1_0_S00_AXI_inst/reg_data_out[29]} {uav_sar_i/zynq_ultra_pl/uart_uav_data_0/inst/uart_uav_data_v1_0_S00_AXI_inst/reg_data_out[30]} {uav_sar_i/zynq_ultra_pl/uart_uav_data_0/inst/uart_uav_data_v1_0_S00_AXI_inst/reg_data_out[31]} ]]
create_debug_port u_ila_0 probe
set_property port_width 32 [get_debug_ports u_ila_0/probe52]
set_property PROBE_TYPE DATA_AND_TRIGGER [get_debug_ports u_ila_0/probe52]
connect_debug_port u_ila_0/probe52 [get_nets [list {uav_sar_i/zynq_ultra_pl/uart_uav_data_0/inst/uart_uav_data_v1_0_S00_AXI_inst/slv_reg3[0]} {uav_sar_i/zynq_ultra_pl/uart_uav_data_0/inst/uart_uav_data_v1_0_S00_AXI_inst/slv_reg3[1]} {uav_sar_i/zynq_ultra_pl/uart_uav_data_0/inst/uart_uav_data_v1_0_S00_AXI_inst/slv_reg3[2]} {uav_sar_i/zynq_ultra_pl/uart_uav_data_0/inst/uart_uav_data_v1_0_S00_AXI_inst/slv_reg3[3]} {uav_sar_i/zynq_ultra_pl/uart_uav_data_0/inst/uart_uav_data_v1_0_S00_AXI_inst/slv_reg3[4]} {uav_sar_i/zynq_ultra_pl/uart_uav_data_0/inst/uart_uav_data_v1_0_S00_AXI_inst/slv_reg3[5]} {uav_sar_i/zynq_ultra_pl/uart_uav_data_0/inst/uart_uav_data_v1_0_S00_AXI_inst/slv_reg3[6]} {uav_sar_i/zynq_ultra_pl/uart_uav_data_0/inst/uart_uav_data_v1_0_S00_AXI_inst/slv_reg3[7]} {uav_sar_i/zynq_ultra_pl/uart_uav_data_0/inst/uart_uav_data_v1_0_S00_AXI_inst/slv_reg3[8]} {uav_sar_i/zynq_ultra_pl/uart_uav_data_0/inst/uart_uav_data_v1_0_S00_AXI_inst/slv_reg3[9]} {uav_sar_i/zynq_ultra_pl/uart_uav_data_0/inst/uart_uav_data_v1_0_S00_AXI_inst/slv_reg3[10]} {uav_sar_i/zynq_ultra_pl/uart_uav_data_0/inst/uart_uav_data_v1_0_S00_AXI_inst/slv_reg3[11]} {uav_sar_i/zynq_ultra_pl/uart_uav_data_0/inst/uart_uav_data_v1_0_S00_AXI_inst/slv_reg3[12]} {uav_sar_i/zynq_ultra_pl/uart_uav_data_0/inst/uart_uav_data_v1_0_S00_AXI_inst/slv_reg3[13]} {uav_sar_i/zynq_ultra_pl/uart_uav_data_0/inst/uart_uav_data_v1_0_S00_AXI_inst/slv_reg3[14]} {uav_sar_i/zynq_ultra_pl/uart_uav_data_0/inst/uart_uav_data_v1_0_S00_AXI_inst/slv_reg3[15]} {uav_sar_i/zynq_ultra_pl/uart_uav_data_0/inst/uart_uav_data_v1_0_S00_AXI_inst/slv_reg3[16]} {uav_sar_i/zynq_ultra_pl/uart_uav_data_0/inst/uart_uav_data_v1_0_S00_AXI_inst/slv_reg3[17]} {uav_sar_i/zynq_ultra_pl/uart_uav_data_0/inst/uart_uav_data_v1_0_S00_AXI_inst/slv_reg3[18]} {uav_sar_i/zynq_ultra_pl/uart_uav_data_0/inst/uart_uav_data_v1_0_S00_AXI_inst/slv_reg3[19]} {uav_sar_i/zynq_ultra_pl/uart_uav_data_0/inst/uart_uav_data_v1_0_S00_AXI_inst/slv_reg3[20]} {uav_sar_i/zynq_ultra_pl/uart_uav_data_0/inst/uart_uav_data_v1_0_S00_AXI_inst/slv_reg3[21]} {uav_sar_i/zynq_ultra_pl/uart_uav_data_0/inst/uart_uav_data_v1_0_S00_AXI_inst/slv_reg3[22]} {uav_sar_i/zynq_ultra_pl/uart_uav_data_0/inst/uart_uav_data_v1_0_S00_AXI_inst/slv_reg3[23]} {uav_sar_i/zynq_ultra_pl/uart_uav_data_0/inst/uart_uav_data_v1_0_S00_AXI_inst/slv_reg3[24]} {uav_sar_i/zynq_ultra_pl/uart_uav_data_0/inst/uart_uav_data_v1_0_S00_AXI_inst/slv_reg3[25]} {uav_sar_i/zynq_ultra_pl/uart_uav_data_0/inst/uart_uav_data_v1_0_S00_AXI_inst/slv_reg3[26]} {uav_sar_i/zynq_ultra_pl/uart_uav_data_0/inst/uart_uav_data_v1_0_S00_AXI_inst/slv_reg3[27]} {uav_sar_i/zynq_ultra_pl/uart_uav_data_0/inst/uart_uav_data_v1_0_S00_AXI_inst/slv_reg3[28]} {uav_sar_i/zynq_ultra_pl/uart_uav_data_0/inst/uart_uav_data_v1_0_S00_AXI_inst/slv_reg3[29]} {uav_sar_i/zynq_ultra_pl/uart_uav_data_0/inst/uart_uav_data_v1_0_S00_AXI_inst/slv_reg3[30]} {uav_sar_i/zynq_ultra_pl/uart_uav_data_0/inst/uart_uav_data_v1_0_S00_AXI_inst/slv_reg3[31]} ]]
create_debug_port u_ila_0 probe
set_property port_width 32 [get_debug_ports u_ila_0/probe53]
set_property PROBE_TYPE DATA_AND_TRIGGER [get_debug_ports u_ila_0/probe53]
connect_debug_port u_ila_0/probe53 [get_nets [list {uav_sar_i/zynq_ultra_pl/uart_uav_data_0/inst/uart_uav_data_v1_0_S00_AXI_inst/slv_reg2[0]} {uav_sar_i/zynq_ultra_pl/uart_uav_data_0/inst/uart_uav_data_v1_0_S00_AXI_inst/slv_reg2[1]} {uav_sar_i/zynq_ultra_pl/uart_uav_data_0/inst/uart_uav_data_v1_0_S00_AXI_inst/slv_reg2[2]} {uav_sar_i/zynq_ultra_pl/uart_uav_data_0/inst/uart_uav_data_v1_0_S00_AXI_inst/slv_reg2[3]} {uav_sar_i/zynq_ultra_pl/uart_uav_data_0/inst/uart_uav_data_v1_0_S00_AXI_inst/slv_reg2[4]} {uav_sar_i/zynq_ultra_pl/uart_uav_data_0/inst/uart_uav_data_v1_0_S00_AXI_inst/slv_reg2[5]} {uav_sar_i/zynq_ultra_pl/uart_uav_data_0/inst/uart_uav_data_v1_0_S00_AXI_inst/slv_reg2[6]} {uav_sar_i/zynq_ultra_pl/uart_uav_data_0/inst/uart_uav_data_v1_0_S00_AXI_inst/slv_reg2[7]} {uav_sar_i/zynq_ultra_pl/uart_uav_data_0/inst/uart_uav_data_v1_0_S00_AXI_inst/slv_reg2[8]} {uav_sar_i/zynq_ultra_pl/uart_uav_data_0/inst/uart_uav_data_v1_0_S00_AXI_inst/slv_reg2[9]} {uav_sar_i/zynq_ultra_pl/uart_uav_data_0/inst/uart_uav_data_v1_0_S00_AXI_inst/slv_reg2[10]} {uav_sar_i/zynq_ultra_pl/uart_uav_data_0/inst/uart_uav_data_v1_0_S00_AXI_inst/slv_reg2[11]} {uav_sar_i/zynq_ultra_pl/uart_uav_data_0/inst/uart_uav_data_v1_0_S00_AXI_inst/slv_reg2[12]} {uav_sar_i/zynq_ultra_pl/uart_uav_data_0/inst/uart_uav_data_v1_0_S00_AXI_inst/slv_reg2[13]} {uav_sar_i/zynq_ultra_pl/uart_uav_data_0/inst/uart_uav_data_v1_0_S00_AXI_inst/slv_reg2[14]} {uav_sar_i/zynq_ultra_pl/uart_uav_data_0/inst/uart_uav_data_v1_0_S00_AXI_inst/slv_reg2[15]} {uav_sar_i/zynq_ultra_pl/uart_uav_data_0/inst/uart_uav_data_v1_0_S00_AXI_inst/slv_reg2[16]} {uav_sar_i/zynq_ultra_pl/uart_uav_data_0/inst/uart_uav_data_v1_0_S00_AXI_inst/slv_reg2[17]} {uav_sar_i/zynq_ultra_pl/uart_uav_data_0/inst/uart_uav_data_v1_0_S00_AXI_inst/slv_reg2[18]} {uav_sar_i/zynq_ultra_pl/uart_uav_data_0/inst/uart_uav_data_v1_0_S00_AXI_inst/slv_reg2[19]} {uav_sar_i/zynq_ultra_pl/uart_uav_data_0/inst/uart_uav_data_v1_0_S00_AXI_inst/slv_reg2[20]} {uav_sar_i/zynq_ultra_pl/uart_uav_data_0/inst/uart_uav_data_v1_0_S00_AXI_inst/slv_reg2[21]} {uav_sar_i/zynq_ultra_pl/uart_uav_data_0/inst/uart_uav_data_v1_0_S00_AXI_inst/slv_reg2[22]} {uav_sar_i/zynq_ultra_pl/uart_uav_data_0/inst/uart_uav_data_v1_0_S00_AXI_inst/slv_reg2[23]} {uav_sar_i/zynq_ultra_pl/uart_uav_data_0/inst/uart_uav_data_v1_0_S00_AXI_inst/slv_reg2[24]} {uav_sar_i/zynq_ultra_pl/uart_uav_data_0/inst/uart_uav_data_v1_0_S00_AXI_inst/slv_reg2[25]} {uav_sar_i/zynq_ultra_pl/uart_uav_data_0/inst/uart_uav_data_v1_0_S00_AXI_inst/slv_reg2[26]} {uav_sar_i/zynq_ultra_pl/uart_uav_data_0/inst/uart_uav_data_v1_0_S00_AXI_inst/slv_reg2[27]} {uav_sar_i/zynq_ultra_pl/uart_uav_data_0/inst/uart_uav_data_v1_0_S00_AXI_inst/slv_reg2[28]} {uav_sar_i/zynq_ultra_pl/uart_uav_data_0/inst/uart_uav_data_v1_0_S00_AXI_inst/slv_reg2[29]} {uav_sar_i/zynq_ultra_pl/uart_uav_data_0/inst/uart_uav_data_v1_0_S00_AXI_inst/slv_reg2[30]} {uav_sar_i/zynq_ultra_pl/uart_uav_data_0/inst/uart_uav_data_v1_0_S00_AXI_inst/slv_reg2[31]} ]]
create_debug_port u_ila_0 probe
set_property port_width 32 [get_debug_ports u_ila_0/probe54]
set_property PROBE_TYPE DATA_AND_TRIGGER [get_debug_ports u_ila_0/probe54]
connect_debug_port u_ila_0/probe54 [get_nets [list {uav_sar_i/zynq_ultra_pl/uart_uav_data_0/inst/uart_uav_data_v1_0_S00_AXI_inst/slv_reg1[0]} {uav_sar_i/zynq_ultra_pl/uart_uav_data_0/inst/uart_uav_data_v1_0_S00_AXI_inst/slv_reg1[1]} {uav_sar_i/zynq_ultra_pl/uart_uav_data_0/inst/uart_uav_data_v1_0_S00_AXI_inst/slv_reg1[2]} {uav_sar_i/zynq_ultra_pl/uart_uav_data_0/inst/uart_uav_data_v1_0_S00_AXI_inst/slv_reg1[3]} {uav_sar_i/zynq_ultra_pl/uart_uav_data_0/inst/uart_uav_data_v1_0_S00_AXI_inst/slv_reg1[4]} {uav_sar_i/zynq_ultra_pl/uart_uav_data_0/inst/uart_uav_data_v1_0_S00_AXI_inst/slv_reg1[5]} {uav_sar_i/zynq_ultra_pl/uart_uav_data_0/inst/uart_uav_data_v1_0_S00_AXI_inst/slv_reg1[6]} {uav_sar_i/zynq_ultra_pl/uart_uav_data_0/inst/uart_uav_data_v1_0_S00_AXI_inst/slv_reg1[7]} {uav_sar_i/zynq_ultra_pl/uart_uav_data_0/inst/uart_uav_data_v1_0_S00_AXI_inst/slv_reg1[8]} {uav_sar_i/zynq_ultra_pl/uart_uav_data_0/inst/uart_uav_data_v1_0_S00_AXI_inst/slv_reg1[9]} {uav_sar_i/zynq_ultra_pl/uart_uav_data_0/inst/uart_uav_data_v1_0_S00_AXI_inst/slv_reg1[10]} {uav_sar_i/zynq_ultra_pl/uart_uav_data_0/inst/uart_uav_data_v1_0_S00_AXI_inst/slv_reg1[11]} {uav_sar_i/zynq_ultra_pl/uart_uav_data_0/inst/uart_uav_data_v1_0_S00_AXI_inst/slv_reg1[12]} {uav_sar_i/zynq_ultra_pl/uart_uav_data_0/inst/uart_uav_data_v1_0_S00_AXI_inst/slv_reg1[13]} {uav_sar_i/zynq_ultra_pl/uart_uav_data_0/inst/uart_uav_data_v1_0_S00_AXI_inst/slv_reg1[14]} {uav_sar_i/zynq_ultra_pl/uart_uav_data_0/inst/uart_uav_data_v1_0_S00_AXI_inst/slv_reg1[15]} {uav_sar_i/zynq_ultra_pl/uart_uav_data_0/inst/uart_uav_data_v1_0_S00_AXI_inst/slv_reg1[16]} {uav_sar_i/zynq_ultra_pl/uart_uav_data_0/inst/uart_uav_data_v1_0_S00_AXI_inst/slv_reg1[17]} {uav_sar_i/zynq_ultra_pl/uart_uav_data_0/inst/uart_uav_data_v1_0_S00_AXI_inst/slv_reg1[18]} {uav_sar_i/zynq_ultra_pl/uart_uav_data_0/inst/uart_uav_data_v1_0_S00_AXI_inst/slv_reg1[19]} {uav_sar_i/zynq_ultra_pl/uart_uav_data_0/inst/uart_uav_data_v1_0_S00_AXI_inst/slv_reg1[20]} {uav_sar_i/zynq_ultra_pl/uart_uav_data_0/inst/uart_uav_data_v1_0_S00_AXI_inst/slv_reg1[21]} {uav_sar_i/zynq_ultra_pl/uart_uav_data_0/inst/uart_uav_data_v1_0_S00_AXI_inst/slv_reg1[22]} {uav_sar_i/zynq_ultra_pl/uart_uav_data_0/inst/uart_uav_data_v1_0_S00_AXI_inst/slv_reg1[23]} {uav_sar_i/zynq_ultra_pl/uart_uav_data_0/inst/uart_uav_data_v1_0_S00_AXI_inst/slv_reg1[24]} {uav_sar_i/zynq_ultra_pl/uart_uav_data_0/inst/uart_uav_data_v1_0_S00_AXI_inst/slv_reg1[25]} {uav_sar_i/zynq_ultra_pl/uart_uav_data_0/inst/uart_uav_data_v1_0_S00_AXI_inst/slv_reg1[26]} {uav_sar_i/zynq_ultra_pl/uart_uav_data_0/inst/uart_uav_data_v1_0_S00_AXI_inst/slv_reg1[27]} {uav_sar_i/zynq_ultra_pl/uart_uav_data_0/inst/uart_uav_data_v1_0_S00_AXI_inst/slv_reg1[28]} {uav_sar_i/zynq_ultra_pl/uart_uav_data_0/inst/uart_uav_data_v1_0_S00_AXI_inst/slv_reg1[29]} {uav_sar_i/zynq_ultra_pl/uart_uav_data_0/inst/uart_uav_data_v1_0_S00_AXI_inst/slv_reg1[30]} {uav_sar_i/zynq_ultra_pl/uart_uav_data_0/inst/uart_uav_data_v1_0_S00_AXI_inst/slv_reg1[31]} ]]
create_debug_port u_ila_0 probe
set_property port_width 32 [get_debug_ports u_ila_0/probe55]
set_property PROBE_TYPE DATA_AND_TRIGGER [get_debug_ports u_ila_0/probe55]
connect_debug_port u_ila_0/probe55 [get_nets [list {uav_sar_i/zynq_ultra_pl/uart_uav_data_0/inst/uart_uav_data_v1_0_S00_AXI_inst/slv_reg0[0]} {uav_sar_i/zynq_ultra_pl/uart_uav_data_0/inst/uart_uav_data_v1_0_S00_AXI_inst/slv_reg0[1]} {uav_sar_i/zynq_ultra_pl/uart_uav_data_0/inst/uart_uav_data_v1_0_S00_AXI_inst/slv_reg0[2]} {uav_sar_i/zynq_ultra_pl/uart_uav_data_0/inst/uart_uav_data_v1_0_S00_AXI_inst/slv_reg0[3]} {uav_sar_i/zynq_ultra_pl/uart_uav_data_0/inst/uart_uav_data_v1_0_S00_AXI_inst/slv_reg0[4]} {uav_sar_i/zynq_ultra_pl/uart_uav_data_0/inst/uart_uav_data_v1_0_S00_AXI_inst/slv_reg0[5]} {uav_sar_i/zynq_ultra_pl/uart_uav_data_0/inst/uart_uav_data_v1_0_S00_AXI_inst/slv_reg0[6]} {uav_sar_i/zynq_ultra_pl/uart_uav_data_0/inst/uart_uav_data_v1_0_S00_AXI_inst/slv_reg0[7]} {uav_sar_i/zynq_ultra_pl/uart_uav_data_0/inst/uart_uav_data_v1_0_S00_AXI_inst/slv_reg0[8]} {uav_sar_i/zynq_ultra_pl/uart_uav_data_0/inst/uart_uav_data_v1_0_S00_AXI_inst/slv_reg0[9]} {uav_sar_i/zynq_ultra_pl/uart_uav_data_0/inst/uart_uav_data_v1_0_S00_AXI_inst/slv_reg0[10]} {uav_sar_i/zynq_ultra_pl/uart_uav_data_0/inst/uart_uav_data_v1_0_S00_AXI_inst/slv_reg0[11]} {uav_sar_i/zynq_ultra_pl/uart_uav_data_0/inst/uart_uav_data_v1_0_S00_AXI_inst/slv_reg0[12]} {uav_sar_i/zynq_ultra_pl/uart_uav_data_0/inst/uart_uav_data_v1_0_S00_AXI_inst/slv_reg0[13]} {uav_sar_i/zynq_ultra_pl/uart_uav_data_0/inst/uart_uav_data_v1_0_S00_AXI_inst/slv_reg0[14]} {uav_sar_i/zynq_ultra_pl/uart_uav_data_0/inst/uart_uav_data_v1_0_S00_AXI_inst/slv_reg0[15]} {uav_sar_i/zynq_ultra_pl/uart_uav_data_0/inst/uart_uav_data_v1_0_S00_AXI_inst/slv_reg0[16]} {uav_sar_i/zynq_ultra_pl/uart_uav_data_0/inst/uart_uav_data_v1_0_S00_AXI_inst/slv_reg0[17]} {uav_sar_i/zynq_ultra_pl/uart_uav_data_0/inst/uart_uav_data_v1_0_S00_AXI_inst/slv_reg0[18]} {uav_sar_i/zynq_ultra_pl/uart_uav_data_0/inst/uart_uav_data_v1_0_S00_AXI_inst/slv_reg0[19]} {uav_sar_i/zynq_ultra_pl/uart_uav_data_0/inst/uart_uav_data_v1_0_S00_AXI_inst/slv_reg0[20]} {uav_sar_i/zynq_ultra_pl/uart_uav_data_0/inst/uart_uav_data_v1_0_S00_AXI_inst/slv_reg0[21]} {uav_sar_i/zynq_ultra_pl/uart_uav_data_0/inst/uart_uav_data_v1_0_S00_AXI_inst/slv_reg0[22]} {uav_sar_i/zynq_ultra_pl/uart_uav_data_0/inst/uart_uav_data_v1_0_S00_AXI_inst/slv_reg0[23]} {uav_sar_i/zynq_ultra_pl/uart_uav_data_0/inst/uart_uav_data_v1_0_S00_AXI_inst/slv_reg0[24]} {uav_sar_i/zynq_ultra_pl/uart_uav_data_0/inst/uart_uav_data_v1_0_S00_AXI_inst/slv_reg0[25]} {uav_sar_i/zynq_ultra_pl/uart_uav_data_0/inst/uart_uav_data_v1_0_S00_AXI_inst/slv_reg0[26]} {uav_sar_i/zynq_ultra_pl/uart_uav_data_0/inst/uart_uav_data_v1_0_S00_AXI_inst/slv_reg0[27]} {uav_sar_i/zynq_ultra_pl/uart_uav_data_0/inst/uart_uav_data_v1_0_S00_AXI_inst/slv_reg0[28]} {uav_sar_i/zynq_ultra_pl/uart_uav_data_0/inst/uart_uav_data_v1_0_S00_AXI_inst/slv_reg0[29]} {uav_sar_i/zynq_ultra_pl/uart_uav_data_0/inst/uart_uav_data_v1_0_S00_AXI_inst/slv_reg0[30]} {uav_sar_i/zynq_ultra_pl/uart_uav_data_0/inst/uart_uav_data_v1_0_S00_AXI_inst/slv_reg0[31]} ]]
create_debug_port u_ila_0 probe
set_property port_width 72 [get_debug_ports u_ila_0/probe56]
set_property PROBE_TYPE DATA_AND_TRIGGER [get_debug_ports u_ila_0/probe56]
connect_debug_port u_ila_0/probe56 [get_nets [list {uav_sar_i/zynq_ultra_pl/uart_uav_data_0/inst/uart_uav_data_v1_0_S00_AXI_inst/u_utc_time/time_buffer[0]} {uav_sar_i/zynq_ultra_pl/uart_uav_data_0/inst/uart_uav_data_v1_0_S00_AXI_inst/u_utc_time/time_buffer[1]} {uav_sar_i/zynq_ultra_pl/uart_uav_data_0/inst/uart_uav_data_v1_0_S00_AXI_inst/u_utc_time/time_buffer[2]} {uav_sar_i/zynq_ultra_pl/uart_uav_data_0/inst/uart_uav_data_v1_0_S00_AXI_inst/u_utc_time/time_buffer[3]} {uav_sar_i/zynq_ultra_pl/uart_uav_data_0/inst/uart_uav_data_v1_0_S00_AXI_inst/u_utc_time/time_buffer[4]} {uav_sar_i/zynq_ultra_pl/uart_uav_data_0/inst/uart_uav_data_v1_0_S00_AXI_inst/u_utc_time/time_buffer[5]} {uav_sar_i/zynq_ultra_pl/uart_uav_data_0/inst/uart_uav_data_v1_0_S00_AXI_inst/u_utc_time/time_buffer[6]} {uav_sar_i/zynq_ultra_pl/uart_uav_data_0/inst/uart_uav_data_v1_0_S00_AXI_inst/u_utc_time/time_buffer[7]} {uav_sar_i/zynq_ultra_pl/uart_uav_data_0/inst/uart_uav_data_v1_0_S00_AXI_inst/u_utc_time/time_buffer[8]} {uav_sar_i/zynq_ultra_pl/uart_uav_data_0/inst/uart_uav_data_v1_0_S00_AXI_inst/u_utc_time/time_buffer[9]} {uav_sar_i/zynq_ultra_pl/uart_uav_data_0/inst/uart_uav_data_v1_0_S00_AXI_inst/u_utc_time/time_buffer[10]} {uav_sar_i/zynq_ultra_pl/uart_uav_data_0/inst/uart_uav_data_v1_0_S00_AXI_inst/u_utc_time/time_buffer[11]} {uav_sar_i/zynq_ultra_pl/uart_uav_data_0/inst/uart_uav_data_v1_0_S00_AXI_inst/u_utc_time/time_buffer[12]} {uav_sar_i/zynq_ultra_pl/uart_uav_data_0/inst/uart_uav_data_v1_0_S00_AXI_inst/u_utc_time/time_buffer[13]} {uav_sar_i/zynq_ultra_pl/uart_uav_data_0/inst/uart_uav_data_v1_0_S00_AXI_inst/u_utc_time/time_buffer[14]} {uav_sar_i/zynq_ultra_pl/uart_uav_data_0/inst/uart_uav_data_v1_0_S00_AXI_inst/u_utc_time/time_buffer[15]} {uav_sar_i/zynq_ultra_pl/uart_uav_data_0/inst/uart_uav_data_v1_0_S00_AXI_inst/u_utc_time/time_buffer[16]} {uav_sar_i/zynq_ultra_pl/uart_uav_data_0/inst/uart_uav_data_v1_0_S00_AXI_inst/u_utc_time/time_buffer[17]} {uav_sar_i/zynq_ultra_pl/uart_uav_data_0/inst/uart_uav_data_v1_0_S00_AXI_inst/u_utc_time/time_buffer[18]} {uav_sar_i/zynq_ultra_pl/uart_uav_data_0/inst/uart_uav_data_v1_0_S00_AXI_inst/u_utc_time/time_buffer[19]} {uav_sar_i/zynq_ultra_pl/uart_uav_data_0/inst/uart_uav_data_v1_0_S00_AXI_inst/u_utc_time/time_buffer[20]} {uav_sar_i/zynq_ultra_pl/uart_uav_data_0/inst/uart_uav_data_v1_0_S00_AXI_inst/u_utc_time/time_buffer[21]} {uav_sar_i/zynq_ultra_pl/uart_uav_data_0/inst/uart_uav_data_v1_0_S00_AXI_inst/u_utc_time/time_buffer[22]} {uav_sar_i/zynq_ultra_pl/uart_uav_data_0/inst/uart_uav_data_v1_0_S00_AXI_inst/u_utc_time/time_buffer[23]} {uav_sar_i/zynq_ultra_pl/uart_uav_data_0/inst/uart_uav_data_v1_0_S00_AXI_inst/u_utc_time/time_buffer[24]} {uav_sar_i/zynq_ultra_pl/uart_uav_data_0/inst/uart_uav_data_v1_0_S00_AXI_inst/u_utc_time/time_buffer[25]} {uav_sar_i/zynq_ultra_pl/uart_uav_data_0/inst/uart_uav_data_v1_0_S00_AXI_inst/u_utc_time/time_buffer[26]} {uav_sar_i/zynq_ultra_pl/uart_uav_data_0/inst/uart_uav_data_v1_0_S00_AXI_inst/u_utc_time/time_buffer[27]} {uav_sar_i/zynq_ultra_pl/uart_uav_data_0/inst/uart_uav_data_v1_0_S00_AXI_inst/u_utc_time/time_buffer[28]} {uav_sar_i/zynq_ultra_pl/uart_uav_data_0/inst/uart_uav_data_v1_0_S00_AXI_inst/u_utc_time/time_buffer[29]} {uav_sar_i/zynq_ultra_pl/uart_uav_data_0/inst/uart_uav_data_v1_0_S00_AXI_inst/u_utc_time/time_buffer[30]} {uav_sar_i/zynq_ultra_pl/uart_uav_data_0/inst/uart_uav_data_v1_0_S00_AXI_inst/u_utc_time/time_buffer[31]} {uav_sar_i/zynq_ultra_pl/uart_uav_data_0/inst/uart_uav_data_v1_0_S00_AXI_inst/u_utc_time/time_buffer[32]} {uav_sar_i/zynq_ultra_pl/uart_uav_data_0/inst/uart_uav_data_v1_0_S00_AXI_inst/u_utc_time/time_buffer[33]} {uav_sar_i/zynq_ultra_pl/uart_uav_data_0/inst/uart_uav_data_v1_0_S00_AXI_inst/u_utc_time/time_buffer[34]} {uav_sar_i/zynq_ultra_pl/uart_uav_data_0/inst/uart_uav_data_v1_0_S00_AXI_inst/u_utc_time/time_buffer[35]} {uav_sar_i/zynq_ultra_pl/uart_uav_data_0/inst/uart_uav_data_v1_0_S00_AXI_inst/u_utc_time/time_buffer[36]} {uav_sar_i/zynq_ultra_pl/uart_uav_data_0/inst/uart_uav_data_v1_0_S00_AXI_inst/u_utc_time/time_buffer[37]} {uav_sar_i/zynq_ultra_pl/uart_uav_data_0/inst/uart_uav_data_v1_0_S00_AXI_inst/u_utc_time/time_buffer[38]} {uav_sar_i/zynq_ultra_pl/uart_uav_data_0/inst/uart_uav_data_v1_0_S00_AXI_inst/u_utc_time/time_buffer[39]} {uav_sar_i/zynq_ultra_pl/uart_uav_data_0/inst/uart_uav_data_v1_0_S00_AXI_inst/u_utc_time/time_buffer[40]} {uav_sar_i/zynq_ultra_pl/uart_uav_data_0/inst/uart_uav_data_v1_0_S00_AXI_inst/u_utc_time/time_buffer[41]} {uav_sar_i/zynq_ultra_pl/uart_uav_data_0/inst/uart_uav_data_v1_0_S00_AXI_inst/u_utc_time/time_buffer[42]} {uav_sar_i/zynq_ultra_pl/uart_uav_data_0/inst/uart_uav_data_v1_0_S00_AXI_inst/u_utc_time/time_buffer[43]} {uav_sar_i/zynq_ultra_pl/uart_uav_data_0/inst/uart_uav_data_v1_0_S00_AXI_inst/u_utc_time/time_buffer[44]} {uav_sar_i/zynq_ultra_pl/uart_uav_data_0/inst/uart_uav_data_v1_0_S00_AXI_inst/u_utc_time/time_buffer[45]} {uav_sar_i/zynq_ultra_pl/uart_uav_data_0/inst/uart_uav_data_v1_0_S00_AXI_inst/u_utc_time/time_buffer[46]} {uav_sar_i/zynq_ultra_pl/uart_uav_data_0/inst/uart_uav_data_v1_0_S00_AXI_inst/u_utc_time/time_buffer[47]} {uav_sar_i/zynq_ultra_pl/uart_uav_data_0/inst/uart_uav_data_v1_0_S00_AXI_inst/u_utc_time/time_buffer[48]} {uav_sar_i/zynq_ultra_pl/uart_uav_data_0/inst/uart_uav_data_v1_0_S00_AXI_inst/u_utc_time/time_buffer[49]} {uav_sar_i/zynq_ultra_pl/uart_uav_data_0/inst/uart_uav_data_v1_0_S00_AXI_inst/u_utc_time/time_buffer[50]} {uav_sar_i/zynq_ultra_pl/uart_uav_data_0/inst/uart_uav_data_v1_0_S00_AXI_inst/u_utc_time/time_buffer[51]} {uav_sar_i/zynq_ultra_pl/uart_uav_data_0/inst/uart_uav_data_v1_0_S00_AXI_inst/u_utc_time/time_buffer[52]} {uav_sar_i/zynq_ultra_pl/uart_uav_data_0/inst/uart_uav_data_v1_0_S00_AXI_inst/u_utc_time/time_buffer[53]} {uav_sar_i/zynq_ultra_pl/uart_uav_data_0/inst/uart_uav_data_v1_0_S00_AXI_inst/u_utc_time/time_buffer[54]} {uav_sar_i/zynq_ultra_pl/uart_uav_data_0/inst/uart_uav_data_v1_0_S00_AXI_inst/u_utc_time/time_buffer[55]} {uav_sar_i/zynq_ultra_pl/uart_uav_data_0/inst/uart_uav_data_v1_0_S00_AXI_inst/u_utc_time/time_buffer[56]} {uav_sar_i/zynq_ultra_pl/uart_uav_data_0/inst/uart_uav_data_v1_0_S00_AXI_inst/u_utc_time/time_buffer[57]} {uav_sar_i/zynq_ultra_pl/uart_uav_data_0/inst/uart_uav_data_v1_0_S00_AXI_inst/u_utc_time/time_buffer[58]} {uav_sar_i/zynq_ultra_pl/uart_uav_data_0/inst/uart_uav_data_v1_0_S00_AXI_inst/u_utc_time/time_buffer[59]} {uav_sar_i/zynq_ultra_pl/uart_uav_data_0/inst/uart_uav_data_v1_0_S00_AXI_inst/u_utc_time/time_buffer[60]} {uav_sar_i/zynq_ultra_pl/uart_uav_data_0/inst/uart_uav_data_v1_0_S00_AXI_inst/u_utc_time/time_buffer[61]} {uav_sar_i/zynq_ultra_pl/uart_uav_data_0/inst/uart_uav_data_v1_0_S00_AXI_inst/u_utc_time/time_buffer[62]} {uav_sar_i/zynq_ultra_pl/uart_uav_data_0/inst/uart_uav_data_v1_0_S00_AXI_inst/u_utc_time/time_buffer[63]} {uav_sar_i/zynq_ultra_pl/uart_uav_data_0/inst/uart_uav_data_v1_0_S00_AXI_inst/u_utc_time/time_buffer[64]} {uav_sar_i/zynq_ultra_pl/uart_uav_data_0/inst/uart_uav_data_v1_0_S00_AXI_inst/u_utc_time/time_buffer[65]} {uav_sar_i/zynq_ultra_pl/uart_uav_data_0/inst/uart_uav_data_v1_0_S00_AXI_inst/u_utc_time/time_buffer[66]} {uav_sar_i/zynq_ultra_pl/uart_uav_data_0/inst/uart_uav_data_v1_0_S00_AXI_inst/u_utc_time/time_buffer[67]} {uav_sar_i/zynq_ultra_pl/uart_uav_data_0/inst/uart_uav_data_v1_0_S00_AXI_inst/u_utc_time/time_buffer[68]} {uav_sar_i/zynq_ultra_pl/uart_uav_data_0/inst/uart_uav_data_v1_0_S00_AXI_inst/u_utc_time/time_buffer[69]} {uav_sar_i/zynq_ultra_pl/uart_uav_data_0/inst/uart_uav_data_v1_0_S00_AXI_inst/u_utc_time/time_buffer[70]} {uav_sar_i/zynq_ultra_pl/uart_uav_data_0/inst/uart_uav_data_v1_0_S00_AXI_inst/u_utc_time/time_buffer[71]} ]]
create_debug_port u_ila_0 probe
set_property port_width 32 [get_debug_ports u_ila_0/probe57]
set_property PROBE_TYPE DATA_AND_TRIGGER [get_debug_ports u_ila_0/probe57]
connect_debug_port u_ila_0/probe57 [get_nets [list {uav_sar_i/zynq_ultra_pl/uart_uav_data_0/inst/uart_uav_data_v1_0_S00_AXI_inst/u_utc_time/time_offset[0]} {uav_sar_i/zynq_ultra_pl/uart_uav_data_0/inst/uart_uav_data_v1_0_S00_AXI_inst/u_utc_time/time_offset[1]} {uav_sar_i/zynq_ultra_pl/uart_uav_data_0/inst/uart_uav_data_v1_0_S00_AXI_inst/u_utc_time/time_offset[2]} {uav_sar_i/zynq_ultra_pl/uart_uav_data_0/inst/uart_uav_data_v1_0_S00_AXI_inst/u_utc_time/time_offset[3]} {uav_sar_i/zynq_ultra_pl/uart_uav_data_0/inst/uart_uav_data_v1_0_S00_AXI_inst/u_utc_time/time_offset[4]} {uav_sar_i/zynq_ultra_pl/uart_uav_data_0/inst/uart_uav_data_v1_0_S00_AXI_inst/u_utc_time/time_offset[5]} {uav_sar_i/zynq_ultra_pl/uart_uav_data_0/inst/uart_uav_data_v1_0_S00_AXI_inst/u_utc_time/time_offset[6]} {uav_sar_i/zynq_ultra_pl/uart_uav_data_0/inst/uart_uav_data_v1_0_S00_AXI_inst/u_utc_time/time_offset[7]} {uav_sar_i/zynq_ultra_pl/uart_uav_data_0/inst/uart_uav_data_v1_0_S00_AXI_inst/u_utc_time/time_offset[8]} {uav_sar_i/zynq_ultra_pl/uart_uav_data_0/inst/uart_uav_data_v1_0_S00_AXI_inst/u_utc_time/time_offset[9]} {uav_sar_i/zynq_ultra_pl/uart_uav_data_0/inst/uart_uav_data_v1_0_S00_AXI_inst/u_utc_time/time_offset[10]} {uav_sar_i/zynq_ultra_pl/uart_uav_data_0/inst/uart_uav_data_v1_0_S00_AXI_inst/u_utc_time/time_offset[11]} {uav_sar_i/zynq_ultra_pl/uart_uav_data_0/inst/uart_uav_data_v1_0_S00_AXI_inst/u_utc_time/time_offset[12]} {uav_sar_i/zynq_ultra_pl/uart_uav_data_0/inst/uart_uav_data_v1_0_S00_AXI_inst/u_utc_time/time_offset[13]} {uav_sar_i/zynq_ultra_pl/uart_uav_data_0/inst/uart_uav_data_v1_0_S00_AXI_inst/u_utc_time/time_offset[14]} {uav_sar_i/zynq_ultra_pl/uart_uav_data_0/inst/uart_uav_data_v1_0_S00_AXI_inst/u_utc_time/time_offset[15]} {uav_sar_i/zynq_ultra_pl/uart_uav_data_0/inst/uart_uav_data_v1_0_S00_AXI_inst/u_utc_time/time_offset[16]} {uav_sar_i/zynq_ultra_pl/uart_uav_data_0/inst/uart_uav_data_v1_0_S00_AXI_inst/u_utc_time/time_offset[17]} {uav_sar_i/zynq_ultra_pl/uart_uav_data_0/inst/uart_uav_data_v1_0_S00_AXI_inst/u_utc_time/time_offset[18]} {uav_sar_i/zynq_ultra_pl/uart_uav_data_0/inst/uart_uav_data_v1_0_S00_AXI_inst/u_utc_time/time_offset[19]} {uav_sar_i/zynq_ultra_pl/uart_uav_data_0/inst/uart_uav_data_v1_0_S00_AXI_inst/u_utc_time/time_offset[20]} {uav_sar_i/zynq_ultra_pl/uart_uav_data_0/inst/uart_uav_data_v1_0_S00_AXI_inst/u_utc_time/time_offset[21]} {uav_sar_i/zynq_ultra_pl/uart_uav_data_0/inst/uart_uav_data_v1_0_S00_AXI_inst/u_utc_time/time_offset[22]} {uav_sar_i/zynq_ultra_pl/uart_uav_data_0/inst/uart_uav_data_v1_0_S00_AXI_inst/u_utc_time/time_offset[23]} {uav_sar_i/zynq_ultra_pl/uart_uav_data_0/inst/uart_uav_data_v1_0_S00_AXI_inst/u_utc_time/time_offset[24]} {uav_sar_i/zynq_ultra_pl/uart_uav_data_0/inst/uart_uav_data_v1_0_S00_AXI_inst/u_utc_time/time_offset[25]} {uav_sar_i/zynq_ultra_pl/uart_uav_data_0/inst/uart_uav_data_v1_0_S00_AXI_inst/u_utc_time/time_offset[26]} {uav_sar_i/zynq_ultra_pl/uart_uav_data_0/inst/uart_uav_data_v1_0_S00_AXI_inst/u_utc_time/time_offset[27]} {uav_sar_i/zynq_ultra_pl/uart_uav_data_0/inst/uart_uav_data_v1_0_S00_AXI_inst/u_utc_time/time_offset[28]} {uav_sar_i/zynq_ultra_pl/uart_uav_data_0/inst/uart_uav_data_v1_0_S00_AXI_inst/u_utc_time/time_offset[29]} {uav_sar_i/zynq_ultra_pl/uart_uav_data_0/inst/uart_uav_data_v1_0_S00_AXI_inst/u_utc_time/time_offset[30]} {uav_sar_i/zynq_ultra_pl/uart_uav_data_0/inst/uart_uav_data_v1_0_S00_AXI_inst/u_utc_time/time_offset[31]} ]]
create_debug_port u_ila_0 probe
set_property port_width 4 [get_debug_ports u_ila_0/probe58]
set_property PROBE_TYPE DATA_AND_TRIGGER [get_debug_ports u_ila_0/probe58]
connect_debug_port u_ila_0/probe58 [get_nets [list {uav_sar_i/zynq_ultra_pl/uart_uav_data_0/inst/uart_uav_data_v1_0_S00_AXI_inst/u_utc_time/time_cnt[0]} {uav_sar_i/zynq_ultra_pl/uart_uav_data_0/inst/uart_uav_data_v1_0_S00_AXI_inst/u_utc_time/time_cnt[1]} {uav_sar_i/zynq_ultra_pl/uart_uav_data_0/inst/uart_uav_data_v1_0_S00_AXI_inst/u_utc_time/time_cnt[2]} {uav_sar_i/zynq_ultra_pl/uart_uav_data_0/inst/uart_uav_data_v1_0_S00_AXI_inst/u_utc_time/time_cnt[3]} ]]
create_debug_port u_ila_0 probe
set_property port_width 8 [get_debug_ports u_ila_0/probe59]
set_property PROBE_TYPE DATA_AND_TRIGGER [get_debug_ports u_ila_0/probe59]
connect_debug_port u_ila_0/probe59 [get_nets [list {uav_sar_i/zynq_ultra_pl/uart_uav_data_0/inst/uart_uav_data_v1_0_S00_AXI_inst/u_utc_time/uart_rx_data[0]} {uav_sar_i/zynq_ultra_pl/uart_uav_data_0/inst/uart_uav_data_v1_0_S00_AXI_inst/u_utc_time/uart_rx_data[1]} {uav_sar_i/zynq_ultra_pl/uart_uav_data_0/inst/uart_uav_data_v1_0_S00_AXI_inst/u_utc_time/uart_rx_data[2]} {uav_sar_i/zynq_ultra_pl/uart_uav_data_0/inst/uart_uav_data_v1_0_S00_AXI_inst/u_utc_time/uart_rx_data[3]} {uav_sar_i/zynq_ultra_pl/uart_uav_data_0/inst/uart_uav_data_v1_0_S00_AXI_inst/u_utc_time/uart_rx_data[4]} {uav_sar_i/zynq_ultra_pl/uart_uav_data_0/inst/uart_uav_data_v1_0_S00_AXI_inst/u_utc_time/uart_rx_data[5]} {uav_sar_i/zynq_ultra_pl/uart_uav_data_0/inst/uart_uav_data_v1_0_S00_AXI_inst/u_utc_time/uart_rx_data[6]} {uav_sar_i/zynq_ultra_pl/uart_uav_data_0/inst/uart_uav_data_v1_0_S00_AXI_inst/u_utc_time/uart_rx_data[7]} ]]
create_debug_port u_ila_0 probe
set_property port_width 72 [get_debug_ports u_ila_0/probe60]
set_property PROBE_TYPE DATA_AND_TRIGGER [get_debug_ports u_ila_0/probe60]
connect_debug_port u_ila_0/probe60 [get_nets [list {uav_sar_i/zynq_ultra_pl/uart_uav_data_0/inst/uart_uav_data_v1_0_S00_AXI_inst/u_utc_time/utc_time[0]} {uav_sar_i/zynq_ultra_pl/uart_uav_data_0/inst/uart_uav_data_v1_0_S00_AXI_inst/u_utc_time/utc_time[1]} {uav_sar_i/zynq_ultra_pl/uart_uav_data_0/inst/uart_uav_data_v1_0_S00_AXI_inst/u_utc_time/utc_time[2]} {uav_sar_i/zynq_ultra_pl/uart_uav_data_0/inst/uart_uav_data_v1_0_S00_AXI_inst/u_utc_time/utc_time[3]} {uav_sar_i/zynq_ultra_pl/uart_uav_data_0/inst/uart_uav_data_v1_0_S00_AXI_inst/u_utc_time/utc_time[4]} {uav_sar_i/zynq_ultra_pl/uart_uav_data_0/inst/uart_uav_data_v1_0_S00_AXI_inst/u_utc_time/utc_time[5]} {uav_sar_i/zynq_ultra_pl/uart_uav_data_0/inst/uart_uav_data_v1_0_S00_AXI_inst/u_utc_time/utc_time[6]} {uav_sar_i/zynq_ultra_pl/uart_uav_data_0/inst/uart_uav_data_v1_0_S00_AXI_inst/u_utc_time/utc_time[7]} {uav_sar_i/zynq_ultra_pl/uart_uav_data_0/inst/uart_uav_data_v1_0_S00_AXI_inst/u_utc_time/utc_time[8]} {uav_sar_i/zynq_ultra_pl/uart_uav_data_0/inst/uart_uav_data_v1_0_S00_AXI_inst/u_utc_time/utc_time[9]} {uav_sar_i/zynq_ultra_pl/uart_uav_data_0/inst/uart_uav_data_v1_0_S00_AXI_inst/u_utc_time/utc_time[10]} {uav_sar_i/zynq_ultra_pl/uart_uav_data_0/inst/uart_uav_data_v1_0_S00_AXI_inst/u_utc_time/utc_time[11]} {uav_sar_i/zynq_ultra_pl/uart_uav_data_0/inst/uart_uav_data_v1_0_S00_AXI_inst/u_utc_time/utc_time[12]} {uav_sar_i/zynq_ultra_pl/uart_uav_data_0/inst/uart_uav_data_v1_0_S00_AXI_inst/u_utc_time/utc_time[13]} {uav_sar_i/zynq_ultra_pl/uart_uav_data_0/inst/uart_uav_data_v1_0_S00_AXI_inst/u_utc_time/utc_time[14]} {uav_sar_i/zynq_ultra_pl/uart_uav_data_0/inst/uart_uav_data_v1_0_S00_AXI_inst/u_utc_time/utc_time[15]} {uav_sar_i/zynq_ultra_pl/uart_uav_data_0/inst/uart_uav_data_v1_0_S00_AXI_inst/u_utc_time/utc_time[16]} {uav_sar_i/zynq_ultra_pl/uart_uav_data_0/inst/uart_uav_data_v1_0_S00_AXI_inst/u_utc_time/utc_time[17]} {uav_sar_i/zynq_ultra_pl/uart_uav_data_0/inst/uart_uav_data_v1_0_S00_AXI_inst/u_utc_time/utc_time[18]} {uav_sar_i/zynq_ultra_pl/uart_uav_data_0/inst/uart_uav_data_v1_0_S00_AXI_inst/u_utc_time/utc_time[19]} {uav_sar_i/zynq_ultra_pl/uart_uav_data_0/inst/uart_uav_data_v1_0_S00_AXI_inst/u_utc_time/utc_time[20]} {uav_sar_i/zynq_ultra_pl/uart_uav_data_0/inst/uart_uav_data_v1_0_S00_AXI_inst/u_utc_time/utc_time[21]} {uav_sar_i/zynq_ultra_pl/uart_uav_data_0/inst/uart_uav_data_v1_0_S00_AXI_inst/u_utc_time/utc_time[22]} {uav_sar_i/zynq_ultra_pl/uart_uav_data_0/inst/uart_uav_data_v1_0_S00_AXI_inst/u_utc_time/utc_time[23]} {uav_sar_i/zynq_ultra_pl/uart_uav_data_0/inst/uart_uav_data_v1_0_S00_AXI_inst/u_utc_time/utc_time[24]} {uav_sar_i/zynq_ultra_pl/uart_uav_data_0/inst/uart_uav_data_v1_0_S00_AXI_inst/u_utc_time/utc_time[25]} {uav_sar_i/zynq_ultra_pl/uart_uav_data_0/inst/uart_uav_data_v1_0_S00_AXI_inst/u_utc_time/utc_time[26]} {uav_sar_i/zynq_ultra_pl/uart_uav_data_0/inst/uart_uav_data_v1_0_S00_AXI_inst/u_utc_time/utc_time[27]} {uav_sar_i/zynq_ultra_pl/uart_uav_data_0/inst/uart_uav_data_v1_0_S00_AXI_inst/u_utc_time/utc_time[28]} {uav_sar_i/zynq_ultra_pl/uart_uav_data_0/inst/uart_uav_data_v1_0_S00_AXI_inst/u_utc_time/utc_time[29]} {uav_sar_i/zynq_ultra_pl/uart_uav_data_0/inst/uart_uav_data_v1_0_S00_AXI_inst/u_utc_time/utc_time[30]} {uav_sar_i/zynq_ultra_pl/uart_uav_data_0/inst/uart_uav_data_v1_0_S00_AXI_inst/u_utc_time/utc_time[31]} {uav_sar_i/zynq_ultra_pl/uart_uav_data_0/inst/uart_uav_data_v1_0_S00_AXI_inst/u_utc_time/utc_time[32]} {uav_sar_i/zynq_ultra_pl/uart_uav_data_0/inst/uart_uav_data_v1_0_S00_AXI_inst/u_utc_time/utc_time[33]} {uav_sar_i/zynq_ultra_pl/uart_uav_data_0/inst/uart_uav_data_v1_0_S00_AXI_inst/u_utc_time/utc_time[34]} {uav_sar_i/zynq_ultra_pl/uart_uav_data_0/inst/uart_uav_data_v1_0_S00_AXI_inst/u_utc_time/utc_time[35]} {uav_sar_i/zynq_ultra_pl/uart_uav_data_0/inst/uart_uav_data_v1_0_S00_AXI_inst/u_utc_time/utc_time[36]} {uav_sar_i/zynq_ultra_pl/uart_uav_data_0/inst/uart_uav_data_v1_0_S00_AXI_inst/u_utc_time/utc_time[37]} {uav_sar_i/zynq_ultra_pl/uart_uav_data_0/inst/uart_uav_data_v1_0_S00_AXI_inst/u_utc_time/utc_time[38]} {uav_sar_i/zynq_ultra_pl/uart_uav_data_0/inst/uart_uav_data_v1_0_S00_AXI_inst/u_utc_time/utc_time[39]} {uav_sar_i/zynq_ultra_pl/uart_uav_data_0/inst/uart_uav_data_v1_0_S00_AXI_inst/u_utc_time/utc_time[40]} {uav_sar_i/zynq_ultra_pl/uart_uav_data_0/inst/uart_uav_data_v1_0_S00_AXI_inst/u_utc_time/utc_time[41]} {uav_sar_i/zynq_ultra_pl/uart_uav_data_0/inst/uart_uav_data_v1_0_S00_AXI_inst/u_utc_time/utc_time[42]} {uav_sar_i/zynq_ultra_pl/uart_uav_data_0/inst/uart_uav_data_v1_0_S00_AXI_inst/u_utc_time/utc_time[43]} {uav_sar_i/zynq_ultra_pl/uart_uav_data_0/inst/uart_uav_data_v1_0_S00_AXI_inst/u_utc_time/utc_time[44]} {uav_sar_i/zynq_ultra_pl/uart_uav_data_0/inst/uart_uav_data_v1_0_S00_AXI_inst/u_utc_time/utc_time[45]} {uav_sar_i/zynq_ultra_pl/uart_uav_data_0/inst/uart_uav_data_v1_0_S00_AXI_inst/u_utc_time/utc_time[46]} {uav_sar_i/zynq_ultra_pl/uart_uav_data_0/inst/uart_uav_data_v1_0_S00_AXI_inst/u_utc_time/utc_time[47]} {uav_sar_i/zynq_ultra_pl/uart_uav_data_0/inst/uart_uav_data_v1_0_S00_AXI_inst/u_utc_time/utc_time[48]} {uav_sar_i/zynq_ultra_pl/uart_uav_data_0/inst/uart_uav_data_v1_0_S00_AXI_inst/u_utc_time/utc_time[49]} {uav_sar_i/zynq_ultra_pl/uart_uav_data_0/inst/uart_uav_data_v1_0_S00_AXI_inst/u_utc_time/utc_time[50]} {uav_sar_i/zynq_ultra_pl/uart_uav_data_0/inst/uart_uav_data_v1_0_S00_AXI_inst/u_utc_time/utc_time[51]} {uav_sar_i/zynq_ultra_pl/uart_uav_data_0/inst/uart_uav_data_v1_0_S00_AXI_inst/u_utc_time/utc_time[52]} {uav_sar_i/zynq_ultra_pl/uart_uav_data_0/inst/uart_uav_data_v1_0_S00_AXI_inst/u_utc_time/utc_time[53]} {uav_sar_i/zynq_ultra_pl/uart_uav_data_0/inst/uart_uav_data_v1_0_S00_AXI_inst/u_utc_time/utc_time[54]} {uav_sar_i/zynq_ultra_pl/uart_uav_data_0/inst/uart_uav_data_v1_0_S00_AXI_inst/u_utc_time/utc_time[55]} {uav_sar_i/zynq_ultra_pl/uart_uav_data_0/inst/uart_uav_data_v1_0_S00_AXI_inst/u_utc_time/utc_time[56]} {uav_sar_i/zynq_ultra_pl/uart_uav_data_0/inst/uart_uav_data_v1_0_S00_AXI_inst/u_utc_time/utc_time[57]} {uav_sar_i/zynq_ultra_pl/uart_uav_data_0/inst/uart_uav_data_v1_0_S00_AXI_inst/u_utc_time/utc_time[58]} {uav_sar_i/zynq_ultra_pl/uart_uav_data_0/inst/uart_uav_data_v1_0_S00_AXI_inst/u_utc_time/utc_time[59]} {uav_sar_i/zynq_ultra_pl/uart_uav_data_0/inst/uart_uav_data_v1_0_S00_AXI_inst/u_utc_time/utc_time[60]} {uav_sar_i/zynq_ultra_pl/uart_uav_data_0/inst/uart_uav_data_v1_0_S00_AXI_inst/u_utc_time/utc_time[61]} {uav_sar_i/zynq_ultra_pl/uart_uav_data_0/inst/uart_uav_data_v1_0_S00_AXI_inst/u_utc_time/utc_time[62]} {uav_sar_i/zynq_ultra_pl/uart_uav_data_0/inst/uart_uav_data_v1_0_S00_AXI_inst/u_utc_time/utc_time[63]} {uav_sar_i/zynq_ultra_pl/uart_uav_data_0/inst/uart_uav_data_v1_0_S00_AXI_inst/u_utc_time/utc_time[64]} {uav_sar_i/zynq_ultra_pl/uart_uav_data_0/inst/uart_uav_data_v1_0_S00_AXI_inst/u_utc_time/utc_time[65]} {uav_sar_i/zynq_ultra_pl/uart_uav_data_0/inst/uart_uav_data_v1_0_S00_AXI_inst/u_utc_time/utc_time[66]} {uav_sar_i/zynq_ultra_pl/uart_uav_data_0/inst/uart_uav_data_v1_0_S00_AXI_inst/u_utc_time/utc_time[67]} {uav_sar_i/zynq_ultra_pl/uart_uav_data_0/inst/uart_uav_data_v1_0_S00_AXI_inst/u_utc_time/utc_time[68]} {uav_sar_i/zynq_ultra_pl/uart_uav_data_0/inst/uart_uav_data_v1_0_S00_AXI_inst/u_utc_time/utc_time[69]} {uav_sar_i/zynq_ultra_pl/uart_uav_data_0/inst/uart_uav_data_v1_0_S00_AXI_inst/u_utc_time/utc_time[70]} {uav_sar_i/zynq_ultra_pl/uart_uav_data_0/inst/uart_uav_data_v1_0_S00_AXI_inst/u_utc_time/utc_time[71]} ]]
create_debug_port u_ila_0 probe
set_property port_width 1 [get_debug_ports u_ila_0/probe61]
set_property PROBE_TYPE DATA_AND_TRIGGER [get_debug_ports u_ila_0/probe61]
connect_debug_port u_ila_0/probe61 [get_nets [list uav_sar_i/zynq_ultra_pl/ad9269_sample_ctrl/inst/ad9269_sample_v1_0_S00_AXI_inst/sample_inst/adc_buf_rd ]]
create_debug_port u_ila_0 probe
set_property port_width 1 [get_debug_ports u_ila_0/probe62]
set_property PROBE_TYPE DATA_AND_TRIGGER [get_debug_ports u_ila_0/probe62]
connect_debug_port u_ila_0/probe62 [get_nets [list uav_sar_i/zynq_ultra_pl/ad9269_sample_ctrl/inst/ad9269_sample_v1_0_S00_AXI_inst/sample_inst/adc_buf_rd_dly0 ]]
create_debug_port u_ila_0 probe
set_property port_width 1 [get_debug_ports u_ila_0/probe63]
set_property PROBE_TYPE DATA_AND_TRIGGER [get_debug_ports u_ila_0/probe63]
connect_debug_port u_ila_0/probe63 [get_nets [list uav_sar_i/zynq_ultra_pl/ad9269_sample_ctrl/inst/ad9269_sample_v1_0_S00_AXI_inst/sample_inst/adc_buf_wr ]]
create_debug_port u_ila_0 probe
set_property port_width 1 [get_debug_ports u_ila_0/probe64]
set_property PROBE_TYPE DATA_AND_TRIGGER [get_debug_ports u_ila_0/probe64]
connect_debug_port u_ila_0/probe64 [get_nets [list uav_sar_i/zynq_ultra_pl/ad9269_sample_ctrl/inst/ad9269_sample_v1_0_S00_AXI_inst/adc_clk ]]
create_debug_port u_ila_0 probe
set_property port_width 1 [get_debug_ports u_ila_0/probe65]
set_property PROBE_TYPE DATA_AND_TRIGGER [get_debug_ports u_ila_0/probe65]
connect_debug_port u_ila_0/probe65 [get_nets [list uav_sar_i/zynq_ultra_pl/ad9269_sample_ctrl/inst/ad9269_sample_v1_0_S00_AXI_inst/sample_inst/adc_clk ]]
create_debug_port u_ila_0 probe
set_property port_width 1 [get_debug_ports u_ila_0/probe66]
set_property PROBE_TYPE DATA_AND_TRIGGER [get_debug_ports u_ila_0/probe66]
connect_debug_port u_ila_0/probe66 [get_nets [list uav_sar_i/zynq_ultra_pl/ad9269_sample_ctrl/inst/ad9269_sample_v1_0_S00_AXI_inst/clk_div_inst/clk_cnt_flag ]]
create_debug_port u_ila_0 probe
set_property port_width 1 [get_debug_ports u_ila_0/probe67]
set_property PROBE_TYPE DATA_AND_TRIGGER [get_debug_ports u_ila_0/probe67]
connect_debug_port u_ila_0/probe67 [get_nets [list uav_sar_i/zynq_ultra_pl/ad9269_sample_ctrl/inst/ad9269_sample_v1_0_S00_AXI_inst/sample_inst/empty ]]
create_debug_port u_ila_0 probe
set_property port_width 1 [get_debug_ports u_ila_0/probe68]
set_property PROBE_TYPE DATA_AND_TRIGGER [get_debug_ports u_ila_0/probe68]
connect_debug_port u_ila_0/probe68 [get_nets [list uav_sar_i/zynq_ultra_pl/uart_uav_data_0/inst/uart_uav_data_v1_0_S00_AXI_inst/u_uart_rx/empty ]]
create_debug_port u_ila_0 probe
set_property port_width 1 [get_debug_ports u_ila_0/probe69]
set_property PROBE_TYPE DATA_AND_TRIGGER [get_debug_ports u_ila_0/probe69]
connect_debug_port u_ila_0/probe69 [get_nets [list uav_sar_i/zynq_ultra_pl/uart_uav_data_0/inst/uart_uav_data_v1_0_S00_AXI_inst/u_utc_time/first_pulse_flag ]]
create_debug_port u_ila_0 probe
set_property port_width 1 [get_debug_ports u_ila_0/probe70]
set_property PROBE_TYPE DATA_AND_TRIGGER [get_debug_ports u_ila_0/probe70]
connect_debug_port u_ila_0/probe70 [get_nets [list uav_sar_i/zynq_ultra_pl/ad9269_sample_ctrl/inst/ad9269_sample_v1_0_S00_AXI_inst/clk_div_inst/first_pulse_flag ]]
create_debug_port u_ila_0 probe
set_property port_width 1 [get_debug_ports u_ila_0/probe71]
set_property PROBE_TYPE DATA_AND_TRIGGER [get_debug_ports u_ila_0/probe71]
connect_debug_port u_ila_0/probe71 [get_nets [list uav_sar_i/zynq_ultra_pl/ad9269_sample_ctrl/inst/ad9269_sample_v1_0_S00_AXI_inst/clk_div_inst/first_pulse_out_flag ]]
create_debug_port u_ila_0 probe
set_property port_width 1 [get_debug_ports u_ila_0/probe72]
set_property PROBE_TYPE DATA_AND_TRIGGER [get_debug_ports u_ila_0/probe72]
connect_debug_port u_ila_0/probe72 [get_nets [list uav_sar_i/zynq_ultra_pl/ad9269_sample_ctrl/inst/ad9269_sample_v1_0_S00_AXI_inst/clk_div_inst/first_pulse_out_flag_t ]]
create_debug_port u_ila_0 probe
set_property port_width 1 [get_debug_ports u_ila_0/probe73]
set_property PROBE_TYPE DATA_AND_TRIGGER [get_debug_ports u_ila_0/probe73]
connect_debug_port u_ila_0/probe73 [get_nets [list uav_sar_i/zynq_ultra_pl/uart_uav_data_0/inst/uart_uav_data_v1_0_S00_AXI_inst/u_uart_rx/full ]]
create_debug_port u_ila_0 probe
set_property port_width 1 [get_debug_ports u_ila_0/probe74]
set_property PROBE_TYPE DATA_AND_TRIGGER [get_debug_ports u_ila_0/probe74]
connect_debug_port u_ila_0/probe74 [get_nets [list uav_sar_i/zynq_ultra_pl/uart_uav_data_0/inst/uart_uav_data_v1_0_S00_AXI_inst/u_uart_rx/full_flag ]]
create_debug_port u_ila_0 probe
set_property port_width 1 [get_debug_ports u_ila_0/probe75]
set_property PROBE_TYPE DATA_AND_TRIGGER [get_debug_ports u_ila_0/probe75]
connect_debug_port u_ila_0/probe75 [get_nets [list uav_sar_i/zynq_ultra_pl/ad9269_sample_ctrl/inst/m00_axis_tlast ]]
create_debug_port u_ila_0 probe
set_property port_width 1 [get_debug_ports u_ila_0/probe76]
set_property PROBE_TYPE DATA_AND_TRIGGER [get_debug_ports u_ila_0/probe76]
connect_debug_port u_ila_0/probe76 [get_nets [list uav_sar_i/zynq_ultra_pl/ad9269_sample_ctrl/inst/ad9269_sample_v1_0_S00_AXI_inst/m00_axis_tlast ]]
create_debug_port u_ila_0 probe
set_property port_width 1 [get_debug_ports u_ila_0/probe77]
set_property PROBE_TYPE DATA_AND_TRIGGER [get_debug_ports u_ila_0/probe77]
connect_debug_port u_ila_0/probe77 [get_nets [list uav_sar_i/zynq_ultra_pl/ad9269_sample_ctrl/inst/ad9269_sample_v1_0_S00_AXI_inst/m00_axis_tready ]]
create_debug_port u_ila_0 probe
set_property port_width 1 [get_debug_ports u_ila_0/probe78]
set_property PROBE_TYPE DATA_AND_TRIGGER [get_debug_ports u_ila_0/probe78]
connect_debug_port u_ila_0/probe78 [get_nets [list uav_sar_i/zynq_ultra_pl/ad9269_sample_ctrl/inst/m00_axis_tready ]]
create_debug_port u_ila_0 probe
set_property port_width 1 [get_debug_ports u_ila_0/probe79]
set_property PROBE_TYPE DATA_AND_TRIGGER [get_debug_ports u_ila_0/probe79]
connect_debug_port u_ila_0/probe79 [get_nets [list uav_sar_i/zynq_ultra_pl/ad9269_sample_ctrl/inst/ad9269_sample_v1_0_S00_AXI_inst/m00_axis_tvalid ]]
create_debug_port u_ila_0 probe
set_property port_width 1 [get_debug_ports u_ila_0/probe80]
set_property PROBE_TYPE DATA_AND_TRIGGER [get_debug_ports u_ila_0/probe80]
connect_debug_port u_ila_0/probe80 [get_nets [list uav_sar_i/zynq_ultra_pl/ad9269_sample_ctrl/inst/m00_axis_tvalid ]]
create_debug_port u_ila_0 probe
set_property port_width 1 [get_debug_ports u_ila_0/probe81]
set_property PROBE_TYPE DATA_AND_TRIGGER [get_debug_ports u_ila_0/probe81]
connect_debug_port u_ila_0/probe81 [get_nets [list uav_sar_i/zynq_ultra_pl/ad9269_sample_ctrl/inst/ad9269_sample_v1_0_S00_AXI_inst/sample_inst/M_AXIS_tlast ]]
create_debug_port u_ila_0 probe
set_property port_width 1 [get_debug_ports u_ila_0/probe82]
set_property PROBE_TYPE DATA_AND_TRIGGER [get_debug_ports u_ila_0/probe82]
connect_debug_port u_ila_0/probe82 [get_nets [list uav_sar_i/zynq_ultra_pl/uart_uav_data_0/inst/uart_uav_data_v1_0_S00_AXI_inst/u_uart_rx/M_AXIS_tlast ]]
create_debug_port u_ila_0 probe
set_property port_width 1 [get_debug_ports u_ila_0/probe83]
set_property PROBE_TYPE DATA_AND_TRIGGER [get_debug_ports u_ila_0/probe83]
connect_debug_port u_ila_0/probe83 [get_nets [list uav_sar_i/zynq_ultra_pl/uart_uav_data_0/inst/uart_uav_data_v1_0_S00_AXI_inst/u_uart_rx/M_AXIS_tready ]]
create_debug_port u_ila_0 probe
set_property port_width 1 [get_debug_ports u_ila_0/probe84]
set_property PROBE_TYPE DATA_AND_TRIGGER [get_debug_ports u_ila_0/probe84]
connect_debug_port u_ila_0/probe84 [get_nets [list uav_sar_i/zynq_ultra_pl/ad9269_sample_ctrl/inst/ad9269_sample_v1_0_S00_AXI_inst/sample_inst/M_AXIS_tready ]]
create_debug_port u_ila_0 probe
set_property port_width 1 [get_debug_ports u_ila_0/probe85]
set_property PROBE_TYPE DATA_AND_TRIGGER [get_debug_ports u_ila_0/probe85]
connect_debug_port u_ila_0/probe85 [get_nets [list uav_sar_i/zynq_ultra_pl/ad9269_sample_ctrl/inst/ad9269_sample_v1_0_S00_AXI_inst/sample_inst/M_AXIS_tvalid ]]
create_debug_port u_ila_0 probe
set_property port_width 1 [get_debug_ports u_ila_0/probe86]
set_property PROBE_TYPE DATA_AND_TRIGGER [get_debug_ports u_ila_0/probe86]
connect_debug_port u_ila_0/probe86 [get_nets [list uav_sar_i/zynq_ultra_pl/uart_uav_data_0/inst/uart_uav_data_v1_0_S00_AXI_inst/u_uart_rx/M_AXIS_tvalid ]]
create_debug_port u_ila_0 probe
set_property port_width 1 [get_debug_ports u_ila_0/probe87]
set_property PROBE_TYPE DATA_AND_TRIGGER [get_debug_ports u_ila_0/probe87]
connect_debug_port u_ila_0/probe87 [get_nets [list uav_sar_i/zynq_ultra_pl/ad9269_sample_ctrl/inst/ad9269_sample_v1_0_S00_AXI_inst/clk_div_inst/module_en ]]
create_debug_port u_ila_0 probe
set_property port_width 1 [get_debug_ports u_ila_0/probe88]
set_property PROBE_TYPE DATA_AND_TRIGGER [get_debug_ports u_ila_0/probe88]
connect_debug_port u_ila_0/probe88 [get_nets [list uav_sar_i/zynq_ultra_pl/ad9269_sample_ctrl/inst/ad9269_sample_v1_0_S00_AXI_inst/clk_div_inst/module_en_flg ]]
create_debug_port u_ila_0 probe
set_property port_width 1 [get_debug_ports u_ila_0/probe89]
set_property PROBE_TYPE DATA_AND_TRIGGER [get_debug_ports u_ila_0/probe89]
connect_debug_port u_ila_0/probe89 [get_nets [list uav_sar_i/zynq_ultra_pl/ad9269_sample_ctrl/inst/ad9269_sample_v1_0_S00_AXI_inst/clk_div_inst/module_en_nedge ]]
create_debug_port u_ila_0 probe
set_property port_width 1 [get_debug_ports u_ila_0/probe90]
set_property PROBE_TYPE DATA_AND_TRIGGER [get_debug_ports u_ila_0/probe90]
connect_debug_port u_ila_0/probe90 [get_nets [list uav_sar_i/zynq_ultra_pl/ad9269_sample_ctrl/inst/ad9269_sample_v1_0_S00_AXI_inst/clk_div_inst/module_en_pedge ]]
create_debug_port u_ila_0 probe
set_property port_width 1 [get_debug_ports u_ila_0/probe91]
set_property PROBE_TYPE DATA_AND_TRIGGER [get_debug_ports u_ila_0/probe91]
connect_debug_port u_ila_0/probe91 [get_nets [list uav_sar_i/zynq_ultra_pl/uart_uav_data_0/inst/uart_uav_data_v1_0_S00_AXI_inst/u_uart_rx/prog_full ]]
create_debug_port u_ila_0 probe
set_property port_width 1 [get_debug_ports u_ila_0/probe92]
set_property PROBE_TYPE DATA_AND_TRIGGER [get_debug_ports u_ila_0/probe92]
connect_debug_port u_ila_0/probe92 [get_nets [list uav_sar_i/zynq_ultra_pl/uart_uav_data_0/inst/uart_uav_data_v1_0_S00_AXI_inst/u_uart_rx/rx_flag ]]
create_debug_port u_ila_0 probe
set_property port_width 1 [get_debug_ports u_ila_0/probe93]
set_property PROBE_TYPE DATA_AND_TRIGGER [get_debug_ports u_ila_0/probe93]
connect_debug_port u_ila_0/probe93 [get_nets [list uav_sar_i/zynq_ultra_pl/ad9269_sample_ctrl/inst/ad9269_sample_v1_0_S00_AXI_inst/sample_inst/sample_en ]]
create_debug_port u_ila_0 probe
set_property port_width 1 [get_debug_ports u_ila_0/probe94]
set_property PROBE_TYPE DATA_AND_TRIGGER [get_debug_ports u_ila_0/probe94]
connect_debug_port u_ila_0/probe94 [get_nets [list uav_sar_i/zynq_ultra_pl/ad9269_sample_ctrl/inst/ad9269_sample_v1_0_S00_AXI_inst/sample_inst/sample_start ]]
create_debug_port u_ila_0 probe
set_property port_width 1 [get_debug_ports u_ila_0/probe95]
set_property PROBE_TYPE DATA_AND_TRIGGER [get_debug_ports u_ila_0/probe95]
connect_debug_port u_ila_0/probe95 [get_nets [list uav_sar_i/zynq_ultra_pl/ad9269_sample_ctrl/inst/ad9269_sample_v1_0_S00_AXI_inst/clk_div_inst/sample_start ]]
create_debug_port u_ila_0 probe
set_property port_width 1 [get_debug_ports u_ila_0/probe96]
set_property PROBE_TYPE DATA_AND_TRIGGER [get_debug_ports u_ila_0/probe96]
connect_debug_port u_ila_0/probe96 [get_nets [list uav_sar_i/zynq_ultra_pl/ad9269_sample_ctrl/inst/ad9269_sample_v1_0_S00_AXI_inst/sample_inst/sample_start_dly2 ]]
create_debug_port u_ila_0 probe
set_property port_width 1 [get_debug_ports u_ila_0/probe97]
set_property PROBE_TYPE DATA_AND_TRIGGER [get_debug_ports u_ila_0/probe97]
connect_debug_port u_ila_0/probe97 [get_nets [list uav_sar_i/zynq_ultra_pl/ad9269_sample_ctrl/inst/ad9269_sample_v1_0_S00_AXI_inst/sample_inst/start_clr ]]
create_debug_port u_ila_0 probe
set_property port_width 1 [get_debug_ports u_ila_0/probe98]
set_property PROBE_TYPE DATA_AND_TRIGGER [get_debug_ports u_ila_0/probe98]
connect_debug_port u_ila_0/probe98 [get_nets [list uav_sar_i/zynq_ultra_pl/ad9269_sample_ctrl/inst/ad9269_sample_v1_0_S00_AXI_inst/sample_inst/start_clr_ack ]]
create_debug_port u_ila_0 probe
set_property port_width 1 [get_debug_ports u_ila_0/probe99]
set_property PROBE_TYPE DATA_AND_TRIGGER [get_debug_ports u_ila_0/probe99]
connect_debug_port u_ila_0/probe99 [get_nets [list uav_sar_i/zynq_ultra_pl/ad9269_sample_ctrl/inst/ad9269_sample_v1_0_S00_AXI_inst/sample_inst/start_clr_ack_dly2 ]]
create_debug_port u_ila_0 probe
set_property port_width 1 [get_debug_ports u_ila_0/probe100]
set_property PROBE_TYPE DATA_AND_TRIGGER [get_debug_ports u_ila_0/probe100]
connect_debug_port u_ila_0/probe100 [get_nets [list uav_sar_i/zynq_ultra_pl/uart_uav_data_0/inst/uart_uav_data_v1_0_S00_AXI_inst/u_uart_rx/start_en ]]
create_debug_port u_ila_0 probe
set_property port_width 1 [get_debug_ports u_ila_0/probe101]
set_property PROBE_TYPE DATA_AND_TRIGGER [get_debug_ports u_ila_0/probe101]
connect_debug_port u_ila_0/probe101 [get_nets [list uav_sar_i/zynq_ultra_pl/uart_uav_data_0/inst/uart_uav_data_v1_0_S00_AXI_inst/u_utc_time/time_aligned_done ]]
create_debug_port u_ila_0 probe
set_property port_width 1 [get_debug_ports u_ila_0/probe102]
set_property PROBE_TYPE DATA_AND_TRIGGER [get_debug_ports u_ila_0/probe102]
connect_debug_port u_ila_0/probe102 [get_nets [list uav_sar_i/zynq_ultra_pl/uart_uav_data_0/inst/uart_uav_data_v1_0_S00_AXI_inst/u_utc_time/time_aligned_done_flag ]]
create_debug_port u_ila_0 probe
set_property port_width 1 [get_debug_ports u_ila_0/probe103]
set_property PROBE_TYPE DATA_AND_TRIGGER [get_debug_ports u_ila_0/probe103]
connect_debug_port u_ila_0/probe103 [get_nets [list uav_sar_i/zynq_ultra_pl/uart_uav_data_0/inst/uart_uav_data_v1_0_S00_AXI_inst/u_utc_time/time_aligned_done_flag_t ]]
create_debug_port u_ila_0 probe
set_property port_width 1 [get_debug_ports u_ila_0/probe104]
set_property PROBE_TYPE DATA_AND_TRIGGER [get_debug_ports u_ila_0/probe104]
connect_debug_port u_ila_0/probe104 [get_nets [list uav_sar_i/zynq_ultra_pl/ad9269_sample_ctrl/inst/ad9269_sample_v1_0_S00_AXI_inst/sample_inst/tvalid_en ]]
create_debug_port u_ila_0 probe
set_property port_width 1 [get_debug_ports u_ila_0/probe105]
set_property PROBE_TYPE DATA_AND_TRIGGER [get_debug_ports u_ila_0/probe105]
connect_debug_port u_ila_0/probe105 [get_nets [list uav_sar_i/zynq_ultra_pl/uart_uav_data_0/inst/uart_uav_data_v1_0_S00_AXI_inst/u_uart_rx/tvalid_en ]]
create_debug_port u_ila_0 probe
set_property port_width 1 [get_debug_ports u_ila_0/probe106]
set_property PROBE_TYPE DATA_AND_TRIGGER [get_debug_ports u_ila_0/probe106]
connect_debug_port u_ila_0/probe106 [get_nets [list uav_sar_i/zynq_ultra_pl/uart_uav_data_0/inst/uart_uav_data_v1_0_S00_AXI_inst/u_uart_rx/uart_buf_rd ]]
create_debug_port u_ila_0 probe
set_property port_width 1 [get_debug_ports u_ila_0/probe107]
set_property PROBE_TYPE DATA_AND_TRIGGER [get_debug_ports u_ila_0/probe107]
connect_debug_port u_ila_0/probe107 [get_nets [list uav_sar_i/zynq_ultra_pl/uart_uav_data_0/inst/uart_uav_data_v1_0_S00_AXI_inst/u_uart_rx/uart_buf_rd_dly0 ]]
create_debug_port u_ila_0 probe
set_property port_width 1 [get_debug_ports u_ila_0/probe108]
set_property PROBE_TYPE DATA_AND_TRIGGER [get_debug_ports u_ila_0/probe108]
connect_debug_port u_ila_0/probe108 [get_nets [list uav_sar_i/zynq_ultra_pl/uart_uav_data_0/inst/uart_uav_data_v1_0_S00_AXI_inst/u_uart_rx/uart_buf_wr ]]
create_debug_port u_ila_0 probe
set_property port_width 1 [get_debug_ports u_ila_0/probe109]
set_property PROBE_TYPE DATA_AND_TRIGGER [get_debug_ports u_ila_0/probe109]
connect_debug_port u_ila_0/probe109 [get_nets [list uav_sar_i/zynq_ultra_pl/uart_uav_data_0/inst/uart_uav_data_v1_0_S00_AXI_inst/u_utc_time/uart_rx_done ]]
create_debug_port u_ila_0 probe
set_property port_width 1 [get_debug_ports u_ila_0/probe110]
set_property PROBE_TYPE DATA_AND_TRIGGER [get_debug_ports u_ila_0/probe110]
connect_debug_port u_ila_0/probe110 [get_nets [list uav_sar_i/zynq_ultra_pl/uart_uav_data_0/inst/uart_uav_data_v1_0_S00_AXI_inst/u_uart_rx/uart_rx_done ]]
create_debug_port u_ila_0 probe
set_property port_width 1 [get_debug_ports u_ila_0/probe111]
set_property PROBE_TYPE DATA_AND_TRIGGER [get_debug_ports u_ila_0/probe111]
connect_debug_port u_ila_0/probe111 [get_nets [list uav_sar_i/zynq_ultra_pl/uart_uav_data_0/inst/uart_uav_data_v1_0_S00_AXI_inst/u_uart_rx/uart_rxd ]]
create_debug_port u_ila_0 probe
set_property port_width 1 [get_debug_ports u_ila_0/probe112]
set_property PROBE_TYPE DATA_AND_TRIGGER [get_debug_ports u_ila_0/probe112]
connect_debug_port u_ila_0/probe112 [get_nets [list uav_sar_i/zynq_ultra_pl/uart_uav_data_0/inst/uart_uav_data_v1_0_S00_AXI_inst/u_uart_rx/uart_rxd_d0 ]]
create_debug_port u_ila_0 probe
set_property port_width 1 [get_debug_ports u_ila_0/probe113]
set_property PROBE_TYPE DATA_AND_TRIGGER [get_debug_ports u_ila_0/probe113]
connect_debug_port u_ila_0/probe113 [get_nets [list uav_sar_i/zynq_ultra_pl/uart_uav_data_0/inst/uart_uav_data_v1_0_S00_AXI_inst/u_uart_rx/uart_rxd_d1 ]]
create_debug_port u_ila_0 probe
set_property port_width 1 [get_debug_ports u_ila_0/probe114]
set_property PROBE_TYPE DATA_AND_TRIGGER [get_debug_ports u_ila_0/probe114]
connect_debug_port u_ila_0/probe114 [get_nets [list uav_sar_i/zynq_ultra_pl/uart_uav_data_0/inst/uart_uav_data_v1_0_S00_AXI_inst/u_uart_rx/uart_rxd_d2 ]]
create_debug_port u_ila_0 probe
set_property port_width 1 [get_debug_ports u_ila_0/probe115]
set_property PROBE_TYPE DATA_AND_TRIGGER [get_debug_ports u_ila_0/probe115]
connect_debug_port u_ila_0/probe115 [get_nets [list uav_sar_i/zynq_ultra_pl/ad9269_sample_ctrl/inst/ad9269_sample_v1_0_S00_AXI_inst/clk_div_inst/utc_done ]]
create_debug_port u_ila_0 probe
set_property port_width 1 [get_debug_ports u_ila_0/probe116]
set_property PROBE_TYPE DATA_AND_TRIGGER [get_debug_ports u_ila_0/probe116]
connect_debug_port u_ila_0/probe116 [get_nets [list uav_sar_i/zynq_ultra_pl/uart_uav_data_0/inst/uart_uav_data_v1_0_S00_AXI_inst/u_utc_time/utc_done ]]
create_debug_port u_ila_0 probe
set_property port_width 1 [get_debug_ports u_ila_0/probe117]
set_property PROBE_TYPE DATA_AND_TRIGGER [get_debug_ports u_ila_0/probe117]
connect_debug_port u_ila_0/probe117 [get_nets [list uav_sar_i/zynq_ultra_pl/uart_uav_data_0/inst/uart_uav_data_v1_0_S00_AXI_inst/u_utc_time/utc_done_t ]]
save_constraints
launch_runs impl_1 -jobs 8
INFO: [Timing 38-480] Writing timing data to binary archive.
Writing placer database...
Writing XDEF routing.
Writing XDEF routing logical nets.
Writing XDEF routing special nets.
Write XDEF Complete: Time (s): cpu = 00:00:01 ; elapsed = 00:00:00.189 . Memory (MB): peak = 5704.754 ; gain = 0.000
[Mon Oct 27 21:48:25 2025] Launched impl_1...
Run output will be captured here: E:/vivado_axidma3/uav_sar.runs/impl_1/runme.log
reset_run impl_1
WARNING: [Vivado 12-1017] Problems encountered:
1. PID not specified

launch_runs impl_1 -to_step write_bitstream -jobs 8
INFO: [Timing 38-480] Writing timing data to binary archive.
Writing placer database...
Writing XDEF routing.
Writing XDEF routing logical nets.
Writing XDEF routing special nets.
Write XDEF Complete: Time (s): cpu = 00:00:01 ; elapsed = 00:00:00.099 . Memory (MB): peak = 5704.754 ; gain = 0.000
[Mon Oct 27 21:48:37 2025] Launched impl_1...
Run output will be captured here: E:/vivado_axidma3/uav_sar.runs/impl_1/runme.log
set_property pfm_name {} [get_files -all {E:/vivado_axidma3/uav_sar.srcs/sources_1/bd/uav_sar/uav_sar.bd}]
write_hw_platform -fixed -include_bit -force -file E:/vivado_axidma3/uav_sar_wrapper.xsa
INFO: [Vivado 12-4895] Creating Hardware Platform: E:/vivado_axidma3/uav_sar_wrapper.xsa ...
INFO: [Hsi 55-2053] elapsed time for repository (E:/Xilinx_vitis2020/Vivado/2020.1/data\embeddedsw) loading 1 seconds
INFO: [Vivado 12-4896] Successfully created Hardware Platform: E:/vivado_axidma3/uav_sar_wrapper.xsa
write_hw_platform: Time (s): cpu = 00:00:29 ; elapsed = 00:00:29 . Memory (MB): peak = 5704.754 ; gain = 0.000
open_hw_manager
connect_hw_server -allow_non_jtag
INFO: [Labtools 27-2285] Connecting to hw_server url TCP:localhost:3121
INFO: [Labtools 27-2222] Launching hw_server...
INFO: [Labtools 27-2221] Launch Output:

****** Xilinx hw_server v2020.1
  **** Build date : May 27 2020 at 20:24:38
    ** Copyright 1986-2020 Xilinx, Inc. All Rights Reserved.


INFO: [Labtools 27-3415] Connecting to cs_server url TCP:localhost:3042
INFO: [Labtools 27-3417] Launching cs_server...
INFO: [Labtools 27-2221] Launch Output:


****** Xilinx cs_server v2020.1.0
  **** Build date : May 14 2020-09:10:29
    ** Copyright 2017-2020 Xilinx, Inc. All Rights Reserved.



connect_hw_server: Time (s): cpu = 00:00:01 ; elapsed = 00:00:12 . Memory (MB): peak = 5704.754 ; gain = 0.000
open_hw_target
INFO: [Labtoolstcl 44-466] Opening hw_target localhost:3121/xilinx_tcf/Digilent/210512180081
set_property PROGRAM.FILE {E:/vivado_axidma3/uav_sar.runs/impl_1/uav_sar_wrapper.bit} [get_hw_devices xczu2_0]
set_property PROBES.FILE {E:/vivado_axidma3/uav_sar.runs/impl_1/uav_sar_wrapper.ltx} [get_hw_devices xczu2_0]
set_property FULL_PROBES.FILE {E:/vivado_axidma3/uav_sar.runs/impl_1/uav_sar_wrapper.ltx} [get_hw_devices xczu2_0]
current_hw_device [get_hw_devices xczu2_0]
refresh_hw_device [lindex [get_hw_devices xczu2_0] 0]
INFO: [Labtools 27-2302] Device xczu2 (JTAG device index = 0) is programmed with a design that has 2 ILA core(s).
WARNING: [Labtools 27-3413] Dropping logic core with cellname:'uav_sar_i/system_ila_1/inst/ila_lib' at location 'uuid_6762C1EC5DAF5D84AB7542DA3779EDC5' from probes file, since it cannot be found on the programmed device.
WARNING: [Labtools 27-3222] Mismatch between the design programmed into the device xczu2 (JTAG device index = 0) and the probes file(s) E:/vivado_axidma3/uav_sar.runs/impl_1/uav_sar_wrapper.ltx.
 The hw_probe  in the probes file has port index 117. This port does not exist in the ILA core at location (uuid_23E7D65A79BC59F7BC47406C1714DFAE).
current_hw_device [get_hw_devices arm_dap_1]
refresh_hw_device -update_hw_probes false [lindex [get_hw_devices arm_dap_1] 0]
current_hw_device [get_hw_devices xczu2_0]
close_hw_manager
open_hw_manager
connect_hw_server -allow_non_jtag
INFO: [Labtools 27-2285] Connecting to hw_server url TCP:localhost:3121
INFO: [Labtools 27-3415] Connecting to cs_server url TCP:localhost:3042
INFO: [Labtools 27-3414] Connected to existing cs_server.
open_hw_target
INFO: [Labtoolstcl 44-466] Opening hw_target localhost:3121/xilinx_tcf/Digilent/210512180081
set_property PROGRAM.FILE {E:/vivado_axidma3/uav_sar.runs/impl_1/uav_sar_wrapper.bit} [get_hw_devices xczu2_0]
set_property PROBES.FILE {E:/vivado_axidma3/uav_sar.runs/impl_1/uav_sar_wrapper.ltx} [get_hw_devices xczu2_0]
set_property FULL_PROBES.FILE {E:/vivado_axidma3/uav_sar.runs/impl_1/uav_sar_wrapper.ltx} [get_hw_devices xczu2_0]
current_hw_device [get_hw_devices xczu2_0]
refresh_hw_device [lindex [get_hw_devices xczu2_0] 0]
INFO: [Labtools 27-2302] Device xczu2 (JTAG device index = 0) is programmed with a design that has 2 ILA core(s).
WARNING: [Labtools 27-3413] Dropping logic core with cellname:'uav_sar_i/system_ila_1/inst/ila_lib' at location 'uuid_6762C1EC5DAF5D84AB7542DA3779EDC5' from probes file, since it cannot be found on the programmed device.
WARNING: [Labtools 27-3222] Mismatch between the design programmed into the device xczu2 (JTAG device index = 0) and the probes file(s) E:/vivado_axidma3/uav_sar.runs/impl_1/uav_sar_wrapper.ltx.
 The hw_probe  in the probes file has port index 117. This port does not exist in the ILA core at location (uuid_23E7D65A79BC59F7BC47406C1714DFAE).
current_hw_device [get_hw_devices arm_dap_1]
refresh_hw_device -update_hw_probes false [lindex [get_hw_devices arm_dap_1] 0]
current_hw_device [get_hw_devices xczu2_0]
close_hw_manager
exit
INFO: [Common 17-206] Exiting Vivado at Tue Oct 28 14:10:23 2025...
