
*** Running vivado
    with args -log uav_sar.vds -m64 -product Vivado -mode batch -messageDb vivado.pb -notrace -source uav_sar.tcl



****** Vivado v2020.1 (64-bit)
  **** SW Build 2902540 on Wed May 27 19:54:49 MDT 2020
  **** IP Build 2902112 on Wed May 27 22:43:36 MDT 2020
    ** Copyright 1986-2020 Xilinx, Inc. All Rights Reserved.

source uav_sar.tcl -notrace
INFO: [IP_Flow 19-234] Refreshing IP repositories
INFO: [IP_Flow 19-1700] Loaded user IP repository 'e:/ip_repo/myip_1.0'.
INFO: [IP_Flow 19-1700] Loaded user IP repository 'e:/ip_repo/uart_uav_data_1.0'.
WARNING: [IP_Flow 19-3685] Ignored loading user repository 'e:/vivado_axidma3/repo/uart_uav_data_1.0'. The path is contained within another repository.
WARNING: [IP_Flow 19-2207] Repository 'e:/vivado_axidma3/repo/uart_uav_data_1.0' already exists; ignoring attempt to add it again.
WARNING: [IP_Flow 19-3685] Ignored loading user repository 'e:/vivado_axidma3/repo/uart_uav_data_1.0'. The path is contained within another repository.
WARNING: [IP_Flow 19-3685] Ignored loading user repository 'e:/vivado_axidma3/repo/pl_bram_rd_1.0'. The path is contained within another repository.
WARNING: [IP_Flow 19-3685] Ignored loading user repository 'e:/vivado_axidma3/repo/nav_data_rd_1.0'. The path is contained within another repository.
INFO: [IP_Flow 19-1700] Loaded user IP repository 'e:/vivado_axidma3/repo'.
INFO: [IP_Flow 19-2313] Loaded Vivado IP repository 'E:/Xilinx_vitis2020/Vivado/2020.1/data/ip'.
WARNING: [IP_Flow 19-1663] Duplicate IP found for 'xilinx.com:user:uart_uav_data:1.0'. The one found in IP location 'e:/vivado_axidma3/repo/uart_uav_data_1.0' will take precedence over the same IP in location e:/ip_repo/uart_uav_data_1.0
add_files: Time (s): cpu = 00:00:05 ; elapsed = 00:00:06 . Memory (MB): peak = 1071.625 ; gain = 0.000
Command: synth_design -top uav_sar -part xczu2cg-sfvc784-1-e -mode out_of_context
Starting synth_design
WARNING: [Vivado_Tcl 4-393] The 'Synthesis' target of the following IPs are stale, please generate the output products using the generate_target or synth_ip command before running synth_design.
E:/vivado_axidma3/uav_sar.srcs/sources_1/bd/uav_sar/uav_sar.bd

WARNING: [Vivado_Tcl 4-393] The 'Implementation' target of the following IPs are stale, please generate the output products using the generate_target or synth_ip command before running synth_design.
E:/vivado_axidma3/uav_sar.srcs/sources_1/bd/uav_sar/uav_sar.bd

Attempting to get a license for feature 'Synthesis' and/or device 'xczu2cg'
INFO: [Common 17-349] Got license for feature 'Synthesis' and/or device 'xczu2cg'
INFO: [Device 21-403] Loading part xczu2cg-sfvc784-1-e
INFO: [Synth 8-7079] Multithreading enabled for synth_design using a maximum of 2 processes.
INFO: [Synth 8-7078] Launching helper process for spawning children vivado processes
INFO: [Synth 8-7075] Helper process launched with PID 35176
---------------------------------------------------------------------------------
Starting RTL Elaboration : Time (s): cpu = 00:00:10 ; elapsed = 00:00:13 . Memory (MB): peak = 1551.016 ; gain = 105.977
---------------------------------------------------------------------------------
INFO: [Synth 8-6157] synthesizing module 'uav_sar' [E:/vivado_axidma3/uav_sar.srcs/sources_1/bd/uav_sar/synth/uav_sar.v:2075]
WARNING: [Synth 8-4446] all outputs are unconnected for this instance and logic may be removed [E:/vivado_axidma3/uav_sar.srcs/sources_1/bd/uav_sar/synth/uav_sar.v:2195]
INFO: [Synth 8-6157] synthesizing module 'uav_sar_system_ila_1_0' [e:/vivado_axidma3/uav_sar.srcs/sources_1/bd/uav_sar/ip/uav_sar_system_ila_1_0/synth/uav_sar_system_ila_1_0.v:216]
WARNING: [Synth 8-4446] all outputs are unconnected for this instance and logic may be removed [e:/vivado_axidma3/uav_sar.srcs/sources_1/bd/uav_sar/ip/uav_sar_system_ila_1_0/synth/uav_sar_system_ila_1_0.v:226]
INFO: [Synth 8-6157] synthesizing module 'bd_9e4d' [e:/vivado_axidma3/uav_sar.srcs/sources_1/bd/uav_sar/ip/uav_sar_system_ila_1_0/bd_0/synth/bd_9e4d.v:10]
WARNING: [Synth 8-4446] all outputs are unconnected for this instance and logic may be removed [e:/vivado_axidma3/uav_sar.srcs/sources_1/bd/uav_sar/ip/uav_sar_system_ila_1_0/bd_0/synth/bd_9e4d.v:21]
INFO: [Synth 8-6157] synthesizing module 'bd_9e4d_ila_lib_0' [e:/vivado_axidma3/uav_sar.srcs/sources_1/bd/uav_sar/ip/uav_sar_system_ila_1_0/bd_0/ip/ip_0/synth/bd_9e4d_ila_lib_0.v:84]
INFO: [Synth 8-6157] synthesizing module 'CFGLUT5' [E:/Xilinx_vitis2020/Vivado/2020.1/scripts/rt/data/unisim_comp.v:1524]
INFO: [Synth 8-6155] done synthesizing module 'CFGLUT5' (8#1) [E:/Xilinx_vitis2020/Vivado/2020.1/scripts/rt/data/unisim_comp.v:1524]
INFO: [Synth 8-6157] synthesizing module 'CARRY4' [E:/Xilinx_vitis2020/Vivado/2020.1/scripts/rt/data/unisim_comp.v:1487]
INFO: [Synth 8-6155] done synthesizing module 'CARRY4' (9#1) [E:/Xilinx_vitis2020/Vivado/2020.1/scripts/rt/data/unisim_comp.v:1487]
INFO: [Synth 8-6157] synthesizing module 'SRLC32E' [E:/Xilinx_vitis2020/Vivado/2020.1/scripts/rt/data/unisim_comp.v:78209]
INFO: [Synth 8-6155] done synthesizing module 'SRLC32E' (19#1) [E:/Xilinx_vitis2020/Vivado/2020.1/scripts/rt/data/unisim_comp.v:78209]
INFO: [Synth 8-6157] synthesizing module 'SRL16E' [E:/Xilinx_vitis2020/Vivado/2020.1/scripts/rt/data/unisim_comp.v:78059]
INFO: [Synth 8-6155] done synthesizing module 'SRL16E' (21#1) [E:/Xilinx_vitis2020/Vivado/2020.1/scripts/rt/data/unisim_comp.v:78059]
INFO: [Synth 8-6157] synthesizing module 'SRLC16E' [E:/Xilinx_vitis2020/Vivado/2020.1/scripts/rt/data/unisim_comp.v:78148]
INFO: [Synth 8-6155] done synthesizing module 'SRLC16E' (23#1) [E:/Xilinx_vitis2020/Vivado/2020.1/scripts/rt/data/unisim_comp.v:78148]
INFO: [Synth 8-6157] synthesizing module 'FDRE' [E:/Xilinx_vitis2020/Vivado/2020.1/scripts/rt/data/unisim_comp.v:13724]
INFO: [Synth 8-6155] done synthesizing module 'FDRE' (28#1) [E:/Xilinx_vitis2020/Vivado/2020.1/scripts/rt/data/unisim_comp.v:13724]
WARNING: [Synth 8-7071] port 'clk_nobuf' of module 'ila_v6_2_11_ila' is unconnected for instance 'inst' [e:/vivado_axidma3/uav_sar.srcs/sources_1/bd/uav_sar/ip/uav_sar_system_ila_1_0/bd_0/ip/ip_0/synth/bd_9e4d_ila_lib_0.v:3209]
WARNING: [Synth 8-7071] port 'clkdiv_out' of module 'ila_v6_2_11_ila' is unconnected for instance 'inst' [e:/vivado_axidma3/uav_sar.srcs/sources_1/bd/uav_sar/ip/uav_sar_system_ila_1_0/bd_0/ip/ip_0/synth/bd_9e4d_ila_lib_0.v:3209]
WARNING: [Synth 8-7071] port 'trig_in' of module 'ila_v6_2_11_ila' is unconnected for instance 'inst' [e:/vivado_axidma3/uav_sar.srcs/sources_1/bd/uav_sar/ip/uav_sar_system_ila_1_0/bd_0/ip/ip_0/synth/bd_9e4d_ila_lib_0.v:3209]
WARNING: [Synth 8-7071] port 'trig_in_ack' of module 'ila_v6_2_11_ila' is unconnected for instance 'inst' [e:/vivado_axidma3/uav_sar.srcs/sources_1/bd/uav_sar/ip/uav_sar_system_ila_1_0/bd_0/ip/ip_0/synth/bd_9e4d_ila_lib_0.v:3209]
WARNING: [Synth 8-7071] port 'trig_out' of module 'ila_v6_2_11_ila' is unconnected for instance 'inst' [e:/vivado_axidma3/uav_sar.srcs/sources_1/bd/uav_sar/ip/uav_sar_system_ila_1_0/bd_0/ip/ip_0/synth/bd_9e4d_ila_lib_0.v:3209]
WARNING: [Synth 8-7071] port 'trig_out_ack' of module 'ila_v6_2_11_ila' is unconnected for instance 'inst' [e:/vivado_axidma3/uav_sar.srcs/sources_1/bd/uav_sar/ip/uav_sar_system_ila_1_0/bd_0/ip/ip_0/synth/bd_9e4d_ila_lib_0.v:3209]
WARNING: [Synth 8-7023] instance 'inst' of module 'ila_v6_2_11_ila' has 1033 connections declared, but only 1027 given [e:/vivado_axidma3/uav_sar.srcs/sources_1/bd/uav_sar/ip/uav_sar_system_ila_1_0/bd_0/ip/ip_0/synth/bd_9e4d_ila_lib_0.v:3209]
INFO: [Synth 8-6155] done synthesizing module 'bd_9e4d_ila_lib_0' (46#1) [e:/vivado_axidma3/uav_sar.srcs/sources_1/bd/uav_sar/ip/uav_sar_system_ila_1_0/bd_0/ip/ip_0/synth/bd_9e4d_ila_lib_0.v:84]
INFO: [Synth 8-6071] Mark debug on the nets applies keep_hierarchy on instance 'ila_lib'. This will prevent further optimization [e:/vivado_axidma3/uav_sar.srcs/sources_1/bd/uav_sar/ip/uav_sar_system_ila_1_0/bd_0/synth/bd_9e4d.v:21]
INFO: [Synth 8-6155] done synthesizing module 'bd_9e4d' (47#1) [e:/vivado_axidma3/uav_sar.srcs/sources_1/bd/uav_sar/ip/uav_sar_system_ila_1_0/bd_0/synth/bd_9e4d.v:10]
INFO: [Synth 8-6155] done synthesizing module 'uav_sar_system_ila_1_0' (48#1) [e:/vivado_axidma3/uav_sar.srcs/sources_1/bd/uav_sar/ip/uav_sar_system_ila_1_0/synth/uav_sar_system_ila_1_0.v:216]
INFO: [Synth 8-6157] synthesizing module 'zynq_ultra_pl_imp_YO9ZLI' [E:/vivado_axidma3/uav_sar.srcs/sources_1/bd/uav_sar/synth/uav_sar.v:4146]
INFO: [Synth 8-6157] synthesizing module 'uav_sar_ad9269_sample_ctrl_0_0' [e:/vivado_axidma3/uav_sar.srcs/sources_1/bd/uav_sar/ip/uav_sar_ad9269_sample_ctrl_0_0/synth/uav_sar_ad9269_sample_ctrl_0_0.v:58]
INFO: [Synth 8-6157] synthesizing module 'ad9269_sample_v1_0' [e:/vivado_axidma3/uav_sar.srcs/sources_1/bd/uav_sar/ipshared/2577/src/ad9269_sample_v1_0.v:3]
	Parameter C_S00_AXI_DATA_WIDTH bound to: 64 - type: integer 
	Parameter C_S00_AXI_ADDR_WIDTH bound to: 6 - type: integer 
INFO: [Synth 8-6157] synthesizing module 'ad9269_sample_v1_0_S00_AXI' [e:/vivado_axidma3/uav_sar.srcs/sources_1/bd/uav_sar/ipshared/2577/src/ad9269_sample_v1_0_S00_AXI.v:3]
	Parameter C_S_AXI_DATA_WIDTH bound to: 64 - type: integer 
	Parameter C_S_AXI_ADDR_WIDTH bound to: 6 - type: integer 
	Parameter ADDR_LSB bound to: 3 - type: integer 
	Parameter OPT_MEM_ADDR_BITS bound to: 2 - type: integer 
INFO: [Synth 8-6157] synthesizing module 'ad9269_sample' [e:/vivado_axidma3/uav_sar.srcs/sources_1/bd/uav_sar/ipshared/2577/src/ad9269_sample .v:3]
	Parameter DEBUG bound to: 0 - type: integer 
	Parameter C_S_AXI_DATA_WIDTH bound to: 64 - type: integer 
	Parameter C_S_AXI_ADDR_WIDTH bound to: 6 - type: integer 
	Parameter S_IDLE bound to: 3'b000 
	Parameter S_SAMP_WAIT bound to: 3'b001 
	Parameter S_SAMPLE bound to: 3'b010 
INFO: [Synth 8-6157] synthesizing module 'xpm_fifo_async' [E:/Xilinx_vitis2020/Vivado/2020.1/data/ip/xpm/xpm_fifo/hdl/xpm_fifo.sv:2037]
	Parameter FIFO_MEMORY_TYPE bound to: auto - type: string 
	Parameter ECC_MODE bound to: no_ecc - type: string 
	Parameter RELATED_CLOCKS bound to: 0 - type: integer 
	Parameter SIM_ASSERT_CHK bound to: 0 - type: integer 
	Parameter CASCADE_HEIGHT bound to: 0 - type: integer 
	Parameter FIFO_WRITE_DEPTH bound to: 131072 - type: integer 
	Parameter WRITE_DATA_WIDTH bound to: 16 - type: integer 
	Parameter WR_DATA_COUNT_WIDTH bound to: 18 - type: integer 
	Parameter PROG_FULL_THRESH bound to: 10 - type: integer 
	Parameter FULL_RESET_VALUE bound to: 0 - type: integer 
	Parameter USE_ADV_FEATURES bound to: 0707 - type: string 
	Parameter READ_MODE bound to: std - type: string 
	Parameter FIFO_READ_LATENCY bound to: 1 - type: integer 
	Parameter READ_DATA_WIDTH bound to: 16 - type: integer 
	Parameter RD_DATA_COUNT_WIDTH bound to: 18 - type: integer 
	Parameter PROG_EMPTY_THRESH bound to: 10 - type: integer 
	Parameter DOUT_RESET_VALUE bound to: 1 - type: string 
	Parameter CDC_SYNC_STAGES bound to: 2 - type: integer 
	Parameter WAKEUP_TIME bound to: 0 - type: integer 
	Parameter EN_ADV_FEATURE_ASYNC bound to: 16'b0000011100000111 
	Parameter P_FIFO_MEMORY_TYPE bound to: 0 - type: integer 
	Parameter P_COMMON_CLOCK bound to: 0 - type: integer 
	Parameter P_ECC_MODE bound to: 0 - type: integer 
	Parameter P_READ_MODE bound to: 0 - type: integer 
	Parameter P_WAKEUP_TIME bound to: 2 - type: integer 
INFO: [Synth 8-6157] synthesizing module 'xpm_fifo_base' [E:/Xilinx_vitis2020/Vivado/2020.1/data/ip/xpm/xpm_fifo/hdl/xpm_fifo.sv:56]
	Parameter COMMON_CLOCK bound to: 0 - type: integer 
	Parameter RELATED_CLOCKS bound to: 0 - type: integer 
	Parameter FIFO_MEMORY_TYPE bound to: 0 - type: integer 
	Parameter ECC_MODE bound to: 0 - type: integer 
	Parameter SIM_ASSERT_CHK bound to: 0 - type: integer 
	Parameter CASCADE_HEIGHT bound to: 0 - type: integer 
	Parameter FIFO_WRITE_DEPTH bound to: 131072 - type: integer 
	Parameter WRITE_DATA_WIDTH bound to: 16 - type: integer 
	Parameter WR_DATA_COUNT_WIDTH bound to: 18 - type: integer 
	Parameter PROG_FULL_THRESH bound to: 10 - type: integer 
	Parameter USE_ADV_FEATURES bound to: 0707 - type: string 
	Parameter READ_MODE bound to: 0 - type: integer 
	Parameter FIFO_READ_LATENCY bound to: 1 - type: integer 
	Parameter READ_DATA_WIDTH bound to: 16 - type: integer 
	Parameter RD_DATA_COUNT_WIDTH bound to: 18 - type: integer 
	Parameter PROG_EMPTY_THRESH bound to: 10 - type: integer 
	Parameter DOUT_RESET_VALUE bound to: 1 - type: string 
	Parameter CDC_DEST_SYNC_FF bound to: 2 - type: integer 
	Parameter FULL_RESET_VALUE bound to: 0 - type: integer 
	Parameter REMOVE_WR_RD_PROT_LOGIC bound to: 0 - type: integer 
	Parameter WAKEUP_TIME bound to: 0 - type: integer 
	Parameter VERSION bound to: 0 - type: integer 
	Parameter invalid bound to: 0 - type: integer 
	Parameter stage1_valid bound to: 2 - type: integer 
	Parameter stage2_valid bound to: 1 - type: integer 
	Parameter both_stages_valid bound to: 3 - type: integer 
	Parameter FIFO_MEM_TYPE bound to: 0 - type: integer 
	Parameter RD_MODE bound to: 0 - type: integer 
	Parameter ENABLE_ECC bound to: 0 - type: integer 
	Parameter FIFO_READ_DEPTH bound to: 131072 - type: integer 
	Parameter FIFO_SIZE bound to: 2097152 - type: integer 
	Parameter WR_WIDTH_LOG bound to: 4 - type: integer 
	Parameter WR_DEPTH_LOG bound to: 17 - type: integer 
	Parameter WR_PNTR_WIDTH bound to: 17 - type: integer 
	Parameter RD_PNTR_WIDTH bound to: 17 - type: integer 
	Parameter FULL_RST_VAL bound to: 1'b0 
	Parameter WR_RD_RATIO bound to: 0 - type: integer 
	Parameter PF_THRESH_ADJ bound to: 10 - type: integer 
	Parameter PE_THRESH_ADJ bound to: 10 - type: integer 
	Parameter PF_THRESH_MIN bound to: 5 - type: integer 
	Parameter PF_THRESH_MAX bound to: 131069 - type: integer 
	Parameter PE_THRESH_MIN bound to: 3 - type: integer 
	Parameter PE_THRESH_MAX bound to: 131069 - type: integer 
	Parameter WR_DC_WIDTH_EXT bound to: 18 - type: integer 
	Parameter RD_DC_WIDTH_EXT bound to: 18 - type: integer 
	Parameter RD_LATENCY bound to: 1 - type: integer 
	Parameter WIDTH_RATIO bound to: 1 - type: integer 
	Parameter EN_ADV_FEATURE bound to: 16'b0000011100000111 
	Parameter EN_OF bound to: 1'b1 
	Parameter EN_PF bound to: 1'b1 
	Parameter EN_WDC bound to: 1'b1 
	Parameter EN_AF bound to: 1'b0 
	Parameter EN_WACK bound to: 1'b0 
	Parameter FG_EQ_ASYM_DOUT bound to: 1'b0 
	Parameter EN_UF bound to: 1'b1 
	Parameter EN_PE bound to: 1'b1 
	Parameter EN_RDC bound to: 1'b1 
	Parameter EN_AE bound to: 1'b0 
	Parameter EN_DVLD bound to: 1'b0 
INFO: [Synth 8-6157] synthesizing module 'xpm_memory_base' [E:/Xilinx_vitis2020/Vivado/2020.1/data/ip/xpm/xpm_memory/hdl/xpm_memory.sv:57]
	Parameter MEMORY_TYPE bound to: 1 - type: integer 
	Parameter MEMORY_SIZE bound to: 2097152 - type: integer 
	Parameter MEMORY_PRIMITIVE bound to: 0 - type: integer 
	Parameter CLOCKING_MODE bound to: 1 - type: integer 
	Parameter ECC_MODE bound to: 0 - type: integer 
	Parameter MEMORY_INIT_FILE bound to: none - type: string 
	Parameter MEMORY_INIT_PARAM bound to: (null) - type: string 
	Parameter USE_MEM_INIT_MMI bound to: 0 - type: integer 
	Parameter USE_MEM_INIT bound to: 0 - type: integer 
	Parameter MEMORY_OPTIMIZATION bound to: true - type: string 
	Parameter WAKEUP_TIME bound to: 0 - type: integer 
	Parameter AUTO_SLEEP_TIME bound to: 0 - type: integer 
	Parameter MESSAGE_CONTROL bound to: 0 - type: integer 
	Parameter VERSION bound to: 0 - type: integer 
	Parameter USE_EMBEDDED_CONSTRAINT bound to: 0 - type: integer 
	Parameter CASCADE_HEIGHT bound to: 0 - type: integer 
	Parameter SIM_ASSERT_CHK bound to: 0 - type: integer 
	Parameter WRITE_PROTECT bound to: 1 - type: integer 
	Parameter WRITE_DATA_WIDTH_A bound to: 16 - type: integer 
	Parameter READ_DATA_WIDTH_A bound to: 16 - type: integer 
	Parameter BYTE_WRITE_WIDTH_A bound to: 16 - type: integer 
	Parameter ADDR_WIDTH_A bound to: 17 - type: integer 
	Parameter READ_RESET_VALUE_A bound to: 0 - type: string 
	Parameter READ_LATENCY_A bound to: 2 - type: integer 
	Parameter WRITE_MODE_A bound to: 2 - type: integer 
	Parameter RST_MODE_A bound to: SYNC - type: string 
	Parameter WRITE_DATA_WIDTH_B bound to: 16 - type: integer 
	Parameter READ_DATA_WIDTH_B bound to: 16 - type: integer 
	Parameter BYTE_WRITE_WIDTH_B bound to: 16 - type: integer 
	Parameter ADDR_WIDTH_B bound to: 17 - type: integer 
	Parameter READ_RESET_VALUE_B bound to: 1 - type: string 
	Parameter READ_LATENCY_B bound to: 1 - type: integer 
	Parameter WRITE_MODE_B bound to: 2 - type: integer 
	Parameter RST_MODE_B bound to: SYNC - type: string 
	Parameter P_MEMORY_PRIMITIVE bound to: auto - type: string 
	Parameter P_MIN_WIDTH_DATA_A bound to: 16 - type: integer 
	Parameter P_MIN_WIDTH_DATA_B bound to: 16 - type: integer 
	Parameter P_MIN_WIDTH_DATA bound to: 16 - type: integer 
	Parameter P_MIN_WIDTH_DATA_ECC bound to: 16 - type: integer 
	Parameter P_MAX_DEPTH_DATA bound to: 131072 - type: integer 
	Parameter P_ECC_MODE bound to: no_ecc - type: string 
	Parameter P_MEMORY_OPT bound to: yes - type: string 
	Parameter P_WIDTH_COL_WRITE_A bound to: 16 - type: integer 
	Parameter P_WIDTH_COL_WRITE_B bound to: 16 - type: integer 
	Parameter P_NUM_COLS_WRITE_A bound to: 1 - type: integer 
	Parameter P_NUM_COLS_WRITE_B bound to: 1 - type: integer 
	Parameter P_NUM_ROWS_WRITE_A bound to: 1 - type: integer 
	Parameter P_NUM_ROWS_WRITE_B bound to: 1 - type: integer 
	Parameter P_NUM_ROWS_READ_A bound to: 1 - type: integer 
	Parameter P_NUM_ROWS_READ_B bound to: 1 - type: integer 
	Parameter P_WIDTH_ADDR_WRITE_A bound to: 17 - type: integer 
	Parameter P_WIDTH_ADDR_WRITE_B bound to: 17 - type: integer 
	Parameter P_WIDTH_ADDR_READ_A bound to: 17 - type: integer 
	Parameter P_WIDTH_ADDR_READ_B bound to: 17 - type: integer 
	Parameter P_WIDTH_ADDR_LSB_WRITE_A bound to: 0 - type: integer 
	Parameter P_WIDTH_ADDR_LSB_WRITE_B bound to: 0 - type: integer 
	Parameter P_WIDTH_ADDR_LSB_READ_A bound to: 0 - type: integer 
	Parameter P_WIDTH_ADDR_LSB_READ_B bound to: 0 - type: integer 
	Parameter P_ENABLE_BYTE_WRITE_A bound to: 0 - type: integer 
	Parameter P_ENABLE_BYTE_WRITE_B bound to: 0 - type: integer 
	Parameter P_SDP_WRITE_MODE bound to: yes - type: string 
	Parameter rsta_loop_iter bound to: 16 - type: integer 
	Parameter rstb_loop_iter bound to: 16 - type: integer 
	Parameter NUM_CHAR_LOC bound to: 0 - type: integer 
	Parameter MAX_NUM_CHAR bound to: 0 - type: integer 
	Parameter P_MIN_WIDTH_DATA_SHFT bound to: 16 - type: integer 
	Parameter P_MIN_WIDTH_DATA_LDW bound to: 4 - type: integer 
INFO: [Synth 8-6059] Synth Info: [XPM_MEMORY 20-1] MEMORY_PRIMITIVE (0) instructs Vivado Synthesis to choose the memory primitive type. Depending on their values, other XPM_MEMORY parameters may preclude the choice of certain memory primitive types. Review XPM_MEMORY documentation and parameter values to understand any limitations, or set MEMORY_PRIMITIVE to a different value.   [E:/Xilinx_vitis2020/Vivado/2020.1/data/ip/xpm/xpm_memory/hdl/xpm_memory.sv:488]
WARNING: [Synth 8-6896] loop limit (65536) exceeded inside initial block, initial block items will be ignored [E:/Xilinx_vitis2020/Vivado/2020.1/data/ip/xpm/xpm_memory/hdl/xpm_memory.sv:1088]
INFO: [Synth 8-6155] done synthesizing module 'xpm_memory_base' (49#1) [E:/Xilinx_vitis2020/Vivado/2020.1/data/ip/xpm/xpm_memory/hdl/xpm_memory.sv:57]
INFO: [Synth 8-6157] synthesizing module 'xpm_cdc_gray' [E:/Xilinx_vitis2020/Vivado/2020.1/data/ip/xpm/xpm_cdc/hdl/xpm_cdc.sv:284]
	Parameter DEST_SYNC_FF bound to: 2 - type: integer 
	Parameter INIT_SYNC_FF bound to: 1 - type: integer 
	Parameter REG_OUTPUT bound to: 0 - type: integer 
	Parameter SIM_ASSERT_CHK bound to: 0 - type: integer 
	Parameter SIM_LOSSLESS_GRAY_CHK bound to: 0 - type: integer 
	Parameter VERSION bound to: 0 - type: integer 
	Parameter WIDTH bound to: 17 - type: integer 
INFO: [Synth 8-6155] done synthesizing module 'xpm_cdc_gray' (50#1) [E:/Xilinx_vitis2020/Vivado/2020.1/data/ip/xpm/xpm_cdc/hdl/xpm_cdc.sv:284]
INFO: [Synth 8-6157] synthesizing module 'xpm_fifo_reg_vec' [E:/Xilinx_vitis2020/Vivado/2020.1/data/ip/xpm/xpm_fifo/hdl/xpm_fifo.sv:1776]
	Parameter REG_WIDTH bound to: 17 - type: integer 
INFO: [Synth 8-6155] done synthesizing module 'xpm_fifo_reg_vec' (51#1) [E:/Xilinx_vitis2020/Vivado/2020.1/data/ip/xpm/xpm_fifo/hdl/xpm_fifo.sv:1776]
INFO: [Synth 8-6157] synthesizing module 'xpm_cdc_gray__parameterized0' [E:/Xilinx_vitis2020/Vivado/2020.1/data/ip/xpm/xpm_cdc/hdl/xpm_cdc.sv:284]
	Parameter DEST_SYNC_FF bound to: 2 - type: integer 
	Parameter INIT_SYNC_FF bound to: 1 - type: integer 
	Parameter REG_OUTPUT bound to: 0 - type: integer 
	Parameter SIM_ASSERT_CHK bound to: 0 - type: integer 
	Parameter SIM_LOSSLESS_GRAY_CHK bound to: 0 - type: integer 
	Parameter VERSION bound to: 0 - type: integer 
	Parameter WIDTH bound to: 18 - type: integer 
INFO: [Synth 8-6155] done synthesizing module 'xpm_cdc_gray__parameterized0' (51#1) [E:/Xilinx_vitis2020/Vivado/2020.1/data/ip/xpm/xpm_cdc/hdl/xpm_cdc.sv:284]
INFO: [Synth 8-6157] synthesizing module 'xpm_fifo_reg_vec__parameterized0' [E:/Xilinx_vitis2020/Vivado/2020.1/data/ip/xpm/xpm_fifo/hdl/xpm_fifo.sv:1776]
	Parameter REG_WIDTH bound to: 18 - type: integer 
INFO: [Synth 8-6155] done synthesizing module 'xpm_fifo_reg_vec__parameterized0' (51#1) [E:/Xilinx_vitis2020/Vivado/2020.1/data/ip/xpm/xpm_fifo/hdl/xpm_fifo.sv:1776]
INFO: [Synth 8-6157] synthesizing module 'xpm_fifo_rst' [E:/Xilinx_vitis2020/Vivado/2020.1/data/ip/xpm/xpm_fifo/hdl/xpm_fifo.sv:1514]
	Parameter COMMON_CLOCK bound to: 0 - type: integer 
	Parameter CDC_DEST_SYNC_FF bound to: 2 - type: integer 
	Parameter SIM_ASSERT_CHK bound to: 0 - type: integer 
INFO: [Synth 8-6157] synthesizing module 'xpm_cdc_sync_rst' [E:/Xilinx_vitis2020/Vivado/2020.1/data/ip/xpm/xpm_cdc/hdl/xpm_cdc.sv:1059]
	Parameter DEST_SYNC_FF bound to: 2 - type: integer 
	Parameter INIT bound to: 32'sb00000000000000000000000000000000 
	Parameter INIT_SYNC_FF bound to: 1 - type: integer 
	Parameter SIM_ASSERT_CHK bound to: 0 - type: integer 
	Parameter VERSION bound to: 0 - type: integer 
	Parameter DEF_VAL bound to: 1'b0 
INFO: [Synth 8-6155] done synthesizing module 'xpm_cdc_sync_rst' (52#1) [E:/Xilinx_vitis2020/Vivado/2020.1/data/ip/xpm/xpm_cdc/hdl/xpm_cdc.sv:1059]
INFO: [Synth 8-6155] done synthesizing module 'xpm_fifo_rst' (53#1) [E:/Xilinx_vitis2020/Vivado/2020.1/data/ip/xpm/xpm_fifo/hdl/xpm_fifo.sv:1514]
INFO: [Synth 8-6157] synthesizing module 'xpm_fifo_reg_bit' [E:/Xilinx_vitis2020/Vivado/2020.1/data/ip/xpm/xpm_fifo/hdl/xpm_fifo.sv:1798]
	Parameter RST_VALUE bound to: 0 - type: integer 
INFO: [Synth 8-6155] done synthesizing module 'xpm_fifo_reg_bit' (54#1) [E:/Xilinx_vitis2020/Vivado/2020.1/data/ip/xpm/xpm_fifo/hdl/xpm_fifo.sv:1798]
INFO: [Synth 8-6157] synthesizing module 'xpm_counter_updn' [E:/Xilinx_vitis2020/Vivado/2020.1/data/ip/xpm/xpm_fifo/hdl/xpm_fifo.sv:1750]
	Parameter COUNTER_WIDTH bound to: 18 - type: integer 
	Parameter RESET_VALUE bound to: 0 - type: integer 
INFO: [Synth 8-6155] done synthesizing module 'xpm_counter_updn' (55#1) [E:/Xilinx_vitis2020/Vivado/2020.1/data/ip/xpm/xpm_fifo/hdl/xpm_fifo.sv:1750]
INFO: [Synth 8-6157] synthesizing module 'xpm_counter_updn__parameterized0' [E:/Xilinx_vitis2020/Vivado/2020.1/data/ip/xpm/xpm_fifo/hdl/xpm_fifo.sv:1750]
	Parameter COUNTER_WIDTH bound to: 17 - type: integer 
	Parameter RESET_VALUE bound to: 1 - type: integer 
INFO: [Synth 8-6155] done synthesizing module 'xpm_counter_updn__parameterized0' (55#1) [E:/Xilinx_vitis2020/Vivado/2020.1/data/ip/xpm/xpm_fifo/hdl/xpm_fifo.sv:1750]
INFO: [Synth 8-6157] synthesizing module 'xpm_counter_updn__parameterized1' [E:/Xilinx_vitis2020/Vivado/2020.1/data/ip/xpm/xpm_fifo/hdl/xpm_fifo.sv:1750]
	Parameter COUNTER_WIDTH bound to: 17 - type: integer 
	Parameter RESET_VALUE bound to: 2 - type: integer 
INFO: [Synth 8-6155] done synthesizing module 'xpm_counter_updn__parameterized1' (55#1) [E:/Xilinx_vitis2020/Vivado/2020.1/data/ip/xpm/xpm_fifo/hdl/xpm_fifo.sv:1750]
INFO: [Synth 8-6155] done synthesizing module 'xpm_fifo_base' (56#1) [E:/Xilinx_vitis2020/Vivado/2020.1/data/ip/xpm/xpm_fifo/hdl/xpm_fifo.sv:56]
INFO: [Synth 8-6155] done synthesizing module 'xpm_fifo_async' (57#1) [E:/Xilinx_vitis2020/Vivado/2020.1/data/ip/xpm/xpm_fifo/hdl/xpm_fifo.sv:2037]
WARNING: [Synth 8-689] width (13) of port connection 'wr_data_count' does not match port width (18) of module 'xpm_fifo_async' [e:/vivado_axidma3/uav_sar.srcs/sources_1/bd/uav_sar/ipshared/2577/src/ad9269_sample .v:294]
WARNING: [Synth 8-689] width (13) of port connection 'rd_data_count' does not match port width (18) of module 'xpm_fifo_async' [e:/vivado_axidma3/uav_sar.srcs/sources_1/bd/uav_sar/ipshared/2577/src/ad9269_sample .v:295]
INFO: [Synth 8-6071] Mark debug on the nets applies keep_hierarchy on instance 'xpm_fifo_async_inst'. This will prevent further optimization [e:/vivado_axidma3/uav_sar.srcs/sources_1/bd/uav_sar/ipshared/2577/src/ad9269_sample .v:282]
INFO: [Synth 8-6155] done synthesizing module 'ad9269_sample' (58#1) [e:/vivado_axidma3/uav_sar.srcs/sources_1/bd/uav_sar/ipshared/2577/src/ad9269_sample .v:3]
INFO: [Synth 8-6157] synthesizing module 'clk_div' [e:/vivado_axidma3/uav_sar.srcs/sources_1/bd/uav_sar/ipshared/2577/src/clk_div.v:3]
	Parameter C_S_AXI_DATA_WIDTH bound to: 64 - type: integer 
	Parameter C_S_AXI_ADDR_WIDTH bound to: 6 - type: integer 
	Parameter triggle_width bound to: 8'b00000101 
	Parameter triggle_delay bound to: 8'b00110010 
	Parameter led_max_cnt bound to: 23'b10011000100101101000000 
	Parameter S_IDLE bound to: 3'b000 
	Parameter S_FIRST_TRIG bound to: 3'b001 
	Parameter S_WAIT_INTERV bound to: 3'b011 
	Parameter S_SECOND_TRIG bound to: 3'b010 
	Parameter S_WAIT_PRT bound to: 3'b100 
INFO: [Synth 8-6155] done synthesizing module 'clk_div' (59#1) [e:/vivado_axidma3/uav_sar.srcs/sources_1/bd/uav_sar/ipshared/2577/src/clk_div.v:3]
INFO: [Synth 8-6155] done synthesizing module 'ad9269_sample_v1_0_S00_AXI' (60#1) [e:/vivado_axidma3/uav_sar.srcs/sources_1/bd/uav_sar/ipshared/2577/src/ad9269_sample_v1_0_S00_AXI.v:3]
INFO: [Synth 8-6155] done synthesizing module 'ad9269_sample_v1_0' (61#1) [e:/vivado_axidma3/uav_sar.srcs/sources_1/bd/uav_sar/ipshared/2577/src/ad9269_sample_v1_0.v:3]
INFO: [Synth 8-6155] done synthesizing module 'uav_sar_ad9269_sample_ctrl_0_0' (62#1) [e:/vivado_axidma3/uav_sar.srcs/sources_1/bd/uav_sar/ip/uav_sar_ad9269_sample_ctrl_0_0/synth/uav_sar_ad9269_sample_ctrl_0_0.v:58]
INFO: [Synth 8-6157] synthesizing module 'uav_sar_axi_data_fifo_0_0' [e:/vivado_axidma3/uav_sar.srcs/sources_1/bd/uav_sar/ip/uav_sar_axi_data_fifo_0_0/synth/uav_sar_axi_data_fifo_0_0.v:58]
INFO: [Synth 8-6157] synthesizing module 'axi_data_fifo_v2_1_20_axi_data_fifo' [e:/vivado_axidma3/uav_sar.srcs/sources_1/bd/uav_sar/ipshared/47c9/hdl/axi_data_fifo_v2_1_vl_rfs.v:1283]
	Parameter C_FAMILY bound to: zynquplus - type: string 
	Parameter C_AXI_PROTOCOL bound to: 0 - type: integer 
	Parameter C_AXI_ID_WIDTH bound to: 1 - type: integer 
	Parameter C_AXI_ADDR_WIDTH bound to: 64 - type: integer 
	Parameter C_AXI_DATA_WIDTH bound to: 32 - type: integer 
	Parameter C_AXI_SUPPORTS_USER_SIGNALS bound to: 0 - type: integer 
	Parameter C_AXI_AWUSER_WIDTH bound to: 1 - type: integer 
	Parameter C_AXI_ARUSER_WIDTH bound to: 1 - type: integer 
	Parameter C_AXI_WUSER_WIDTH bound to: 1 - type: integer 
	Parameter C_AXI_RUSER_WIDTH bound to: 1 - type: integer 
	Parameter C_AXI_BUSER_WIDTH bound to: 1 - type: integer 
	Parameter C_AXI_WRITE_FIFO_DEPTH bound to: 0 - type: integer 
	Parameter C_AXI_WRITE_FIFO_TYPE bound to: lut - type: string 
	Parameter C_AXI_WRITE_FIFO_DELAY bound to: 0 - type: integer 
	Parameter C_AXI_READ_FIFO_DEPTH bound to: 0 - type: integer 
	Parameter C_AXI_READ_FIFO_TYPE bound to: lut - type: string 
	Parameter C_AXI_READ_FIFO_DELAY bound to: 0 - type: integer 
	Parameter P_WIDTH_RACH bound to: 95 - type: integer 
	Parameter P_WIDTH_WACH bound to: 95 - type: integer 
	Parameter P_WIDTH_RDCH bound to: 37 - type: integer 
	Parameter P_WIDTH_WDCH bound to: 38 - type: integer 
	Parameter P_WIDTH_WRCH bound to: 4 - type: integer 
	Parameter P_PRIM_FIFO_TYPE bound to: 512x72 - type: string 
	Parameter P_AXI4 bound to: 0 - type: integer 
	Parameter P_AXI3 bound to: 1 - type: integer 
	Parameter P_AXILITE bound to: 2 - type: integer 
	Parameter P_WRITE_FIFO_DEPTH_LOG bound to: 1 - type: integer 
	Parameter P_READ_FIFO_DEPTH_LOG bound to: 1 - type: integer 
INFO: [Synth 8-6155] done synthesizing module 'axi_data_fifo_v2_1_20_axi_data_fifo' (63#1) [e:/vivado_axidma3/uav_sar.srcs/sources_1/bd/uav_sar/ipshared/47c9/hdl/axi_data_fifo_v2_1_vl_rfs.v:1283]
INFO: [Synth 8-6155] done synthesizing module 'uav_sar_axi_data_fifo_0_0' (64#1) [e:/vivado_axidma3/uav_sar.srcs/sources_1/bd/uav_sar/ip/uav_sar_axi_data_fifo_0_0/synth/uav_sar_axi_data_fifo_0_0.v:58]
INFO: [Synth 8-6157] synthesizing module 'uav_sar_axi_data_fifo_0_1' [e:/vivado_axidma3/uav_sar.srcs/sources_1/bd/uav_sar/ip/uav_sar_axi_data_fifo_0_1/synth/uav_sar_axi_data_fifo_0_1.v:58]
INFO: [Synth 8-6155] done synthesizing module 'uav_sar_axi_data_fifo_0_1' (65#1) [e:/vivado_axidma3/uav_sar.srcs/sources_1/bd/uav_sar/ip/uav_sar_axi_data_fifo_0_1/synth/uav_sar_axi_data_fifo_0_1.v:58]
INFO: [Synth 8-638] synthesizing module 'uav_sar_axi_dma_0_0' [e:/vivado_axidma3/uav_sar.srcs/sources_1/bd/uav_sar/ip/uav_sar_axi_dma_0_0/synth/uav_sar_axi_dma_0_0.vhd:107]
	Parameter C_S_AXI_LITE_ADDR_WIDTH bound to: 10 - type: integer 
	Parameter C_S_AXI_LITE_DATA_WIDTH bound to: 32 - type: integer 
	Parameter C_DLYTMR_RESOLUTION bound to: 125 - type: integer 
	Parameter C_PRMRY_IS_ACLK_ASYNC bound to: 0 - type: integer 
	Parameter C_ENABLE_MULTI_CHANNEL bound to: 0 - type: integer 
	Parameter C_NUM_MM2S_CHANNELS bound to: 1 - type: integer 
	Parameter C_NUM_S2MM_CHANNELS bound to: 1 - type: integer 
	Parameter C_INCLUDE_SG bound to: 0 - type: integer 
	Parameter C_SG_INCLUDE_STSCNTRL_STRM bound to: 0 - type: integer 
	Parameter C_SG_USE_STSAPP_LENGTH bound to: 0 - type: integer 
	Parameter C_SG_LENGTH_WIDTH bound to: 26 - type: integer 
	Parameter C_M_AXI_SG_ADDR_WIDTH bound to: 64 - type: integer 
	Parameter C_M_AXI_SG_DATA_WIDTH bound to: 32 - type: integer 
	Parameter C_M_AXIS_MM2S_CNTRL_TDATA_WIDTH bound to: 32 - type: integer 
	Parameter C_S_AXIS_S2MM_STS_TDATA_WIDTH bound to: 32 - type: integer 
	Parameter C_MICRO_DMA bound to: 0 - type: integer 
	Parameter C_INCLUDE_MM2S bound to: 0 - type: integer 
	Parameter C_INCLUDE_MM2S_SF bound to: 1 - type: integer 
	Parameter C_MM2S_BURST_SIZE bound to: 16 - type: integer 
	Parameter C_M_AXI_MM2S_ADDR_WIDTH bound to: 64 - type: integer 
	Parameter C_M_AXI_MM2S_DATA_WIDTH bound to: 32 - type: integer 
	Parameter C_M_AXIS_MM2S_TDATA_WIDTH bound to: 32 - type: integer 
	Parameter C_INCLUDE_MM2S_DRE bound to: 0 - type: integer 
	Parameter C_INCLUDE_S2MM bound to: 1 - type: integer 
	Parameter C_INCLUDE_S2MM_SF bound to: 1 - type: integer 
	Parameter C_S2MM_BURST_SIZE bound to: 16 - type: integer 
	Parameter C_M_AXI_S2MM_ADDR_WIDTH bound to: 64 - type: integer 
	Parameter C_M_AXI_S2MM_DATA_WIDTH bound to: 32 - type: integer 
	Parameter C_S_AXIS_S2MM_TDATA_WIDTH bound to: 16 - type: integer 
	Parameter C_INCLUDE_S2MM_DRE bound to: 0 - type: integer 
	Parameter C_INCREASE_THROUGHPUT bound to: 0 - type: integer 
	Parameter C_FAMILY bound to: zynquplus - type: string 
INFO: [Synth 8-3491] module 'axi_dma' declared at 'e:/vivado_axidma3/uav_sar.srcs/sources_1/bd/uav_sar/ipshared/0fb1/hdl/axi_dma_v7_1_vh_rfs.vhd:21833' bound to instance 'U0' of component 'axi_dma' [e:/vivado_axidma3/uav_sar.srcs/sources_1/bd/uav_sar/ip/uav_sar_axi_dma_0_0/synth/uav_sar_axi_dma_0_0.vhd:326]
INFO: [Synth 8-638] synthesizing module 'axi_dma' [e:/vivado_axidma3/uav_sar.srcs/sources_1/bd/uav_sar/ipshared/0fb1/hdl/axi_dma_v7_1_vh_rfs.vhd:22178]
	Parameter C_S_AXI_LITE_ADDR_WIDTH bound to: 10 - type: integer 
	Parameter C_S_AXI_LITE_DATA_WIDTH bound to: 32 - type: integer 
	Parameter C_DLYTMR_RESOLUTION bound to: 125 - type: integer 
	Parameter C_PRMRY_IS_ACLK_ASYNC bound to: 0 - type: integer 
	Parameter C_INCLUDE_SG bound to: 0 - type: integer 
	Parameter C_SG_INCLUDE_STSCNTRL_STRM bound to: 0 - type: integer 
	Parameter C_SG_USE_STSAPP_LENGTH bound to: 0 - type: integer 
	Parameter C_SG_LENGTH_WIDTH bound to: 26 - type: integer 
	Parameter C_M_AXI_SG_ADDR_WIDTH bound to: 64 - type: integer 
	Parameter C_M_AXI_SG_DATA_WIDTH bound to: 32 - type: integer 
	Parameter C_M_AXIS_MM2S_CNTRL_TDATA_WIDTH bound to: 32 - type: integer 
	Parameter C_S_AXIS_S2MM_STS_TDATA_WIDTH bound to: 32 - type: integer 
	Parameter C_INCLUDE_MM2S bound to: 0 - type: integer 
	Parameter C_INCLUDE_MM2S_SF bound to: 1 - type: integer 
	Parameter C_INCLUDE_MM2S_DRE bound to: 0 - type: integer 
	Parameter C_MM2S_BURST_SIZE bound to: 16 - type: integer 
	Parameter C_M_AXI_MM2S_ADDR_WIDTH bound to: 64 - type: integer 
	Parameter C_M_AXI_MM2S_DATA_WIDTH bound to: 32 - type: integer 
	Parameter C_M_AXIS_MM2S_TDATA_WIDTH bound to: 32 - type: integer 
	Parameter C_INCLUDE_S2MM bound to: 1 - type: integer 
	Parameter C_INCLUDE_S2MM_SF bound to: 1 - type: integer 
	Parameter C_INCLUDE_S2MM_DRE bound to: 0 - type: integer 
	Parameter C_S2MM_BURST_SIZE bound to: 16 - type: integer 
	Parameter C_M_AXI_S2MM_ADDR_WIDTH bound to: 64 - type: integer 
	Parameter C_M_AXI_S2MM_DATA_WIDTH bound to: 32 - type: integer 
	Parameter C_S_AXIS_S2MM_TDATA_WIDTH bound to: 16 - type: integer 
	Parameter C_ENABLE_MULTI_CHANNEL bound to: 0 - type: integer 
	Parameter C_NUM_S2MM_CHANNELS bound to: 1 - type: integer 
	Parameter C_NUM_MM2S_CHANNELS bound to: 1 - type: integer 
	Parameter C_FAMILY bound to: zynquplus - type: string 
	Parameter C_MICRO_DMA bound to: 0 - type: integer 
	Parameter C_INCREASE_THROUGHPUT bound to: 0 - type: integer 
	Parameter C_INSTANCE bound to: axi_dma - type: string 
INFO: [Synth 8-638] synthesizing module 'axi_dma_rst_module' [e:/vivado_axidma3/uav_sar.srcs/sources_1/bd/uav_sar/ipshared/0fb1/hdl/axi_dma_v7_1_vh_rfs.vhd:1595]
	Parameter C_INCLUDE_MM2S bound to: 0 - type: integer 
	Parameter C_INCLUDE_S2MM bound to: 1 - type: integer 
	Parameter C_INCLUDE_SG bound to: 0 - type: integer 
	Parameter C_SG_INCLUDE_STSCNTRL_STRM bound to: 0 - type: integer 
	Parameter C_PRMRY_IS_ACLK_ASYNC bound to: 0 - type: integer 
	Parameter C_M_AXI_MM2S_ACLK_FREQ_HZ bound to: 100000000 - type: integer 
	Parameter C_M_AXI_S2MM_ACLK_FREQ_HZ bound to: 100000000 - type: integer 
	Parameter C_M_AXI_SG_ACLK_FREQ_HZ bound to: 100000000 - type: integer 
INFO: [Synth 8-638] synthesizing module 'cdc_sync' [e:/vivado_axidma3/uav_sar.srcs/sources_1/bd/uav_sar/ipshared/ef1e/hdl/lib_cdc_v1_0_rfs.vhd:106]
	Parameter C_CDC_TYPE bound to: 1 - type: integer 
	Parameter C_RESET_STATE bound to: 0 - type: integer 
	Parameter C_SINGLE_BIT bound to: 1 - type: integer 
	Parameter C_FLOP_INPUT bound to: 0 - type: integer 
	Parameter C_VECTOR_WIDTH bound to: 32 - type: integer 
	Parameter C_MTBF_STAGES bound to: 4 - type: integer 
	Parameter INIT bound to: 1'b0 
INFO: [Synth 8-113] binding component instance 'CROSS_PLEVEL_IN2SCNDRY_IN_cdc_to' to cell 'FDR' [e:/vivado_axidma3/uav_sar.srcs/sources_1/bd/uav_sar/ipshared/ef1e/hdl/lib_cdc_v1_0_rfs.vhd:514]
	Parameter INIT bound to: 1'b0 
INFO: [Synth 8-113] binding component instance 'CROSS_PLEVEL_IN2SCNDRY_s_level_out_d2' to cell 'FDR' [e:/vivado_axidma3/uav_sar.srcs/sources_1/bd/uav_sar/ipshared/ef1e/hdl/lib_cdc_v1_0_rfs.vhd:545]
	Parameter INIT bound to: 1'b0 
INFO: [Synth 8-113] binding component instance 'CROSS_PLEVEL_IN2SCNDRY_s_level_out_d3' to cell 'FDR' [e:/vivado_axidma3/uav_sar.srcs/sources_1/bd/uav_sar/ipshared/ef1e/hdl/lib_cdc_v1_0_rfs.vhd:554]
	Parameter INIT bound to: 1'b0 
INFO: [Synth 8-113] binding component instance 'CROSS_PLEVEL_IN2SCNDRY_s_level_out_d4' to cell 'FDR' [e:/vivado_axidma3/uav_sar.srcs/sources_1/bd/uav_sar/ipshared/ef1e/hdl/lib_cdc_v1_0_rfs.vhd:564]
	Parameter INIT bound to: 1'b0 
INFO: [Synth 8-113] binding component instance 'CROSS_PLEVEL_IN2SCNDRY_s_level_out_d5' to cell 'FDR' [e:/vivado_axidma3/uav_sar.srcs/sources_1/bd/uav_sar/ipshared/ef1e/hdl/lib_cdc_v1_0_rfs.vhd:574]
	Parameter INIT bound to: 1'b0 
INFO: [Synth 8-113] binding component instance 'CROSS_PLEVEL_IN2SCNDRY_s_level_out_d6' to cell 'FDR' [e:/vivado_axidma3/uav_sar.srcs/sources_1/bd/uav_sar/ipshared/ef1e/hdl/lib_cdc_v1_0_rfs.vhd:584]
INFO: [Synth 8-256] done synthesizing module 'cdc_sync' (66#1) [e:/vivado_axidma3/uav_sar.srcs/sources_1/bd/uav_sar/ipshared/ef1e/hdl/lib_cdc_v1_0_rfs.vhd:106]
INFO: [Synth 8-638] synthesizing module 'axi_dma_reset' [e:/vivado_axidma3/uav_sar.srcs/sources_1/bd/uav_sar/ipshared/0fb1/hdl/axi_dma_v7_1_vh_rfs.vhd:603]
	Parameter C_INCLUDE_SG bound to: 0 - type: integer 
	Parameter C_SG_INCLUDE_STSCNTRL_STRM bound to: 0 - type: integer 
	Parameter C_PRMRY_IS_ACLK_ASYNC bound to: 0 - type: integer 
	Parameter C_AXI_PRMRY_ACLK_FREQ_HZ bound to: 100000000 - type: integer 
	Parameter C_AXI_SCNDRY_ACLK_FREQ_HZ bound to: 100000000 - type: integer 
INFO: [Synth 8-256] done synthesizing module 'axi_dma_reset' (67#1) [e:/vivado_axidma3/uav_sar.srcs/sources_1/bd/uav_sar/ipshared/0fb1/hdl/axi_dma_v7_1_vh_rfs.vhd:603]
INFO: [Synth 8-256] done synthesizing module 'axi_dma_rst_module' (68#1) [e:/vivado_axidma3/uav_sar.srcs/sources_1/bd/uav_sar/ipshared/0fb1/hdl/axi_dma_v7_1_vh_rfs.vhd:1595]
INFO: [Synth 8-638] synthesizing module 'axi_dma_reg_module' [e:/vivado_axidma3/uav_sar.srcs/sources_1/bd/uav_sar/ipshared/0fb1/hdl/axi_dma_v7_1_vh_rfs.vhd:8436]
	Parameter C_INCLUDE_MM2S bound to: 0 - type: integer 
	Parameter C_INCLUDE_S2MM bound to: 1 - type: integer 
	Parameter C_INCLUDE_SG bound to: 0 - type: integer 
	Parameter C_SG_LENGTH_WIDTH bound to: 26 - type: integer 
	Parameter C_AXI_LITE_IS_ASYNC bound to: 0 - type: integer 
	Parameter C_S_AXI_LITE_ADDR_WIDTH bound to: 10 - type: integer 
	Parameter C_S_AXI_LITE_DATA_WIDTH bound to: 32 - type: integer 
	Parameter C_M_AXI_SG_ADDR_WIDTH bound to: 64 - type: integer 
	Parameter C_M_AXI_MM2S_ADDR_WIDTH bound to: 64 - type: integer 
	Parameter C_M_AXI_S2MM_ADDR_WIDTH bound to: 64 - type: integer 
	Parameter C_NUM_S2MM_CHANNELS bound to: 1 - type: integer 
	Parameter C_MICRO_DMA bound to: 0 - type: integer 
	Parameter C_ENABLE_MULTI_CHANNEL bound to: 0 - type: integer 
INFO: [Synth 8-638] synthesizing module 'axi_dma_lite_if' [e:/vivado_axidma3/uav_sar.srcs/sources_1/bd/uav_sar/ipshared/0fb1/hdl/axi_dma_v7_1_vh_rfs.vhd:2066]
	Parameter C_NUM_CE bound to: 23 - type: integer 
	Parameter C_AXI_LITE_IS_ASYNC bound to: 0 - type: integer 
	Parameter C_S_AXI_LITE_ADDR_WIDTH bound to: 10 - type: integer 
	Parameter C_S_AXI_LITE_DATA_WIDTH bound to: 32 - type: integer 
INFO: [Synth 8-256] done synthesizing module 'axi_dma_lite_if' (69#1) [e:/vivado_axidma3/uav_sar.srcs/sources_1/bd/uav_sar/ipshared/0fb1/hdl/axi_dma_v7_1_vh_rfs.vhd:2066]
INFO: [Synth 8-638] synthesizing module 'axi_dma_register_s2mm' [e:/vivado_axidma3/uav_sar.srcs/sources_1/bd/uav_sar/ipshared/0fb1/hdl/axi_dma_v7_1_vh_rfs.vhd:4853]
	Parameter C_NUM_REGISTERS bound to: 12 - type: integer 
	Parameter C_INCLUDE_SG bound to: 0 - type: integer 
	Parameter C_SG_LENGTH_WIDTH bound to: 26 - type: integer 
	Parameter C_S_AXI_LITE_DATA_WIDTH bound to: 32 - type: integer 
	Parameter C_M_AXI_SG_ADDR_WIDTH bound to: 64 - type: integer 
	Parameter C_NUM_S2MM_CHANNELS bound to: 1 - type: integer 
	Parameter C_MICRO_DMA bound to: 0 - type: integer 
	Parameter C_ENABLE_MULTI_CHANNEL bound to: 0 - type: integer 
INFO: [Synth 8-256] done synthesizing module 'axi_dma_register_s2mm' (70#1) [e:/vivado_axidma3/uav_sar.srcs/sources_1/bd/uav_sar/ipshared/0fb1/hdl/axi_dma_v7_1_vh_rfs.vhd:4853]
INFO: [Synth 8-256] done synthesizing module 'axi_dma_reg_module' (71#1) [e:/vivado_axidma3/uav_sar.srcs/sources_1/bd/uav_sar/ipshared/0fb1/hdl/axi_dma_v7_1_vh_rfs.vhd:8436]
INFO: [Synth 8-638] synthesizing module 'axi_dma_s2mm_mngr' [e:/vivado_axidma3/uav_sar.srcs/sources_1/bd/uav_sar/ipshared/0fb1/hdl/axi_dma_v7_1_vh_rfs.vhd:20564]
	Parameter C_PRMRY_IS_ACLK_ASYNC bound to: 0 - type: integer 
	Parameter C_PRMY_CMDFIFO_DEPTH bound to: 4 - type: integer 
	Parameter C_DM_STATUS_WIDTH bound to: 35 - type: integer 
	Parameter C_INCLUDE_SG bound to: 0 - type: integer 
	Parameter C_EXTRA bound to: 1 - type: integer 
	Parameter C_SG_INCLUDE_STSCNTRL_STRM bound to: 0 - type: integer 
	Parameter C_SG_INCLUDE_DESC_QUEUE bound to: 1 - type: integer 
	Parameter C_SG_USE_STSAPP_LENGTH bound to: 0 - type: integer 
	Parameter C_SG_LENGTH_WIDTH bound to: 26 - type: integer 
	Parameter C_M_AXI_SG_ADDR_WIDTH bound to: 64 - type: integer 
	Parameter C_M_AXIS_SG_TDATA_WIDTH bound to: 32 - type: integer 
	Parameter C_S_AXIS_UPDPTR_TDATA_WIDTH bound to: 32 - type: integer 
	Parameter C_S_AXIS_UPDSTS_TDATA_WIDTH bound to: 33 - type: integer 
	Parameter C_S_AXIS_S2MM_STS_TDATA_WIDTH bound to: 32 - type: integer 
	Parameter C_INCLUDE_S2MM bound to: 1 - type: integer 
	Parameter C_M_AXI_S2MM_ADDR_WIDTH bound to: 64 - type: integer 
	Parameter C_NUM_S2MM_CHANNELS bound to: 1 - type: integer 
	Parameter C_ENABLE_MULTI_CHANNEL bound to: 0 - type: integer 
	Parameter C_MICRO_DMA bound to: 0 - type: integer 
	Parameter C_FAMILY bound to: zynquplus - type: string 
INFO: [Synth 8-638] synthesizing module 'axi_dma_smple_sm' [e:/vivado_axidma3/uav_sar.srcs/sources_1/bd/uav_sar/ipshared/0fb1/hdl/axi_dma_v7_1_vh_rfs.vhd:11972]
	Parameter C_M_AXI_ADDR_WIDTH bound to: 64 - type: integer 
	Parameter C_SG_LENGTH_WIDTH bound to: 26 - type: integer 
	Parameter C_EXTRA bound to: 1 - type: integer 
	Parameter C_MICRO_DMA bound to: 0 - type: integer 
INFO: [Synth 8-256] done synthesizing module 'axi_dma_smple_sm' (72#1) [e:/vivado_axidma3/uav_sar.srcs/sources_1/bd/uav_sar/ipshared/0fb1/hdl/axi_dma_v7_1_vh_rfs.vhd:11972]
INFO: [Synth 8-638] synthesizing module 'axi_dma_s2mm_cmdsts_if' [e:/vivado_axidma3/uav_sar.srcs/sources_1/bd/uav_sar/ipshared/0fb1/hdl/axi_dma_v7_1_vh_rfs.vhd:18828]
	Parameter C_M_AXI_S2MM_ADDR_WIDTH bound to: 64 - type: integer 
	Parameter C_DM_STATUS_WIDTH bound to: 35 - type: integer 
	Parameter C_INCLUDE_SG bound to: 0 - type: integer 
	Parameter C_SG_INCLUDE_STSCNTRL_STRM bound to: 0 - type: integer 
	Parameter C_SG_USE_STSAPP_LENGTH bound to: 0 - type: integer 
	Parameter C_SG_LENGTH_WIDTH bound to: 26 - type: integer 
	Parameter C_ENABLE_MULTI_CHANNEL bound to: 0 - type: integer 
	Parameter C_MICRO_DMA bound to: 0 - type: integer 
	Parameter C_EXTRA bound to: 1 - type: integer 
	Parameter C_ENABLE_QUEUE bound to: 1 - type: integer 
INFO: [Synth 8-256] done synthesizing module 'axi_dma_s2mm_cmdsts_if' (73#1) [e:/vivado_axidma3/uav_sar.srcs/sources_1/bd/uav_sar/ipshared/0fb1/hdl/axi_dma_v7_1_vh_rfs.vhd:18828]
INFO: [Synth 8-638] synthesizing module 'axi_dma_s2mm_sts_mngr' [e:/vivado_axidma3/uav_sar.srcs/sources_1/bd/uav_sar/ipshared/0fb1/hdl/axi_dma_v7_1_vh_rfs.vhd:19258]
	Parameter C_PRMRY_IS_ACLK_ASYNC bound to: 0 - type: integer 
INFO: [Synth 8-256] done synthesizing module 'axi_dma_s2mm_sts_mngr' (74#1) [e:/vivado_axidma3/uav_sar.srcs/sources_1/bd/uav_sar/ipshared/0fb1/hdl/axi_dma_v7_1_vh_rfs.vhd:19258]
INFO: [Synth 8-256] done synthesizing module 'axi_dma_s2mm_mngr' (75#1) [e:/vivado_axidma3/uav_sar.srcs/sources_1/bd/uav_sar/ipshared/0fb1/hdl/axi_dma_v7_1_vh_rfs.vhd:20564]
INFO: [Synth 8-638] synthesizing module 'axi_dma_sofeof_gen' [e:/vivado_axidma3/uav_sar.srcs/sources_1/bd/uav_sar/ipshared/0fb1/hdl/axi_dma_v7_1_vh_rfs.vhd:11441]
	Parameter C_PRMRY_IS_ACLK_ASYNC bound to: 0 - type: integer 
INFO: [Synth 8-256] done synthesizing module 'axi_dma_sofeof_gen' (76#1) [e:/vivado_axidma3/uav_sar.srcs/sources_1/bd/uav_sar/ipshared/0fb1/hdl/axi_dma_v7_1_vh_rfs.vhd:11441]
INFO: [Synth 8-638] synthesizing module 'axi_datamover' [e:/vivado_axidma3/uav_sar.srcs/sources_1/bd/uav_sar/ipshared/af86/hdl/axi_datamover_v5_1_vh_rfs.vhd:55436]
	Parameter C_INCLUDE_MM2S bound to: 0 - type: integer 
	Parameter C_M_AXI_MM2S_ARID bound to: 0 - type: integer 
	Parameter C_M_AXI_MM2S_ID_WIDTH bound to: 4 - type: integer 
	Parameter C_M_AXI_MM2S_ADDR_WIDTH bound to: 64 - type: integer 
	Parameter C_M_AXI_MM2S_DATA_WIDTH bound to: 32 - type: integer 
	Parameter C_M_AXIS_MM2S_TDATA_WIDTH bound to: 32 - type: integer 
	Parameter C_INCLUDE_MM2S_STSFIFO bound to: 1 - type: integer 
	Parameter C_MM2S_STSCMD_FIFO_DEPTH bound to: 1 - type: integer 
	Parameter C_MM2S_STSCMD_IS_ASYNC bound to: 0 - type: integer 
	Parameter C_INCLUDE_MM2S_DRE bound to: 0 - type: integer 
	Parameter C_MM2S_BURST_SIZE bound to: 16 - type: integer 
	Parameter C_MM2S_BTT_USED bound to: 26 - type: integer 
	Parameter C_MM2S_ADDR_PIPE_DEPTH bound to: 4 - type: integer 
	Parameter C_MM2S_INCLUDE_SF bound to: 1 - type: integer 
	Parameter C_INCLUDE_S2MM bound to: 1 - type: integer 
	Parameter C_M_AXI_S2MM_AWID bound to: 1 - type: integer 
	Parameter C_M_AXI_S2MM_ID_WIDTH bound to: 4 - type: integer 
	Parameter C_M_AXI_S2MM_ADDR_WIDTH bound to: 64 - type: integer 
	Parameter C_M_AXI_S2MM_DATA_WIDTH bound to: 32 - type: integer 
	Parameter C_S_AXIS_S2MM_TDATA_WIDTH bound to: 16 - type: integer 
	Parameter C_INCLUDE_S2MM_STSFIFO bound to: 1 - type: integer 
	Parameter C_S2MM_STSCMD_FIFO_DEPTH bound to: 1 - type: integer 
	Parameter C_S2MM_STSCMD_IS_ASYNC bound to: 0 - type: integer 
	Parameter C_INCLUDE_S2MM_DRE bound to: 0 - type: integer 
	Parameter C_S2MM_BURST_SIZE bound to: 16 - type: integer 
	Parameter C_S2MM_BTT_USED bound to: 26 - type: integer 
	Parameter C_S2MM_SUPPORT_INDET_BTT bound to: 1 - type: integer 
	Parameter C_S2MM_ADDR_PIPE_DEPTH bound to: 4 - type: integer 
	Parameter C_S2MM_INCLUDE_SF bound to: 1 - type: integer 
	Parameter C_ENABLE_CACHE_USER bound to: 0 - type: integer 
	Parameter C_ENABLE_SKID_BUF bound to: 11111 - type: string 
	Parameter C_ENABLE_MM2S_TKEEP bound to: 1 - type: integer 
	Parameter C_ENABLE_S2MM_TKEEP bound to: 1 - type: integer 
	Parameter C_ENABLE_S2MM_ADV_SIG bound to: 0 - type: integer 
	Parameter C_ENABLE_MM2S_ADV_SIG bound to: 0 - type: integer 
	Parameter C_MICRO_DMA bound to: 0 - type: integer 
	Parameter C_CMD_WIDTH bound to: 104 - type: integer 
	Parameter C_MCDMA bound to: 1 - type: integer 
	Parameter C_FAMILY bound to: zynquplus - type: string 
INFO: [Synth 8-638] synthesizing module 'axi_datamover_mm2s_omit_wrap' [e:/vivado_axidma3/uav_sar.srcs/sources_1/bd/uav_sar/ipshared/af86/hdl/axi_datamover_v5_1_vh_rfs.vhd:53209]
	Parameter C_INCLUDE_MM2S bound to: 0 - type: integer 
	Parameter C_MM2S_ARID bound to: 0 - type: integer 
	Parameter C_MM2S_ID_WIDTH bound to: 4 - type: integer 
	Parameter C_MM2S_ADDR_WIDTH bound to: 64 - type: integer 
	Parameter C_MM2S_MDATA_WIDTH bound to: 32 - type: integer 
	Parameter C_MM2S_SDATA_WIDTH bound to: 32 - type: integer 
	Parameter C_INCLUDE_MM2S_STSFIFO bound to: 1 - type: integer 
	Parameter C_MM2S_STSCMD_FIFO_DEPTH bound to: 1 - type: integer 
	Parameter C_MM2S_STSCMD_IS_ASYNC bound to: 0 - type: integer 
	Parameter C_INCLUDE_MM2S_DRE bound to: 0 - type: integer 
	Parameter C_MM2S_BURST_SIZE bound to: 16 - type: integer 
	Parameter C_MM2S_BTT_USED bound to: 26 - type: integer 
	Parameter C_MM2S_ADDR_PIPE_DEPTH bound to: 4 - type: integer 
	Parameter C_TAG_WIDTH bound to: 4 - type: integer 
	Parameter C_ENABLE_CACHE_USER bound to: 0 - type: integer 
	Parameter C_MCDMA bound to: 1 - type: integer 
	Parameter C_FAMILY bound to: zynquplus - type: string 
INFO: [Synth 8-256] done synthesizing module 'axi_datamover_mm2s_omit_wrap' (77#1) [e:/vivado_axidma3/uav_sar.srcs/sources_1/bd/uav_sar/ipshared/af86/hdl/axi_datamover_v5_1_vh_rfs.vhd:53209]
INFO: [Synth 8-638] synthesizing module 'axi_datamover_s2mm_full_wrap' [e:/vivado_axidma3/uav_sar.srcs/sources_1/bd/uav_sar/ipshared/af86/hdl/axi_datamover_v5_1_vh_rfs.vhd:49997]
	Parameter C_INCLUDE_S2MM bound to: 1 - type: integer 
	Parameter C_S2MM_AWID bound to: 1 - type: integer 
	Parameter C_S2MM_ID_WIDTH bound to: 4 - type: integer 
	Parameter C_S2MM_ADDR_WIDTH bound to: 64 - type: integer 
	Parameter C_S2MM_MDATA_WIDTH bound to: 32 - type: integer 
	Parameter C_S2MM_SDATA_WIDTH bound to: 16 - type: integer 
	Parameter C_INCLUDE_S2MM_STSFIFO bound to: 1 - type: integer 
	Parameter C_S2MM_STSCMD_FIFO_DEPTH bound to: 1 - type: integer 
	Parameter C_S2MM_STSCMD_IS_ASYNC bound to: 0 - type: integer 
	Parameter C_INCLUDE_S2MM_DRE bound to: 0 - type: integer 
	Parameter C_S2MM_BURST_SIZE bound to: 16 - type: integer 
	Parameter C_S2MM_BTT_USED bound to: 26 - type: integer 
	Parameter C_S2MM_SUPPORT_INDET_BTT bound to: 1 - type: integer 
	Parameter C_S2MM_ADDR_PIPE_DEPTH bound to: 4 - type: integer 
	Parameter C_TAG_WIDTH bound to: 4 - type: integer 
	Parameter C_INCLUDE_S2MM_GP_SF bound to: 1 - type: integer 
	Parameter C_ENABLE_CACHE_USER bound to: 0 - type: integer 
	Parameter C_ENABLE_S2MM_TKEEP bound to: 1 - type: integer 
	Parameter C_ENABLE_SKID_BUF bound to: 11111 - type: string 
	Parameter C_FAMILY bound to: zynquplus - type: string 
	Parameter C_MCDMA bound to: 1 - type: integer 
INFO: [Synth 8-638] synthesizing module 'axi_datamover_reset' [e:/vivado_axidma3/uav_sar.srcs/sources_1/bd/uav_sar/ipshared/af86/hdl/axi_datamover_v5_1_vh_rfs.vhd:153]
	Parameter C_STSCMD_IS_ASYNC bound to: 0 - type: integer 
INFO: [Synth 8-256] done synthesizing module 'axi_datamover_reset' (78#1) [e:/vivado_axidma3/uav_sar.srcs/sources_1/bd/uav_sar/ipshared/af86/hdl/axi_datamover_v5_1_vh_rfs.vhd:153]
INFO: [Synth 8-638] synthesizing module 'axi_datamover_cmd_status' [e:/vivado_axidma3/uav_sar.srcs/sources_1/bd/uav_sar/ipshared/af86/hdl/axi_datamover_v5_1_vh_rfs.vhd:2698]
	Parameter C_ADDR_WIDTH bound to: 64 - type: integer 
	Parameter C_INCLUDE_STSFIFO bound to: 1 - type: integer 
	Parameter C_STSCMD_FIFO_DEPTH bound to: 1 - type: integer 
	Parameter C_STSCMD_IS_ASYNC bound to: 0 - type: integer 
	Parameter C_CMD_WIDTH bound to: 103 - type: integer 
	Parameter C_STS_WIDTH bound to: 35 - type: integer 
	Parameter C_ENABLE_CACHE_USER bound to: 0 - type: integer 
	Parameter C_FAMILY bound to: zynquplus - type: string 
INFO: [Synth 8-638] synthesizing module 'axi_datamover_fifo' [e:/vivado_axidma3/uav_sar.srcs/sources_1/bd/uav_sar/ipshared/af86/hdl/axi_datamover_v5_1_vh_rfs.vhd:1886]
	Parameter C_DWIDTH bound to: 103 - type: integer 
	Parameter C_DEPTH bound to: 1 - type: integer 
	Parameter C_IS_ASYNC bound to: 0 - type: integer 
	Parameter C_PRIM_TYPE bound to: 2 - type: integer 
	Parameter C_FAMILY bound to: zynquplus - type: string 
INFO: [Synth 8-256] done synthesizing module 'axi_datamover_fifo' (79#1) [e:/vivado_axidma3/uav_sar.srcs/sources_1/bd/uav_sar/ipshared/af86/hdl/axi_datamover_v5_1_vh_rfs.vhd:1886]
INFO: [Synth 8-638] synthesizing module 'axi_datamover_fifo__parameterized0' [e:/vivado_axidma3/uav_sar.srcs/sources_1/bd/uav_sar/ipshared/af86/hdl/axi_datamover_v5_1_vh_rfs.vhd:1886]
	Parameter C_DWIDTH bound to: 35 - type: integer 
	Parameter C_DEPTH bound to: 1 - type: integer 
	Parameter C_IS_ASYNC bound to: 0 - type: integer 
	Parameter C_PRIM_TYPE bound to: 2 - type: integer 
	Parameter C_FAMILY bound to: zynquplus - type: string 
INFO: [Synth 8-256] done synthesizing module 'axi_datamover_fifo__parameterized0' (79#1) [e:/vivado_axidma3/uav_sar.srcs/sources_1/bd/uav_sar/ipshared/af86/hdl/axi_datamover_v5_1_vh_rfs.vhd:1886]
INFO: [Synth 8-256] done synthesizing module 'axi_datamover_cmd_status' (80#1) [e:/vivado_axidma3/uav_sar.srcs/sources_1/bd/uav_sar/ipshared/af86/hdl/axi_datamover_v5_1_vh_rfs.vhd:2698]
INFO: [Synth 8-638] synthesizing module 'axi_datamover_wr_status_cntl' [e:/vivado_axidma3/uav_sar.srcs/sources_1/bd/uav_sar/ipshared/af86/hdl/axi_datamover_v5_1_vh_rfs.vhd:17704]
	Parameter C_ENABLE_INDET_BTT bound to: 1 - type: integer 
	Parameter C_SF_BYTES_RCVD_WIDTH bound to: 26 - type: integer 
	Parameter C_STS_FIFO_DEPTH bound to: 6 - type: integer 
	Parameter C_STS_WIDTH bound to: 35 - type: integer 
	Parameter C_TAG_WIDTH bound to: 4 - type: integer 
	Parameter C_MCDMA bound to: 1 - type: integer 
	Parameter C_FAMILY bound to: zynquplus - type: string 
INFO: [Synth 8-638] synthesizing module 'axi_datamover_fifo__parameterized1' [e:/vivado_axidma3/uav_sar.srcs/sources_1/bd/uav_sar/ipshared/af86/hdl/axi_datamover_v5_1_vh_rfs.vhd:1886]
	Parameter C_DWIDTH bound to: 2 - type: integer 
	Parameter C_DEPTH bound to: 6 - type: integer 
	Parameter C_IS_ASYNC bound to: 0 - type: integer 
	Parameter C_PRIM_TYPE bound to: 2 - type: integer 
	Parameter C_FAMILY bound to: zynquplus - type: string 
INFO: [Synth 8-638] synthesizing module 'srl_fifo_f' [e:/vivado_axidma3/uav_sar.srcs/sources_1/bd/uav_sar/ipshared/51ce/hdl/lib_srl_fifo_v1_0_rfs.vhd:1000]
	Parameter C_DWIDTH bound to: 2 - type: integer 
	Parameter C_DEPTH bound to: 6 - type: integer 
	Parameter C_FAMILY bound to: zynquplus - type: string 
INFO: [Synth 8-638] synthesizing module 'srl_fifo_rbu_f' [e:/vivado_axidma3/uav_sar.srcs/sources_1/bd/uav_sar/ipshared/51ce/hdl/lib_srl_fifo_v1_0_rfs.vhd:697]
	Parameter C_DWIDTH bound to: 2 - type: integer 
	Parameter C_DEPTH bound to: 6 - type: integer 
	Parameter C_FAMILY bound to: zynquplus - type: string 
INFO: [Synth 8-638] synthesizing module 'cntr_incr_decr_addn_f' [e:/vivado_axidma3/uav_sar.srcs/sources_1/bd/uav_sar/ipshared/51ce/hdl/lib_srl_fifo_v1_0_rfs.vhd:143]
	Parameter C_SIZE bound to: 4 - type: integer 
	Parameter C_FAMILY bound to: zynquplus - type: string 
INFO: [Synth 8-256] done synthesizing module 'cntr_incr_decr_addn_f' (81#1) [e:/vivado_axidma3/uav_sar.srcs/sources_1/bd/uav_sar/ipshared/51ce/hdl/lib_srl_fifo_v1_0_rfs.vhd:143]
INFO: [Synth 8-638] synthesizing module 'dynshreg_f' [e:/vivado_axidma3/uav_sar.srcs/sources_1/bd/uav_sar/ipshared/51ce/hdl/lib_srl_fifo_v1_0_rfs.vhd:397]
	Parameter C_DEPTH bound to: 6 - type: integer 
	Parameter C_DWIDTH bound to: 2 - type: integer 
	Parameter C_FAMILY bound to: zynquplus - type: string 
INFO: [Synth 8-256] done synthesizing module 'dynshreg_f' (82#1) [e:/vivado_axidma3/uav_sar.srcs/sources_1/bd/uav_sar/ipshared/51ce/hdl/lib_srl_fifo_v1_0_rfs.vhd:397]
INFO: [Synth 8-256] done synthesizing module 'srl_fifo_rbu_f' (83#1) [e:/vivado_axidma3/uav_sar.srcs/sources_1/bd/uav_sar/ipshared/51ce/hdl/lib_srl_fifo_v1_0_rfs.vhd:697]
INFO: [Synth 8-256] done synthesizing module 'srl_fifo_f' (84#1) [e:/vivado_axidma3/uav_sar.srcs/sources_1/bd/uav_sar/ipshared/51ce/hdl/lib_srl_fifo_v1_0_rfs.vhd:1000]
INFO: [Synth 8-256] done synthesizing module 'axi_datamover_fifo__parameterized1' (84#1) [e:/vivado_axidma3/uav_sar.srcs/sources_1/bd/uav_sar/ipshared/af86/hdl/axi_datamover_v5_1_vh_rfs.vhd:1886]
INFO: [Synth 8-638] synthesizing module 'axi_datamover_fifo__parameterized2' [e:/vivado_axidma3/uav_sar.srcs/sources_1/bd/uav_sar/ipshared/af86/hdl/axi_datamover_v5_1_vh_rfs.vhd:1886]
	Parameter C_DWIDTH bound to: 33 - type: integer 
	Parameter C_DEPTH bound to: 6 - type: integer 
	Parameter C_IS_ASYNC bound to: 0 - type: integer 
	Parameter C_PRIM_TYPE bound to: 2 - type: integer 
	Parameter C_FAMILY bound to: zynquplus - type: string 
INFO: [Synth 8-638] synthesizing module 'srl_fifo_f__parameterized0' [e:/vivado_axidma3/uav_sar.srcs/sources_1/bd/uav_sar/ipshared/51ce/hdl/lib_srl_fifo_v1_0_rfs.vhd:1000]
	Parameter C_DWIDTH bound to: 33 - type: integer 
	Parameter C_DEPTH bound to: 6 - type: integer 
	Parameter C_FAMILY bound to: zynquplus - type: string 
INFO: [Synth 8-638] synthesizing module 'srl_fifo_rbu_f__parameterized0' [e:/vivado_axidma3/uav_sar.srcs/sources_1/bd/uav_sar/ipshared/51ce/hdl/lib_srl_fifo_v1_0_rfs.vhd:697]
	Parameter C_DWIDTH bound to: 33 - type: integer 
	Parameter C_DEPTH bound to: 6 - type: integer 
	Parameter C_FAMILY bound to: zynquplus - type: string 
INFO: [Synth 8-638] synthesizing module 'dynshreg_f__parameterized0' [e:/vivado_axidma3/uav_sar.srcs/sources_1/bd/uav_sar/ipshared/51ce/hdl/lib_srl_fifo_v1_0_rfs.vhd:397]
	Parameter C_DEPTH bound to: 6 - type: integer 
	Parameter C_DWIDTH bound to: 33 - type: integer 
	Parameter C_FAMILY bound to: zynquplus - type: string 
INFO: [Synth 8-256] done synthesizing module 'dynshreg_f__parameterized0' (84#1) [e:/vivado_axidma3/uav_sar.srcs/sources_1/bd/uav_sar/ipshared/51ce/hdl/lib_srl_fifo_v1_0_rfs.vhd:397]
INFO: [Synth 8-256] done synthesizing module 'srl_fifo_rbu_f__parameterized0' (84#1) [e:/vivado_axidma3/uav_sar.srcs/sources_1/bd/uav_sar/ipshared/51ce/hdl/lib_srl_fifo_v1_0_rfs.vhd:697]
INFO: [Synth 8-256] done synthesizing module 'srl_fifo_f__parameterized0' (84#1) [e:/vivado_axidma3/uav_sar.srcs/sources_1/bd/uav_sar/ipshared/51ce/hdl/lib_srl_fifo_v1_0_rfs.vhd:1000]
INFO: [Synth 8-256] done synthesizing module 'axi_datamover_fifo__parameterized2' (84#1) [e:/vivado_axidma3/uav_sar.srcs/sources_1/bd/uav_sar/ipshared/af86/hdl/axi_datamover_v5_1_vh_rfs.vhd:1886]
INFO: [Synth 8-256] done synthesizing module 'axi_datamover_wr_status_cntl' (85#1) [e:/vivado_axidma3/uav_sar.srcs/sources_1/bd/uav_sar/ipshared/af86/hdl/axi_datamover_v5_1_vh_rfs.vhd:17704]
INFO: [Synth 8-638] synthesizing module 'axi_datamover_ibttcc' [e:/vivado_axidma3/uav_sar.srcs/sources_1/bd/uav_sar/ipshared/af86/hdl/axi_datamover_v5_1_vh_rfs.vhd:25731]
	Parameter C_SF_XFER_BYTES_WIDTH bound to: 7 - type: integer 
	Parameter C_DRE_ALIGN_WIDTH bound to: 1 - type: integer 
	Parameter C_SEL_ADDR_WIDTH bound to: 2 - type: integer 
	Parameter C_ADDR_WIDTH bound to: 64 - type: integer 
	Parameter C_STREAM_DWIDTH bound to: 16 - type: integer 
	Parameter C_MAX_BURST_LEN bound to: 16 - type: integer 
	Parameter C_CMD_WIDTH bound to: 103 - type: integer 
	Parameter C_TAG_WIDTH bound to: 4 - type: integer 
	Parameter C_BTT_USED bound to: 26 - type: integer 
	Parameter C_NATIVE_XFER_WIDTH bound to: 32 - type: integer 
	Parameter C_STRT_SF_OFFSET_WIDTH bound to: 1 - type: integer 
	Parameter C_MCDMA bound to: 1 - type: integer 
INFO: [Synth 8-256] done synthesizing module 'axi_datamover_ibttcc' (86#1) [e:/vivado_axidma3/uav_sar.srcs/sources_1/bd/uav_sar/ipshared/af86/hdl/axi_datamover_v5_1_vh_rfs.vhd:25731]
INFO: [Synth 8-638] synthesizing module 'axi_datamover_skid_buf' [e:/vivado_axidma3/uav_sar.srcs/sources_1/bd/uav_sar/ipshared/af86/hdl/axi_datamover_v5_1_vh_rfs.vhd:19500]
	Parameter C_WDATA_WIDTH bound to: 16 - type: integer 
INFO: [Synth 8-256] done synthesizing module 'axi_datamover_skid_buf' (87#1) [e:/vivado_axidma3/uav_sar.srcs/sources_1/bd/uav_sar/ipshared/af86/hdl/axi_datamover_v5_1_vh_rfs.vhd:19500]
INFO: [Synth 8-638] synthesizing module 'axi_datamover_s2mm_realign' [e:/vivado_axidma3/uav_sar.srcs/sources_1/bd/uav_sar/ipshared/af86/hdl/axi_datamover_v5_1_vh_rfs.vhd:47011]
	Parameter C_ENABLE_INDET_BTT bound to: 1 - type: integer 
	Parameter C_INCLUDE_DRE bound to: 0 - type: integer 
	Parameter C_DRE_CNTL_FIFO_DEPTH bound to: 4 - type: integer 
	Parameter C_DRE_ALIGN_WIDTH bound to: 1 - type: integer 
	Parameter C_SUPPORT_SCATTER bound to: 1 - type: integer 
	Parameter C_ENABLE_S2MM_TKEEP bound to: 1 - type: integer 
	Parameter C_BTT_USED bound to: 26 - type: integer 
	Parameter C_STREAM_DWIDTH bound to: 16 - type: integer 
	Parameter C_TAG_WIDTH bound to: 4 - type: integer 
	Parameter C_STRT_SF_OFFSET_WIDTH bound to: 1 - type: integer 
	Parameter C_FAMILY bound to: zynquplus - type: string 
INFO: [Synth 8-638] synthesizing module 'axi_datamover_fifo__parameterized3' [e:/vivado_axidma3/uav_sar.srcs/sources_1/bd/uav_sar/ipshared/af86/hdl/axi_datamover_v5_1_vh_rfs.vhd:1886]
	Parameter C_DWIDTH bound to: 37 - type: integer 
	Parameter C_DEPTH bound to: 4 - type: integer 
	Parameter C_IS_ASYNC bound to: 0 - type: integer 
	Parameter C_PRIM_TYPE bound to: 2 - type: integer 
	Parameter C_FAMILY bound to: zynquplus - type: string 
INFO: [Synth 8-638] synthesizing module 'srl_fifo_f__parameterized1' [e:/vivado_axidma3/uav_sar.srcs/sources_1/bd/uav_sar/ipshared/51ce/hdl/lib_srl_fifo_v1_0_rfs.vhd:1000]
	Parameter C_DWIDTH bound to: 37 - type: integer 
	Parameter C_DEPTH bound to: 4 - type: integer 
	Parameter C_FAMILY bound to: zynquplus - type: string 
INFO: [Synth 8-638] synthesizing module 'srl_fifo_rbu_f__parameterized1' [e:/vivado_axidma3/uav_sar.srcs/sources_1/bd/uav_sar/ipshared/51ce/hdl/lib_srl_fifo_v1_0_rfs.vhd:697]
	Parameter C_DWIDTH bound to: 37 - type: integer 
	Parameter C_DEPTH bound to: 4 - type: integer 
	Parameter C_FAMILY bound to: zynquplus - type: string 
INFO: [Synth 8-638] synthesizing module 'cntr_incr_decr_addn_f__parameterized0' [e:/vivado_axidma3/uav_sar.srcs/sources_1/bd/uav_sar/ipshared/51ce/hdl/lib_srl_fifo_v1_0_rfs.vhd:143]
	Parameter C_SIZE bound to: 3 - type: integer 
	Parameter C_FAMILY bound to: zynquplus - type: string 
INFO: [Synth 8-256] done synthesizing module 'cntr_incr_decr_addn_f__parameterized0' (87#1) [e:/vivado_axidma3/uav_sar.srcs/sources_1/bd/uav_sar/ipshared/51ce/hdl/lib_srl_fifo_v1_0_rfs.vhd:143]
INFO: [Synth 8-638] synthesizing module 'dynshreg_f__parameterized1' [e:/vivado_axidma3/uav_sar.srcs/sources_1/bd/uav_sar/ipshared/51ce/hdl/lib_srl_fifo_v1_0_rfs.vhd:397]
	Parameter C_DEPTH bound to: 4 - type: integer 
	Parameter C_DWIDTH bound to: 37 - type: integer 
	Parameter C_FAMILY bound to: zynquplus - type: string 
INFO: [Synth 8-256] done synthesizing module 'dynshreg_f__parameterized1' (87#1) [e:/vivado_axidma3/uav_sar.srcs/sources_1/bd/uav_sar/ipshared/51ce/hdl/lib_srl_fifo_v1_0_rfs.vhd:397]
INFO: [Synth 8-256] done synthesizing module 'srl_fifo_rbu_f__parameterized1' (87#1) [e:/vivado_axidma3/uav_sar.srcs/sources_1/bd/uav_sar/ipshared/51ce/hdl/lib_srl_fifo_v1_0_rfs.vhd:697]
INFO: [Synth 8-256] done synthesizing module 'srl_fifo_f__parameterized1' (87#1) [e:/vivado_axidma3/uav_sar.srcs/sources_1/bd/uav_sar/ipshared/51ce/hdl/lib_srl_fifo_v1_0_rfs.vhd:1000]
INFO: [Synth 8-256] done synthesizing module 'axi_datamover_fifo__parameterized3' (87#1) [e:/vivado_axidma3/uav_sar.srcs/sources_1/bd/uav_sar/ipshared/af86/hdl/axi_datamover_v5_1_vh_rfs.vhd:1886]
INFO: [Synth 8-638] synthesizing module 'axi_datamover_s2mm_scatter' [e:/vivado_axidma3/uav_sar.srcs/sources_1/bd/uav_sar/ipshared/af86/hdl/axi_datamover_v5_1_vh_rfs.vhd:45117]
	Parameter C_ENABLE_INDET_BTT bound to: 1 - type: integer 
	Parameter C_DRE_ALIGN_WIDTH bound to: 1 - type: integer 
	Parameter C_BTT_USED bound to: 26 - type: integer 
	Parameter C_STREAM_DWIDTH bound to: 16 - type: integer 
	Parameter C_ENABLE_S2MM_TKEEP bound to: 1 - type: integer 
	Parameter C_FAMILY bound to: zynquplus - type: string 
INFO: [Synth 8-638] synthesizing module 'axi_datamover_mssai_skid_buf' [e:/vivado_axidma3/uav_sar.srcs/sources_1/bd/uav_sar/ipshared/af86/hdl/axi_datamover_v5_1_vh_rfs.vhd:44167]
	Parameter C_WDATA_WIDTH bound to: 16 - type: integer 
	Parameter C_INDEX_WIDTH bound to: 1 - type: integer 
INFO: [Synth 8-638] synthesizing module 'axi_datamover_ms_strb_set' [e:/vivado_axidma3/uav_sar.srcs/sources_1/bd/uav_sar/ipshared/af86/hdl/axi_datamover_v5_1_vh_rfs.vhd:42603]
	Parameter C_STRB_WIDTH bound to: 2 - type: integer 
	Parameter C_INDEX_WIDTH bound to: 1 - type: integer 
INFO: [Synth 8-256] done synthesizing module 'axi_datamover_ms_strb_set' (88#1) [e:/vivado_axidma3/uav_sar.srcs/sources_1/bd/uav_sar/ipshared/af86/hdl/axi_datamover_v5_1_vh_rfs.vhd:42603]
INFO: [Synth 8-256] done synthesizing module 'axi_datamover_mssai_skid_buf' (89#1) [e:/vivado_axidma3/uav_sar.srcs/sources_1/bd/uav_sar/ipshared/af86/hdl/axi_datamover_v5_1_vh_rfs.vhd:44167]
INFO: [Synth 8-638] synthesizing module 'axi_datamover_strb_gen2' [e:/vivado_axidma3/uav_sar.srcs/sources_1/bd/uav_sar/ipshared/af86/hdl/axi_datamover_v5_1_vh_rfs.vhd:4342]
	Parameter C_OP_MODE bound to: 0 - type: integer 
	Parameter C_STRB_WIDTH bound to: 2 - type: integer 
	Parameter C_OFFSET_WIDTH bound to: 1 - type: integer 
	Parameter C_NUM_BYTES_WIDTH bound to: 2 - type: integer 
INFO: [Synth 8-256] done synthesizing module 'axi_datamover_strb_gen2' (90#1) [e:/vivado_axidma3/uav_sar.srcs/sources_1/bd/uav_sar/ipshared/af86/hdl/axi_datamover_v5_1_vh_rfs.vhd:4342]
INFO: [Synth 8-638] synthesizing module 'axi_datamover_slice' [e:/vivado_axidma3/uav_sar.srcs/sources_1/bd/uav_sar/ipshared/af86/hdl/axi_datamover_v5_1_vh_rfs.vhd:44856]
	Parameter C_DATA_WIDTH bound to: 6 - type: integer 
INFO: [Synth 8-256] done synthesizing module 'axi_datamover_slice' (91#1) [e:/vivado_axidma3/uav_sar.srcs/sources_1/bd/uav_sar/ipshared/af86/hdl/axi_datamover_v5_1_vh_rfs.vhd:44856]
INFO: [Synth 8-638] synthesizing module 'axi_datamover_fifo__parameterized4' [e:/vivado_axidma3/uav_sar.srcs/sources_1/bd/uav_sar/ipshared/af86/hdl/axi_datamover_v5_1_vh_rfs.vhd:1886]
	Parameter C_DWIDTH bound to: 6 - type: integer 
	Parameter C_DEPTH bound to: 16 - type: integer 
	Parameter C_IS_ASYNC bound to: 0 - type: integer 
	Parameter C_PRIM_TYPE bound to: 2 - type: integer 
	Parameter C_FAMILY bound to: zynquplus - type: string 
INFO: [Synth 8-638] synthesizing module 'srl_fifo_f__parameterized2' [e:/vivado_axidma3/uav_sar.srcs/sources_1/bd/uav_sar/ipshared/51ce/hdl/lib_srl_fifo_v1_0_rfs.vhd:1000]
	Parameter C_DWIDTH bound to: 6 - type: integer 
	Parameter C_DEPTH bound to: 16 - type: integer 
	Parameter C_FAMILY bound to: zynquplus - type: string 
INFO: [Synth 8-638] synthesizing module 'srl_fifo_rbu_f__parameterized2' [e:/vivado_axidma3/uav_sar.srcs/sources_1/bd/uav_sar/ipshared/51ce/hdl/lib_srl_fifo_v1_0_rfs.vhd:697]
	Parameter C_DWIDTH bound to: 6 - type: integer 
	Parameter C_DEPTH bound to: 16 - type: integer 
	Parameter C_FAMILY bound to: zynquplus - type: string 
INFO: [Synth 8-638] synthesizing module 'cntr_incr_decr_addn_f__parameterized1' [e:/vivado_axidma3/uav_sar.srcs/sources_1/bd/uav_sar/ipshared/51ce/hdl/lib_srl_fifo_v1_0_rfs.vhd:143]
	Parameter C_SIZE bound to: 5 - type: integer 
	Parameter C_FAMILY bound to: zynquplus - type: string 
INFO: [Synth 8-256] done synthesizing module 'cntr_incr_decr_addn_f__parameterized1' (91#1) [e:/vivado_axidma3/uav_sar.srcs/sources_1/bd/uav_sar/ipshared/51ce/hdl/lib_srl_fifo_v1_0_rfs.vhd:143]
INFO: [Synth 8-638] synthesizing module 'dynshreg_f__parameterized2' [e:/vivado_axidma3/uav_sar.srcs/sources_1/bd/uav_sar/ipshared/51ce/hdl/lib_srl_fifo_v1_0_rfs.vhd:397]
	Parameter C_DEPTH bound to: 16 - type: integer 
	Parameter C_DWIDTH bound to: 6 - type: integer 
	Parameter C_FAMILY bound to: zynquplus - type: string 
INFO: [Synth 8-256] done synthesizing module 'dynshreg_f__parameterized2' (91#1) [e:/vivado_axidma3/uav_sar.srcs/sources_1/bd/uav_sar/ipshared/51ce/hdl/lib_srl_fifo_v1_0_rfs.vhd:397]
INFO: [Synth 8-256] done synthesizing module 'srl_fifo_rbu_f__parameterized2' (91#1) [e:/vivado_axidma3/uav_sar.srcs/sources_1/bd/uav_sar/ipshared/51ce/hdl/lib_srl_fifo_v1_0_rfs.vhd:697]
INFO: [Synth 8-256] done synthesizing module 'srl_fifo_f__parameterized2' (91#1) [e:/vivado_axidma3/uav_sar.srcs/sources_1/bd/uav_sar/ipshared/51ce/hdl/lib_srl_fifo_v1_0_rfs.vhd:1000]
INFO: [Synth 8-256] done synthesizing module 'axi_datamover_fifo__parameterized4' (91#1) [e:/vivado_axidma3/uav_sar.srcs/sources_1/bd/uav_sar/ipshared/af86/hdl/axi_datamover_v5_1_vh_rfs.vhd:1886]
INFO: [Synth 8-256] done synthesizing module 'axi_datamover_s2mm_scatter' (92#1) [e:/vivado_axidma3/uav_sar.srcs/sources_1/bd/uav_sar/ipshared/af86/hdl/axi_datamover_v5_1_vh_rfs.vhd:45117]
INFO: [Synth 8-256] done synthesizing module 'axi_datamover_s2mm_realign' (93#1) [e:/vivado_axidma3/uav_sar.srcs/sources_1/bd/uav_sar/ipshared/af86/hdl/axi_datamover_v5_1_vh_rfs.vhd:47011]
INFO: [Synth 8-638] synthesizing module 'axi_datamover_indet_btt' [e:/vivado_axidma3/uav_sar.srcs/sources_1/bd/uav_sar/ipshared/af86/hdl/axi_datamover_v5_1_vh_rfs.vhd:28430]
	Parameter C_SF_FIFO_DEPTH bound to: 128 - type: integer 
	Parameter C_IBTT_XFER_BYTES_WIDTH bound to: 7 - type: integer 
	Parameter C_STRT_OFFSET_WIDTH bound to: 1 - type: integer 
	Parameter C_MAX_BURST_LEN bound to: 16 - type: integer 
	Parameter C_MMAP_DWIDTH bound to: 32 - type: integer 
	Parameter C_STREAM_DWIDTH bound to: 16 - type: integer 
	Parameter C_ENABLE_SKID_BUF bound to: 11111 - type: string 
	Parameter C_ENABLE_S2MM_TKEEP bound to: 1 - type: integer 
	Parameter C_ENABLE_DRE bound to: 0 - type: integer 
	Parameter C_FAMILY bound to: zynquplus - type: string 
INFO: [Synth 8-638] synthesizing module 'axi_datamover_stbs_set' [e:/vivado_axidma3/uav_sar.srcs/sources_1/bd/uav_sar/ipshared/af86/hdl/axi_datamover_v5_1_vh_rfs.vhd:23410]
	Parameter C_STROBE_WIDTH bound to: 2 - type: integer 
INFO: [Synth 8-256] done synthesizing module 'axi_datamover_stbs_set' (94#1) [e:/vivado_axidma3/uav_sar.srcs/sources_1/bd/uav_sar/ipshared/af86/hdl/axi_datamover_v5_1_vh_rfs.vhd:23410]
INFO: [Synth 8-638] synthesizing module 'axi_datamover_sfifo_autord' [e:/vivado_axidma3/uav_sar.srcs/sources_1/bd/uav_sar/ipshared/af86/hdl/axi_datamover_v5_1_vh_rfs.vhd:1295]
	Parameter C_DWIDTH bound to: 9 - type: integer 
	Parameter C_DEPTH bound to: 16 - type: integer 
	Parameter C_DATA_CNT_WIDTH bound to: 5 - type: integer 
	Parameter C_NEED_ALMOST_EMPTY bound to: 0 - type: integer 
	Parameter C_NEED_ALMOST_FULL bound to: 1 - type: integer 
	Parameter C_USE_BLKMEM bound to: 0 - type: integer 
	Parameter C_FAMILY bound to: zynquplus - type: string 
INFO: [Synth 8-638] synthesizing module 'sync_fifo_fg' [e:/vivado_axidma3/uav_sar.srcs/sources_1/bd/uav_sar/ipshared/a5cb/hdl/lib_fifo_v1_0_rfs.vhd:2250]
	Parameter C_FAMILY bound to: zynquplus - type: string 
	Parameter C_DCOUNT_WIDTH bound to: 5 - type: integer 
	Parameter C_ENABLE_RLOCS bound to: 0 - type: integer 
	Parameter C_HAS_DCOUNT bound to: 1 - type: integer 
	Parameter C_HAS_RD_ACK bound to: 1 - type: integer 
	Parameter C_HAS_RD_ERR bound to: 0 - type: integer 
	Parameter C_HAS_WR_ACK bound to: 1 - type: integer 
	Parameter C_HAS_WR_ERR bound to: 0 - type: integer 
	Parameter C_HAS_ALMOST_FULL bound to: 0 - type: integer 
	Parameter C_MEMORY_TYPE bound to: 0 - type: integer 
	Parameter C_PORTS_DIFFER bound to: 0 - type: integer 
	Parameter C_RD_ACK_LOW bound to: 0 - type: integer 
	Parameter C_USE_EMBEDDED_REG bound to: 0 - type: integer 
	Parameter C_READ_DATA_WIDTH bound to: 9 - type: integer 
	Parameter C_READ_DEPTH bound to: 16 - type: integer 
	Parameter C_RD_ERR_LOW bound to: 0 - type: integer 
	Parameter C_WR_ACK_LOW bound to: 0 - type: integer 
	Parameter C_WR_ERR_LOW bound to: 0 - type: integer 
	Parameter C_PRELOAD_REGS bound to: 1 - type: integer 
	Parameter C_PRELOAD_LATENCY bound to: 0 - type: integer 
	Parameter C_WRITE_DATA_WIDTH bound to: 9 - type: integer 
	Parameter C_WRITE_DEPTH bound to: 16 - type: integer 
	Parameter C_SYNCHRONIZER_STAGE bound to: 2 - type: integer 
	Parameter C_XPM_FIFO bound to: 1 - type: integer 
	Parameter FIFO_MEMORY_TYPE bound to: auto - type: string 
	Parameter FIFO_WRITE_DEPTH bound to: 16 - type: integer 
	Parameter CASCADE_HEIGHT bound to: 0 - type: integer 
	Parameter WRITE_DATA_WIDTH bound to: 9 - type: integer 
	Parameter READ_MODE bound to: fwft - type: string 
	Parameter FIFO_READ_LATENCY bound to: 0 - type: integer 
	Parameter FULL_RESET_VALUE bound to: 1 - type: integer 
	Parameter USE_ADV_FEATURES bound to: 1F1F - type: string 
	Parameter READ_DATA_WIDTH bound to: 9 - type: integer 
	Parameter WR_DATA_COUNT_WIDTH bound to: 5 - type: integer 
	Parameter PROG_FULL_THRESH bound to: 10 - type: integer 
	Parameter RD_DATA_COUNT_WIDTH bound to: 4 - type: integer 
	Parameter PROG_EMPTY_THRESH bound to: 10 - type: integer 
	Parameter DOUT_RESET_VALUE bound to: 0 - type: string 
	Parameter ECC_MODE bound to: no_ecc - type: string 
	Parameter SIM_ASSERT_CHK bound to: 0 - type: integer 
	Parameter WAKEUP_TIME bound to: 0 - type: integer 
INFO: [Synth 8-3491] module 'xpm_fifo_sync' declared at 'E:/Xilinx_vitis2020/Vivado/2020.1/data/ip/xpm/xpm_fifo/hdl/xpm_fifo.sv:1843' bound to instance 'xpm_fifo_sync_inst' of component 'xpm_fifo_sync' [e:/vivado_axidma3/uav_sar.srcs/sources_1/bd/uav_sar/ipshared/a5cb/hdl/lib_fifo_v1_0_rfs.vhd:2627]
INFO: [Synth 8-6157] synthesizing module 'xpm_fifo_sync' [E:/Xilinx_vitis2020/Vivado/2020.1/data/ip/xpm/xpm_fifo/hdl/xpm_fifo.sv:1843]
	Parameter FIFO_MEMORY_TYPE bound to: auto - type: string 
	Parameter ECC_MODE bound to: no_ecc - type: string 
	Parameter SIM_ASSERT_CHK bound to: 0 - type: integer 
	Parameter CASCADE_HEIGHT bound to: 0 - type: integer 
	Parameter FIFO_WRITE_DEPTH bound to: 16 - type: integer 
	Parameter WRITE_DATA_WIDTH bound to: 9 - type: integer 
	Parameter WR_DATA_COUNT_WIDTH bound to: 5 - type: integer 
	Parameter PROG_FULL_THRESH bound to: 10 - type: integer 
	Parameter FULL_RESET_VALUE bound to: 1 - type: integer 
	Parameter USE_ADV_FEATURES bound to: 1F1F - type: string 
	Parameter READ_MODE bound to: fwft - type: string 
	Parameter FIFO_READ_LATENCY bound to: 0 - type: integer 
	Parameter READ_DATA_WIDTH bound to: 9 - type: integer 
	Parameter RD_DATA_COUNT_WIDTH bound to: 4 - type: integer 
	Parameter PROG_EMPTY_THRESH bound to: 10 - type: integer 
	Parameter DOUT_RESET_VALUE bound to: 0 - type: string 
	Parameter WAKEUP_TIME bound to: 0 - type: integer 
	Parameter EN_ADV_FEATURE_SYNC bound to: 16'b0001111100011111 
	Parameter P_FIFO_MEMORY_TYPE bound to: 0 - type: integer 
	Parameter P_COMMON_CLOCK bound to: 1 - type: integer 
	Parameter P_ECC_MODE bound to: 0 - type: integer 
	Parameter P_READ_MODE bound to: 1 - type: integer 
	Parameter P_WAKEUP_TIME bound to: 2 - type: integer 
INFO: [Synth 8-6157] synthesizing module 'xpm_fifo_base__parameterized0' [E:/Xilinx_vitis2020/Vivado/2020.1/data/ip/xpm/xpm_fifo/hdl/xpm_fifo.sv:56]
	Parameter COMMON_CLOCK bound to: 1 - type: integer 
	Parameter RELATED_CLOCKS bound to: 0 - type: integer 
	Parameter FIFO_MEMORY_TYPE bound to: 0 - type: integer 
	Parameter ECC_MODE bound to: 0 - type: integer 
	Parameter SIM_ASSERT_CHK bound to: 0 - type: integer 
	Parameter CASCADE_HEIGHT bound to: 0 - type: integer 
	Parameter FIFO_WRITE_DEPTH bound to: 16 - type: integer 
	Parameter WRITE_DATA_WIDTH bound to: 9 - type: integer 
	Parameter WR_DATA_COUNT_WIDTH bound to: 5 - type: integer 
	Parameter PROG_FULL_THRESH bound to: 10 - type: integer 
	Parameter USE_ADV_FEATURES bound to: 1F1F - type: string 
	Parameter READ_MODE bound to: 1 - type: integer 
	Parameter FIFO_READ_LATENCY bound to: 0 - type: integer 
	Parameter READ_DATA_WIDTH bound to: 9 - type: integer 
	Parameter RD_DATA_COUNT_WIDTH bound to: 4 - type: integer 
	Parameter PROG_EMPTY_THRESH bound to: 10 - type: integer 
	Parameter DOUT_RESET_VALUE bound to: 0 - type: string 
	Parameter CDC_DEST_SYNC_FF bound to: 2 - type: integer 
	Parameter FULL_RESET_VALUE bound to: 1 - type: integer 
	Parameter REMOVE_WR_RD_PROT_LOGIC bound to: 0 - type: integer 
	Parameter WAKEUP_TIME bound to: 0 - type: integer 
	Parameter VERSION bound to: 0 - type: integer 
	Parameter invalid bound to: 0 - type: integer 
	Parameter stage1_valid bound to: 2 - type: integer 
	Parameter stage2_valid bound to: 1 - type: integer 
	Parameter both_stages_valid bound to: 3 - type: integer 
	Parameter FIFO_MEM_TYPE bound to: 0 - type: integer 
	Parameter RD_MODE bound to: 1 - type: integer 
	Parameter ENABLE_ECC bound to: 0 - type: integer 
	Parameter FIFO_READ_DEPTH bound to: 16 - type: integer 
	Parameter FIFO_SIZE bound to: 144 - type: integer 
	Parameter WR_WIDTH_LOG bound to: 4 - type: integer 
	Parameter WR_DEPTH_LOG bound to: 4 - type: integer 
	Parameter WR_PNTR_WIDTH bound to: 4 - type: integer 
	Parameter RD_PNTR_WIDTH bound to: 4 - type: integer 
	Parameter FULL_RST_VAL bound to: 1'b1 
	Parameter WR_RD_RATIO bound to: 0 - type: integer 
	Parameter PF_THRESH_ADJ bound to: 8 - type: integer 
	Parameter PE_THRESH_ADJ bound to: 8 - type: integer 
	Parameter PF_THRESH_MIN bound to: 5 - type: integer 
	Parameter PF_THRESH_MAX bound to: 11 - type: integer 
	Parameter PE_THRESH_MIN bound to: 5 - type: integer 
	Parameter PE_THRESH_MAX bound to: 11 - type: integer 
	Parameter WR_DC_WIDTH_EXT bound to: 5 - type: integer 
	Parameter RD_DC_WIDTH_EXT bound to: 5 - type: integer 
	Parameter RD_LATENCY bound to: 2 - type: integer 
	Parameter WIDTH_RATIO bound to: 1 - type: integer 
	Parameter EN_ADV_FEATURE bound to: 16'b0001111100011111 
	Parameter EN_OF bound to: 1'b1 
	Parameter EN_PF bound to: 1'b1 
	Parameter EN_WDC bound to: 1'b1 
	Parameter EN_AF bound to: 1'b1 
	Parameter EN_WACK bound to: 1'b1 
	Parameter FG_EQ_ASYM_DOUT bound to: 1'b0 
	Parameter EN_UF bound to: 1'b1 
	Parameter EN_PE bound to: 1'b1 
	Parameter EN_RDC bound to: 1'b1 
	Parameter EN_AE bound to: 1'b1 
	Parameter EN_DVLD bound to: 1'b1 
INFO: [Synth 8-6157] synthesizing module 'xpm_counter_updn__parameterized2' [E:/Xilinx_vitis2020/Vivado/2020.1/data/ip/xpm/xpm_fifo/hdl/xpm_fifo.sv:1750]
	Parameter COUNTER_WIDTH bound to: 4 - type: integer 
	Parameter RESET_VALUE bound to: 3 - type: integer 
INFO: [Synth 8-6155] done synthesizing module 'xpm_counter_updn__parameterized2' (94#1) [E:/Xilinx_vitis2020/Vivado/2020.1/data/ip/xpm/xpm_fifo/hdl/xpm_fifo.sv:1750]
INFO: [Synth 8-6157] synthesizing module 'xpm_counter_updn__parameterized3' [E:/Xilinx_vitis2020/Vivado/2020.1/data/ip/xpm/xpm_fifo/hdl/xpm_fifo.sv:1750]
	Parameter COUNTER_WIDTH bound to: 4 - type: integer 
	Parameter RESET_VALUE bound to: 2 - type: integer 
INFO: [Synth 8-6155] done synthesizing module 'xpm_counter_updn__parameterized3' (94#1) [E:/Xilinx_vitis2020/Vivado/2020.1/data/ip/xpm/xpm_fifo/hdl/xpm_fifo.sv:1750]
INFO: [Synth 8-6157] synthesizing module 'xpm_memory_base__parameterized0' [E:/Xilinx_vitis2020/Vivado/2020.1/data/ip/xpm/xpm_memory/hdl/xpm_memory.sv:57]
	Parameter MEMORY_TYPE bound to: 1 - type: integer 
	Parameter MEMORY_SIZE bound to: 144 - type: integer 
	Parameter MEMORY_PRIMITIVE bound to: 0 - type: integer 
	Parameter CLOCKING_MODE bound to: 0 - type: integer 
	Parameter ECC_MODE bound to: 0 - type: integer 
	Parameter MEMORY_INIT_FILE bound to: none - type: string 
	Parameter MEMORY_INIT_PARAM bound to: (null) - type: string 
	Parameter USE_MEM_INIT_MMI bound to: 0 - type: integer 
	Parameter USE_MEM_INIT bound to: 0 - type: integer 
	Parameter MEMORY_OPTIMIZATION bound to: true - type: string 
	Parameter WAKEUP_TIME bound to: 0 - type: integer 
	Parameter AUTO_SLEEP_TIME bound to: 0 - type: integer 
	Parameter MESSAGE_CONTROL bound to: 0 - type: integer 
	Parameter VERSION bound to: 0 - type: integer 
	Parameter USE_EMBEDDED_CONSTRAINT bound to: 0 - type: integer 
	Parameter CASCADE_HEIGHT bound to: 0 - type: integer 
	Parameter SIM_ASSERT_CHK bound to: 0 - type: integer 
	Parameter WRITE_PROTECT bound to: 1 - type: integer 
	Parameter WRITE_DATA_WIDTH_A bound to: 9 - type: integer 
	Parameter READ_DATA_WIDTH_A bound to: 9 - type: integer 
	Parameter BYTE_WRITE_WIDTH_A bound to: 9 - type: integer 
	Parameter ADDR_WIDTH_A bound to: 4 - type: integer 
	Parameter READ_RESET_VALUE_A bound to: 0 - type: string 
	Parameter READ_LATENCY_A bound to: 2 - type: integer 
	Parameter WRITE_MODE_A bound to: 2 - type: integer 
	Parameter RST_MODE_A bound to: SYNC - type: string 
	Parameter WRITE_DATA_WIDTH_B bound to: 9 - type: integer 
	Parameter READ_DATA_WIDTH_B bound to: 9 - type: integer 
	Parameter BYTE_WRITE_WIDTH_B bound to: 9 - type: integer 
	Parameter ADDR_WIDTH_B bound to: 4 - type: integer 
	Parameter READ_RESET_VALUE_B bound to: 0 - type: string 
	Parameter READ_LATENCY_B bound to: 2 - type: integer 
	Parameter WRITE_MODE_B bound to: 2 - type: integer 
	Parameter RST_MODE_B bound to: SYNC - type: string 
	Parameter P_MEMORY_PRIMITIVE bound to: auto - type: string 
	Parameter P_MIN_WIDTH_DATA_A bound to: 9 - type: integer 
	Parameter P_MIN_WIDTH_DATA_B bound to: 9 - type: integer 
	Parameter P_MIN_WIDTH_DATA bound to: 9 - type: integer 
	Parameter P_MIN_WIDTH_DATA_ECC bound to: 9 - type: integer 
	Parameter P_MAX_DEPTH_DATA bound to: 16 - type: integer 
	Parameter P_ECC_MODE bound to: no_ecc - type: string 
	Parameter P_MEMORY_OPT bound to: yes - type: string 
	Parameter P_WIDTH_COL_WRITE_A bound to: 9 - type: integer 
	Parameter P_WIDTH_COL_WRITE_B bound to: 9 - type: integer 
	Parameter P_NUM_COLS_WRITE_A bound to: 1 - type: integer 
	Parameter P_NUM_COLS_WRITE_B bound to: 1 - type: integer 
	Parameter P_NUM_ROWS_WRITE_A bound to: 1 - type: integer 
	Parameter P_NUM_ROWS_WRITE_B bound to: 1 - type: integer 
	Parameter P_NUM_ROWS_READ_A bound to: 1 - type: integer 
	Parameter P_NUM_ROWS_READ_B bound to: 1 - type: integer 
	Parameter P_WIDTH_ADDR_WRITE_A bound to: 4 - type: integer 
	Parameter P_WIDTH_ADDR_WRITE_B bound to: 4 - type: integer 
	Parameter P_WIDTH_ADDR_READ_A bound to: 4 - type: integer 
	Parameter P_WIDTH_ADDR_READ_B bound to: 4 - type: integer 
	Parameter P_WIDTH_ADDR_LSB_WRITE_A bound to: 0 - type: integer 
	Parameter P_WIDTH_ADDR_LSB_WRITE_B bound to: 0 - type: integer 
	Parameter P_WIDTH_ADDR_LSB_READ_A bound to: 0 - type: integer 
	Parameter P_WIDTH_ADDR_LSB_READ_B bound to: 0 - type: integer 
	Parameter P_ENABLE_BYTE_WRITE_A bound to: 0 - type: integer 
	Parameter P_ENABLE_BYTE_WRITE_B bound to: 0 - type: integer 
	Parameter P_SDP_WRITE_MODE bound to: yes - type: string 
	Parameter rsta_loop_iter bound to: 12 - type: integer 
	Parameter rstb_loop_iter bound to: 12 - type: integer 
	Parameter NUM_CHAR_LOC bound to: 0 - type: integer 
	Parameter MAX_NUM_CHAR bound to: 0 - type: integer 
	Parameter P_MIN_WIDTH_DATA_SHFT bound to: 9 - type: integer 
	Parameter P_MIN_WIDTH_DATA_LDW bound to: 4 - type: integer 
INFO: [Synth 8-6059] Synth Info: [XPM_MEMORY 20-1] MEMORY_PRIMITIVE (0) instructs Vivado Synthesis to choose the memory primitive type. Depending on their values, other XPM_MEMORY parameters may preclude the choice of certain memory primitive types. Review XPM_MEMORY documentation and parameter values to understand any limitations, or set MEMORY_PRIMITIVE to a different value.   [E:/Xilinx_vitis2020/Vivado/2020.1/data/ip/xpm/xpm_memory/hdl/xpm_memory.sv:488]
INFO: [Synth 8-6155] done synthesizing module 'xpm_memory_base__parameterized0' (94#1) [E:/Xilinx_vitis2020/Vivado/2020.1/data/ip/xpm/xpm_memory/hdl/xpm_memory.sv:57]
INFO: [Synth 8-226] default block is never used [E:/Xilinx_vitis2020/Vivado/2020.1/data/ip/xpm/xpm_fifo/hdl/xpm_fifo.sv:1189]
INFO: [Synth 8-226] default block is never used [E:/Xilinx_vitis2020/Vivado/2020.1/data/ip/xpm/xpm_fifo/hdl/xpm_fifo.sv:1235]
INFO: [Synth 8-226] default block is never used [E:/Xilinx_vitis2020/Vivado/2020.1/data/ip/xpm/xpm_fifo/hdl/xpm_fifo.sv:1246]
INFO: [Synth 8-6157] synthesizing module 'xpm_counter_updn__parameterized4' [E:/Xilinx_vitis2020/Vivado/2020.1/data/ip/xpm/xpm_fifo/hdl/xpm_fifo.sv:1750]
	Parameter COUNTER_WIDTH bound to: 2 - type: integer 
	Parameter RESET_VALUE bound to: 0 - type: integer 
INFO: [Synth 8-6155] done synthesizing module 'xpm_counter_updn__parameterized4' (94#1) [E:/Xilinx_vitis2020/Vivado/2020.1/data/ip/xpm/xpm_fifo/hdl/xpm_fifo.sv:1750]
INFO: [Synth 8-6157] synthesizing module 'xpm_fifo_rst__parameterized0' [E:/Xilinx_vitis2020/Vivado/2020.1/data/ip/xpm/xpm_fifo/hdl/xpm_fifo.sv:1514]
	Parameter COMMON_CLOCK bound to: 1 - type: integer 
	Parameter CDC_DEST_SYNC_FF bound to: 2 - type: integer 
	Parameter SIM_ASSERT_CHK bound to: 0 - type: integer 
INFO: [Synth 8-6155] done synthesizing module 'xpm_fifo_rst__parameterized0' (94#1) [E:/Xilinx_vitis2020/Vivado/2020.1/data/ip/xpm/xpm_fifo/hdl/xpm_fifo.sv:1514]
INFO: [Synth 8-6157] synthesizing module 'xpm_counter_updn__parameterized5' [E:/Xilinx_vitis2020/Vivado/2020.1/data/ip/xpm/xpm_fifo/hdl/xpm_fifo.sv:1750]
	Parameter COUNTER_WIDTH bound to: 5 - type: integer 
	Parameter RESET_VALUE bound to: 0 - type: integer 
INFO: [Synth 8-6155] done synthesizing module 'xpm_counter_updn__parameterized5' (94#1) [E:/Xilinx_vitis2020/Vivado/2020.1/data/ip/xpm/xpm_fifo/hdl/xpm_fifo.sv:1750]
INFO: [Synth 8-6157] synthesizing module 'xpm_counter_updn__parameterized6' [E:/Xilinx_vitis2020/Vivado/2020.1/data/ip/xpm/xpm_fifo/hdl/xpm_fifo.sv:1750]
	Parameter COUNTER_WIDTH bound to: 4 - type: integer 
	Parameter RESET_VALUE bound to: 1 - type: integer 
INFO: [Synth 8-6155] done synthesizing module 'xpm_counter_updn__parameterized6' (94#1) [E:/Xilinx_vitis2020/Vivado/2020.1/data/ip/xpm/xpm_fifo/hdl/xpm_fifo.sv:1750]
INFO: [Synth 8-6155] done synthesizing module 'xpm_fifo_base__parameterized0' (94#1) [E:/Xilinx_vitis2020/Vivado/2020.1/data/ip/xpm/xpm_fifo/hdl/xpm_fifo.sv:56]
INFO: [Synth 8-6155] done synthesizing module 'xpm_fifo_sync' (95#1) [E:/Xilinx_vitis2020/Vivado/2020.1/data/ip/xpm/xpm_fifo/hdl/xpm_fifo.sv:1843]
INFO: [Synth 8-256] done synthesizing module 'sync_fifo_fg' (96#1) [e:/vivado_axidma3/uav_sar.srcs/sources_1/bd/uav_sar/ipshared/a5cb/hdl/lib_fifo_v1_0_rfs.vhd:2250]
INFO: [Synth 8-256] done synthesizing module 'axi_datamover_sfifo_autord' (97#1) [e:/vivado_axidma3/uav_sar.srcs/sources_1/bd/uav_sar/ipshared/af86/hdl/axi_datamover_v5_1_vh_rfs.vhd:1295]
INFO: [Synth 8-638] synthesizing module 'axi_datamover_sfifo_autord__parameterized0' [e:/vivado_axidma3/uav_sar.srcs/sources_1/bd/uav_sar/ipshared/af86/hdl/axi_datamover_v5_1_vh_rfs.vhd:1295]
	Parameter C_DWIDTH bound to: 38 - type: integer 
	Parameter C_DEPTH bound to: 128 - type: integer 
	Parameter C_DATA_CNT_WIDTH bound to: 8 - type: integer 
	Parameter C_NEED_ALMOST_EMPTY bound to: 0 - type: integer 
	Parameter C_NEED_ALMOST_FULL bound to: 0 - type: integer 
	Parameter C_USE_BLKMEM bound to: 1 - type: integer 
	Parameter C_FAMILY bound to: zynquplus - type: string 
INFO: [Synth 8-638] synthesizing module 'sync_fifo_fg__parameterized0' [e:/vivado_axidma3/uav_sar.srcs/sources_1/bd/uav_sar/ipshared/a5cb/hdl/lib_fifo_v1_0_rfs.vhd:2250]
	Parameter C_FAMILY bound to: zynquplus - type: string 
	Parameter C_DCOUNT_WIDTH bound to: 8 - type: integer 
	Parameter C_ENABLE_RLOCS bound to: 0 - type: integer 
	Parameter C_HAS_DCOUNT bound to: 1 - type: integer 
	Parameter C_HAS_RD_ACK bound to: 1 - type: integer 
	Parameter C_HAS_RD_ERR bound to: 0 - type: integer 
	Parameter C_HAS_WR_ACK bound to: 1 - type: integer 
	Parameter C_HAS_WR_ERR bound to: 0 - type: integer 
	Parameter C_HAS_ALMOST_FULL bound to: 0 - type: integer 
	Parameter C_MEMORY_TYPE bound to: 1 - type: integer 
	Parameter C_PORTS_DIFFER bound to: 0 - type: integer 
	Parameter C_RD_ACK_LOW bound to: 0 - type: integer 
	Parameter C_USE_EMBEDDED_REG bound to: 1 - type: integer 
	Parameter C_READ_DATA_WIDTH bound to: 38 - type: integer 
	Parameter C_READ_DEPTH bound to: 128 - type: integer 
	Parameter C_RD_ERR_LOW bound to: 0 - type: integer 
	Parameter C_WR_ACK_LOW bound to: 0 - type: integer 
	Parameter C_WR_ERR_LOW bound to: 0 - type: integer 
	Parameter C_PRELOAD_REGS bound to: 1 - type: integer 
	Parameter C_PRELOAD_LATENCY bound to: 0 - type: integer 
	Parameter C_WRITE_DATA_WIDTH bound to: 38 - type: integer 
	Parameter C_WRITE_DEPTH bound to: 128 - type: integer 
	Parameter C_SYNCHRONIZER_STAGE bound to: 2 - type: integer 
	Parameter C_XPM_FIFO bound to: 1 - type: integer 
	Parameter FIFO_MEMORY_TYPE bound to: block - type: string 
	Parameter FIFO_WRITE_DEPTH bound to: 128 - type: integer 
	Parameter CASCADE_HEIGHT bound to: 0 - type: integer 
	Parameter WRITE_DATA_WIDTH bound to: 38 - type: integer 
	Parameter READ_MODE bound to: fwft - type: string 
	Parameter FIFO_READ_LATENCY bound to: 0 - type: integer 
	Parameter FULL_RESET_VALUE bound to: 1 - type: integer 
	Parameter USE_ADV_FEATURES bound to: 1F1F - type: string 
	Parameter READ_DATA_WIDTH bound to: 38 - type: integer 
	Parameter WR_DATA_COUNT_WIDTH bound to: 8 - type: integer 
	Parameter PROG_FULL_THRESH bound to: 10 - type: integer 
	Parameter RD_DATA_COUNT_WIDTH bound to: 4 - type: integer 
	Parameter PROG_EMPTY_THRESH bound to: 10 - type: integer 
	Parameter DOUT_RESET_VALUE bound to: 0 - type: string 
	Parameter ECC_MODE bound to: no_ecc - type: string 
	Parameter SIM_ASSERT_CHK bound to: 0 - type: integer 
	Parameter WAKEUP_TIME bound to: 0 - type: integer 
INFO: [Synth 8-3491] module 'xpm_fifo_sync' declared at 'E:/Xilinx_vitis2020/Vivado/2020.1/data/ip/xpm/xpm_fifo/hdl/xpm_fifo.sv:1843' bound to instance 'xpm_fifo_sync_inst' of component 'xpm_fifo_sync' [e:/vivado_axidma3/uav_sar.srcs/sources_1/bd/uav_sar/ipshared/a5cb/hdl/lib_fifo_v1_0_rfs.vhd:2627]
INFO: [Synth 8-6157] synthesizing module 'xpm_fifo_sync__parameterized1' [E:/Xilinx_vitis2020/Vivado/2020.1/data/ip/xpm/xpm_fifo/hdl/xpm_fifo.sv:1843]
	Parameter FIFO_MEMORY_TYPE bound to: block - type: string 
	Parameter ECC_MODE bound to: no_ecc - type: string 
	Parameter SIM_ASSERT_CHK bound to: 0 - type: integer 
	Parameter CASCADE_HEIGHT bound to: 0 - type: integer 
	Parameter FIFO_WRITE_DEPTH bound to: 128 - type: integer 
	Parameter WRITE_DATA_WIDTH bound to: 38 - type: integer 
	Parameter WR_DATA_COUNT_WIDTH bound to: 8 - type: integer 
	Parameter PROG_FULL_THRESH bound to: 10 - type: integer 
	Parameter FULL_RESET_VALUE bound to: 1 - type: integer 
	Parameter USE_ADV_FEATURES bound to: 1F1F - type: string 
	Parameter READ_MODE bound to: fwft - type: string 
	Parameter FIFO_READ_LATENCY bound to: 0 - type: integer 
	Parameter READ_DATA_WIDTH bound to: 38 - type: integer 
	Parameter RD_DATA_COUNT_WIDTH bound to: 4 - type: integer 
	Parameter PROG_EMPTY_THRESH bound to: 10 - type: integer 
	Parameter DOUT_RESET_VALUE bound to: 0 - type: string 
	Parameter WAKEUP_TIME bound to: 0 - type: integer 
	Parameter EN_ADV_FEATURE_SYNC bound to: 16'b0001111100011111 
	Parameter P_FIFO_MEMORY_TYPE bound to: 2 - type: integer 
	Parameter P_COMMON_CLOCK bound to: 1 - type: integer 
	Parameter P_ECC_MODE bound to: 0 - type: integer 
	Parameter P_READ_MODE bound to: 1 - type: integer 
	Parameter P_WAKEUP_TIME bound to: 2 - type: integer 
INFO: [Synth 8-6157] synthesizing module 'xpm_fifo_base__parameterized1' [E:/Xilinx_vitis2020/Vivado/2020.1/data/ip/xpm/xpm_fifo/hdl/xpm_fifo.sv:56]
	Parameter COMMON_CLOCK bound to: 1 - type: integer 
	Parameter RELATED_CLOCKS bound to: 0 - type: integer 
	Parameter FIFO_MEMORY_TYPE bound to: 2 - type: integer 
	Parameter ECC_MODE bound to: 0 - type: integer 
	Parameter SIM_ASSERT_CHK bound to: 0 - type: integer 
	Parameter CASCADE_HEIGHT bound to: 0 - type: integer 
	Parameter FIFO_WRITE_DEPTH bound to: 128 - type: integer 
	Parameter WRITE_DATA_WIDTH bound to: 38 - type: integer 
	Parameter WR_DATA_COUNT_WIDTH bound to: 8 - type: integer 
	Parameter PROG_FULL_THRESH bound to: 10 - type: integer 
	Parameter USE_ADV_FEATURES bound to: 1F1F - type: string 
	Parameter READ_MODE bound to: 1 - type: integer 
	Parameter FIFO_READ_LATENCY bound to: 0 - type: integer 
	Parameter READ_DATA_WIDTH bound to: 38 - type: integer 
	Parameter RD_DATA_COUNT_WIDTH bound to: 4 - type: integer 
	Parameter PROG_EMPTY_THRESH bound to: 10 - type: integer 
	Parameter DOUT_RESET_VALUE bound to: 0 - type: string 
	Parameter CDC_DEST_SYNC_FF bound to: 2 - type: integer 
	Parameter FULL_RESET_VALUE bound to: 1 - type: integer 
	Parameter REMOVE_WR_RD_PROT_LOGIC bound to: 0 - type: integer 
	Parameter WAKEUP_TIME bound to: 0 - type: integer 
	Parameter VERSION bound to: 0 - type: integer 
	Parameter invalid bound to: 0 - type: integer 
	Parameter stage1_valid bound to: 2 - type: integer 
	Parameter stage2_valid bound to: 1 - type: integer 
	Parameter both_stages_valid bound to: 3 - type: integer 
	Parameter FIFO_MEM_TYPE bound to: 2 - type: integer 
	Parameter RD_MODE bound to: 1 - type: integer 
	Parameter ENABLE_ECC bound to: 0 - type: integer 
	Parameter FIFO_READ_DEPTH bound to: 128 - type: integer 
	Parameter FIFO_SIZE bound to: 4864 - type: integer 
	Parameter WR_WIDTH_LOG bound to: 6 - type: integer 
	Parameter WR_DEPTH_LOG bound to: 7 - type: integer 
	Parameter WR_PNTR_WIDTH bound to: 7 - type: integer 
	Parameter RD_PNTR_WIDTH bound to: 7 - type: integer 
	Parameter FULL_RST_VAL bound to: 1'b1 
	Parameter WR_RD_RATIO bound to: 0 - type: integer 
	Parameter PF_THRESH_ADJ bound to: 8 - type: integer 
	Parameter PE_THRESH_ADJ bound to: 8 - type: integer 
	Parameter PF_THRESH_MIN bound to: 5 - type: integer 
	Parameter PF_THRESH_MAX bound to: 123 - type: integer 
	Parameter PE_THRESH_MIN bound to: 5 - type: integer 
	Parameter PE_THRESH_MAX bound to: 123 - type: integer 
	Parameter WR_DC_WIDTH_EXT bound to: 8 - type: integer 
	Parameter RD_DC_WIDTH_EXT bound to: 8 - type: integer 
	Parameter RD_LATENCY bound to: 2 - type: integer 
	Parameter WIDTH_RATIO bound to: 1 - type: integer 
	Parameter EN_ADV_FEATURE bound to: 16'b0001111100011111 
	Parameter EN_OF bound to: 1'b1 
	Parameter EN_PF bound to: 1'b1 
	Parameter EN_WDC bound to: 1'b1 
	Parameter EN_AF bound to: 1'b1 
	Parameter EN_WACK bound to: 1'b1 
	Parameter FG_EQ_ASYM_DOUT bound to: 1'b0 
	Parameter EN_UF bound to: 1'b1 
	Parameter EN_PE bound to: 1'b1 
	Parameter EN_RDC bound to: 1'b1 
	Parameter EN_AE bound to: 1'b1 
	Parameter EN_DVLD bound to: 1'b1 
INFO: [Synth 8-6157] synthesizing module 'xpm_counter_updn__parameterized7' [E:/Xilinx_vitis2020/Vivado/2020.1/data/ip/xpm/xpm_fifo/hdl/xpm_fifo.sv:1750]
	Parameter COUNTER_WIDTH bound to: 7 - type: integer 
	Parameter RESET_VALUE bound to: 3 - type: integer 
INFO: [Synth 8-6155] done synthesizing module 'xpm_counter_updn__parameterized7' (97#1) [E:/Xilinx_vitis2020/Vivado/2020.1/data/ip/xpm/xpm_fifo/hdl/xpm_fifo.sv:1750]
INFO: [Synth 8-6157] synthesizing module 'xpm_counter_updn__parameterized8' [E:/Xilinx_vitis2020/Vivado/2020.1/data/ip/xpm/xpm_fifo/hdl/xpm_fifo.sv:1750]
	Parameter COUNTER_WIDTH bound to: 7 - type: integer 
	Parameter RESET_VALUE bound to: 2 - type: integer 
INFO: [Synth 8-6155] done synthesizing module 'xpm_counter_updn__parameterized8' (97#1) [E:/Xilinx_vitis2020/Vivado/2020.1/data/ip/xpm/xpm_fifo/hdl/xpm_fifo.sv:1750]
INFO: [Synth 8-6157] synthesizing module 'xpm_memory_base__parameterized1' [E:/Xilinx_vitis2020/Vivado/2020.1/data/ip/xpm/xpm_memory/hdl/xpm_memory.sv:57]
	Parameter MEMORY_TYPE bound to: 1 - type: integer 
	Parameter MEMORY_SIZE bound to: 4864 - type: integer 
	Parameter MEMORY_PRIMITIVE bound to: 2 - type: integer 
	Parameter CLOCKING_MODE bound to: 0 - type: integer 
	Parameter ECC_MODE bound to: 0 - type: integer 
	Parameter MEMORY_INIT_FILE bound to: none - type: string 
	Parameter MEMORY_INIT_PARAM bound to: (null) - type: string 
	Parameter USE_MEM_INIT_MMI bound to: 0 - type: integer 
	Parameter USE_MEM_INIT bound to: 0 - type: integer 
	Parameter MEMORY_OPTIMIZATION bound to: true - type: string 
	Parameter WAKEUP_TIME bound to: 0 - type: integer 
	Parameter AUTO_SLEEP_TIME bound to: 0 - type: integer 
	Parameter MESSAGE_CONTROL bound to: 0 - type: integer 
	Parameter VERSION bound to: 0 - type: integer 
	Parameter USE_EMBEDDED_CONSTRAINT bound to: 0 - type: integer 
	Parameter CASCADE_HEIGHT bound to: 0 - type: integer 
	Parameter SIM_ASSERT_CHK bound to: 0 - type: integer 
	Parameter WRITE_PROTECT bound to: 1 - type: integer 
	Parameter WRITE_DATA_WIDTH_A bound to: 38 - type: integer 
	Parameter READ_DATA_WIDTH_A bound to: 38 - type: integer 
	Parameter BYTE_WRITE_WIDTH_A bound to: 38 - type: integer 
	Parameter ADDR_WIDTH_A bound to: 7 - type: integer 
	Parameter READ_RESET_VALUE_A bound to: 0 - type: string 
	Parameter READ_LATENCY_A bound to: 2 - type: integer 
	Parameter WRITE_MODE_A bound to: 2 - type: integer 
	Parameter RST_MODE_A bound to: SYNC - type: string 
	Parameter WRITE_DATA_WIDTH_B bound to: 38 - type: integer 
	Parameter READ_DATA_WIDTH_B bound to: 38 - type: integer 
	Parameter BYTE_WRITE_WIDTH_B bound to: 38 - type: integer 
	Parameter ADDR_WIDTH_B bound to: 7 - type: integer 
	Parameter READ_RESET_VALUE_B bound to: 0 - type: string 
	Parameter READ_LATENCY_B bound to: 2 - type: integer 
	Parameter WRITE_MODE_B bound to: 2 - type: integer 
	Parameter RST_MODE_B bound to: SYNC - type: string 
	Parameter P_MEMORY_PRIMITIVE bound to: block - type: string 
	Parameter P_MIN_WIDTH_DATA_A bound to: 38 - type: integer 
	Parameter P_MIN_WIDTH_DATA_B bound to: 38 - type: integer 
	Parameter P_MIN_WIDTH_DATA bound to: 38 - type: integer 
	Parameter P_MIN_WIDTH_DATA_ECC bound to: 38 - type: integer 
	Parameter P_MAX_DEPTH_DATA bound to: 128 - type: integer 
	Parameter P_ECC_MODE bound to: no_ecc - type: string 
	Parameter P_MEMORY_OPT bound to: yes - type: string 
	Parameter P_WIDTH_COL_WRITE_A bound to: 38 - type: integer 
	Parameter P_WIDTH_COL_WRITE_B bound to: 38 - type: integer 
	Parameter P_NUM_COLS_WRITE_A bound to: 1 - type: integer 
	Parameter P_NUM_COLS_WRITE_B bound to: 1 - type: integer 
	Parameter P_NUM_ROWS_WRITE_A bound to: 1 - type: integer 
	Parameter P_NUM_ROWS_WRITE_B bound to: 1 - type: integer 
	Parameter P_NUM_ROWS_READ_A bound to: 1 - type: integer 
	Parameter P_NUM_ROWS_READ_B bound to: 1 - type: integer 
	Parameter P_WIDTH_ADDR_WRITE_A bound to: 7 - type: integer 
	Parameter P_WIDTH_ADDR_WRITE_B bound to: 7 - type: integer 
	Parameter P_WIDTH_ADDR_READ_A bound to: 7 - type: integer 
	Parameter P_WIDTH_ADDR_READ_B bound to: 7 - type: integer 
	Parameter P_WIDTH_ADDR_LSB_WRITE_A bound to: 0 - type: integer 
	Parameter P_WIDTH_ADDR_LSB_WRITE_B bound to: 0 - type: integer 
	Parameter P_WIDTH_ADDR_LSB_READ_A bound to: 0 - type: integer 
	Parameter P_WIDTH_ADDR_LSB_READ_B bound to: 0 - type: integer 
	Parameter P_ENABLE_BYTE_WRITE_A bound to: 0 - type: integer 
	Parameter P_ENABLE_BYTE_WRITE_B bound to: 0 - type: integer 
	Parameter P_SDP_WRITE_MODE bound to: no - type: string 
	Parameter rsta_loop_iter bound to: 40 - type: integer 
	Parameter rstb_loop_iter bound to: 40 - type: integer 
	Parameter NUM_CHAR_LOC bound to: 0 - type: integer 
	Parameter MAX_NUM_CHAR bound to: 0 - type: integer 
	Parameter P_MIN_WIDTH_DATA_SHFT bound to: 38 - type: integer 
	Parameter P_MIN_WIDTH_DATA_LDW bound to: 4 - type: integer 
INFO: [Synth 8-6155] done synthesizing module 'xpm_memory_base__parameterized1' (97#1) [E:/Xilinx_vitis2020/Vivado/2020.1/data/ip/xpm/xpm_memory/hdl/xpm_memory.sv:57]
INFO: [Synth 8-226] default block is never used [E:/Xilinx_vitis2020/Vivado/2020.1/data/ip/xpm/xpm_fifo/hdl/xpm_fifo.sv:1189]
INFO: [Synth 8-226] default block is never used [E:/Xilinx_vitis2020/Vivado/2020.1/data/ip/xpm/xpm_fifo/hdl/xpm_fifo.sv:1235]
INFO: [Synth 8-226] default block is never used [E:/Xilinx_vitis2020/Vivado/2020.1/data/ip/xpm/xpm_fifo/hdl/xpm_fifo.sv:1246]
INFO: [Synth 8-6157] synthesizing module 'xpm_counter_updn__parameterized9' [E:/Xilinx_vitis2020/Vivado/2020.1/data/ip/xpm/xpm_fifo/hdl/xpm_fifo.sv:1750]
	Parameter COUNTER_WIDTH bound to: 8 - type: integer 
	Parameter RESET_VALUE bound to: 0 - type: integer 
INFO: [Synth 8-6155] done synthesizing module 'xpm_counter_updn__parameterized9' (97#1) [E:/Xilinx_vitis2020/Vivado/2020.1/data/ip/xpm/xpm_fifo/hdl/xpm_fifo.sv:1750]
INFO: [Synth 8-6157] synthesizing module 'xpm_counter_updn__parameterized10' [E:/Xilinx_vitis2020/Vivado/2020.1/data/ip/xpm/xpm_fifo/hdl/xpm_fifo.sv:1750]
	Parameter COUNTER_WIDTH bound to: 7 - type: integer 
	Parameter RESET_VALUE bound to: 1 - type: integer 
INFO: [Synth 8-6155] done synthesizing module 'xpm_counter_updn__parameterized10' (97#1) [E:/Xilinx_vitis2020/Vivado/2020.1/data/ip/xpm/xpm_fifo/hdl/xpm_fifo.sv:1750]
INFO: [Synth 8-6155] done synthesizing module 'xpm_fifo_base__parameterized1' (97#1) [E:/Xilinx_vitis2020/Vivado/2020.1/data/ip/xpm/xpm_fifo/hdl/xpm_fifo.sv:56]
INFO: [Synth 8-6155] done synthesizing module 'xpm_fifo_sync__parameterized1' (97#1) [E:/Xilinx_vitis2020/Vivado/2020.1/data/ip/xpm/xpm_fifo/hdl/xpm_fifo.sv:1843]
INFO: [Synth 8-256] done synthesizing module 'sync_fifo_fg__parameterized0' (97#1) [e:/vivado_axidma3/uav_sar.srcs/sources_1/bd/uav_sar/ipshared/a5cb/hdl/lib_fifo_v1_0_rfs.vhd:2250]
INFO: [Synth 8-256] done synthesizing module 'axi_datamover_sfifo_autord__parameterized0' (97#1) [e:/vivado_axidma3/uav_sar.srcs/sources_1/bd/uav_sar/ipshared/af86/hdl/axi_datamover_v5_1_vh_rfs.vhd:1295]
INFO: [Synth 8-638] synthesizing module 'axi_datamover_stbs_set__parameterized0' [e:/vivado_axidma3/uav_sar.srcs/sources_1/bd/uav_sar/ipshared/af86/hdl/axi_datamover_v5_1_vh_rfs.vhd:23410]
	Parameter C_STROBE_WIDTH bound to: 4 - type: integer 
INFO: [Synth 8-256] done synthesizing module 'axi_datamover_stbs_set__parameterized0' (97#1) [e:/vivado_axidma3/uav_sar.srcs/sources_1/bd/uav_sar/ipshared/af86/hdl/axi_datamover_v5_1_vh_rfs.vhd:23410]
INFO: [Synth 8-638] synthesizing module 'axi_datamover_skid_buf__parameterized0' [e:/vivado_axidma3/uav_sar.srcs/sources_1/bd/uav_sar/ipshared/af86/hdl/axi_datamover_v5_1_vh_rfs.vhd:19500]
	Parameter C_WDATA_WIDTH bound to: 40 - type: integer 
INFO: [Synth 8-256] done synthesizing module 'axi_datamover_skid_buf__parameterized0' (97#1) [e:/vivado_axidma3/uav_sar.srcs/sources_1/bd/uav_sar/ipshared/af86/hdl/axi_datamover_v5_1_vh_rfs.vhd:19500]
INFO: [Synth 8-256] done synthesizing module 'axi_datamover_indet_btt' (98#1) [e:/vivado_axidma3/uav_sar.srcs/sources_1/bd/uav_sar/ipshared/af86/hdl/axi_datamover_v5_1_vh_rfs.vhd:28430]
INFO: [Synth 8-638] synthesizing module 'axi_datamover_addr_cntl' [e:/vivado_axidma3/uav_sar.srcs/sources_1/bd/uav_sar/ipshared/af86/hdl/axi_datamover_v5_1_vh_rfs.vhd:10000]
	Parameter C_ADDR_FIFO_DEPTH bound to: 4 - type: integer 
	Parameter C_ADDR_WIDTH bound to: 64 - type: integer 
	Parameter C_ADDR_ID bound to: 1 - type: integer 
	Parameter C_ADDR_ID_WIDTH bound to: 4 - type: integer 
	Parameter C_TAG_WIDTH bound to: 4 - type: integer 
	Parameter C_FAMILY bound to: zynquplus - type: string 
INFO: [Synth 8-638] synthesizing module 'axi_datamover_fifo__parameterized5' [e:/vivado_axidma3/uav_sar.srcs/sources_1/bd/uav_sar/ipshared/af86/hdl/axi_datamover_v5_1_vh_rfs.vhd:1886]
	Parameter C_DWIDTH bound to: 91 - type: integer 
	Parameter C_DEPTH bound to: 4 - type: integer 
	Parameter C_IS_ASYNC bound to: 0 - type: integer 
	Parameter C_PRIM_TYPE bound to: 2 - type: integer 
	Parameter C_FAMILY bound to: zynquplus - type: string 
INFO: [Synth 8-638] synthesizing module 'srl_fifo_f__parameterized3' [e:/vivado_axidma3/uav_sar.srcs/sources_1/bd/uav_sar/ipshared/51ce/hdl/lib_srl_fifo_v1_0_rfs.vhd:1000]
	Parameter C_DWIDTH bound to: 91 - type: integer 
	Parameter C_DEPTH bound to: 4 - type: integer 
	Parameter C_FAMILY bound to: zynquplus - type: string 
INFO: [Synth 8-638] synthesizing module 'srl_fifo_rbu_f__parameterized3' [e:/vivado_axidma3/uav_sar.srcs/sources_1/bd/uav_sar/ipshared/51ce/hdl/lib_srl_fifo_v1_0_rfs.vhd:697]
	Parameter C_DWIDTH bound to: 91 - type: integer 
	Parameter C_DEPTH bound to: 4 - type: integer 
	Parameter C_FAMILY bound to: zynquplus - type: string 
INFO: [Synth 8-638] synthesizing module 'dynshreg_f__parameterized3' [e:/vivado_axidma3/uav_sar.srcs/sources_1/bd/uav_sar/ipshared/51ce/hdl/lib_srl_fifo_v1_0_rfs.vhd:397]
	Parameter C_DEPTH bound to: 4 - type: integer 
	Parameter C_DWIDTH bound to: 91 - type: integer 
	Parameter C_FAMILY bound to: zynquplus - type: string 
INFO: [Synth 8-256] done synthesizing module 'dynshreg_f__parameterized3' (98#1) [e:/vivado_axidma3/uav_sar.srcs/sources_1/bd/uav_sar/ipshared/51ce/hdl/lib_srl_fifo_v1_0_rfs.vhd:397]
INFO: [Synth 8-256] done synthesizing module 'srl_fifo_rbu_f__parameterized3' (98#1) [e:/vivado_axidma3/uav_sar.srcs/sources_1/bd/uav_sar/ipshared/51ce/hdl/lib_srl_fifo_v1_0_rfs.vhd:697]
INFO: [Synth 8-256] done synthesizing module 'srl_fifo_f__parameterized3' (98#1) [e:/vivado_axidma3/uav_sar.srcs/sources_1/bd/uav_sar/ipshared/51ce/hdl/lib_srl_fifo_v1_0_rfs.vhd:1000]
INFO: [Synth 8-256] done synthesizing module 'axi_datamover_fifo__parameterized5' (98#1) [e:/vivado_axidma3/uav_sar.srcs/sources_1/bd/uav_sar/ipshared/af86/hdl/axi_datamover_v5_1_vh_rfs.vhd:1886]
INFO: [Synth 8-256] done synthesizing module 'axi_datamover_addr_cntl' (99#1) [e:/vivado_axidma3/uav_sar.srcs/sources_1/bd/uav_sar/ipshared/af86/hdl/axi_datamover_v5_1_vh_rfs.vhd:10000]
INFO: [Synth 8-638] synthesizing module 'axi_datamover_wrdata_cntl' [e:/vivado_axidma3/uav_sar.srcs/sources_1/bd/uav_sar/ipshared/af86/hdl/axi_datamover_v5_1_vh_rfs.vhd:15674]
	Parameter C_REALIGNER_INCLUDED bound to: 1 - type: integer 
	Parameter C_ENABLE_INDET_BTT bound to: 1 - type: integer 
	Parameter C_SF_BYTES_RCVD_WIDTH bound to: 26 - type: integer 
	Parameter C_SEL_ADDR_WIDTH bound to: 2 - type: integer 
	Parameter C_DATA_CNTL_FIFO_DEPTH bound to: 4 - type: integer 
	Parameter C_MMAP_DWIDTH bound to: 32 - type: integer 
	Parameter C_STREAM_DWIDTH bound to: 32 - type: integer 
	Parameter C_TAG_WIDTH bound to: 4 - type: integer 
	Parameter C_FAMILY bound to: zynquplus - type: string 
INFO: [Synth 8-638] synthesizing module 'axi_datamover_strb_gen2__parameterized0' [e:/vivado_axidma3/uav_sar.srcs/sources_1/bd/uav_sar/ipshared/af86/hdl/axi_datamover_v5_1_vh_rfs.vhd:4342]
	Parameter C_OP_MODE bound to: 0 - type: integer 
	Parameter C_STRB_WIDTH bound to: 4 - type: integer 
	Parameter C_OFFSET_WIDTH bound to: 2 - type: integer 
	Parameter C_NUM_BYTES_WIDTH bound to: 3 - type: integer 
INFO: [Synth 8-256] done synthesizing module 'axi_datamover_strb_gen2__parameterized0' (99#1) [e:/vivado_axidma3/uav_sar.srcs/sources_1/bd/uav_sar/ipshared/af86/hdl/axi_datamover_v5_1_vh_rfs.vhd:4342]
INFO: [Synth 8-638] synthesizing module 'axi_datamover_fifo__parameterized6' [e:/vivado_axidma3/uav_sar.srcs/sources_1/bd/uav_sar/ipshared/af86/hdl/axi_datamover_v5_1_vh_rfs.vhd:1886]
	Parameter C_DWIDTH bound to: 27 - type: integer 
	Parameter C_DEPTH bound to: 4 - type: integer 
	Parameter C_IS_ASYNC bound to: 0 - type: integer 
	Parameter C_PRIM_TYPE bound to: 2 - type: integer 
	Parameter C_FAMILY bound to: zynquplus - type: string 
INFO: [Synth 8-638] synthesizing module 'srl_fifo_f__parameterized4' [e:/vivado_axidma3/uav_sar.srcs/sources_1/bd/uav_sar/ipshared/51ce/hdl/lib_srl_fifo_v1_0_rfs.vhd:1000]
	Parameter C_DWIDTH bound to: 27 - type: integer 
	Parameter C_DEPTH bound to: 4 - type: integer 
	Parameter C_FAMILY bound to: zynquplus - type: string 
INFO: [Synth 8-638] synthesizing module 'srl_fifo_rbu_f__parameterized4' [e:/vivado_axidma3/uav_sar.srcs/sources_1/bd/uav_sar/ipshared/51ce/hdl/lib_srl_fifo_v1_0_rfs.vhd:697]
	Parameter C_DWIDTH bound to: 27 - type: integer 
	Parameter C_DEPTH bound to: 4 - type: integer 
	Parameter C_FAMILY bound to: zynquplus - type: string 
INFO: [Synth 8-638] synthesizing module 'dynshreg_f__parameterized4' [e:/vivado_axidma3/uav_sar.srcs/sources_1/bd/uav_sar/ipshared/51ce/hdl/lib_srl_fifo_v1_0_rfs.vhd:397]
	Parameter C_DEPTH bound to: 4 - type: integer 
	Parameter C_DWIDTH bound to: 27 - type: integer 
	Parameter C_FAMILY bound to: zynquplus - type: string 
INFO: [Synth 8-256] done synthesizing module 'dynshreg_f__parameterized4' (99#1) [e:/vivado_axidma3/uav_sar.srcs/sources_1/bd/uav_sar/ipshared/51ce/hdl/lib_srl_fifo_v1_0_rfs.vhd:397]
INFO: [Synth 8-256] done synthesizing module 'srl_fifo_rbu_f__parameterized4' (99#1) [e:/vivado_axidma3/uav_sar.srcs/sources_1/bd/uav_sar/ipshared/51ce/hdl/lib_srl_fifo_v1_0_rfs.vhd:697]
INFO: [Synth 8-256] done synthesizing module 'srl_fifo_f__parameterized4' (99#1) [e:/vivado_axidma3/uav_sar.srcs/sources_1/bd/uav_sar/ipshared/51ce/hdl/lib_srl_fifo_v1_0_rfs.vhd:1000]
INFO: [Synth 8-256] done synthesizing module 'axi_datamover_fifo__parameterized6' (99#1) [e:/vivado_axidma3/uav_sar.srcs/sources_1/bd/uav_sar/ipshared/af86/hdl/axi_datamover_v5_1_vh_rfs.vhd:1886]
INFO: [Synth 8-256] done synthesizing module 'axi_datamover_wrdata_cntl' (100#1) [e:/vivado_axidma3/uav_sar.srcs/sources_1/bd/uav_sar/ipshared/af86/hdl/axi_datamover_v5_1_vh_rfs.vhd:15674]
INFO: [Synth 8-638] synthesizing module 'axi_datamover_skid2mm_buf' [e:/vivado_axidma3/uav_sar.srcs/sources_1/bd/uav_sar/ipshared/af86/hdl/axi_datamover_v5_1_vh_rfs.vhd:18998]
	Parameter C_MDATA_WIDTH bound to: 32 - type: integer 
	Parameter C_SDATA_WIDTH bound to: 32 - type: integer 
	Parameter C_ADDR_LSB_WIDTH bound to: 2 - type: integer 
INFO: [Synth 8-638] synthesizing module 'axi_datamover_wr_demux' [e:/vivado_axidma3/uav_sar.srcs/sources_1/bd/uav_sar/ipshared/af86/hdl/axi_datamover_v5_1_vh_rfs.vhd:14117]
	Parameter C_SEL_ADDR_WIDTH bound to: 2 - type: integer 
	Parameter C_MMAP_DWIDTH bound to: 32 - type: integer 
	Parameter C_STREAM_DWIDTH bound to: 32 - type: integer 
INFO: [Synth 8-256] done synthesizing module 'axi_datamover_wr_demux' (101#1) [e:/vivado_axidma3/uav_sar.srcs/sources_1/bd/uav_sar/ipshared/af86/hdl/axi_datamover_v5_1_vh_rfs.vhd:14117]
INFO: [Synth 8-256] done synthesizing module 'axi_datamover_skid2mm_buf' (102#1) [e:/vivado_axidma3/uav_sar.srcs/sources_1/bd/uav_sar/ipshared/af86/hdl/axi_datamover_v5_1_vh_rfs.vhd:18998]
INFO: [Synth 8-256] done synthesizing module 'axi_datamover_s2mm_full_wrap' (103#1) [e:/vivado_axidma3/uav_sar.srcs/sources_1/bd/uav_sar/ipshared/af86/hdl/axi_datamover_v5_1_vh_rfs.vhd:49997]
INFO: [Synth 8-256] done synthesizing module 'axi_datamover' (104#1) [e:/vivado_axidma3/uav_sar.srcs/sources_1/bd/uav_sar/ipshared/af86/hdl/axi_datamover_v5_1_vh_rfs.vhd:55436]
INFO: [Synth 8-256] done synthesizing module 'axi_dma' (105#1) [e:/vivado_axidma3/uav_sar.srcs/sources_1/bd/uav_sar/ipshared/0fb1/hdl/axi_dma_v7_1_vh_rfs.vhd:22178]
INFO: [Synth 8-256] done synthesizing module 'uav_sar_axi_dma_0_0' (106#1) [e:/vivado_axidma3/uav_sar.srcs/sources_1/bd/uav_sar/ip/uav_sar_axi_dma_0_0/synth/uav_sar_axi_dma_0_0.vhd:107]
WARNING: [Synth 8-7071] port 's2mm_prmry_reset_out_n' of module 'uav_sar_axi_dma_0_0' is unconnected for instance 'axi_dma' [E:/vivado_axidma3/uav_sar.srcs/sources_1/bd/uav_sar/synth/uav_sar.v:4776]
WARNING: [Synth 8-7071] port 'axi_dma_tstvec' of module 'uav_sar_axi_dma_0_0' is unconnected for instance 'axi_dma' [E:/vivado_axidma3/uav_sar.srcs/sources_1/bd/uav_sar/synth/uav_sar.v:4776]
WARNING: [Synth 8-7023] instance 'axi_dma' of module 'uav_sar_axi_dma_0_0' has 43 connections declared, but only 41 given [E:/vivado_axidma3/uav_sar.srcs/sources_1/bd/uav_sar/synth/uav_sar.v:4776]
INFO: [Synth 8-638] synthesizing module 'uav_sar_axi_dma_0_1' [e:/vivado_axidma3/uav_sar.srcs/sources_1/bd/uav_sar/ip/uav_sar_axi_dma_0_1/synth/uav_sar_axi_dma_0_1.vhd:107]
	Parameter C_S_AXI_LITE_ADDR_WIDTH bound to: 10 - type: integer 
	Parameter C_S_AXI_LITE_DATA_WIDTH bound to: 32 - type: integer 
	Parameter C_DLYTMR_RESOLUTION bound to: 125 - type: integer 
	Parameter C_PRMRY_IS_ACLK_ASYNC bound to: 0 - type: integer 
	Parameter C_ENABLE_MULTI_CHANNEL bound to: 0 - type: integer 
	Parameter C_NUM_MM2S_CHANNELS bound to: 1 - type: integer 
	Parameter C_NUM_S2MM_CHANNELS bound to: 1 - type: integer 
	Parameter C_INCLUDE_SG bound to: 0 - type: integer 
	Parameter C_SG_INCLUDE_STSCNTRL_STRM bound to: 0 - type: integer 
	Parameter C_SG_USE_STSAPP_LENGTH bound to: 0 - type: integer 
	Parameter C_SG_LENGTH_WIDTH bound to: 26 - type: integer 
	Parameter C_M_AXI_SG_ADDR_WIDTH bound to: 64 - type: integer 
	Parameter C_M_AXI_SG_DATA_WIDTH bound to: 32 - type: integer 
	Parameter C_M_AXIS_MM2S_CNTRL_TDATA_WIDTH bound to: 32 - type: integer 
	Parameter C_S_AXIS_S2MM_STS_TDATA_WIDTH bound to: 32 - type: integer 
	Parameter C_MICRO_DMA bound to: 0 - type: integer 
	Parameter C_INCLUDE_MM2S bound to: 0 - type: integer 
	Parameter C_INCLUDE_MM2S_SF bound to: 1 - type: integer 
	Parameter C_MM2S_BURST_SIZE bound to: 16 - type: integer 
	Parameter C_M_AXI_MM2S_ADDR_WIDTH bound to: 64 - type: integer 
	Parameter C_M_AXI_MM2S_DATA_WIDTH bound to: 32 - type: integer 
	Parameter C_M_AXIS_MM2S_TDATA_WIDTH bound to: 32 - type: integer 
	Parameter C_INCLUDE_MM2S_DRE bound to: 0 - type: integer 
	Parameter C_INCLUDE_S2MM bound to: 1 - type: integer 
	Parameter C_INCLUDE_S2MM_SF bound to: 1 - type: integer 
	Parameter C_S2MM_BURST_SIZE bound to: 16 - type: integer 
	Parameter C_M_AXI_S2MM_ADDR_WIDTH bound to: 64 - type: integer 
	Parameter C_M_AXI_S2MM_DATA_WIDTH bound to: 32 - type: integer 
	Parameter C_S_AXIS_S2MM_TDATA_WIDTH bound to: 32 - type: integer 
	Parameter C_INCLUDE_S2MM_DRE bound to: 0 - type: integer 
	Parameter C_INCREASE_THROUGHPUT bound to: 0 - type: integer 
	Parameter C_FAMILY bound to: zynquplus - type: string 
INFO: [Synth 8-3491] module 'axi_dma' declared at 'e:/vivado_axidma3/uav_sar.srcs/sources_1/bd/uav_sar/ipshared/0fb1/hdl/axi_dma_v7_1_vh_rfs.vhd:21833' bound to instance 'U0' of component 'axi_dma' [e:/vivado_axidma3/uav_sar.srcs/sources_1/bd/uav_sar/ip/uav_sar_axi_dma_0_1/synth/uav_sar_axi_dma_0_1.vhd:326]
INFO: [Synth 8-638] synthesizing module 'axi_dma__parameterized1' [e:/vivado_axidma3/uav_sar.srcs/sources_1/bd/uav_sar/ipshared/0fb1/hdl/axi_dma_v7_1_vh_rfs.vhd:22178]
	Parameter C_S_AXI_LITE_ADDR_WIDTH bound to: 10 - type: integer 
	Parameter C_S_AXI_LITE_DATA_WIDTH bound to: 32 - type: integer 
	Parameter C_DLYTMR_RESOLUTION bound to: 125 - type: integer 
	Parameter C_PRMRY_IS_ACLK_ASYNC bound to: 0 - type: integer 
	Parameter C_INCLUDE_SG bound to: 0 - type: integer 
	Parameter C_SG_INCLUDE_STSCNTRL_STRM bound to: 0 - type: integer 
	Parameter C_SG_USE_STSAPP_LENGTH bound to: 0 - type: integer 
	Parameter C_SG_LENGTH_WIDTH bound to: 26 - type: integer 
	Parameter C_M_AXI_SG_ADDR_WIDTH bound to: 64 - type: integer 
	Parameter C_M_AXI_SG_DATA_WIDTH bound to: 32 - type: integer 
	Parameter C_M_AXIS_MM2S_CNTRL_TDATA_WIDTH bound to: 32 - type: integer 
	Parameter C_S_AXIS_S2MM_STS_TDATA_WIDTH bound to: 32 - type: integer 
	Parameter C_INCLUDE_MM2S bound to: 0 - type: integer 
	Parameter C_INCLUDE_MM2S_SF bound to: 1 - type: integer 
	Parameter C_INCLUDE_MM2S_DRE bound to: 0 - type: integer 
	Parameter C_MM2S_BURST_SIZE bound to: 16 - type: integer 
	Parameter C_M_AXI_MM2S_ADDR_WIDTH bound to: 64 - type: integer 
	Parameter C_M_AXI_MM2S_DATA_WIDTH bound to: 32 - type: integer 
	Parameter C_M_AXIS_MM2S_TDATA_WIDTH bound to: 32 - type: integer 
	Parameter C_INCLUDE_S2MM bound to: 1 - type: integer 
	Parameter C_INCLUDE_S2MM_SF bound to: 1 - type: integer 
	Parameter C_INCLUDE_S2MM_DRE bound to: 0 - type: integer 
	Parameter C_S2MM_BURST_SIZE bound to: 16 - type: integer 
	Parameter C_M_AXI_S2MM_ADDR_WIDTH bound to: 64 - type: integer 
	Parameter C_M_AXI_S2MM_DATA_WIDTH bound to: 32 - type: integer 
	Parameter C_S_AXIS_S2MM_TDATA_WIDTH bound to: 32 - type: integer 
	Parameter C_ENABLE_MULTI_CHANNEL bound to: 0 - type: integer 
	Parameter C_NUM_S2MM_CHANNELS bound to: 1 - type: integer 
	Parameter C_NUM_MM2S_CHANNELS bound to: 1 - type: integer 
	Parameter C_FAMILY bound to: zynquplus - type: string 
	Parameter C_MICRO_DMA bound to: 0 - type: integer 
	Parameter C_INCREASE_THROUGHPUT bound to: 0 - type: integer 
	Parameter C_INSTANCE bound to: axi_dma - type: string 
INFO: [Synth 8-638] synthesizing module 'axi_datamover__parameterized0' [e:/vivado_axidma3/uav_sar.srcs/sources_1/bd/uav_sar/ipshared/af86/hdl/axi_datamover_v5_1_vh_rfs.vhd:55436]
	Parameter C_INCLUDE_MM2S bound to: 0 - type: integer 
	Parameter C_M_AXI_MM2S_ARID bound to: 0 - type: integer 
	Parameter C_M_AXI_MM2S_ID_WIDTH bound to: 4 - type: integer 
	Parameter C_M_AXI_MM2S_ADDR_WIDTH bound to: 64 - type: integer 
	Parameter C_M_AXI_MM2S_DATA_WIDTH bound to: 32 - type: integer 
	Parameter C_M_AXIS_MM2S_TDATA_WIDTH bound to: 32 - type: integer 
	Parameter C_INCLUDE_MM2S_STSFIFO bound to: 1 - type: integer 
	Parameter C_MM2S_STSCMD_FIFO_DEPTH bound to: 1 - type: integer 
	Parameter C_MM2S_STSCMD_IS_ASYNC bound to: 0 - type: integer 
	Parameter C_INCLUDE_MM2S_DRE bound to: 0 - type: integer 
	Parameter C_MM2S_BURST_SIZE bound to: 16 - type: integer 
	Parameter C_MM2S_BTT_USED bound to: 26 - type: integer 
	Parameter C_MM2S_ADDR_PIPE_DEPTH bound to: 4 - type: integer 
	Parameter C_MM2S_INCLUDE_SF bound to: 1 - type: integer 
	Parameter C_INCLUDE_S2MM bound to: 1 - type: integer 
	Parameter C_M_AXI_S2MM_AWID bound to: 1 - type: integer 
	Parameter C_M_AXI_S2MM_ID_WIDTH bound to: 4 - type: integer 
	Parameter C_M_AXI_S2MM_ADDR_WIDTH bound to: 64 - type: integer 
	Parameter C_M_AXI_S2MM_DATA_WIDTH bound to: 32 - type: integer 
	Parameter C_S_AXIS_S2MM_TDATA_WIDTH bound to: 32 - type: integer 
	Parameter C_INCLUDE_S2MM_STSFIFO bound to: 1 - type: integer 
	Parameter C_S2MM_STSCMD_FIFO_DEPTH bound to: 1 - type: integer 
	Parameter C_S2MM_STSCMD_IS_ASYNC bound to: 0 - type: integer 
	Parameter C_INCLUDE_S2MM_DRE bound to: 0 - type: integer 
	Parameter C_S2MM_BURST_SIZE bound to: 16 - type: integer 
	Parameter C_S2MM_BTT_USED bound to: 26 - type: integer 
	Parameter C_S2MM_SUPPORT_INDET_BTT bound to: 1 - type: integer 
	Parameter C_S2MM_ADDR_PIPE_DEPTH bound to: 4 - type: integer 
	Parameter C_S2MM_INCLUDE_SF bound to: 1 - type: integer 
	Parameter C_ENABLE_CACHE_USER bound to: 0 - type: integer 
	Parameter C_ENABLE_SKID_BUF bound to: 11111 - type: string 
	Parameter C_ENABLE_MM2S_TKEEP bound to: 1 - type: integer 
	Parameter C_ENABLE_S2MM_TKEEP bound to: 1 - type: integer 
	Parameter C_ENABLE_S2MM_ADV_SIG bound to: 0 - type: integer 
	Parameter C_ENABLE_MM2S_ADV_SIG bound to: 0 - type: integer 
	Parameter C_MICRO_DMA bound to: 0 - type: integer 
	Parameter C_CMD_WIDTH bound to: 104 - type: integer 
	Parameter C_MCDMA bound to: 1 - type: integer 
	Parameter C_FAMILY bound to: zynquplus - type: string 
INFO: [Synth 8-638] synthesizing module 'axi_datamover_s2mm_full_wrap__parameterized0' [e:/vivado_axidma3/uav_sar.srcs/sources_1/bd/uav_sar/ipshared/af86/hdl/axi_datamover_v5_1_vh_rfs.vhd:49997]
	Parameter C_INCLUDE_S2MM bound to: 1 - type: integer 
	Parameter C_S2MM_AWID bound to: 1 - type: integer 
	Parameter C_S2MM_ID_WIDTH bound to: 4 - type: integer 
	Parameter C_S2MM_ADDR_WIDTH bound to: 64 - type: integer 
	Parameter C_S2MM_MDATA_WIDTH bound to: 32 - type: integer 
	Parameter C_S2MM_SDATA_WIDTH bound to: 32 - type: integer 
	Parameter C_INCLUDE_S2MM_STSFIFO bound to: 1 - type: integer 
	Parameter C_S2MM_STSCMD_FIFO_DEPTH bound to: 1 - type: integer 
	Parameter C_S2MM_STSCMD_IS_ASYNC bound to: 0 - type: integer 
	Parameter C_INCLUDE_S2MM_DRE bound to: 0 - type: integer 
	Parameter C_S2MM_BURST_SIZE bound to: 16 - type: integer 
	Parameter C_S2MM_BTT_USED bound to: 26 - type: integer 
	Parameter C_S2MM_SUPPORT_INDET_BTT bound to: 1 - type: integer 
	Parameter C_S2MM_ADDR_PIPE_DEPTH bound to: 4 - type: integer 
	Parameter C_TAG_WIDTH bound to: 4 - type: integer 
	Parameter C_INCLUDE_S2MM_GP_SF bound to: 1 - type: integer 
	Parameter C_ENABLE_CACHE_USER bound to: 0 - type: integer 
	Parameter C_ENABLE_S2MM_TKEEP bound to: 1 - type: integer 
	Parameter C_ENABLE_SKID_BUF bound to: 11111 - type: string 
	Parameter C_FAMILY bound to: zynquplus - type: string 
	Parameter C_MCDMA bound to: 1 - type: integer 
INFO: [Synth 8-638] synthesizing module 'axi_datamover_ibttcc__parameterized0' [e:/vivado_axidma3/uav_sar.srcs/sources_1/bd/uav_sar/ipshared/af86/hdl/axi_datamover_v5_1_vh_rfs.vhd:25731]
	Parameter C_SF_XFER_BYTES_WIDTH bound to: 7 - type: integer 
	Parameter C_DRE_ALIGN_WIDTH bound to: 1 - type: integer 
	Parameter C_SEL_ADDR_WIDTH bound to: 2 - type: integer 
	Parameter C_ADDR_WIDTH bound to: 64 - type: integer 
	Parameter C_STREAM_DWIDTH bound to: 32 - type: integer 
	Parameter C_MAX_BURST_LEN bound to: 16 - type: integer 
	Parameter C_CMD_WIDTH bound to: 103 - type: integer 
	Parameter C_TAG_WIDTH bound to: 4 - type: integer 
	Parameter C_BTT_USED bound to: 26 - type: integer 
	Parameter C_NATIVE_XFER_WIDTH bound to: 32 - type: integer 
	Parameter C_STRT_SF_OFFSET_WIDTH bound to: 1 - type: integer 
	Parameter C_MCDMA bound to: 1 - type: integer 
INFO: [Synth 8-256] done synthesizing module 'axi_datamover_ibttcc__parameterized0' (106#1) [e:/vivado_axidma3/uav_sar.srcs/sources_1/bd/uav_sar/ipshared/af86/hdl/axi_datamover_v5_1_vh_rfs.vhd:25731]
INFO: [Synth 8-638] synthesizing module 'axi_datamover_skid_buf__parameterized1' [e:/vivado_axidma3/uav_sar.srcs/sources_1/bd/uav_sar/ipshared/af86/hdl/axi_datamover_v5_1_vh_rfs.vhd:19500]
	Parameter C_WDATA_WIDTH bound to: 32 - type: integer 
INFO: [Synth 8-256] done synthesizing module 'axi_datamover_skid_buf__parameterized1' (106#1) [e:/vivado_axidma3/uav_sar.srcs/sources_1/bd/uav_sar/ipshared/af86/hdl/axi_datamover_v5_1_vh_rfs.vhd:19500]
INFO: [Synth 8-638] synthesizing module 'axi_datamover_s2mm_realign__parameterized0' [e:/vivado_axidma3/uav_sar.srcs/sources_1/bd/uav_sar/ipshared/af86/hdl/axi_datamover_v5_1_vh_rfs.vhd:47011]
	Parameter C_ENABLE_INDET_BTT bound to: 1 - type: integer 
	Parameter C_INCLUDE_DRE bound to: 0 - type: integer 
	Parameter C_DRE_CNTL_FIFO_DEPTH bound to: 4 - type: integer 
	Parameter C_DRE_ALIGN_WIDTH bound to: 1 - type: integer 
	Parameter C_SUPPORT_SCATTER bound to: 1 - type: integer 
	Parameter C_ENABLE_S2MM_TKEEP bound to: 1 - type: integer 
	Parameter C_BTT_USED bound to: 26 - type: integer 
	Parameter C_STREAM_DWIDTH bound to: 32 - type: integer 
	Parameter C_TAG_WIDTH bound to: 4 - type: integer 
	Parameter C_STRT_SF_OFFSET_WIDTH bound to: 1 - type: integer 
	Parameter C_FAMILY bound to: zynquplus - type: string 
INFO: [Synth 8-638] synthesizing module 'axi_datamover_s2mm_scatter__parameterized0' [e:/vivado_axidma3/uav_sar.srcs/sources_1/bd/uav_sar/ipshared/af86/hdl/axi_datamover_v5_1_vh_rfs.vhd:45117]
	Parameter C_ENABLE_INDET_BTT bound to: 1 - type: integer 
	Parameter C_DRE_ALIGN_WIDTH bound to: 1 - type: integer 
	Parameter C_BTT_USED bound to: 26 - type: integer 
	Parameter C_STREAM_DWIDTH bound to: 32 - type: integer 
	Parameter C_ENABLE_S2MM_TKEEP bound to: 1 - type: integer 
	Parameter C_FAMILY bound to: zynquplus - type: string 
INFO: [Synth 8-638] synthesizing module 'axi_datamover_mssai_skid_buf__parameterized0' [e:/vivado_axidma3/uav_sar.srcs/sources_1/bd/uav_sar/ipshared/af86/hdl/axi_datamover_v5_1_vh_rfs.vhd:44167]
	Parameter C_WDATA_WIDTH bound to: 32 - type: integer 
	Parameter C_INDEX_WIDTH bound to: 2 - type: integer 
INFO: [Synth 8-638] synthesizing module 'axi_datamover_ms_strb_set__parameterized0' [e:/vivado_axidma3/uav_sar.srcs/sources_1/bd/uav_sar/ipshared/af86/hdl/axi_datamover_v5_1_vh_rfs.vhd:42603]
	Parameter C_STRB_WIDTH bound to: 4 - type: integer 
	Parameter C_INDEX_WIDTH bound to: 2 - type: integer 
INFO: [Synth 8-256] done synthesizing module 'axi_datamover_ms_strb_set__parameterized0' (106#1) [e:/vivado_axidma3/uav_sar.srcs/sources_1/bd/uav_sar/ipshared/af86/hdl/axi_datamover_v5_1_vh_rfs.vhd:42603]
INFO: [Synth 8-256] done synthesizing module 'axi_datamover_mssai_skid_buf__parameterized0' (106#1) [e:/vivado_axidma3/uav_sar.srcs/sources_1/bd/uav_sar/ipshared/af86/hdl/axi_datamover_v5_1_vh_rfs.vhd:44167]
INFO: [Synth 8-638] synthesizing module 'axi_datamover_slice__parameterized0' [e:/vivado_axidma3/uav_sar.srcs/sources_1/bd/uav_sar/ipshared/af86/hdl/axi_datamover_v5_1_vh_rfs.vhd:44856]
	Parameter C_DATA_WIDTH bound to: 9 - type: integer 
INFO: [Synth 8-256] done synthesizing module 'axi_datamover_slice__parameterized0' (106#1) [e:/vivado_axidma3/uav_sar.srcs/sources_1/bd/uav_sar/ipshared/af86/hdl/axi_datamover_v5_1_vh_rfs.vhd:44856]
INFO: [Synth 8-638] synthesizing module 'axi_datamover_fifo__parameterized7' [e:/vivado_axidma3/uav_sar.srcs/sources_1/bd/uav_sar/ipshared/af86/hdl/axi_datamover_v5_1_vh_rfs.vhd:1886]
	Parameter C_DWIDTH bound to: 9 - type: integer 
	Parameter C_DEPTH bound to: 16 - type: integer 
	Parameter C_IS_ASYNC bound to: 0 - type: integer 
	Parameter C_PRIM_TYPE bound to: 2 - type: integer 
	Parameter C_FAMILY bound to: zynquplus - type: string 
INFO: [Synth 8-638] synthesizing module 'srl_fifo_f__parameterized5' [e:/vivado_axidma3/uav_sar.srcs/sources_1/bd/uav_sar/ipshared/51ce/hdl/lib_srl_fifo_v1_0_rfs.vhd:1000]
	Parameter C_DWIDTH bound to: 9 - type: integer 
	Parameter C_DEPTH bound to: 16 - type: integer 
	Parameter C_FAMILY bound to: zynquplus - type: string 
INFO: [Synth 8-638] synthesizing module 'srl_fifo_rbu_f__parameterized5' [e:/vivado_axidma3/uav_sar.srcs/sources_1/bd/uav_sar/ipshared/51ce/hdl/lib_srl_fifo_v1_0_rfs.vhd:697]
	Parameter C_DWIDTH bound to: 9 - type: integer 
	Parameter C_DEPTH bound to: 16 - type: integer 
	Parameter C_FAMILY bound to: zynquplus - type: string 
INFO: [Synth 8-638] synthesizing module 'dynshreg_f__parameterized5' [e:/vivado_axidma3/uav_sar.srcs/sources_1/bd/uav_sar/ipshared/51ce/hdl/lib_srl_fifo_v1_0_rfs.vhd:397]
	Parameter C_DEPTH bound to: 16 - type: integer 
	Parameter C_DWIDTH bound to: 9 - type: integer 
	Parameter C_FAMILY bound to: zynquplus - type: string 
INFO: [Synth 8-256] done synthesizing module 'dynshreg_f__parameterized5' (106#1) [e:/vivado_axidma3/uav_sar.srcs/sources_1/bd/uav_sar/ipshared/51ce/hdl/lib_srl_fifo_v1_0_rfs.vhd:397]
INFO: [Synth 8-256] done synthesizing module 'srl_fifo_rbu_f__parameterized5' (106#1) [e:/vivado_axidma3/uav_sar.srcs/sources_1/bd/uav_sar/ipshared/51ce/hdl/lib_srl_fifo_v1_0_rfs.vhd:697]
INFO: [Synth 8-256] done synthesizing module 'srl_fifo_f__parameterized5' (106#1) [e:/vivado_axidma3/uav_sar.srcs/sources_1/bd/uav_sar/ipshared/51ce/hdl/lib_srl_fifo_v1_0_rfs.vhd:1000]
INFO: [Synth 8-256] done synthesizing module 'axi_datamover_fifo__parameterized7' (106#1) [e:/vivado_axidma3/uav_sar.srcs/sources_1/bd/uav_sar/ipshared/af86/hdl/axi_datamover_v5_1_vh_rfs.vhd:1886]
INFO: [Synth 8-256] done synthesizing module 'axi_datamover_s2mm_scatter__parameterized0' (106#1) [e:/vivado_axidma3/uav_sar.srcs/sources_1/bd/uav_sar/ipshared/af86/hdl/axi_datamover_v5_1_vh_rfs.vhd:45117]
INFO: [Synth 8-256] done synthesizing module 'axi_datamover_s2mm_realign__parameterized0' (106#1) [e:/vivado_axidma3/uav_sar.srcs/sources_1/bd/uav_sar/ipshared/af86/hdl/axi_datamover_v5_1_vh_rfs.vhd:47011]
INFO: [Synth 8-638] synthesizing module 'axi_datamover_indet_btt__parameterized0' [e:/vivado_axidma3/uav_sar.srcs/sources_1/bd/uav_sar/ipshared/af86/hdl/axi_datamover_v5_1_vh_rfs.vhd:28430]
	Parameter C_SF_FIFO_DEPTH bound to: 128 - type: integer 
	Parameter C_IBTT_XFER_BYTES_WIDTH bound to: 7 - type: integer 
	Parameter C_STRT_OFFSET_WIDTH bound to: 1 - type: integer 
	Parameter C_MAX_BURST_LEN bound to: 16 - type: integer 
	Parameter C_MMAP_DWIDTH bound to: 32 - type: integer 
	Parameter C_STREAM_DWIDTH bound to: 32 - type: integer 
	Parameter C_ENABLE_SKID_BUF bound to: 11111 - type: string 
	Parameter C_ENABLE_S2MM_TKEEP bound to: 1 - type: integer 
	Parameter C_ENABLE_DRE bound to: 0 - type: integer 
	Parameter C_FAMILY bound to: zynquplus - type: string 
INFO: [Synth 8-638] synthesizing module 'axi_datamover_stbs_set_nodre' [e:/vivado_axidma3/uav_sar.srcs/sources_1/bd/uav_sar/ipshared/af86/hdl/axi_datamover_v5_1_vh_rfs.vhd:24209]
	Parameter C_STROBE_WIDTH bound to: 4 - type: integer 
INFO: [Synth 8-256] done synthesizing module 'axi_datamover_stbs_set_nodre' (107#1) [e:/vivado_axidma3/uav_sar.srcs/sources_1/bd/uav_sar/ipshared/af86/hdl/axi_datamover_v5_1_vh_rfs.vhd:24209]
INFO: [Synth 8-256] done synthesizing module 'axi_datamover_indet_btt__parameterized0' (107#1) [e:/vivado_axidma3/uav_sar.srcs/sources_1/bd/uav_sar/ipshared/af86/hdl/axi_datamover_v5_1_vh_rfs.vhd:28430]
INFO: [Synth 8-256] done synthesizing module 'axi_datamover_s2mm_full_wrap__parameterized0' (107#1) [e:/vivado_axidma3/uav_sar.srcs/sources_1/bd/uav_sar/ipshared/af86/hdl/axi_datamover_v5_1_vh_rfs.vhd:49997]
INFO: [Synth 8-256] done synthesizing module 'axi_datamover__parameterized0' (107#1) [e:/vivado_axidma3/uav_sar.srcs/sources_1/bd/uav_sar/ipshared/af86/hdl/axi_datamover_v5_1_vh_rfs.vhd:55436]
INFO: [Synth 8-256] done synthesizing module 'axi_dma__parameterized1' (107#1) [e:/vivado_axidma3/uav_sar.srcs/sources_1/bd/uav_sar/ipshared/0fb1/hdl/axi_dma_v7_1_vh_rfs.vhd:22178]
INFO: [Synth 8-256] done synthesizing module 'uav_sar_axi_dma_0_1' (108#1) [e:/vivado_axidma3/uav_sar.srcs/sources_1/bd/uav_sar/ip/uav_sar_axi_dma_0_1/synth/uav_sar_axi_dma_0_1.vhd:107]
WARNING: [Synth 8-7071] port 's2mm_prmry_reset_out_n' of module 'uav_sar_axi_dma_0_1' is unconnected for instance 'axi_dma_0' [E:/vivado_axidma3/uav_sar.srcs/sources_1/bd/uav_sar/synth/uav_sar.v:4818]
WARNING: [Synth 8-7071] port 'axi_dma_tstvec' of module 'uav_sar_axi_dma_0_1' is unconnected for instance 'axi_dma_0' [E:/vivado_axidma3/uav_sar.srcs/sources_1/bd/uav_sar/synth/uav_sar.v:4818]
WARNING: [Synth 8-7023] instance 'axi_dma_0' of module 'uav_sar_axi_dma_0_1' has 43 connections declared, but only 41 given [E:/vivado_axidma3/uav_sar.srcs/sources_1/bd/uav_sar/synth/uav_sar.v:4818]
INFO: [Synth 8-6157] synthesizing module 'uav_sar_axi_interconnect_0_1' [E:/vivado_axidma3/uav_sar.srcs/sources_1/bd/uav_sar/synth/uav_sar.v:3302]
INFO: [Synth 8-6157] synthesizing module 'm00_couplers_imp_1Q91XDW' [E:/vivado_axidma3/uav_sar.srcs/sources_1/bd/uav_sar/synth/uav_sar.v:12]
INFO: [Synth 8-6157] synthesizing module 'uav_sar_auto_ds_0' [e:/vivado_axidma3/uav_sar.srcs/sources_1/bd/uav_sar/ip/uav_sar_auto_ds_0/synth/uav_sar_auto_ds_0.v:58]
INFO: [Synth 8-6157] synthesizing module 'axi_dwidth_converter_v2_1_21_top' [e:/vivado_axidma3/uav_sar.srcs/sources_1/bd/uav_sar/ipshared/07be/hdl/axi_dwidth_converter_v2_1_vlsyn_rfs.v:14462]
	Parameter C_FAMILY bound to: zynquplus - type: string 
	Parameter C_AXI_PROTOCOL bound to: 2 - type: integer 
	Parameter C_S_AXI_ID_WIDTH bound to: 1 - type: integer 
	Parameter C_SUPPORTS_ID bound to: 0 - type: integer 
	Parameter C_AXI_ADDR_WIDTH bound to: 40 - type: integer 
	Parameter C_S_AXI_DATA_WIDTH bound to: 64 - type: integer 
	Parameter C_M_AXI_DATA_WIDTH bound to: 32 - type: integer 
	Parameter C_AXI_SUPPORTS_WRITE bound to: 1 - type: integer 
	Parameter C_AXI_SUPPORTS_READ bound to: 1 - type: integer 
	Parameter C_FIFO_MODE bound to: 0 - type: integer 
	Parameter C_S_AXI_ACLK_RATIO bound to: 1 - type: integer 
	Parameter C_M_AXI_ACLK_RATIO bound to: 2 - type: integer 
	Parameter C_AXI_IS_ACLK_ASYNC bound to: 0 - type: integer 
	Parameter C_MAX_SPLIT_BEATS bound to: 16 - type: integer 
	Parameter C_PACKING_LEVEL bound to: 1 - type: integer 
	Parameter C_SYNCHRONIZER_STAGE bound to: 3 - type: integer 
	Parameter C_S_AXI_BYTES_LOG bound to: 3 - type: integer 
	Parameter C_M_AXI_BYTES_LOG bound to: 2 - type: integer 
	Parameter C_RATIO bound to: 2 - type: integer 
	Parameter C_RATIO_LOG bound to: 1 - type: integer 
	Parameter P_AXI4 bound to: 0 - type: integer 
	Parameter P_AXI3 bound to: 1 - type: integer 
	Parameter P_AXILITE bound to: 2 - type: integer 
	Parameter P_CONVERSION bound to: 2 - type: integer 
	Parameter P_MAX_SPLIT_BEATS bound to: 16 - type: integer 
INFO: [Synth 8-6157] synthesizing module 'axi_dwidth_converter_v2_1_21_axi4lite_downsizer' [e:/vivado_axidma3/uav_sar.srcs/sources_1/bd/uav_sar/ipshared/07be/hdl/axi_dwidth_converter_v2_1_vlsyn_rfs.v:3003]
	Parameter C_FAMILY bound to: zynquplus - type: string 
	Parameter C_AXI_ADDR_WIDTH bound to: 40 - type: integer 
	Parameter C_AXI_SUPPORTS_WRITE bound to: 1 - type: integer 
	Parameter C_AXI_SUPPORTS_READ bound to: 1 - type: integer 
INFO: [Synth 8-6155] done synthesizing module 'axi_dwidth_converter_v2_1_21_axi4lite_downsizer' (109#1) [e:/vivado_axidma3/uav_sar.srcs/sources_1/bd/uav_sar/ipshared/07be/hdl/axi_dwidth_converter_v2_1_vlsyn_rfs.v:3003]
INFO: [Synth 8-6155] done synthesizing module 'axi_dwidth_converter_v2_1_21_top' (110#1) [e:/vivado_axidma3/uav_sar.srcs/sources_1/bd/uav_sar/ipshared/07be/hdl/axi_dwidth_converter_v2_1_vlsyn_rfs.v:14462]
INFO: [Synth 8-6155] done synthesizing module 'uav_sar_auto_ds_0' (111#1) [e:/vivado_axidma3/uav_sar.srcs/sources_1/bd/uav_sar/ip/uav_sar_auto_ds_0/synth/uav_sar_auto_ds_0.v:58]
WARNING: [Synth 8-7071] port 'm_axi_awprot' of module 'uav_sar_auto_ds_0' is unconnected for instance 'auto_ds' [E:/vivado_axidma3/uav_sar.srcs/sources_1/bd/uav_sar/synth/uav_sar.v:167]
WARNING: [Synth 8-7071] port 'm_axi_wstrb' of module 'uav_sar_auto_ds_0' is unconnected for instance 'auto_ds' [E:/vivado_axidma3/uav_sar.srcs/sources_1/bd/uav_sar/synth/uav_sar.v:167]
WARNING: [Synth 8-7071] port 'm_axi_arprot' of module 'uav_sar_auto_ds_0' is unconnected for instance 'auto_ds' [E:/vivado_axidma3/uav_sar.srcs/sources_1/bd/uav_sar/synth/uav_sar.v:167]
WARNING: [Synth 8-7023] instance 'auto_ds' of module 'uav_sar_auto_ds_0' has 40 connections declared, but only 37 given [E:/vivado_axidma3/uav_sar.srcs/sources_1/bd/uav_sar/synth/uav_sar.v:167]
INFO: [Synth 8-6155] done synthesizing module 'm00_couplers_imp_1Q91XDW' (112#1) [E:/vivado_axidma3/uav_sar.srcs/sources_1/bd/uav_sar/synth/uav_sar.v:12]
INFO: [Synth 8-6157] synthesizing module 'm01_couplers_imp_SUPM9Z' [E:/vivado_axidma3/uav_sar.srcs/sources_1/bd/uav_sar/synth/uav_sar.v:479]
INFO: [Synth 8-6155] done synthesizing module 'm01_couplers_imp_SUPM9Z' (113#1) [E:/vivado_axidma3/uav_sar.srcs/sources_1/bd/uav_sar/synth/uav_sar.v:479]
INFO: [Synth 8-6157] synthesizing module 'm02_couplers_imp_EJG0AR' [E:/vivado_axidma3/uav_sar.srcs/sources_1/bd/uav_sar/synth/uav_sar.v:625]
INFO: [Synth 8-6157] synthesizing module 'uav_sar_auto_ds_1' [e:/vivado_axidma3/uav_sar.srcs/sources_1/bd/uav_sar/ip/uav_sar_auto_ds_1/synth/uav_sar_auto_ds_1.v:58]
INFO: [Synth 8-6155] done synthesizing module 'uav_sar_auto_ds_1' (114#1) [e:/vivado_axidma3/uav_sar.srcs/sources_1/bd/uav_sar/ip/uav_sar_auto_ds_1/synth/uav_sar_auto_ds_1.v:58]
INFO: [Synth 8-6155] done synthesizing module 'm02_couplers_imp_EJG0AR' (115#1) [E:/vivado_axidma3/uav_sar.srcs/sources_1/bd/uav_sar/synth/uav_sar.v:625]
INFO: [Synth 8-6157] synthesizing module 'm03_couplers_imp_1DVJ9VK' [E:/vivado_axidma3/uav_sar.srcs/sources_1/bd/uav_sar/synth/uav_sar.v:835]
INFO: [Synth 8-6157] synthesizing module 'uav_sar_auto_ds_2' [e:/vivado_axidma3/uav_sar.srcs/sources_1/bd/uav_sar/ip/uav_sar_auto_ds_2/synth/uav_sar_auto_ds_2.v:58]
INFO: [Synth 8-6155] done synthesizing module 'uav_sar_auto_ds_2' (116#1) [e:/vivado_axidma3/uav_sar.srcs/sources_1/bd/uav_sar/ip/uav_sar_auto_ds_2/synth/uav_sar_auto_ds_2.v:58]
WARNING: [Synth 8-7071] port 'm_axi_awprot' of module 'uav_sar_auto_ds_2' is unconnected for instance 'auto_ds' [E:/vivado_axidma3/uav_sar.srcs/sources_1/bd/uav_sar/synth/uav_sar.v:990]
WARNING: [Synth 8-7071] port 'm_axi_wstrb' of module 'uav_sar_auto_ds_2' is unconnected for instance 'auto_ds' [E:/vivado_axidma3/uav_sar.srcs/sources_1/bd/uav_sar/synth/uav_sar.v:990]
WARNING: [Synth 8-7071] port 'm_axi_arprot' of module 'uav_sar_auto_ds_2' is unconnected for instance 'auto_ds' [E:/vivado_axidma3/uav_sar.srcs/sources_1/bd/uav_sar/synth/uav_sar.v:990]
WARNING: [Synth 8-7023] instance 'auto_ds' of module 'uav_sar_auto_ds_2' has 40 connections declared, but only 37 given [E:/vivado_axidma3/uav_sar.srcs/sources_1/bd/uav_sar/synth/uav_sar.v:990]
INFO: [Synth 8-6155] done synthesizing module 'm03_couplers_imp_1DVJ9VK' (117#1) [E:/vivado_axidma3/uav_sar.srcs/sources_1/bd/uav_sar/synth/uav_sar.v:835]
INFO: [Synth 8-6157] synthesizing module 's00_couplers_imp_SORY6W' [E:/vivado_axidma3/uav_sar.srcs/sources_1/bd/uav_sar/synth/uav_sar.v:1235]
INFO: [Synth 8-6157] synthesizing module 'uav_sar_auto_pc_0' [e:/vivado_axidma3/uav_sar.srcs/sources_1/bd/uav_sar/ip/uav_sar_auto_pc_0/synth/uav_sar_auto_pc_0.v:58]
INFO: [Synth 8-6157] synthesizing module 'axi_protocol_converter_v2_1_21_axi_protocol_converter' [e:/vivado_axidma3/uav_sar.srcs/sources_1/bd/uav_sar/ipshared/8dfa/hdl/axi_protocol_converter_v2_1_vl_rfs.v:4808]
	Parameter C_FAMILY bound to: zynquplus - type: string 
	Parameter C_M_AXI_PROTOCOL bound to: 2 - type: integer 
	Parameter C_S_AXI_PROTOCOL bound to: 0 - type: integer 
	Parameter C_IGNORE_ID bound to: 0 - type: integer 
	Parameter C_AXI_ID_WIDTH bound to: 16 - type: integer 
	Parameter C_AXI_ADDR_WIDTH bound to: 40 - type: integer 
	Parameter C_AXI_DATA_WIDTH bound to: 32 - type: integer 
	Parameter C_AXI_SUPPORTS_WRITE bound to: 1 - type: integer 
	Parameter C_AXI_SUPPORTS_READ bound to: 1 - type: integer 
	Parameter C_AXI_SUPPORTS_USER_SIGNALS bound to: 0 - type: integer 
	Parameter C_AXI_AWUSER_WIDTH bound to: 1 - type: integer 
	Parameter C_AXI_ARUSER_WIDTH bound to: 1 - type: integer 
	Parameter C_AXI_WUSER_WIDTH bound to: 1 - type: integer 
	Parameter C_AXI_RUSER_WIDTH bound to: 1 - type: integer 
	Parameter C_AXI_BUSER_WIDTH bound to: 1 - type: integer 
	Parameter C_TRANSLATION_MODE bound to: 2 - type: integer 
	Parameter P_AXI4 bound to: 0 - type: integer 
	Parameter P_AXI3 bound to: 1 - type: integer 
	Parameter P_AXILITE bound to: 2 - type: integer 
	Parameter P_AXILITE_SIZE bound to: 3'b010 
	Parameter P_INCR bound to: 2'b01 
	Parameter P_DECERR bound to: 2'b11 
	Parameter P_SLVERR bound to: 2'b10 
	Parameter P_PROTECTION bound to: 1 - type: integer 
	Parameter P_CONVERSION bound to: 2 - type: integer 
INFO: [Synth 8-6157] synthesizing module 'axi_protocol_converter_v2_1_21_b2s' [e:/vivado_axidma3/uav_sar.srcs/sources_1/bd/uav_sar/ipshared/8dfa/hdl/axi_protocol_converter_v2_1_vl_rfs.v:4226]
	Parameter C_S_AXI_PROTOCOL bound to: 0 - type: integer 
	Parameter C_AXI_ID_WIDTH bound to: 16 - type: integer 
	Parameter C_AXI_ADDR_WIDTH bound to: 40 - type: integer 
	Parameter C_AXI_DATA_WIDTH bound to: 32 - type: integer 
	Parameter C_AXI_SUPPORTS_WRITE bound to: 1 - type: integer 
	Parameter C_AXI_SUPPORTS_READ bound to: 1 - type: integer 
INFO: [Synth 8-6157] synthesizing module 'axi_protocol_converter_v2_1_21_b2s_aw_channel' [e:/vivado_axidma3/uav_sar.srcs/sources_1/bd/uav_sar/ipshared/8dfa/hdl/axi_protocol_converter_v2_1_vl_rfs.v:3971]
	Parameter C_ID_WIDTH bound to: 16 - type: integer 
	Parameter C_AXI_ADDR_WIDTH bound to: 40 - type: integer 
INFO: [Synth 8-6157] synthesizing module 'axi_protocol_converter_v2_1_21_b2s_cmd_translator' [e:/vivado_axidma3/uav_sar.srcs/sources_1/bd/uav_sar/ipshared/8dfa/hdl/axi_protocol_converter_v2_1_vl_rfs.v:3464]
	Parameter C_AXI_ADDR_WIDTH bound to: 40 - type: integer 
	Parameter P_AXBURST_FIXED bound to: 2'b00 
	Parameter P_AXBURST_INCR bound to: 2'b01 
	Parameter P_AXBURST_WRAP bound to: 2'b10 
INFO: [Synth 8-6157] synthesizing module 'axi_protocol_converter_v2_1_21_b2s_incr_cmd' [e:/vivado_axidma3/uav_sar.srcs/sources_1/bd/uav_sar/ipshared/8dfa/hdl/axi_protocol_converter_v2_1_vl_rfs.v:3092]
	Parameter C_AXI_ADDR_WIDTH bound to: 40 - type: integer 
	Parameter L_AXI_ADDR_LOW_BIT bound to: 12 - type: integer 
INFO: [Synth 8-6155] done synthesizing module 'axi_protocol_converter_v2_1_21_b2s_incr_cmd' (118#1) [e:/vivado_axidma3/uav_sar.srcs/sources_1/bd/uav_sar/ipshared/8dfa/hdl/axi_protocol_converter_v2_1_vl_rfs.v:3092]
INFO: [Synth 8-6157] synthesizing module 'axi_protocol_converter_v2_1_21_b2s_wrap_cmd' [e:/vivado_axidma3/uav_sar.srcs/sources_1/bd/uav_sar/ipshared/8dfa/hdl/axi_protocol_converter_v2_1_vl_rfs.v:2902]
	Parameter C_AXI_ADDR_WIDTH bound to: 40 - type: integer 
	Parameter L_AXI_ADDR_LOW_BIT bound to: 12 - type: integer 
INFO: [Synth 8-6155] done synthesizing module 'axi_protocol_converter_v2_1_21_b2s_wrap_cmd' (119#1) [e:/vivado_axidma3/uav_sar.srcs/sources_1/bd/uav_sar/ipshared/8dfa/hdl/axi_protocol_converter_v2_1_vl_rfs.v:2902]
INFO: [Synth 8-6155] done synthesizing module 'axi_protocol_converter_v2_1_21_b2s_cmd_translator' (120#1) [e:/vivado_axidma3/uav_sar.srcs/sources_1/bd/uav_sar/ipshared/8dfa/hdl/axi_protocol_converter_v2_1_vl_rfs.v:3464]
INFO: [Synth 8-6157] synthesizing module 'axi_protocol_converter_v2_1_21_b2s_wr_cmd_fsm' [e:/vivado_axidma3/uav_sar.srcs/sources_1/bd/uav_sar/ipshared/8dfa/hdl/axi_protocol_converter_v2_1_vl_rfs.v:3224]
	Parameter SM_IDLE bound to: 2'b00 
	Parameter SM_CMD_EN bound to: 2'b01 
	Parameter SM_CMD_ACCEPTED bound to: 2'b10 
	Parameter SM_DONE_WAIT bound to: 2'b11 
INFO: [Synth 8-226] default block is never used [e:/vivado_axidma3/uav_sar.srcs/sources_1/bd/uav_sar/ipshared/8dfa/hdl/axi_protocol_converter_v2_1_vl_rfs.v:3277]
INFO: [Synth 8-6155] done synthesizing module 'axi_protocol_converter_v2_1_21_b2s_wr_cmd_fsm' (121#1) [e:/vivado_axidma3/uav_sar.srcs/sources_1/bd/uav_sar/ipshared/8dfa/hdl/axi_protocol_converter_v2_1_vl_rfs.v:3224]
INFO: [Synth 8-6155] done synthesizing module 'axi_protocol_converter_v2_1_21_b2s_aw_channel' (122#1) [e:/vivado_axidma3/uav_sar.srcs/sources_1/bd/uav_sar/ipshared/8dfa/hdl/axi_protocol_converter_v2_1_vl_rfs.v:3971]
INFO: [Synth 8-6157] synthesizing module 'axi_protocol_converter_v2_1_21_b2s_b_channel' [e:/vivado_axidma3/uav_sar.srcs/sources_1/bd/uav_sar/ipshared/8dfa/hdl/axi_protocol_converter_v2_1_vl_rfs.v:3606]
	Parameter C_ID_WIDTH bound to: 16 - type: integer 
	Parameter LP_RESP_OKAY bound to: 2'b00 
	Parameter LP_RESP_EXOKAY bound to: 2'b01 
	Parameter LP_RESP_SLVERROR bound to: 2'b10 
	Parameter LP_RESP_DECERR bound to: 2'b11 
	Parameter P_WIDTH bound to: 24 - type: integer 
	Parameter P_DEPTH bound to: 4 - type: integer 
	Parameter P_AWIDTH bound to: 2 - type: integer 
	Parameter P_RWIDTH bound to: 2 - type: integer 
	Parameter P_RDEPTH bound to: 4 - type: integer 
	Parameter P_RAWIDTH bound to: 2 - type: integer 
INFO: [Synth 8-6157] synthesizing module 'axi_protocol_converter_v2_1_21_b2s_simple_fifo' [e:/vivado_axidma3/uav_sar.srcs/sources_1/bd/uav_sar/ipshared/8dfa/hdl/axi_protocol_converter_v2_1_vl_rfs.v:2816]
	Parameter C_WIDTH bound to: 24 - type: integer 
	Parameter C_AWIDTH bound to: 2 - type: integer 
	Parameter C_DEPTH bound to: 4 - type: integer 
	Parameter C_EMPTY bound to: 2'b11 
	Parameter C_EMPTY_PRE bound to: 2'b00 
	Parameter C_FULL bound to: 2'b10 
	Parameter C_FULL_PRE bound to: 2'b01 
INFO: [Synth 8-6155] done synthesizing module 'axi_protocol_converter_v2_1_21_b2s_simple_fifo' (123#1) [e:/vivado_axidma3/uav_sar.srcs/sources_1/bd/uav_sar/ipshared/8dfa/hdl/axi_protocol_converter_v2_1_vl_rfs.v:2816]
INFO: [Synth 8-6157] synthesizing module 'axi_protocol_converter_v2_1_21_b2s_simple_fifo__parameterized0' [e:/vivado_axidma3/uav_sar.srcs/sources_1/bd/uav_sar/ipshared/8dfa/hdl/axi_protocol_converter_v2_1_vl_rfs.v:2816]
	Parameter C_WIDTH bound to: 2 - type: integer 
	Parameter C_AWIDTH bound to: 2 - type: integer 
	Parameter C_DEPTH bound to: 4 - type: integer 
	Parameter C_EMPTY bound to: 2'b11 
	Parameter C_EMPTY_PRE bound to: 2'b00 
	Parameter C_FULL bound to: 2'b10 
	Parameter C_FULL_PRE bound to: 2'b01 
INFO: [Synth 8-6155] done synthesizing module 'axi_protocol_converter_v2_1_21_b2s_simple_fifo__parameterized0' (123#1) [e:/vivado_axidma3/uav_sar.srcs/sources_1/bd/uav_sar/ipshared/8dfa/hdl/axi_protocol_converter_v2_1_vl_rfs.v:2816]
INFO: [Synth 8-6155] done synthesizing module 'axi_protocol_converter_v2_1_21_b2s_b_channel' (124#1) [e:/vivado_axidma3/uav_sar.srcs/sources_1/bd/uav_sar/ipshared/8dfa/hdl/axi_protocol_converter_v2_1_vl_rfs.v:3606]
INFO: [Synth 8-6157] synthesizing module 'axi_protocol_converter_v2_1_21_b2s_ar_channel' [e:/vivado_axidma3/uav_sar.srcs/sources_1/bd/uav_sar/ipshared/8dfa/hdl/axi_protocol_converter_v2_1_vl_rfs.v:4082]
	Parameter C_ID_WIDTH bound to: 16 - type: integer 
	Parameter C_AXI_ADDR_WIDTH bound to: 40 - type: integer 
INFO: [Synth 8-6157] synthesizing module 'axi_protocol_converter_v2_1_21_b2s_rd_cmd_fsm' [e:/vivado_axidma3/uav_sar.srcs/sources_1/bd/uav_sar/ipshared/8dfa/hdl/axi_protocol_converter_v2_1_vl_rfs.v:3334]
	Parameter SM_IDLE bound to: 2'b00 
	Parameter SM_CMD_EN bound to: 2'b01 
	Parameter SM_CMD_ACCEPTED bound to: 2'b10 
	Parameter SM_DONE bound to: 2'b11 
INFO: [Synth 8-226] default block is never used [e:/vivado_axidma3/uav_sar.srcs/sources_1/bd/uav_sar/ipshared/8dfa/hdl/axi_protocol_converter_v2_1_vl_rfs.v:3395]
INFO: [Synth 8-6155] done synthesizing module 'axi_protocol_converter_v2_1_21_b2s_rd_cmd_fsm' (125#1) [e:/vivado_axidma3/uav_sar.srcs/sources_1/bd/uav_sar/ipshared/8dfa/hdl/axi_protocol_converter_v2_1_vl_rfs.v:3334]
INFO: [Synth 8-6155] done synthesizing module 'axi_protocol_converter_v2_1_21_b2s_ar_channel' (126#1) [e:/vivado_axidma3/uav_sar.srcs/sources_1/bd/uav_sar/ipshared/8dfa/hdl/axi_protocol_converter_v2_1_vl_rfs.v:4082]
INFO: [Synth 8-6157] synthesizing module 'axi_protocol_converter_v2_1_21_b2s_r_channel' [e:/vivado_axidma3/uav_sar.srcs/sources_1/bd/uav_sar/ipshared/8dfa/hdl/axi_protocol_converter_v2_1_vl_rfs.v:3811]
	Parameter C_ID_WIDTH bound to: 16 - type: integer 
	Parameter C_DATA_WIDTH bound to: 32 - type: integer 
	Parameter P_WIDTH bound to: 17 - type: integer 
	Parameter P_DEPTH bound to: 32 - type: integer 
	Parameter P_AWIDTH bound to: 5 - type: integer 
	Parameter P_D_WIDTH bound to: 34 - type: integer 
	Parameter P_D_DEPTH bound to: 32 - type: integer 
	Parameter P_D_AWIDTH bound to: 5 - type: integer 
INFO: [Synth 8-6157] synthesizing module 'axi_protocol_converter_v2_1_21_b2s_simple_fifo__parameterized1' [e:/vivado_axidma3/uav_sar.srcs/sources_1/bd/uav_sar/ipshared/8dfa/hdl/axi_protocol_converter_v2_1_vl_rfs.v:2816]
	Parameter C_WIDTH bound to: 34 - type: integer 
	Parameter C_AWIDTH bound to: 5 - type: integer 
	Parameter C_DEPTH bound to: 32 - type: integer 
	Parameter C_EMPTY bound to: 5'b11111 
	Parameter C_EMPTY_PRE bound to: 5'b00000 
	Parameter C_FULL bound to: 5'b11110 
	Parameter C_FULL_PRE bound to: 5'b11010 
INFO: [Synth 8-6155] done synthesizing module 'axi_protocol_converter_v2_1_21_b2s_simple_fifo__parameterized1' (126#1) [e:/vivado_axidma3/uav_sar.srcs/sources_1/bd/uav_sar/ipshared/8dfa/hdl/axi_protocol_converter_v2_1_vl_rfs.v:2816]
INFO: [Synth 8-6157] synthesizing module 'axi_protocol_converter_v2_1_21_b2s_simple_fifo__parameterized2' [e:/vivado_axidma3/uav_sar.srcs/sources_1/bd/uav_sar/ipshared/8dfa/hdl/axi_protocol_converter_v2_1_vl_rfs.v:2816]
	Parameter C_WIDTH bound to: 17 - type: integer 
	Parameter C_AWIDTH bound to: 5 - type: integer 
	Parameter C_DEPTH bound to: 32 - type: integer 
	Parameter C_EMPTY bound to: 5'b11111 
	Parameter C_EMPTY_PRE bound to: 5'b00000 
	Parameter C_FULL bound to: 5'b11110 
	Parameter C_FULL_PRE bound to: 5'b11010 
INFO: [Synth 8-6155] done synthesizing module 'axi_protocol_converter_v2_1_21_b2s_simple_fifo__parameterized2' (126#1) [e:/vivado_axidma3/uav_sar.srcs/sources_1/bd/uav_sar/ipshared/8dfa/hdl/axi_protocol_converter_v2_1_vl_rfs.v:2816]
INFO: [Synth 8-6155] done synthesizing module 'axi_protocol_converter_v2_1_21_b2s_r_channel' (127#1) [e:/vivado_axidma3/uav_sar.srcs/sources_1/bd/uav_sar/ipshared/8dfa/hdl/axi_protocol_converter_v2_1_vl_rfs.v:3811]
INFO: [Synth 8-6157] synthesizing module 'axi_register_slice_v2_1_21_axi_register_slice' [e:/vivado_axidma3/uav_sar.srcs/sources_1/bd/uav_sar/ipshared/2ef9/hdl/axi_register_slice_v2_1_vl_rfs.v:3726]
	Parameter C_FAMILY bound to: virtex6 - type: string 
	Parameter C_AXI_PROTOCOL bound to: 0 - type: integer 
	Parameter C_AXI_ID_WIDTH bound to: 16 - type: integer 
	Parameter C_AXI_ADDR_WIDTH bound to: 40 - type: integer 
	Parameter C_AXI_DATA_WIDTH bound to: 32 - type: integer 
	Parameter C_AXI_SUPPORTS_USER_SIGNALS bound to: 0 - type: integer 
	Parameter C_AXI_AWUSER_WIDTH bound to: 1 - type: integer 
	Parameter C_AXI_ARUSER_WIDTH bound to: 1 - type: integer 
	Parameter C_AXI_WUSER_WIDTH bound to: 1 - type: integer 
	Parameter C_AXI_RUSER_WIDTH bound to: 1 - type: integer 
	Parameter C_AXI_BUSER_WIDTH bound to: 1 - type: integer 
	Parameter C_REG_CONFIG_AW bound to: 1 - type: integer 
	Parameter C_REG_CONFIG_W bound to: 0 - type: integer 
	Parameter C_REG_CONFIG_B bound to: 1 - type: integer 
	Parameter C_REG_CONFIG_AR bound to: 1 - type: integer 
	Parameter C_REG_CONFIG_R bound to: 1 - type: integer 
	Parameter C_RESERVE_MODE bound to: 0 - type: integer 
	Parameter C_NUM_SLR_CROSSINGS bound to: 0 - type: integer 
	Parameter C_PIPELINES_MASTER_AW bound to: 0 - type: integer 
	Parameter C_PIPELINES_MASTER_W bound to: 0 - type: integer 
	Parameter C_PIPELINES_MASTER_B bound to: 0 - type: integer 
	Parameter C_PIPELINES_MASTER_AR bound to: 0 - type: integer 
	Parameter C_PIPELINES_MASTER_R bound to: 0 - type: integer 
	Parameter C_PIPELINES_SLAVE_AW bound to: 0 - type: integer 
	Parameter C_PIPELINES_SLAVE_W bound to: 0 - type: integer 
	Parameter C_PIPELINES_SLAVE_B bound to: 0 - type: integer 
	Parameter C_PIPELINES_SLAVE_AR bound to: 0 - type: integer 
	Parameter C_PIPELINES_SLAVE_R bound to: 0 - type: integer 
	Parameter C_PIPELINES_MIDDLE_AW bound to: 0 - type: integer 
	Parameter C_PIPELINES_MIDDLE_W bound to: 0 - type: integer 
	Parameter C_PIPELINES_MIDDLE_B bound to: 0 - type: integer 
	Parameter C_PIPELINES_MIDDLE_AR bound to: 0 - type: integer 
	Parameter C_PIPELINES_MIDDLE_R bound to: 0 - type: integer 
	Parameter C_AXI_SUPPORTS_REGION_SIGNALS bound to: 1 - type: integer 
	Parameter P_FORWARD bound to: 0 - type: integer 
	Parameter P_RESPONSE bound to: 1 - type: integer 
	Parameter G_AXI_AWADDR_INDEX bound to: 0 - type: integer 
	Parameter G_AXI_AWADDR_WIDTH bound to: 40 - type: integer 
	Parameter G_AXI_AWPROT_INDEX bound to: 40 - type: integer 
	Parameter G_AXI_AWPROT_WIDTH bound to: 3 - type: integer 
	Parameter G_AXI_AWSIZE_INDEX bound to: 43 - type: integer 
	Parameter G_AXI_AWSIZE_WIDTH bound to: 3 - type: integer 
	Parameter G_AXI_AWBURST_INDEX bound to: 46 - type: integer 
	Parameter G_AXI_AWBURST_WIDTH bound to: 2 - type: integer 
	Parameter G_AXI_AWCACHE_INDEX bound to: 48 - type: integer 
	Parameter G_AXI_AWCACHE_WIDTH bound to: 4 - type: integer 
	Parameter G_AXI_AWLEN_INDEX bound to: 52 - type: integer 
	Parameter G_AXI_AWLEN_WIDTH bound to: 8 - type: integer 
	Parameter G_AXI_AWLOCK_INDEX bound to: 60 - type: integer 
	Parameter G_AXI_AWLOCK_WIDTH bound to: 1 - type: integer 
	Parameter G_AXI_AWID_INDEX bound to: 61 - type: integer 
	Parameter G_AXI_AWID_WIDTH bound to: 16 - type: integer 
	Parameter G_AXI_AWQOS_INDEX bound to: 77 - type: integer 
	Parameter G_AXI_AWQOS_WIDTH bound to: 4 - type: integer 
	Parameter G_AXI_AWREGION_INDEX bound to: 81 - type: integer 
	Parameter G_AXI_AWREGION_WIDTH bound to: 4 - type: integer 
	Parameter G_AXI_AWUSER_INDEX bound to: 85 - type: integer 
	Parameter G_AXI_AWUSER_WIDTH bound to: 0 - type: integer 
	Parameter G_AXI_AWPAYLOAD_WIDTH bound to: 85 - type: integer 
	Parameter G_AXI_ARADDR_INDEX bound to: 0 - type: integer 
	Parameter G_AXI_ARADDR_WIDTH bound to: 40 - type: integer 
	Parameter G_AXI_ARPROT_INDEX bound to: 40 - type: integer 
	Parameter G_AXI_ARPROT_WIDTH bound to: 3 - type: integer 
	Parameter G_AXI_ARSIZE_INDEX bound to: 43 - type: integer 
	Parameter G_AXI_ARSIZE_WIDTH bound to: 3 - type: integer 
	Parameter G_AXI_ARBURST_INDEX bound to: 46 - type: integer 
	Parameter G_AXI_ARBURST_WIDTH bound to: 2 - type: integer 
	Parameter G_AXI_ARCACHE_INDEX bound to: 48 - type: integer 
	Parameter G_AXI_ARCACHE_WIDTH bound to: 4 - type: integer 
	Parameter G_AXI_ARLEN_INDEX bound to: 52 - type: integer 
	Parameter G_AXI_ARLEN_WIDTH bound to: 8 - type: integer 
	Parameter G_AXI_ARLOCK_INDEX bound to: 60 - type: integer 
	Parameter G_AXI_ARLOCK_WIDTH bound to: 1 - type: integer 
	Parameter G_AXI_ARID_INDEX bound to: 61 - type: integer 
	Parameter G_AXI_ARID_WIDTH bound to: 16 - type: integer 
	Parameter G_AXI_ARQOS_INDEX bound to: 77 - type: integer 
	Parameter G_AXI_ARQOS_WIDTH bound to: 4 - type: integer 
	Parameter G_AXI_ARREGION_INDEX bound to: 81 - type: integer 
	Parameter G_AXI_ARREGION_WIDTH bound to: 4 - type: integer 
	Parameter G_AXI_ARUSER_INDEX bound to: 85 - type: integer 
	Parameter G_AXI_ARUSER_WIDTH bound to: 0 - type: integer 
	Parameter G_AXI_ARPAYLOAD_WIDTH bound to: 85 - type: integer 
	Parameter G_AXI_WDATA_INDEX bound to: 0 - type: integer 
	Parameter G_AXI_WDATA_WIDTH bound to: 32 - type: integer 
	Parameter G_AXI_WSTRB_INDEX bound to: 32 - type: integer 
	Parameter G_AXI_WSTRB_WIDTH bound to: 4 - type: integer 
	Parameter G_AXI_WLAST_INDEX bound to: 36 - type: integer 
	Parameter G_AXI_WLAST_WIDTH bound to: 1 - type: integer 
	Parameter G_AXI_WID_INDEX bound to: 37 - type: integer 
	Parameter G_AXI_WID_WIDTH bound to: 0 - type: integer 
	Parameter G_AXI_WUSER_INDEX bound to: 37 - type: integer 
	Parameter G_AXI_WUSER_WIDTH bound to: 0 - type: integer 
	Parameter G_AXI_WPAYLOAD_WIDTH bound to: 37 - type: integer 
	Parameter G_AXI_BRESP_INDEX bound to: 0 - type: integer 
	Parameter G_AXI_BRESP_WIDTH bound to: 2 - type: integer 
	Parameter G_AXI_BID_INDEX bound to: 2 - type: integer 
	Parameter G_AXI_BID_WIDTH bound to: 16 - type: integer 
	Parameter G_AXI_BUSER_INDEX bound to: 18 - type: integer 
	Parameter G_AXI_BUSER_WIDTH bound to: 0 - type: integer 
	Parameter G_AXI_BPAYLOAD_WIDTH bound to: 18 - type: integer 
	Parameter G_AXI_RDATA_INDEX bound to: 0 - type: integer 
	Parameter G_AXI_RDATA_WIDTH bound to: 32 - type: integer 
	Parameter G_AXI_RRESP_INDEX bound to: 32 - type: integer 
	Parameter G_AXI_RRESP_WIDTH bound to: 2 - type: integer 
	Parameter G_AXI_RLAST_INDEX bound to: 34 - type: integer 
	Parameter G_AXI_RLAST_WIDTH bound to: 1 - type: integer 
	Parameter G_AXI_RID_INDEX bound to: 35 - type: integer 
	Parameter G_AXI_RID_WIDTH bound to: 16 - type: integer 
	Parameter G_AXI_RUSER_INDEX bound to: 51 - type: integer 
	Parameter G_AXI_RUSER_WIDTH bound to: 0 - type: integer 
	Parameter G_AXI_RPAYLOAD_WIDTH bound to: 51 - type: integer 
INFO: [Synth 8-6157] synthesizing module 'axi_infrastructure_v1_1_0_axi2vector' [e:/vivado_axidma3/uav_sar.srcs/sources_1/bd/uav_sar/ipshared/ec67/hdl/axi_infrastructure_v1_1_vl_rfs.v:60]
	Parameter C_AXI_PROTOCOL bound to: 0 - type: integer 
	Parameter C_AXI_ID_WIDTH bound to: 16 - type: integer 
	Parameter C_AXI_ADDR_WIDTH bound to: 40 - type: integer 
	Parameter C_AXI_DATA_WIDTH bound to: 32 - type: integer 
	Parameter C_AXI_SUPPORTS_USER_SIGNALS bound to: 0 - type: integer 
	Parameter C_AXI_SUPPORTS_REGION_SIGNALS bound to: 1 - type: integer 
	Parameter C_AXI_AWUSER_WIDTH bound to: 1 - type: integer 
	Parameter C_AXI_WUSER_WIDTH bound to: 1 - type: integer 
	Parameter C_AXI_BUSER_WIDTH bound to: 1 - type: integer 
	Parameter C_AXI_ARUSER_WIDTH bound to: 1 - type: integer 
	Parameter C_AXI_RUSER_WIDTH bound to: 1 - type: integer 
	Parameter C_AWPAYLOAD_WIDTH bound to: 85 - type: integer 
	Parameter C_WPAYLOAD_WIDTH bound to: 37 - type: integer 
	Parameter C_BPAYLOAD_WIDTH bound to: 18 - type: integer 
	Parameter C_ARPAYLOAD_WIDTH bound to: 85 - type: integer 
	Parameter C_RPAYLOAD_WIDTH bound to: 51 - type: integer 
	Parameter G_AXI_AWADDR_INDEX bound to: 0 - type: integer 
	Parameter G_AXI_AWADDR_WIDTH bound to: 40 - type: integer 
	Parameter G_AXI_AWPROT_INDEX bound to: 40 - type: integer 
	Parameter G_AXI_AWPROT_WIDTH bound to: 3 - type: integer 
	Parameter G_AXI_AWSIZE_INDEX bound to: 43 - type: integer 
	Parameter G_AXI_AWSIZE_WIDTH bound to: 3 - type: integer 
	Parameter G_AXI_AWBURST_INDEX bound to: 46 - type: integer 
	Parameter G_AXI_AWBURST_WIDTH bound to: 2 - type: integer 
	Parameter G_AXI_AWCACHE_INDEX bound to: 48 - type: integer 
	Parameter G_AXI_AWCACHE_WIDTH bound to: 4 - type: integer 
	Parameter G_AXI_AWLEN_INDEX bound to: 52 - type: integer 
	Parameter G_AXI_AWLEN_WIDTH bound to: 8 - type: integer 
	Parameter G_AXI_AWLOCK_INDEX bound to: 60 - type: integer 
	Parameter G_AXI_AWLOCK_WIDTH bound to: 1 - type: integer 
	Parameter G_AXI_AWID_INDEX bound to: 61 - type: integer 
	Parameter G_AXI_AWID_WIDTH bound to: 16 - type: integer 
	Parameter G_AXI_AWQOS_INDEX bound to: 77 - type: integer 
	Parameter G_AXI_AWQOS_WIDTH bound to: 4 - type: integer 
	Parameter G_AXI_AWREGION_INDEX bound to: 81 - type: integer 
	Parameter G_AXI_AWREGION_WIDTH bound to: 4 - type: integer 
	Parameter G_AXI_AWUSER_INDEX bound to: 85 - type: integer 
	Parameter G_AXI_AWUSER_WIDTH bound to: 0 - type: integer 
	Parameter G_AXI_AWPAYLOAD_WIDTH bound to: 85 - type: integer 
	Parameter G_AXI_ARADDR_INDEX bound to: 0 - type: integer 
	Parameter G_AXI_ARADDR_WIDTH bound to: 40 - type: integer 
	Parameter G_AXI_ARPROT_INDEX bound to: 40 - type: integer 
	Parameter G_AXI_ARPROT_WIDTH bound to: 3 - type: integer 
	Parameter G_AXI_ARSIZE_INDEX bound to: 43 - type: integer 
	Parameter G_AXI_ARSIZE_WIDTH bound to: 3 - type: integer 
	Parameter G_AXI_ARBURST_INDEX bound to: 46 - type: integer 
	Parameter G_AXI_ARBURST_WIDTH bound to: 2 - type: integer 
	Parameter G_AXI_ARCACHE_INDEX bound to: 48 - type: integer 
	Parameter G_AXI_ARCACHE_WIDTH bound to: 4 - type: integer 
	Parameter G_AXI_ARLEN_INDEX bound to: 52 - type: integer 
	Parameter G_AXI_ARLEN_WIDTH bound to: 8 - type: integer 
	Parameter G_AXI_ARLOCK_INDEX bound to: 60 - type: integer 
	Parameter G_AXI_ARLOCK_WIDTH bound to: 1 - type: integer 
	Parameter G_AXI_ARID_INDEX bound to: 61 - type: integer 
	Parameter G_AXI_ARID_WIDTH bound to: 16 - type: integer 
	Parameter G_AXI_ARQOS_INDEX bound to: 77 - type: integer 
	Parameter G_AXI_ARQOS_WIDTH bound to: 4 - type: integer 
	Parameter G_AXI_ARREGION_INDEX bound to: 81 - type: integer 
	Parameter G_AXI_ARREGION_WIDTH bound to: 4 - type: integer 
	Parameter G_AXI_ARUSER_INDEX bound to: 85 - type: integer 
	Parameter G_AXI_ARUSER_WIDTH bound to: 0 - type: integer 
	Parameter G_AXI_ARPAYLOAD_WIDTH bound to: 85 - type: integer 
	Parameter G_AXI_WDATA_INDEX bound to: 0 - type: integer 
	Parameter G_AXI_WDATA_WIDTH bound to: 32 - type: integer 
	Parameter G_AXI_WSTRB_INDEX bound to: 32 - type: integer 
	Parameter G_AXI_WSTRB_WIDTH bound to: 4 - type: integer 
	Parameter G_AXI_WLAST_INDEX bound to: 36 - type: integer 
	Parameter G_AXI_WLAST_WIDTH bound to: 1 - type: integer 
	Parameter G_AXI_WID_INDEX bound to: 37 - type: integer 
	Parameter G_AXI_WID_WIDTH bound to: 0 - type: integer 
	Parameter G_AXI_WUSER_INDEX bound to: 37 - type: integer 
	Parameter G_AXI_WUSER_WIDTH bound to: 0 - type: integer 
	Parameter G_AXI_WPAYLOAD_WIDTH bound to: 37 - type: integer 
	Parameter G_AXI_BRESP_INDEX bound to: 0 - type: integer 
	Parameter G_AXI_BRESP_WIDTH bound to: 2 - type: integer 
	Parameter G_AXI_BID_INDEX bound to: 2 - type: integer 
	Parameter G_AXI_BID_WIDTH bound to: 16 - type: integer 
	Parameter G_AXI_BUSER_INDEX bound to: 18 - type: integer 
	Parameter G_AXI_BUSER_WIDTH bound to: 0 - type: integer 
	Parameter G_AXI_BPAYLOAD_WIDTH bound to: 18 - type: integer 
	Parameter G_AXI_RDATA_INDEX bound to: 0 - type: integer 
	Parameter G_AXI_RDATA_WIDTH bound to: 32 - type: integer 
	Parameter G_AXI_RRESP_INDEX bound to: 32 - type: integer 
	Parameter G_AXI_RRESP_WIDTH bound to: 2 - type: integer 
	Parameter G_AXI_RLAST_INDEX bound to: 34 - type: integer 
	Parameter G_AXI_RLAST_WIDTH bound to: 1 - type: integer 
	Parameter G_AXI_RID_INDEX bound to: 35 - type: integer 
	Parameter G_AXI_RID_WIDTH bound to: 16 - type: integer 
	Parameter G_AXI_RUSER_INDEX bound to: 51 - type: integer 
	Parameter G_AXI_RUSER_WIDTH bound to: 0 - type: integer 
	Parameter G_AXI_RPAYLOAD_WIDTH bound to: 51 - type: integer 
INFO: [Synth 8-6155] done synthesizing module 'axi_infrastructure_v1_1_0_axi2vector' (128#1) [e:/vivado_axidma3/uav_sar.srcs/sources_1/bd/uav_sar/ipshared/ec67/hdl/axi_infrastructure_v1_1_vl_rfs.v:60]
INFO: [Synth 8-6157] synthesizing module 'axi_infrastructure_v1_1_0_vector2axi' [e:/vivado_axidma3/uav_sar.srcs/sources_1/bd/uav_sar/ipshared/ec67/hdl/axi_infrastructure_v1_1_vl_rfs.v:474]
	Parameter C_AXI_PROTOCOL bound to: 0 - type: integer 
	Parameter C_AXI_ID_WIDTH bound to: 16 - type: integer 
	Parameter C_AXI_ADDR_WIDTH bound to: 40 - type: integer 
	Parameter C_AXI_DATA_WIDTH bound to: 32 - type: integer 
	Parameter C_AXI_SUPPORTS_USER_SIGNALS bound to: 0 - type: integer 
	Parameter C_AXI_SUPPORTS_REGION_SIGNALS bound to: 1 - type: integer 
	Parameter C_AXI_AWUSER_WIDTH bound to: 1 - type: integer 
	Parameter C_AXI_WUSER_WIDTH bound to: 1 - type: integer 
	Parameter C_AXI_BUSER_WIDTH bound to: 1 - type: integer 
	Parameter C_AXI_ARUSER_WIDTH bound to: 1 - type: integer 
	Parameter C_AXI_RUSER_WIDTH bound to: 1 - type: integer 
	Parameter C_AWPAYLOAD_WIDTH bound to: 85 - type: integer 
	Parameter C_WPAYLOAD_WIDTH bound to: 37 - type: integer 
	Parameter C_BPAYLOAD_WIDTH bound to: 18 - type: integer 
	Parameter C_ARPAYLOAD_WIDTH bound to: 85 - type: integer 
	Parameter C_RPAYLOAD_WIDTH bound to: 51 - type: integer 
	Parameter G_AXI_AWADDR_INDEX bound to: 0 - type: integer 
	Parameter G_AXI_AWADDR_WIDTH bound to: 40 - type: integer 
	Parameter G_AXI_AWPROT_INDEX bound to: 40 - type: integer 
	Parameter G_AXI_AWPROT_WIDTH bound to: 3 - type: integer 
	Parameter G_AXI_AWSIZE_INDEX bound to: 43 - type: integer 
	Parameter G_AXI_AWSIZE_WIDTH bound to: 3 - type: integer 
	Parameter G_AXI_AWBURST_INDEX bound to: 46 - type: integer 
	Parameter G_AXI_AWBURST_WIDTH bound to: 2 - type: integer 
	Parameter G_AXI_AWCACHE_INDEX bound to: 48 - type: integer 
	Parameter G_AXI_AWCACHE_WIDTH bound to: 4 - type: integer 
	Parameter G_AXI_AWLEN_INDEX bound to: 52 - type: integer 
	Parameter G_AXI_AWLEN_WIDTH bound to: 8 - type: integer 
	Parameter G_AXI_AWLOCK_INDEX bound to: 60 - type: integer 
	Parameter G_AXI_AWLOCK_WIDTH bound to: 1 - type: integer 
	Parameter G_AXI_AWID_INDEX bound to: 61 - type: integer 
	Parameter G_AXI_AWID_WIDTH bound to: 16 - type: integer 
	Parameter G_AXI_AWQOS_INDEX bound to: 77 - type: integer 
	Parameter G_AXI_AWQOS_WIDTH bound to: 4 - type: integer 
	Parameter G_AXI_AWREGION_INDEX bound to: 81 - type: integer 
	Parameter G_AXI_AWREGION_WIDTH bound to: 4 - type: integer 
	Parameter G_AXI_AWUSER_INDEX bound to: 85 - type: integer 
	Parameter G_AXI_AWUSER_WIDTH bound to: 0 - type: integer 
	Parameter G_AXI_AWPAYLOAD_WIDTH bound to: 85 - type: integer 
	Parameter G_AXI_ARADDR_INDEX bound to: 0 - type: integer 
	Parameter G_AXI_ARADDR_WIDTH bound to: 40 - type: integer 
	Parameter G_AXI_ARPROT_INDEX bound to: 40 - type: integer 
	Parameter G_AXI_ARPROT_WIDTH bound to: 3 - type: integer 
	Parameter G_AXI_ARSIZE_INDEX bound to: 43 - type: integer 
	Parameter G_AXI_ARSIZE_WIDTH bound to: 3 - type: integer 
	Parameter G_AXI_ARBURST_INDEX bound to: 46 - type: integer 
	Parameter G_AXI_ARBURST_WIDTH bound to: 2 - type: integer 
	Parameter G_AXI_ARCACHE_INDEX bound to: 48 - type: integer 
	Parameter G_AXI_ARCACHE_WIDTH bound to: 4 - type: integer 
	Parameter G_AXI_ARLEN_INDEX bound to: 52 - type: integer 
	Parameter G_AXI_ARLEN_WIDTH bound to: 8 - type: integer 
	Parameter G_AXI_ARLOCK_INDEX bound to: 60 - type: integer 
	Parameter G_AXI_ARLOCK_WIDTH bound to: 1 - type: integer 
	Parameter G_AXI_ARID_INDEX bound to: 61 - type: integer 
	Parameter G_AXI_ARID_WIDTH bound to: 16 - type: integer 
	Parameter G_AXI_ARQOS_INDEX bound to: 77 - type: integer 
	Parameter G_AXI_ARQOS_WIDTH bound to: 4 - type: integer 
	Parameter G_AXI_ARREGION_INDEX bound to: 81 - type: integer 
	Parameter G_AXI_ARREGION_WIDTH bound to: 4 - type: integer 
	Parameter G_AXI_ARUSER_INDEX bound to: 85 - type: integer 
	Parameter G_AXI_ARUSER_WIDTH bound to: 0 - type: integer 
	Parameter G_AXI_ARPAYLOAD_WIDTH bound to: 85 - type: integer 
	Parameter G_AXI_WDATA_INDEX bound to: 0 - type: integer 
	Parameter G_AXI_WDATA_WIDTH bound to: 32 - type: integer 
	Parameter G_AXI_WSTRB_INDEX bound to: 32 - type: integer 
	Parameter G_AXI_WSTRB_WIDTH bound to: 4 - type: integer 
	Parameter G_AXI_WLAST_INDEX bound to: 36 - type: integer 
	Parameter G_AXI_WLAST_WIDTH bound to: 1 - type: integer 
	Parameter G_AXI_WID_INDEX bound to: 37 - type: integer 
	Parameter G_AXI_WID_WIDTH bound to: 0 - type: integer 
	Parameter G_AXI_WUSER_INDEX bound to: 37 - type: integer 
	Parameter G_AXI_WUSER_WIDTH bound to: 0 - type: integer 
	Parameter G_AXI_WPAYLOAD_WIDTH bound to: 37 - type: integer 
	Parameter G_AXI_BRESP_INDEX bound to: 0 - type: integer 
	Parameter G_AXI_BRESP_WIDTH bound to: 2 - type: integer 
	Parameter G_AXI_BID_INDEX bound to: 2 - type: integer 
	Parameter G_AXI_BID_WIDTH bound to: 16 - type: integer 
	Parameter G_AXI_BUSER_INDEX bound to: 18 - type: integer 
	Parameter G_AXI_BUSER_WIDTH bound to: 0 - type: integer 
	Parameter G_AXI_BPAYLOAD_WIDTH bound to: 18 - type: integer 
	Parameter G_AXI_RDATA_INDEX bound to: 0 - type: integer 
	Parameter G_AXI_RDATA_WIDTH bound to: 32 - type: integer 
	Parameter G_AXI_RRESP_INDEX bound to: 32 - type: integer 
	Parameter G_AXI_RRESP_WIDTH bound to: 2 - type: integer 
	Parameter G_AXI_RLAST_INDEX bound to: 34 - type: integer 
	Parameter G_AXI_RLAST_WIDTH bound to: 1 - type: integer 
	Parameter G_AXI_RID_INDEX bound to: 35 - type: integer 
	Parameter G_AXI_RID_WIDTH bound to: 16 - type: integer 
	Parameter G_AXI_RUSER_INDEX bound to: 51 - type: integer 
	Parameter G_AXI_RUSER_WIDTH bound to: 0 - type: integer 
	Parameter G_AXI_RPAYLOAD_WIDTH bound to: 51 - type: integer 
INFO: [Synth 8-6155] done synthesizing module 'axi_infrastructure_v1_1_0_vector2axi' (129#1) [e:/vivado_axidma3/uav_sar.srcs/sources_1/bd/uav_sar/ipshared/ec67/hdl/axi_infrastructure_v1_1_vl_rfs.v:474]
INFO: [Synth 8-6157] synthesizing module 'axi_register_slice_v2_1_21_axic_register_slice' [e:/vivado_axidma3/uav_sar.srcs/sources_1/bd/uav_sar/ipshared/2ef9/hdl/axi_register_slice_v2_1_vl_rfs.v:1498]
	Parameter C_FAMILY bound to: virtex6 - type: string 
	Parameter C_DATA_WIDTH bound to: 85 - type: integer 
	Parameter C_REG_CONFIG bound to: 1 - type: integer 
INFO: [Synth 8-6155] done synthesizing module 'axi_register_slice_v2_1_21_axic_register_slice' (130#1) [e:/vivado_axidma3/uav_sar.srcs/sources_1/bd/uav_sar/ipshared/2ef9/hdl/axi_register_slice_v2_1_vl_rfs.v:1498]
INFO: [Synth 8-6157] synthesizing module 'axi_register_slice_v2_1_21_axic_register_slice__parameterized0' [e:/vivado_axidma3/uav_sar.srcs/sources_1/bd/uav_sar/ipshared/2ef9/hdl/axi_register_slice_v2_1_vl_rfs.v:1498]
	Parameter C_FAMILY bound to: virtex6 - type: string 
	Parameter C_DATA_WIDTH bound to: 37 - type: integer 
	Parameter C_REG_CONFIG bound to: 0 - type: integer 
INFO: [Synth 8-6155] done synthesizing module 'axi_register_slice_v2_1_21_axic_register_slice__parameterized0' (130#1) [e:/vivado_axidma3/uav_sar.srcs/sources_1/bd/uav_sar/ipshared/2ef9/hdl/axi_register_slice_v2_1_vl_rfs.v:1498]
INFO: [Synth 8-6157] synthesizing module 'axi_register_slice_v2_1_21_axic_register_slice__parameterized1' [e:/vivado_axidma3/uav_sar.srcs/sources_1/bd/uav_sar/ipshared/2ef9/hdl/axi_register_slice_v2_1_vl_rfs.v:1498]
	Parameter C_FAMILY bound to: virtex6 - type: string 
	Parameter C_DATA_WIDTH bound to: 18 - type: integer 
	Parameter C_REG_CONFIG bound to: 1 - type: integer 
INFO: [Synth 8-6155] done synthesizing module 'axi_register_slice_v2_1_21_axic_register_slice__parameterized1' (130#1) [e:/vivado_axidma3/uav_sar.srcs/sources_1/bd/uav_sar/ipshared/2ef9/hdl/axi_register_slice_v2_1_vl_rfs.v:1498]
INFO: [Synth 8-6157] synthesizing module 'axi_register_slice_v2_1_21_axic_register_slice__parameterized2' [e:/vivado_axidma3/uav_sar.srcs/sources_1/bd/uav_sar/ipshared/2ef9/hdl/axi_register_slice_v2_1_vl_rfs.v:1498]
	Parameter C_FAMILY bound to: virtex6 - type: string 
	Parameter C_DATA_WIDTH bound to: 51 - type: integer 
	Parameter C_REG_CONFIG bound to: 1 - type: integer 
INFO: [Synth 8-6155] done synthesizing module 'axi_register_slice_v2_1_21_axic_register_slice__parameterized2' (130#1) [e:/vivado_axidma3/uav_sar.srcs/sources_1/bd/uav_sar/ipshared/2ef9/hdl/axi_register_slice_v2_1_vl_rfs.v:1498]
INFO: [Synth 8-6155] done synthesizing module 'axi_register_slice_v2_1_21_axi_register_slice' (131#1) [e:/vivado_axidma3/uav_sar.srcs/sources_1/bd/uav_sar/ipshared/2ef9/hdl/axi_register_slice_v2_1_vl_rfs.v:3726]
WARNING: [Synth 8-7071] port 'aclk2x' of module 'axi_register_slice_v2_1_21_axi_register_slice' is unconnected for instance 'SI_REG' [e:/vivado_axidma3/uav_sar.srcs/sources_1/bd/uav_sar/ipshared/8dfa/hdl/axi_protocol_converter_v2_1_vl_rfs.v:4392]
WARNING: [Synth 8-7023] instance 'SI_REG' of module 'axi_register_slice_v2_1_21_axi_register_slice' has 93 connections declared, but only 92 given [e:/vivado_axidma3/uav_sar.srcs/sources_1/bd/uav_sar/ipshared/8dfa/hdl/axi_protocol_converter_v2_1_vl_rfs.v:4392]
INFO: [Synth 8-6157] synthesizing module 'axi_register_slice_v2_1_21_axi_register_slice__parameterized0' [e:/vivado_axidma3/uav_sar.srcs/sources_1/bd/uav_sar/ipshared/2ef9/hdl/axi_register_slice_v2_1_vl_rfs.v:3726]
	Parameter C_FAMILY bound to: virtex6 - type: string 
	Parameter C_AXI_PROTOCOL bound to: 2 - type: integer 
	Parameter C_AXI_ID_WIDTH bound to: 1 - type: integer 
	Parameter C_AXI_ADDR_WIDTH bound to: 40 - type: integer 
	Parameter C_AXI_DATA_WIDTH bound to: 32 - type: integer 
	Parameter C_AXI_SUPPORTS_USER_SIGNALS bound to: 0 - type: integer 
	Parameter C_AXI_AWUSER_WIDTH bound to: 1 - type: integer 
	Parameter C_AXI_ARUSER_WIDTH bound to: 1 - type: integer 
	Parameter C_AXI_WUSER_WIDTH bound to: 1 - type: integer 
	Parameter C_AXI_RUSER_WIDTH bound to: 1 - type: integer 
	Parameter C_AXI_BUSER_WIDTH bound to: 1 - type: integer 
	Parameter C_REG_CONFIG_AW bound to: 0 - type: integer 
	Parameter C_REG_CONFIG_W bound to: 0 - type: integer 
	Parameter C_REG_CONFIG_B bound to: 0 - type: integer 
	Parameter C_REG_CONFIG_AR bound to: 0 - type: integer 
	Parameter C_REG_CONFIG_R bound to: 0 - type: integer 
	Parameter C_RESERVE_MODE bound to: 0 - type: integer 
	Parameter C_NUM_SLR_CROSSINGS bound to: 0 - type: integer 
	Parameter C_PIPELINES_MASTER_AW bound to: 0 - type: integer 
	Parameter C_PIPELINES_MASTER_W bound to: 0 - type: integer 
	Parameter C_PIPELINES_MASTER_B bound to: 0 - type: integer 
	Parameter C_PIPELINES_MASTER_AR bound to: 0 - type: integer 
	Parameter C_PIPELINES_MASTER_R bound to: 0 - type: integer 
	Parameter C_PIPELINES_SLAVE_AW bound to: 0 - type: integer 
	Parameter C_PIPELINES_SLAVE_W bound to: 0 - type: integer 
	Parameter C_PIPELINES_SLAVE_B bound to: 0 - type: integer 
	Parameter C_PIPELINES_SLAVE_AR bound to: 0 - type: integer 
	Parameter C_PIPELINES_SLAVE_R bound to: 0 - type: integer 
	Parameter C_PIPELINES_MIDDLE_AW bound to: 0 - type: integer 
	Parameter C_PIPELINES_MIDDLE_W bound to: 0 - type: integer 
	Parameter C_PIPELINES_MIDDLE_B bound to: 0 - type: integer 
	Parameter C_PIPELINES_MIDDLE_AR bound to: 0 - type: integer 
	Parameter C_PIPELINES_MIDDLE_R bound to: 0 - type: integer 
	Parameter C_AXI_SUPPORTS_REGION_SIGNALS bound to: 0 - type: integer 
	Parameter P_FORWARD bound to: 0 - type: integer 
	Parameter P_RESPONSE bound to: 1 - type: integer 
	Parameter G_AXI_AWADDR_INDEX bound to: 0 - type: integer 
	Parameter G_AXI_AWADDR_WIDTH bound to: 40 - type: integer 
	Parameter G_AXI_AWPROT_INDEX bound to: 40 - type: integer 
	Parameter G_AXI_AWPROT_WIDTH bound to: 3 - type: integer 
	Parameter G_AXI_AWSIZE_INDEX bound to: 43 - type: integer 
	Parameter G_AXI_AWSIZE_WIDTH bound to: 0 - type: integer 
	Parameter G_AXI_AWBURST_INDEX bound to: 43 - type: integer 
	Parameter G_AXI_AWBURST_WIDTH bound to: 0 - type: integer 
	Parameter G_AXI_AWCACHE_INDEX bound to: 43 - type: integer 
	Parameter G_AXI_AWCACHE_WIDTH bound to: 0 - type: integer 
	Parameter G_AXI_AWLEN_INDEX bound to: 43 - type: integer 
	Parameter G_AXI_AWLEN_WIDTH bound to: 0 - type: integer 
	Parameter G_AXI_AWLOCK_INDEX bound to: 43 - type: integer 
	Parameter G_AXI_AWLOCK_WIDTH bound to: 0 - type: integer 
	Parameter G_AXI_AWID_INDEX bound to: 43 - type: integer 
	Parameter G_AXI_AWID_WIDTH bound to: 0 - type: integer 
	Parameter G_AXI_AWQOS_INDEX bound to: 43 - type: integer 
	Parameter G_AXI_AWQOS_WIDTH bound to: 0 - type: integer 
	Parameter G_AXI_AWREGION_INDEX bound to: 43 - type: integer 
	Parameter G_AXI_AWREGION_WIDTH bound to: 0 - type: integer 
	Parameter G_AXI_AWUSER_INDEX bound to: 43 - type: integer 
	Parameter G_AXI_AWUSER_WIDTH bound to: 0 - type: integer 
	Parameter G_AXI_AWPAYLOAD_WIDTH bound to: 43 - type: integer 
	Parameter G_AXI_ARADDR_INDEX bound to: 0 - type: integer 
	Parameter G_AXI_ARADDR_WIDTH bound to: 40 - type: integer 
	Parameter G_AXI_ARPROT_INDEX bound to: 40 - type: integer 
	Parameter G_AXI_ARPROT_WIDTH bound to: 3 - type: integer 
	Parameter G_AXI_ARSIZE_INDEX bound to: 43 - type: integer 
	Parameter G_AXI_ARSIZE_WIDTH bound to: 0 - type: integer 
	Parameter G_AXI_ARBURST_INDEX bound to: 43 - type: integer 
	Parameter G_AXI_ARBURST_WIDTH bound to: 0 - type: integer 
	Parameter G_AXI_ARCACHE_INDEX bound to: 43 - type: integer 
	Parameter G_AXI_ARCACHE_WIDTH bound to: 0 - type: integer 
	Parameter G_AXI_ARLEN_INDEX bound to: 43 - type: integer 
	Parameter G_AXI_ARLEN_WIDTH bound to: 0 - type: integer 
	Parameter G_AXI_ARLOCK_INDEX bound to: 43 - type: integer 
	Parameter G_AXI_ARLOCK_WIDTH bound to: 0 - type: integer 
	Parameter G_AXI_ARID_INDEX bound to: 43 - type: integer 
	Parameter G_AXI_ARID_WIDTH bound to: 0 - type: integer 
	Parameter G_AXI_ARQOS_INDEX bound to: 43 - type: integer 
	Parameter G_AXI_ARQOS_WIDTH bound to: 0 - type: integer 
	Parameter G_AXI_ARREGION_INDEX bound to: 43 - type: integer 
	Parameter G_AXI_ARREGION_WIDTH bound to: 0 - type: integer 
	Parameter G_AXI_ARUSER_INDEX bound to: 43 - type: integer 
	Parameter G_AXI_ARUSER_WIDTH bound to: 0 - type: integer 
	Parameter G_AXI_ARPAYLOAD_WIDTH bound to: 43 - type: integer 
	Parameter G_AXI_WDATA_INDEX bound to: 0 - type: integer 
	Parameter G_AXI_WDATA_WIDTH bound to: 32 - type: integer 
	Parameter G_AXI_WSTRB_INDEX bound to: 32 - type: integer 
	Parameter G_AXI_WSTRB_WIDTH bound to: 4 - type: integer 
	Parameter G_AXI_WLAST_INDEX bound to: 36 - type: integer 
	Parameter G_AXI_WLAST_WIDTH bound to: 0 - type: integer 
	Parameter G_AXI_WID_INDEX bound to: 36 - type: integer 
	Parameter G_AXI_WID_WIDTH bound to: 0 - type: integer 
	Parameter G_AXI_WUSER_INDEX bound to: 36 - type: integer 
	Parameter G_AXI_WUSER_WIDTH bound to: 0 - type: integer 
	Parameter G_AXI_WPAYLOAD_WIDTH bound to: 36 - type: integer 
	Parameter G_AXI_BRESP_INDEX bound to: 0 - type: integer 
	Parameter G_AXI_BRESP_WIDTH bound to: 2 - type: integer 
	Parameter G_AXI_BID_INDEX bound to: 2 - type: integer 
	Parameter G_AXI_BID_WIDTH bound to: 0 - type: integer 
	Parameter G_AXI_BUSER_INDEX bound to: 2 - type: integer 
	Parameter G_AXI_BUSER_WIDTH bound to: 0 - type: integer 
	Parameter G_AXI_BPAYLOAD_WIDTH bound to: 2 - type: integer 
	Parameter G_AXI_RDATA_INDEX bound to: 0 - type: integer 
	Parameter G_AXI_RDATA_WIDTH bound to: 32 - type: integer 
	Parameter G_AXI_RRESP_INDEX bound to: 32 - type: integer 
	Parameter G_AXI_RRESP_WIDTH bound to: 2 - type: integer 
	Parameter G_AXI_RLAST_INDEX bound to: 34 - type: integer 
	Parameter G_AXI_RLAST_WIDTH bound to: 0 - type: integer 
	Parameter G_AXI_RID_INDEX bound to: 34 - type: integer 
	Parameter G_AXI_RID_WIDTH bound to: 0 - type: integer 
	Parameter G_AXI_RUSER_INDEX bound to: 34 - type: integer 
	Parameter G_AXI_RUSER_WIDTH bound to: 0 - type: integer 
	Parameter G_AXI_RPAYLOAD_WIDTH bound to: 34 - type: integer 
INFO: [Synth 8-6157] synthesizing module 'axi_infrastructure_v1_1_0_axi2vector__parameterized0' [e:/vivado_axidma3/uav_sar.srcs/sources_1/bd/uav_sar/ipshared/ec67/hdl/axi_infrastructure_v1_1_vl_rfs.v:60]
	Parameter C_AXI_PROTOCOL bound to: 2 - type: integer 
	Parameter C_AXI_ID_WIDTH bound to: 1 - type: integer 
	Parameter C_AXI_ADDR_WIDTH bound to: 40 - type: integer 
	Parameter C_AXI_DATA_WIDTH bound to: 32 - type: integer 
	Parameter C_AXI_SUPPORTS_USER_SIGNALS bound to: 0 - type: integer 
	Parameter C_AXI_SUPPORTS_REGION_SIGNALS bound to: 0 - type: integer 
	Parameter C_AXI_AWUSER_WIDTH bound to: 1 - type: integer 
	Parameter C_AXI_WUSER_WIDTH bound to: 1 - type: integer 
	Parameter C_AXI_BUSER_WIDTH bound to: 1 - type: integer 
	Parameter C_AXI_ARUSER_WIDTH bound to: 1 - type: integer 
	Parameter C_AXI_RUSER_WIDTH bound to: 1 - type: integer 
	Parameter C_AWPAYLOAD_WIDTH bound to: 43 - type: integer 
	Parameter C_WPAYLOAD_WIDTH bound to: 36 - type: integer 
	Parameter C_BPAYLOAD_WIDTH bound to: 2 - type: integer 
	Parameter C_ARPAYLOAD_WIDTH bound to: 43 - type: integer 
	Parameter C_RPAYLOAD_WIDTH bound to: 34 - type: integer 
	Parameter G_AXI_AWADDR_INDEX bound to: 0 - type: integer 
	Parameter G_AXI_AWADDR_WIDTH bound to: 40 - type: integer 
	Parameter G_AXI_AWPROT_INDEX bound to: 40 - type: integer 
	Parameter G_AXI_AWPROT_WIDTH bound to: 3 - type: integer 
	Parameter G_AXI_AWSIZE_INDEX bound to: 43 - type: integer 
	Parameter G_AXI_AWSIZE_WIDTH bound to: 0 - type: integer 
	Parameter G_AXI_AWBURST_INDEX bound to: 43 - type: integer 
	Parameter G_AXI_AWBURST_WIDTH bound to: 0 - type: integer 
	Parameter G_AXI_AWCACHE_INDEX bound to: 43 - type: integer 
	Parameter G_AXI_AWCACHE_WIDTH bound to: 0 - type: integer 
	Parameter G_AXI_AWLEN_INDEX bound to: 43 - type: integer 
	Parameter G_AXI_AWLEN_WIDTH bound to: 0 - type: integer 
	Parameter G_AXI_AWLOCK_INDEX bound to: 43 - type: integer 
	Parameter G_AXI_AWLOCK_WIDTH bound to: 0 - type: integer 
	Parameter G_AXI_AWID_INDEX bound to: 43 - type: integer 
	Parameter G_AXI_AWID_WIDTH bound to: 0 - type: integer 
	Parameter G_AXI_AWQOS_INDEX bound to: 43 - type: integer 
	Parameter G_AXI_AWQOS_WIDTH bound to: 0 - type: integer 
	Parameter G_AXI_AWREGION_INDEX bound to: 43 - type: integer 
	Parameter G_AXI_AWREGION_WIDTH bound to: 0 - type: integer 
	Parameter G_AXI_AWUSER_INDEX bound to: 43 - type: integer 
	Parameter G_AXI_AWUSER_WIDTH bound to: 0 - type: integer 
	Parameter G_AXI_AWPAYLOAD_WIDTH bound to: 43 - type: integer 
	Parameter G_AXI_ARADDR_INDEX bound to: 0 - type: integer 
	Parameter G_AXI_ARADDR_WIDTH bound to: 40 - type: integer 
	Parameter G_AXI_ARPROT_INDEX bound to: 40 - type: integer 
	Parameter G_AXI_ARPROT_WIDTH bound to: 3 - type: integer 
	Parameter G_AXI_ARSIZE_INDEX bound to: 43 - type: integer 
	Parameter G_AXI_ARSIZE_WIDTH bound to: 0 - type: integer 
	Parameter G_AXI_ARBURST_INDEX bound to: 43 - type: integer 
	Parameter G_AXI_ARBURST_WIDTH bound to: 0 - type: integer 
	Parameter G_AXI_ARCACHE_INDEX bound to: 43 - type: integer 
	Parameter G_AXI_ARCACHE_WIDTH bound to: 0 - type: integer 
	Parameter G_AXI_ARLEN_INDEX bound to: 43 - type: integer 
	Parameter G_AXI_ARLEN_WIDTH bound to: 0 - type: integer 
	Parameter G_AXI_ARLOCK_INDEX bound to: 43 - type: integer 
	Parameter G_AXI_ARLOCK_WIDTH bound to: 0 - type: integer 
	Parameter G_AXI_ARID_INDEX bound to: 43 - type: integer 
	Parameter G_AXI_ARID_WIDTH bound to: 0 - type: integer 
	Parameter G_AXI_ARQOS_INDEX bound to: 43 - type: integer 
	Parameter G_AXI_ARQOS_WIDTH bound to: 0 - type: integer 
	Parameter G_AXI_ARREGION_INDEX bound to: 43 - type: integer 
	Parameter G_AXI_ARREGION_WIDTH bound to: 0 - type: integer 
	Parameter G_AXI_ARUSER_INDEX bound to: 43 - type: integer 
	Parameter G_AXI_ARUSER_WIDTH bound to: 0 - type: integer 
	Parameter G_AXI_ARPAYLOAD_WIDTH bound to: 43 - type: integer 
	Parameter G_AXI_WDATA_INDEX bound to: 0 - type: integer 
	Parameter G_AXI_WDATA_WIDTH bound to: 32 - type: integer 
	Parameter G_AXI_WSTRB_INDEX bound to: 32 - type: integer 
	Parameter G_AXI_WSTRB_WIDTH bound to: 4 - type: integer 
	Parameter G_AXI_WLAST_INDEX bound to: 36 - type: integer 
	Parameter G_AXI_WLAST_WIDTH bound to: 0 - type: integer 
	Parameter G_AXI_WID_INDEX bound to: 36 - type: integer 
	Parameter G_AXI_WID_WIDTH bound to: 0 - type: integer 
	Parameter G_AXI_WUSER_INDEX bound to: 36 - type: integer 
	Parameter G_AXI_WUSER_WIDTH bound to: 0 - type: integer 
	Parameter G_AXI_WPAYLOAD_WIDTH bound to: 36 - type: integer 
	Parameter G_AXI_BRESP_INDEX bound to: 0 - type: integer 
	Parameter G_AXI_BRESP_WIDTH bound to: 2 - type: integer 
	Parameter G_AXI_BID_INDEX bound to: 2 - type: integer 
	Parameter G_AXI_BID_WIDTH bound to: 0 - type: integer 
	Parameter G_AXI_BUSER_INDEX bound to: 2 - type: integer 
	Parameter G_AXI_BUSER_WIDTH bound to: 0 - type: integer 
	Parameter G_AXI_BPAYLOAD_WIDTH bound to: 2 - type: integer 
	Parameter G_AXI_RDATA_INDEX bound to: 0 - type: integer 
	Parameter G_AXI_RDATA_WIDTH bound to: 32 - type: integer 
	Parameter G_AXI_RRESP_INDEX bound to: 32 - type: integer 
	Parameter G_AXI_RRESP_WIDTH bound to: 2 - type: integer 
	Parameter G_AXI_RLAST_INDEX bound to: 34 - type: integer 
	Parameter G_AXI_RLAST_WIDTH bound to: 0 - type: integer 
	Parameter G_AXI_RID_INDEX bound to: 34 - type: integer 
	Parameter G_AXI_RID_WIDTH bound to: 0 - type: integer 
	Parameter G_AXI_RUSER_INDEX bound to: 34 - type: integer 
	Parameter G_AXI_RUSER_WIDTH bound to: 0 - type: integer 
	Parameter G_AXI_RPAYLOAD_WIDTH bound to: 34 - type: integer 
INFO: [Synth 8-6155] done synthesizing module 'axi_infrastructure_v1_1_0_axi2vector__parameterized0' (131#1) [e:/vivado_axidma3/uav_sar.srcs/sources_1/bd/uav_sar/ipshared/ec67/hdl/axi_infrastructure_v1_1_vl_rfs.v:60]
INFO: [Synth 8-6157] synthesizing module 'axi_infrastructure_v1_1_0_vector2axi__parameterized0' [e:/vivado_axidma3/uav_sar.srcs/sources_1/bd/uav_sar/ipshared/ec67/hdl/axi_infrastructure_v1_1_vl_rfs.v:474]
	Parameter C_AXI_PROTOCOL bound to: 2 - type: integer 
	Parameter C_AXI_ID_WIDTH bound to: 1 - type: integer 
	Parameter C_AXI_ADDR_WIDTH bound to: 40 - type: integer 
	Parameter C_AXI_DATA_WIDTH bound to: 32 - type: integer 
	Parameter C_AXI_SUPPORTS_USER_SIGNALS bound to: 0 - type: integer 
	Parameter C_AXI_SUPPORTS_REGION_SIGNALS bound to: 0 - type: integer 
	Parameter C_AXI_AWUSER_WIDTH bound to: 1 - type: integer 
	Parameter C_AXI_WUSER_WIDTH bound to: 1 - type: integer 
	Parameter C_AXI_BUSER_WIDTH bound to: 1 - type: integer 
	Parameter C_AXI_ARUSER_WIDTH bound to: 1 - type: integer 
	Parameter C_AXI_RUSER_WIDTH bound to: 1 - type: integer 
	Parameter C_AWPAYLOAD_WIDTH bound to: 43 - type: integer 
	Parameter C_WPAYLOAD_WIDTH bound to: 36 - type: integer 
	Parameter C_BPAYLOAD_WIDTH bound to: 2 - type: integer 
	Parameter C_ARPAYLOAD_WIDTH bound to: 43 - type: integer 
	Parameter C_RPAYLOAD_WIDTH bound to: 34 - type: integer 
	Parameter G_AXI_AWADDR_INDEX bound to: 0 - type: integer 
	Parameter G_AXI_AWADDR_WIDTH bound to: 40 - type: integer 
	Parameter G_AXI_AWPROT_INDEX bound to: 40 - type: integer 
	Parameter G_AXI_AWPROT_WIDTH bound to: 3 - type: integer 
	Parameter G_AXI_AWSIZE_INDEX bound to: 43 - type: integer 
	Parameter G_AXI_AWSIZE_WIDTH bound to: 0 - type: integer 
	Parameter G_AXI_AWBURST_INDEX bound to: 43 - type: integer 
	Parameter G_AXI_AWBURST_WIDTH bound to: 0 - type: integer 
	Parameter G_AXI_AWCACHE_INDEX bound to: 43 - type: integer 
	Parameter G_AXI_AWCACHE_WIDTH bound to: 0 - type: integer 
	Parameter G_AXI_AWLEN_INDEX bound to: 43 - type: integer 
	Parameter G_AXI_AWLEN_WIDTH bound to: 0 - type: integer 
	Parameter G_AXI_AWLOCK_INDEX bound to: 43 - type: integer 
	Parameter G_AXI_AWLOCK_WIDTH bound to: 0 - type: integer 
	Parameter G_AXI_AWID_INDEX bound to: 43 - type: integer 
	Parameter G_AXI_AWID_WIDTH bound to: 0 - type: integer 
	Parameter G_AXI_AWQOS_INDEX bound to: 43 - type: integer 
	Parameter G_AXI_AWQOS_WIDTH bound to: 0 - type: integer 
	Parameter G_AXI_AWREGION_INDEX bound to: 43 - type: integer 
	Parameter G_AXI_AWREGION_WIDTH bound to: 0 - type: integer 
	Parameter G_AXI_AWUSER_INDEX bound to: 43 - type: integer 
	Parameter G_AXI_AWUSER_WIDTH bound to: 0 - type: integer 
	Parameter G_AXI_AWPAYLOAD_WIDTH bound to: 43 - type: integer 
	Parameter G_AXI_ARADDR_INDEX bound to: 0 - type: integer 
	Parameter G_AXI_ARADDR_WIDTH bound to: 40 - type: integer 
	Parameter G_AXI_ARPROT_INDEX bound to: 40 - type: integer 
	Parameter G_AXI_ARPROT_WIDTH bound to: 3 - type: integer 
	Parameter G_AXI_ARSIZE_INDEX bound to: 43 - type: integer 
	Parameter G_AXI_ARSIZE_WIDTH bound to: 0 - type: integer 
	Parameter G_AXI_ARBURST_INDEX bound to: 43 - type: integer 
	Parameter G_AXI_ARBURST_WIDTH bound to: 0 - type: integer 
	Parameter G_AXI_ARCACHE_INDEX bound to: 43 - type: integer 
	Parameter G_AXI_ARCACHE_WIDTH bound to: 0 - type: integer 
	Parameter G_AXI_ARLEN_INDEX bound to: 43 - type: integer 
	Parameter G_AXI_ARLEN_WIDTH bound to: 0 - type: integer 
	Parameter G_AXI_ARLOCK_INDEX bound to: 43 - type: integer 
	Parameter G_AXI_ARLOCK_WIDTH bound to: 0 - type: integer 
	Parameter G_AXI_ARID_INDEX bound to: 43 - type: integer 
	Parameter G_AXI_ARID_WIDTH bound to: 0 - type: integer 
	Parameter G_AXI_ARQOS_INDEX bound to: 43 - type: integer 
	Parameter G_AXI_ARQOS_WIDTH bound to: 0 - type: integer 
	Parameter G_AXI_ARREGION_INDEX bound to: 43 - type: integer 
	Parameter G_AXI_ARREGION_WIDTH bound to: 0 - type: integer 
	Parameter G_AXI_ARUSER_INDEX bound to: 43 - type: integer 
	Parameter G_AXI_ARUSER_WIDTH bound to: 0 - type: integer 
	Parameter G_AXI_ARPAYLOAD_WIDTH bound to: 43 - type: integer 
	Parameter G_AXI_WDATA_INDEX bound to: 0 - type: integer 
	Parameter G_AXI_WDATA_WIDTH bound to: 32 - type: integer 
	Parameter G_AXI_WSTRB_INDEX bound to: 32 - type: integer 
	Parameter G_AXI_WSTRB_WIDTH bound to: 4 - type: integer 
	Parameter G_AXI_WLAST_INDEX bound to: 36 - type: integer 
	Parameter G_AXI_WLAST_WIDTH bound to: 0 - type: integer 
	Parameter G_AXI_WID_INDEX bound to: 36 - type: integer 
	Parameter G_AXI_WID_WIDTH bound to: 0 - type: integer 
	Parameter G_AXI_WUSER_INDEX bound to: 36 - type: integer 
	Parameter G_AXI_WUSER_WIDTH bound to: 0 - type: integer 
	Parameter G_AXI_WPAYLOAD_WIDTH bound to: 36 - type: integer 
	Parameter G_AXI_BRESP_INDEX bound to: 0 - type: integer 
	Parameter G_AXI_BRESP_WIDTH bound to: 2 - type: integer 
	Parameter G_AXI_BID_INDEX bound to: 2 - type: integer 
	Parameter G_AXI_BID_WIDTH bound to: 0 - type: integer 
	Parameter G_AXI_BUSER_INDEX bound to: 2 - type: integer 
	Parameter G_AXI_BUSER_WIDTH bound to: 0 - type: integer 
	Parameter G_AXI_BPAYLOAD_WIDTH bound to: 2 - type: integer 
	Parameter G_AXI_RDATA_INDEX bound to: 0 - type: integer 
	Parameter G_AXI_RDATA_WIDTH bound to: 32 - type: integer 
	Parameter G_AXI_RRESP_INDEX bound to: 32 - type: integer 
	Parameter G_AXI_RRESP_WIDTH bound to: 2 - type: integer 
	Parameter G_AXI_RLAST_INDEX bound to: 34 - type: integer 
	Parameter G_AXI_RLAST_WIDTH bound to: 0 - type: integer 
	Parameter G_AXI_RID_INDEX bound to: 34 - type: integer 
	Parameter G_AXI_RID_WIDTH bound to: 0 - type: integer 
	Parameter G_AXI_RUSER_INDEX bound to: 34 - type: integer 
	Parameter G_AXI_RUSER_WIDTH bound to: 0 - type: integer 
	Parameter G_AXI_RPAYLOAD_WIDTH bound to: 34 - type: integer 
INFO: [Synth 8-6155] done synthesizing module 'axi_infrastructure_v1_1_0_vector2axi__parameterized0' (131#1) [e:/vivado_axidma3/uav_sar.srcs/sources_1/bd/uav_sar/ipshared/ec67/hdl/axi_infrastructure_v1_1_vl_rfs.v:474]
INFO: [Synth 8-6157] synthesizing module 'axi_register_slice_v2_1_21_axic_register_slice__parameterized3' [e:/vivado_axidma3/uav_sar.srcs/sources_1/bd/uav_sar/ipshared/2ef9/hdl/axi_register_slice_v2_1_vl_rfs.v:1498]
	Parameter C_FAMILY bound to: virtex6 - type: string 
	Parameter C_DATA_WIDTH bound to: 43 - type: integer 
	Parameter C_REG_CONFIG bound to: 0 - type: integer 
INFO: [Synth 8-6155] done synthesizing module 'axi_register_slice_v2_1_21_axic_register_slice__parameterized3' (131#1) [e:/vivado_axidma3/uav_sar.srcs/sources_1/bd/uav_sar/ipshared/2ef9/hdl/axi_register_slice_v2_1_vl_rfs.v:1498]
INFO: [Synth 8-6157] synthesizing module 'axi_register_slice_v2_1_21_axic_register_slice__parameterized4' [e:/vivado_axidma3/uav_sar.srcs/sources_1/bd/uav_sar/ipshared/2ef9/hdl/axi_register_slice_v2_1_vl_rfs.v:1498]
	Parameter C_FAMILY bound to: virtex6 - type: string 
	Parameter C_DATA_WIDTH bound to: 36 - type: integer 
	Parameter C_REG_CONFIG bound to: 0 - type: integer 
INFO: [Synth 8-6155] done synthesizing module 'axi_register_slice_v2_1_21_axic_register_slice__parameterized4' (131#1) [e:/vivado_axidma3/uav_sar.srcs/sources_1/bd/uav_sar/ipshared/2ef9/hdl/axi_register_slice_v2_1_vl_rfs.v:1498]
INFO: [Synth 8-6157] synthesizing module 'axi_register_slice_v2_1_21_axic_register_slice__parameterized5' [e:/vivado_axidma3/uav_sar.srcs/sources_1/bd/uav_sar/ipshared/2ef9/hdl/axi_register_slice_v2_1_vl_rfs.v:1498]
	Parameter C_FAMILY bound to: virtex6 - type: string 
	Parameter C_DATA_WIDTH bound to: 2 - type: integer 
	Parameter C_REG_CONFIG bound to: 0 - type: integer 
INFO: [Synth 8-6155] done synthesizing module 'axi_register_slice_v2_1_21_axic_register_slice__parameterized5' (131#1) [e:/vivado_axidma3/uav_sar.srcs/sources_1/bd/uav_sar/ipshared/2ef9/hdl/axi_register_slice_v2_1_vl_rfs.v:1498]
INFO: [Synth 8-6157] synthesizing module 'axi_register_slice_v2_1_21_axic_register_slice__parameterized6' [e:/vivado_axidma3/uav_sar.srcs/sources_1/bd/uav_sar/ipshared/2ef9/hdl/axi_register_slice_v2_1_vl_rfs.v:1498]
	Parameter C_FAMILY bound to: virtex6 - type: string 
	Parameter C_DATA_WIDTH bound to: 34 - type: integer 
	Parameter C_REG_CONFIG bound to: 0 - type: integer 
INFO: [Synth 8-6155] done synthesizing module 'axi_register_slice_v2_1_21_axic_register_slice__parameterized6' (131#1) [e:/vivado_axidma3/uav_sar.srcs/sources_1/bd/uav_sar/ipshared/2ef9/hdl/axi_register_slice_v2_1_vl_rfs.v:1498]
INFO: [Synth 8-6155] done synthesizing module 'axi_register_slice_v2_1_21_axi_register_slice__parameterized0' (131#1) [e:/vivado_axidma3/uav_sar.srcs/sources_1/bd/uav_sar/ipshared/2ef9/hdl/axi_register_slice_v2_1_vl_rfs.v:3726]
WARNING: [Synth 8-7071] port 'aclk2x' of module 'axi_register_slice_v2_1_21_axi_register_slice' is unconnected for instance 'MI_REG' [e:/vivado_axidma3/uav_sar.srcs/sources_1/bd/uav_sar/ipshared/8dfa/hdl/axi_protocol_converter_v2_1_vl_rfs.v:4647]
WARNING: [Synth 8-7023] instance 'MI_REG' of module 'axi_register_slice_v2_1_21_axi_register_slice' has 93 connections declared, but only 92 given [e:/vivado_axidma3/uav_sar.srcs/sources_1/bd/uav_sar/ipshared/8dfa/hdl/axi_protocol_converter_v2_1_vl_rfs.v:4647]
INFO: [Synth 8-6155] done synthesizing module 'axi_protocol_converter_v2_1_21_b2s' (132#1) [e:/vivado_axidma3/uav_sar.srcs/sources_1/bd/uav_sar/ipshared/8dfa/hdl/axi_protocol_converter_v2_1_vl_rfs.v:4226]
INFO: [Synth 8-6155] done synthesizing module 'axi_protocol_converter_v2_1_21_axi_protocol_converter' (133#1) [e:/vivado_axidma3/uav_sar.srcs/sources_1/bd/uav_sar/ipshared/8dfa/hdl/axi_protocol_converter_v2_1_vl_rfs.v:4808]
INFO: [Synth 8-6155] done synthesizing module 'uav_sar_auto_pc_0' (134#1) [e:/vivado_axidma3/uav_sar.srcs/sources_1/bd/uav_sar/ip/uav_sar_auto_pc_0/synth/uav_sar_auto_pc_0.v:58]
INFO: [Synth 8-6157] synthesizing module 'uav_sar_auto_us_0' [e:/vivado_axidma3/uav_sar.srcs/sources_1/bd/uav_sar/ip/uav_sar_auto_us_0/synth/uav_sar_auto_us_0.v:58]
INFO: [Synth 8-6157] synthesizing module 'axi_dwidth_converter_v2_1_21_top__parameterized0' [e:/vivado_axidma3/uav_sar.srcs/sources_1/bd/uav_sar/ipshared/07be/hdl/axi_dwidth_converter_v2_1_vlsyn_rfs.v:14462]
	Parameter C_FAMILY bound to: zynquplus - type: string 
	Parameter C_AXI_PROTOCOL bound to: 2 - type: integer 
	Parameter C_S_AXI_ID_WIDTH bound to: 1 - type: integer 
	Parameter C_SUPPORTS_ID bound to: 0 - type: integer 
	Parameter C_AXI_ADDR_WIDTH bound to: 40 - type: integer 
	Parameter C_S_AXI_DATA_WIDTH bound to: 32 - type: integer 
	Parameter C_M_AXI_DATA_WIDTH bound to: 64 - type: integer 
	Parameter C_AXI_SUPPORTS_WRITE bound to: 1 - type: integer 
	Parameter C_AXI_SUPPORTS_READ bound to: 1 - type: integer 
	Parameter C_FIFO_MODE bound to: 0 - type: integer 
	Parameter C_S_AXI_ACLK_RATIO bound to: 1 - type: integer 
	Parameter C_M_AXI_ACLK_RATIO bound to: 2 - type: integer 
	Parameter C_AXI_IS_ACLK_ASYNC bound to: 0 - type: integer 
	Parameter C_MAX_SPLIT_BEATS bound to: 16 - type: integer 
	Parameter C_PACKING_LEVEL bound to: 1 - type: integer 
	Parameter C_SYNCHRONIZER_STAGE bound to: 3 - type: integer 
	Parameter C_S_AXI_BYTES_LOG bound to: 2 - type: integer 
	Parameter C_M_AXI_BYTES_LOG bound to: 3 - type: integer 
	Parameter C_RATIO bound to: 0 - type: integer 
	Parameter C_RATIO_LOG bound to: 0 - type: integer 
	Parameter P_AXI4 bound to: 0 - type: integer 
	Parameter P_AXI3 bound to: 1 - type: integer 
	Parameter P_AXILITE bound to: 2 - type: integer 
	Parameter P_CONVERSION bound to: 2 - type: integer 
	Parameter P_MAX_SPLIT_BEATS bound to: 16 - type: integer 
INFO: [Synth 8-6157] synthesizing module 'axi_dwidth_converter_v2_1_21_axi4lite_upsizer' [e:/vivado_axidma3/uav_sar.srcs/sources_1/bd/uav_sar/ipshared/07be/hdl/axi_dwidth_converter_v2_1_vlsyn_rfs.v:3334]
	Parameter C_FAMILY bound to: zynquplus - type: string 
	Parameter C_AXI_ADDR_WIDTH bound to: 40 - type: integer 
	Parameter C_AXI_SUPPORTS_WRITE bound to: 1 - type: integer 
	Parameter C_AXI_SUPPORTS_READ bound to: 1 - type: integer 
INFO: [Synth 8-6155] done synthesizing module 'axi_dwidth_converter_v2_1_21_axi4lite_upsizer' (135#1) [e:/vivado_axidma3/uav_sar.srcs/sources_1/bd/uav_sar/ipshared/07be/hdl/axi_dwidth_converter_v2_1_vlsyn_rfs.v:3334]
INFO: [Synth 8-6155] done synthesizing module 'axi_dwidth_converter_v2_1_21_top__parameterized0' (135#1) [e:/vivado_axidma3/uav_sar.srcs/sources_1/bd/uav_sar/ipshared/07be/hdl/axi_dwidth_converter_v2_1_vlsyn_rfs.v:14462]
INFO: [Synth 8-6155] done synthesizing module 'uav_sar_auto_us_0' (136#1) [e:/vivado_axidma3/uav_sar.srcs/sources_1/bd/uav_sar/ip/uav_sar_auto_us_0/synth/uav_sar_auto_us_0.v:58]
INFO: [Synth 8-6155] done synthesizing module 's00_couplers_imp_SORY6W' (137#1) [E:/vivado_axidma3/uav_sar.srcs/sources_1/bd/uav_sar/synth/uav_sar.v:1235]
INFO: [Synth 8-6157] synthesizing module 'uav_sar_xbar_0' [e:/vivado_axidma3/uav_sar.srcs/sources_1/bd/uav_sar/ip/uav_sar_xbar_0/synth/uav_sar_xbar_0.v:59]
INFO: [Synth 8-6157] synthesizing module 'axi_crossbar_v2_1_22_axi_crossbar' [e:/vivado_axidma3/uav_sar.srcs/sources_1/bd/uav_sar/ipshared/b68e/hdl/axi_crossbar_v2_1_vl_rfs.v:4884]
	Parameter C_FAMILY bound to: zynquplus - type: string 
	Parameter C_NUM_SLAVE_SLOTS bound to: 1 - type: integer 
	Parameter C_NUM_MASTER_SLOTS bound to: 4 - type: integer 
	Parameter C_AXI_ID_WIDTH bound to: 1 - type: integer 
	Parameter C_AXI_ADDR_WIDTH bound to: 40 - type: integer 
	Parameter C_AXI_DATA_WIDTH bound to: 64 - type: integer 
	Parameter C_AXI_PROTOCOL bound to: 2 - type: integer 
	Parameter C_NUM_ADDR_RANGES bound to: 1 - type: integer 
	Parameter C_M_AXI_BASE_ADDR bound to: 256'b0000000000000000000000000000000010000000000000100000000000000000000000000000000000000000000000001000000000000011000000000000000000000000000000000000000000000000100000000000000000000000000000000000000000000000000000000000000010000000000000010000000000000000 
	Parameter C_M_AXI_ADDR_WIDTH bound to: 128'b00000000000000000000000000010000000000000000000000000000000100000000000000000000000000000001000000000000000000000000000000010000 
	Parameter C_S_AXI_BASE_ID bound to: 0 - type: integer 
	Parameter C_S_AXI_THREAD_ID_WIDTH bound to: 16 - type: integer 
	Parameter C_AXI_SUPPORTS_USER_SIGNALS bound to: 0 - type: integer 
	Parameter C_AXI_AWUSER_WIDTH bound to: 1 - type: integer 
	Parameter C_AXI_ARUSER_WIDTH bound to: 1 - type: integer 
	Parameter C_AXI_WUSER_WIDTH bound to: 1 - type: integer 
	Parameter C_AXI_RUSER_WIDTH bound to: 1 - type: integer 
	Parameter C_AXI_BUSER_WIDTH bound to: 1 - type: integer 
	Parameter C_M_AXI_WRITE_CONNECTIVITY bound to: 128'b00000000000000000000000000000001000000000000000000000000000000010000000000000000000000000000000100000000000000000000000000000001 
	Parameter C_M_AXI_READ_CONNECTIVITY bound to: 128'b00000000000000000000000000000001000000000000000000000000000000010000000000000000000000000000000100000000000000000000000000000001 
	Parameter C_R_REGISTER bound to: 1 - type: integer 
	Parameter C_S_AXI_SINGLE_THREAD bound to: 1 - type: integer 
	Parameter C_S_AXI_WRITE_ACCEPTANCE bound to: 1 - type: integer 
	Parameter C_S_AXI_READ_ACCEPTANCE bound to: 1 - type: integer 
	Parameter C_M_AXI_WRITE_ISSUING bound to: 128'b00000000000000000000000000000001000000000000000000000000000000010000000000000000000000000000000100000000000000000000000000000001 
	Parameter C_M_AXI_READ_ISSUING bound to: 128'b00000000000000000000000000000001000000000000000000000000000000010000000000000000000000000000000100000000000000000000000000000001 
	Parameter C_S_AXI_ARB_PRIORITY bound to: 0 - type: integer 
	Parameter C_M_AXI_SECURE bound to: 128'b00000000000000000000000000000000000000000000000000000000000000000000000000000000000000000000000000000000000000000000000000000000 
	Parameter C_CONNECTIVITY_MODE bound to: 0 - type: integer 
	Parameter P_ONES bound to: 65'b11111111111111111111111111111111111111111111111111111111111111111 
	Parameter P_S_AXI_BASE_ID bound to: 64'b0000000000000000000000000000000000000000000000000000000000000000 
	Parameter P_S_AXI_HIGH_ID bound to: 64'b0000000000000000000000000000000000000000000000000000000000000001 
	Parameter P_AXI4 bound to: 0 - type: integer 
	Parameter P_AXI3 bound to: 1 - type: integer 
	Parameter P_AXILITE bound to: 2 - type: integer 
	Parameter P_AXILITE_SIZE bound to: 3'b010 
	Parameter P_INCR bound to: 2'b01 
	Parameter P_M_AXI_SUPPORTS_WRITE bound to: 4'b1111 
	Parameter P_M_AXI_SUPPORTS_READ bound to: 4'b1111 
	Parameter P_S_AXI_SUPPORTS_WRITE bound to: 1'b1 
	Parameter P_S_AXI_SUPPORTS_READ bound to: 1'b1 
	Parameter C_DEBUG bound to: 1 - type: integer 
	Parameter P_RANGE_CHECK bound to: 1 - type: integer 
	Parameter P_ADDR_DECODE bound to: 1 - type: integer 
	Parameter P_M_AXI_ERR_MODE bound to: 128'b00000000000000000000000000000000000000000000000000000000000000000000000000000000000000000000000000000000000000000000000000000000 
	Parameter P_LEN bound to: 8 - type: integer 
	Parameter P_LOCK bound to: 1 - type: integer 
	Parameter P_FAMILY bound to: rtl - type: string 
INFO: [Synth 8-6157] synthesizing module 'axi_crossbar_v2_1_22_crossbar_sasd' [e:/vivado_axidma3/uav_sar.srcs/sources_1/bd/uav_sar/ipshared/b68e/hdl/axi_crossbar_v2_1_vl_rfs.v:1240]
	Parameter C_FAMILY bound to: rtl - type: string 
	Parameter C_NUM_SLAVE_SLOTS bound to: 1 - type: integer 
	Parameter C_NUM_MASTER_SLOTS bound to: 4 - type: integer 
	Parameter C_NUM_ADDR_RANGES bound to: 1 - type: integer 
	Parameter C_AXI_ID_WIDTH bound to: 1 - type: integer 
	Parameter C_AXI_ADDR_WIDTH bound to: 40 - type: integer 
	Parameter C_AXI_DATA_WIDTH bound to: 64 - type: integer 
	Parameter C_AXI_PROTOCOL bound to: 2 - type: integer 
	Parameter C_M_AXI_BASE_ADDR bound to: 256'b0000000000000000000000000000000010000000000000100000000000000000000000000000000000000000000000001000000000000011000000000000000000000000000000000000000000000000100000000000000000000000000000000000000000000000000000000000000010000000000000010000000000000000 
	Parameter C_M_AXI_HIGH_ADDR bound to: 256'b0000000000000000000000000000000010000000000000101111111111111111000000000000000000000000000000001000000000000011111111111111111100000000000000000000000000000000100000000000000011111111111111110000000000000000000000000000000010000000000000011111111111111111 
	Parameter C_S_AXI_BASE_ID bound to: 64'b0000000000000000000000000000000000000000000000000000000000000000 
	Parameter C_S_AXI_HIGH_ID bound to: 64'b0000000000000000000000000000000000000000000000000000000000000001 
	Parameter C_AXI_SUPPORTS_USER_SIGNALS bound to: 0 - type: integer 
	Parameter C_AXI_AWUSER_WIDTH bound to: 1 - type: integer 
	Parameter C_AXI_ARUSER_WIDTH bound to: 1 - type: integer 
	Parameter C_AXI_WUSER_WIDTH bound to: 1 - type: integer 
	Parameter C_AXI_RUSER_WIDTH bound to: 1 - type: integer 
	Parameter C_AXI_BUSER_WIDTH bound to: 1 - type: integer 
	Parameter C_S_AXI_SUPPORTS_WRITE bound to: 1'b1 
	Parameter C_S_AXI_SUPPORTS_READ bound to: 1'b1 
	Parameter C_M_AXI_SUPPORTS_WRITE bound to: 4'b1111 
	Parameter C_M_AXI_SUPPORTS_READ bound to: 4'b1111 
	Parameter C_S_AXI_ARB_PRIORITY bound to: 0 - type: integer 
	Parameter C_M_AXI_SECURE bound to: 128'b00000000000000000000000000000000000000000000000000000000000000000000000000000000000000000000000000000000000000000000000000000000 
	Parameter C_M_AXI_ERR_MODE bound to: 128'b00000000000000000000000000000000000000000000000000000000000000000000000000000000000000000000000000000000000000000000000000000000 
	Parameter C_R_REGISTER bound to: 1 - type: integer 
	Parameter C_RANGE_CHECK bound to: 1 - type: integer 
	Parameter C_ADDR_DECODE bound to: 1 - type: integer 
	Parameter C_DEBUG bound to: 1 - type: integer 
	Parameter P_AXI4 bound to: 0 - type: integer 
	Parameter P_AXI3 bound to: 1 - type: integer 
	Parameter P_AXILITE bound to: 2 - type: integer 
	Parameter P_NUM_MASTER_SLOTS_DE bound to: 5 - type: integer 
	Parameter P_NUM_MASTER_SLOTS_LOG bound to: 2 - type: integer 
	Parameter P_NUM_MASTER_SLOTS_DE_LOG bound to: 3 - type: integer 
	Parameter P_NUM_SLAVE_SLOTS_LOG bound to: 1 - type: integer 
	Parameter P_AXI_AUSER_WIDTH bound to: 1 - type: integer 
	Parameter P_AXI_WID_WIDTH bound to: 1 - type: integer 
	Parameter P_AMESG_WIDTH bound to: 72 - type: integer 
	Parameter P_BMESG_WIDTH bound to: 3 - type: integer 
	Parameter P_RMESG_WIDTH bound to: 68 - type: integer 
	Parameter P_WMESG_WIDTH bound to: 75 - type: integer 
	Parameter P_AXILITE_ERRMODE bound to: 1 - type: integer 
	Parameter P_NONSECURE_BIT bound to: 1 - type: integer 
	Parameter P_M_SECURE_MASK bound to: 4'b0000 
	Parameter P_M_AXILITE_MASK bound to: 4'b0000 
	Parameter P_FIXED bound to: 2'b00 
	Parameter P_BYPASS bound to: 0 - type: integer 
	Parameter P_LIGHTWT bound to: 7 - type: integer 
	Parameter P_FULLY_REG bound to: 1 - type: integer 
	Parameter P_R_REG_CONFIG bound to: 1 - type: integer 
	Parameter P_DECERR bound to: 2'b11 
INFO: [Synth 8-6157] synthesizing module 'axi_crossbar_v2_1_22_addr_decoder' [e:/vivado_axidma3/uav_sar.srcs/sources_1/bd/uav_sar/ipshared/b68e/hdl/axi_crossbar_v2_1_vl_rfs.v:794]
	Parameter C_FAMILY bound to: rtl - type: string 
	Parameter C_NUM_TARGETS bound to: 4 - type: integer 
	Parameter C_NUM_TARGETS_LOG bound to: 2 - type: integer 
	Parameter C_NUM_RANGES bound to: 1 - type: integer 
	Parameter C_ADDR_WIDTH bound to: 40 - type: integer 
	Parameter C_TARGET_ENC bound to: 1 - type: integer 
	Parameter C_TARGET_HOT bound to: 1 - type: integer 
	Parameter C_REGION_ENC bound to: 1 - type: integer 
	Parameter C_BASE_ADDR bound to: 256'b0000000000000000000000000000000010000000000000100000000000000000000000000000000000000000000000001000000000000011000000000000000000000000000000000000000000000000100000000000000000000000000000000000000000000000000000000000000010000000000000010000000000000000 
	Parameter C_HIGH_ADDR bound to: 256'b0000000000000000000000000000000010000000000000101111111111111111000000000000000000000000000000001000000000000011111111111111111100000000000000000000000000000000100000000000000011111111111111110000000000000000000000000000000010000000000000011111111111111111 
	Parameter C_TARGET_QUAL bound to: 5'b01111 
	Parameter C_RESOLUTION bound to: 2 - type: integer 
	Parameter C_COMPARATOR_THRESHOLD bound to: 6 - type: integer 
INFO: [Synth 8-6157] synthesizing module 'generic_baseblocks_v2_1_0_comparator_static' [e:/vivado_axidma3/uav_sar.srcs/sources_1/bd/uav_sar/ipshared/b752/hdl/generic_baseblocks_v2_1_vl_rfs.v:2133]
	Parameter C_FAMILY bound to: rtl - type: string 
	Parameter C_VALUE bound to: 38'b00000000100000000000000100000000000000 
	Parameter C_DATA_WIDTH bound to: 38 - type: integer 
	Parameter C_BITS_PER_LUT bound to: 6 - type: integer 
	Parameter C_NUM_LUT bound to: 7 - type: integer 
	Parameter C_FIX_DATA_WIDTH bound to: 42 - type: integer 
INFO: [Synth 8-6157] synthesizing module 'generic_baseblocks_v2_1_0_carry_and' [e:/vivado_axidma3/uav_sar.srcs/sources_1/bd/uav_sar/ipshared/b752/hdl/generic_baseblocks_v2_1_vl_rfs.v:62]
	Parameter C_FAMILY bound to: rtl - type: string 
INFO: [Synth 8-6155] done synthesizing module 'generic_baseblocks_v2_1_0_carry_and' (138#1) [e:/vivado_axidma3/uav_sar.srcs/sources_1/bd/uav_sar/ipshared/b752/hdl/generic_baseblocks_v2_1_vl_rfs.v:62]
INFO: [Synth 8-6155] done synthesizing module 'generic_baseblocks_v2_1_0_comparator_static' (139#1) [e:/vivado_axidma3/uav_sar.srcs/sources_1/bd/uav_sar/ipshared/b752/hdl/generic_baseblocks_v2_1_vl_rfs.v:2133]
INFO: [Synth 8-6157] synthesizing module 'generic_baseblocks_v2_1_0_comparator_static__parameterized0' [e:/vivado_axidma3/uav_sar.srcs/sources_1/bd/uav_sar/ipshared/b752/hdl/generic_baseblocks_v2_1_vl_rfs.v:2133]
	Parameter C_FAMILY bound to: rtl - type: string 
	Parameter C_VALUE bound to: 38'b00000000100000000000000000000000000000 
	Parameter C_DATA_WIDTH bound to: 38 - type: integer 
	Parameter C_BITS_PER_LUT bound to: 6 - type: integer 
	Parameter C_NUM_LUT bound to: 7 - type: integer 
	Parameter C_FIX_DATA_WIDTH bound to: 42 - type: integer 
INFO: [Synth 8-6155] done synthesizing module 'generic_baseblocks_v2_1_0_comparator_static__parameterized0' (139#1) [e:/vivado_axidma3/uav_sar.srcs/sources_1/bd/uav_sar/ipshared/b752/hdl/generic_baseblocks_v2_1_vl_rfs.v:2133]
INFO: [Synth 8-6157] synthesizing module 'generic_baseblocks_v2_1_0_comparator_static__parameterized1' [e:/vivado_axidma3/uav_sar.srcs/sources_1/bd/uav_sar/ipshared/b752/hdl/generic_baseblocks_v2_1_vl_rfs.v:2133]
INFO: [Common 17-14] Message 'Synth 8-6157' appears 100 times and further instances of the messages will be disabled. Use the Tcl command set_msg_config to change the current settings.
	Parameter C_FAMILY bound to: rtl - type: string 
	Parameter C_VALUE bound to: 38'b00000000100000000000001100000000000000 
	Parameter C_DATA_WIDTH bound to: 38 - type: integer 
	Parameter C_BITS_PER_LUT bound to: 6 - type: integer 
	Parameter C_NUM_LUT bound to: 7 - type: integer 
	Parameter C_FIX_DATA_WIDTH bound to: 42 - type: integer 
INFO: [Synth 8-6155] done synthesizing module 'generic_baseblocks_v2_1_0_comparator_static__parameterized1' (139#1) [e:/vivado_axidma3/uav_sar.srcs/sources_1/bd/uav_sar/ipshared/b752/hdl/generic_baseblocks_v2_1_vl_rfs.v:2133]
	Parameter C_FAMILY bound to: rtl - type: string 
	Parameter C_VALUE bound to: 38'b00000000100000000000001000000000000000 
	Parameter C_DATA_WIDTH bound to: 38 - type: integer 
	Parameter C_BITS_PER_LUT bound to: 6 - type: integer 
	Parameter C_NUM_LUT bound to: 7 - type: integer 
	Parameter C_FIX_DATA_WIDTH bound to: 42 - type: integer 
INFO: [Synth 8-6155] done synthesizing module 'generic_baseblocks_v2_1_0_comparator_static__parameterized2' (139#1) [e:/vivado_axidma3/uav_sar.srcs/sources_1/bd/uav_sar/ipshared/b752/hdl/generic_baseblocks_v2_1_vl_rfs.v:2133]
INFO: [Synth 8-6155] done synthesizing module 'axi_crossbar_v2_1_22_addr_decoder' (140#1) [e:/vivado_axidma3/uav_sar.srcs/sources_1/bd/uav_sar/ipshared/b68e/hdl/axi_crossbar_v2_1_vl_rfs.v:794]
	Parameter C_AXI_ID_WIDTH bound to: 1 - type: integer 
	Parameter C_AXI_DATA_WIDTH bound to: 64 - type: integer 
	Parameter C_AXI_BUSER_WIDTH bound to: 1 - type: integer 
	Parameter C_AXI_RUSER_WIDTH bound to: 1 - type: integer 
	Parameter C_AXI_PROTOCOL bound to: 2 - type: integer 
	Parameter C_RESP bound to: 3 - type: integer 
	Parameter P_WRITE_IDLE bound to: 2'b00 
	Parameter P_WRITE_DATA bound to: 2'b01 
	Parameter P_WRITE_RESP bound to: 2'b10 
	Parameter P_READ_IDLE bound to: 1'b0 
	Parameter P_READ_DATA bound to: 1'b1 
	Parameter P_AXI4 bound to: 0 - type: integer 
	Parameter P_AXI3 bound to: 1 - type: integer 
	Parameter P_AXILITE bound to: 2 - type: integer 
INFO: [Synth 8-6155] done synthesizing module 'axi_crossbar_v2_1_22_decerr_slave' (141#1) [e:/vivado_axidma3/uav_sar.srcs/sources_1/bd/uav_sar/ipshared/b68e/hdl/axi_crossbar_v2_1_vl_rfs.v:3501]
	Parameter C_FAMILY bound to: rtl - type: string 
	Parameter C_NUM_S bound to: 1 - type: integer 
	Parameter C_NUM_S_LOG bound to: 1 - type: integer 
	Parameter C_AMESG_WIDTH bound to: 72 - type: integer 
	Parameter C_GRANT_ENC bound to: 1 - type: integer 
	Parameter C_ARB_PRIORITY bound to: 0 - type: integer 
	Parameter P_PRIO_MASK bound to: 1'b0 
INFO: [Synth 8-6155] done synthesizing module 'axi_crossbar_v2_1_22_addr_arbiter_sasd' (142#1) [e:/vivado_axidma3/uav_sar.srcs/sources_1/bd/uav_sar/ipshared/b68e/hdl/axi_crossbar_v2_1_vl_rfs.v:65]
	Parameter C_NUM_M bound to: 3 - type: integer 
INFO: [Synth 8-6155] done synthesizing module 'axi_crossbar_v2_1_22_splitter' (143#1) [e:/vivado_axidma3/uav_sar.srcs/sources_1/bd/uav_sar/ipshared/b68e/hdl/axi_crossbar_v2_1_vl_rfs.v:4461]
	Parameter C_NUM_M bound to: 2 - type: integer 
INFO: [Synth 8-6155] done synthesizing module 'axi_crossbar_v2_1_22_splitter__parameterized0' (143#1) [e:/vivado_axidma3/uav_sar.srcs/sources_1/bd/uav_sar/ipshared/b68e/hdl/axi_crossbar_v2_1_vl_rfs.v:4461]
	Parameter C_FAMILY bound to: rtl - type: string 
	Parameter C_RATIO bound to: 5 - type: integer 
	Parameter C_SEL_WIDTH bound to: 3 - type: integer 
	Parameter C_DATA_WIDTH bound to: 1 - type: integer 
INFO: [Synth 8-6155] done synthesizing module 'generic_baseblocks_v2_1_0_mux_enc' (144#1) [e:/vivado_axidma3/uav_sar.srcs/sources_1/bd/uav_sar/ipshared/b752/hdl/generic_baseblocks_v2_1_vl_rfs.v:2452]
INFO: [Common 17-14] Message 'Synth 8-6155' appears 100 times and further instances of the messages will be disabled. Use the Tcl command set_msg_config to change the current settings.
	Parameter C_FAMILY bound to: rtl - type: string 
	Parameter C_RATIO bound to: 1 - type: integer 
	Parameter C_SEL_WIDTH bound to: 1 - type: integer 
	Parameter C_DATA_WIDTH bound to: 1 - type: integer 
	Parameter C_FAMILY bound to: rtl - type: string 
	Parameter C_RATIO bound to: 5 - type: integer 
	Parameter C_SEL_WIDTH bound to: 3 - type: integer 
	Parameter C_DATA_WIDTH bound to: 68 - type: integer 
	Parameter C_FAMILY bound to: rtl - type: string 
	Parameter C_DATA_WIDTH bound to: 68 - type: integer 
	Parameter C_REG_CONFIG bound to: 1 - type: integer 
	Parameter C_FAMILY bound to: rtl - type: string 
	Parameter C_RATIO bound to: 5 - type: integer 
	Parameter C_SEL_WIDTH bound to: 3 - type: integer 
	Parameter C_DATA_WIDTH bound to: 3 - type: integer 
	Parameter C_FAMILY bound to: zynquplus - type: string 
	Parameter C_AXI_PROTOCOL bound to: 0 - type: integer 
	Parameter C_S_AXI_ID_WIDTH bound to: 1 - type: integer 
	Parameter C_SUPPORTS_ID bound to: 0 - type: integer 
	Parameter C_AXI_ADDR_WIDTH bound to: 64 - type: integer 
	Parameter C_S_AXI_DATA_WIDTH bound to: 32 - type: integer 
	Parameter C_M_AXI_DATA_WIDTH bound to: 128 - type: integer 
	Parameter C_AXI_SUPPORTS_WRITE bound to: 1 - type: integer 
	Parameter C_AXI_SUPPORTS_READ bound to: 0 - type: integer 
	Parameter C_FIFO_MODE bound to: 0 - type: integer 
	Parameter C_S_AXI_ACLK_RATIO bound to: 1 - type: integer 
	Parameter C_M_AXI_ACLK_RATIO bound to: 2 - type: integer 
	Parameter C_AXI_IS_ACLK_ASYNC bound to: 0 - type: integer 
	Parameter C_MAX_SPLIT_BEATS bound to: 16 - type: integer 
	Parameter C_PACKING_LEVEL bound to: 1 - type: integer 
	Parameter C_SYNCHRONIZER_STAGE bound to: 3 - type: integer 
	Parameter C_S_AXI_BYTES_LOG bound to: 2 - type: integer 
	Parameter C_M_AXI_BYTES_LOG bound to: 4 - type: integer 
	Parameter C_RATIO bound to: 0 - type: integer 
	Parameter C_RATIO_LOG bound to: 0 - type: integer 
	Parameter P_AXI4 bound to: 0 - type: integer 
	Parameter P_AXI3 bound to: 1 - type: integer 
	Parameter P_AXILITE bound to: 2 - type: integer 
	Parameter P_CONVERSION bound to: 2 - type: integer 
	Parameter P_MAX_SPLIT_BEATS bound to: 16 - type: integer 
	Parameter C_FAMILY bound to: zynquplus - type: string 
	Parameter C_AXI_PROTOCOL bound to: 0 - type: integer 
	Parameter C_S_AXI_ID_WIDTH bound to: 1 - type: integer 
	Parameter C_SUPPORTS_ID bound to: 0 - type: integer 
	Parameter C_AXI_ADDR_WIDTH bound to: 64 - type: integer 
	Parameter C_S_AXI_DATA_WIDTH bound to: 32 - type: integer 
	Parameter C_M_AXI_DATA_WIDTH bound to: 128 - type: integer 
	Parameter C_AXI_SUPPORTS_WRITE bound to: 1 - type: integer 
	Parameter C_AXI_SUPPORTS_READ bound to: 0 - type: integer 
	Parameter C_FIFO_MODE bound to: 0 - type: integer 
	Parameter C_S_AXI_ACLK_RATIO bound to: 1 - type: integer 
	Parameter C_M_AXI_ACLK_RATIO bound to: 2 - type: integer 
	Parameter C_AXI_IS_ACLK_ASYNC bound to: 0 - type: integer 
	Parameter C_PACKING_LEVEL bound to: 1 - type: integer 
	Parameter C_SYNCHRONIZER_STAGE bound to: 3 - type: integer 
	Parameter C_S_AXI_BYTES_LOG bound to: 2 - type: integer 
	Parameter C_M_AXI_BYTES_LOG bound to: 4 - type: integer 
	Parameter C_RATIO bound to: 4 - type: integer 
	Parameter C_RATIO_LOG bound to: 2 - type: integer 
	Parameter P_BYPASS bound to: 0 - type: integer 
	Parameter P_LIGHTWT bound to: 7 - type: integer 
	Parameter P_FWD_REV bound to: 1 - type: integer 
	Parameter P_CONV_LIGHT_WT bound to: 0 - type: integer 
	Parameter P_AXI4 bound to: 0 - type: integer 
	Parameter C_FIFO_DEPTH_LOG bound to: 5 - type: integer 
	Parameter P_SI_LT_MI bound to: 1'b1 
	Parameter P_ACLK_RATIO bound to: 2 - type: integer 
	Parameter P_NO_FIFO bound to: 0 - type: integer 
	Parameter P_PKTFIFO bound to: 1 - type: integer 
	Parameter P_PKTFIFO_CLK bound to: 2 - type: integer 
	Parameter P_DATAFIFO bound to: 3 - type: integer 
	Parameter P_DATAFIFO_CLK bound to: 4 - type: integer 
	Parameter P_CLK_CONV bound to: 1'b0 
	Parameter C_M_AXI_AW_REGISTER bound to: 0 - type: integer 
	Parameter C_M_AXI_W_REGISTER bound to: 1 - type: integer 
	Parameter C_M_AXI_AR_REGISTER bound to: 0 - type: integer 
	Parameter C_S_AXI_R_REGISTER bound to: 0 - type: integer 
	Parameter C_M_AXI_R_REGISTER bound to: 1 - type: integer 
	Parameter P_RID_QUEUE bound to: 0 - type: integer 
	Parameter C_FAMILY bound to: rtl - type: string 
	Parameter C_S_AXI_DATA_WIDTH bound to: 32 - type: integer 
	Parameter C_M_AXI_DATA_WIDTH bound to: 128 - type: integer 
	Parameter C_M_AXI_REGISTER bound to: 1 - type: integer 
	Parameter C_PACKING_LEVEL bound to: 1 - type: integer 
	Parameter C_S_AXI_BYTES_LOG bound to: 2 - type: integer 
	Parameter C_M_AXI_BYTES_LOG bound to: 4 - type: integer 
	Parameter C_RATIO bound to: 4 - type: integer 
	Parameter C_RATIO_LOG bound to: 2 - type: integer 
	Parameter C_NEVER_PACK bound to: 0 - type: integer 
	Parameter C_DEFAULT_PACK bound to: 1 - type: integer 
	Parameter C_ALWAYS_PACK bound to: 2 - type: integer 
	Parameter C_FAMILY bound to: rtl - type: string 
	Parameter C_AXI_PROTOCOL bound to: 0 - type: integer 
	Parameter C_AXI_ID_WIDTH bound to: 1 - type: integer 
	Parameter C_SUPPORTS_ID bound to: 0 - type: integer 
	Parameter C_AXI_ADDR_WIDTH bound to: 64 - type: integer 
	Parameter C_S_AXI_DATA_WIDTH bound to: 32 - type: integer 
	Parameter C_M_AXI_DATA_WIDTH bound to: 128 - type: integer 
	Parameter C_M_AXI_REGISTER bound to: 0 - type: integer 
	Parameter C_AXI_CHANNEL bound to: 0 - type: integer 
	Parameter C_PACKING_LEVEL bound to: 1 - type: integer 
	Parameter C_FIFO_MODE bound to: 0 - type: integer 
	Parameter C_ID_QUEUE bound to: 0 - type: integer 
	Parameter C_S_AXI_BYTES_LOG bound to: 2 - type: integer 
	Parameter C_M_AXI_BYTES_LOG bound to: 4 - type: integer 
	Parameter C_S_AXI_NATIVE_SIZE bound to: 3'b010 
	Parameter C_M_AXI_NATIVE_SIZE bound to: 3'b100 
	Parameter C_DOUBLE_LEN bound to: 24'b000000000000000011111111 
	Parameter C_FIX_BURST bound to: 2'b00 
	Parameter C_INCR_BURST bound to: 2'b01 
	Parameter C_WRAP_BURST bound to: 2'b10 
	Parameter C_NEVER_PACK bound to: 0 - type: integer 
	Parameter C_DEFAULT_PACK bound to: 1 - type: integer 
	Parameter C_ALWAYS_PACK bound to: 2 - type: integer 
	Parameter C_FIFO_DEPTH_LOG bound to: 5 - type: integer 
	Parameter C_BURST_BYTES_LOG bound to: 6 - type: integer 
	Parameter C_SI_UNUSED_LOG bound to: 62 - type: integer 
	Parameter C_MI_UNUSED_LOG bound to: 60 - type: integer 
	Parameter C_FAMILY bound to: rtl - type: string 
	Parameter C_ENABLE_S_VALID_CARRY bound to: 1 - type: integer 
	Parameter C_ENABLE_REGISTERED_OUTPUT bound to: 1 - type: integer 
	Parameter C_FIFO_DEPTH_LOG bound to: 5 - type: integer 
	Parameter C_FIFO_WIDTH bound to: 35 - type: integer 
	Parameter C_FAMILY bound to: zynquplus - type: string 
	Parameter C_AXI_PROTOCOL bound to: 0 - type: integer 
	Parameter C_AXI_ID_WIDTH bound to: 1 - type: integer 
	Parameter C_AXI_ADDR_WIDTH bound to: 64 - type: integer 
	Parameter C_AXI_DATA_WIDTH bound to: 32 - type: integer 
	Parameter C_AXI_SUPPORTS_USER_SIGNALS bound to: 0 - type: integer 
	Parameter C_AXI_AWUSER_WIDTH bound to: 1 - type: integer 
	Parameter C_AXI_ARUSER_WIDTH bound to: 1 - type: integer 
	Parameter C_AXI_WUSER_WIDTH bound to: 1 - type: integer 
	Parameter C_AXI_RUSER_WIDTH bound to: 1 - type: integer 
	Parameter C_AXI_BUSER_WIDTH bound to: 1 - type: integer 
	Parameter C_REG_CONFIG_AW bound to: 7 - type: integer 
	Parameter C_REG_CONFIG_W bound to: 1 - type: integer 
	Parameter C_REG_CONFIG_B bound to: 7 - type: integer 
	Parameter C_REG_CONFIG_AR bound to: 0 - type: integer 
	Parameter C_REG_CONFIG_R bound to: 1 - type: integer 
	Parameter C_RESERVE_MODE bound to: 0 - type: integer 
	Parameter C_NUM_SLR_CROSSINGS bound to: 0 - type: integer 
	Parameter C_PIPELINES_MASTER_AW bound to: 0 - type: integer 
	Parameter C_PIPELINES_MASTER_W bound to: 0 - type: integer 
	Parameter C_PIPELINES_MASTER_B bound to: 0 - type: integer 
	Parameter C_PIPELINES_MASTER_AR bound to: 0 - type: integer 
	Parameter C_PIPELINES_MASTER_R bound to: 0 - type: integer 
	Parameter C_PIPELINES_SLAVE_AW bound to: 0 - type: integer 
	Parameter C_PIPELINES_SLAVE_W bound to: 0 - type: integer 
	Parameter C_PIPELINES_SLAVE_B bound to: 0 - type: integer 
	Parameter C_PIPELINES_SLAVE_AR bound to: 0 - type: integer 
	Parameter C_PIPELINES_SLAVE_R bound to: 0 - type: integer 
	Parameter C_PIPELINES_MIDDLE_AW bound to: 0 - type: integer 
	Parameter C_PIPELINES_MIDDLE_W bound to: 0 - type: integer 
	Parameter C_PIPELINES_MIDDLE_B bound to: 0 - type: integer 
	Parameter C_PIPELINES_MIDDLE_AR bound to: 0 - type: integer 
	Parameter C_PIPELINES_MIDDLE_R bound to: 0 - type: integer 
	Parameter C_AXI_SUPPORTS_REGION_SIGNALS bound to: 1 - type: integer 
	Parameter P_FORWARD bound to: 0 - type: integer 
	Parameter P_RESPONSE bound to: 1 - type: integer 
	Parameter G_AXI_AWADDR_INDEX bound to: 0 - type: integer 
	Parameter G_AXI_AWADDR_WIDTH bound to: 64 - type: integer 
	Parameter G_AXI_AWPROT_INDEX bound to: 64 - type: integer 
	Parameter G_AXI_AWPROT_WIDTH bound to: 3 - type: integer 
	Parameter G_AXI_AWSIZE_INDEX bound to: 67 - type: integer 
	Parameter G_AXI_AWSIZE_WIDTH bound to: 3 - type: integer 
	Parameter G_AXI_AWBURST_INDEX bound to: 70 - type: integer 
	Parameter G_AXI_AWBURST_WIDTH bound to: 2 - type: integer 
	Parameter G_AXI_AWCACHE_INDEX bound to: 72 - type: integer 
	Parameter G_AXI_AWCACHE_WIDTH bound to: 4 - type: integer 
	Parameter G_AXI_AWLEN_INDEX bound to: 76 - type: integer 
	Parameter G_AXI_AWLEN_WIDTH bound to: 8 - type: integer 
	Parameter G_AXI_AWLOCK_INDEX bound to: 84 - type: integer 
	Parameter G_AXI_AWLOCK_WIDTH bound to: 1 - type: integer 
	Parameter G_AXI_AWID_INDEX bound to: 85 - type: integer 
	Parameter G_AXI_AWID_WIDTH bound to: 1 - type: integer 
	Parameter G_AXI_AWQOS_INDEX bound to: 86 - type: integer 
	Parameter G_AXI_AWQOS_WIDTH bound to: 4 - type: integer 
	Parameter G_AXI_AWREGION_INDEX bound to: 90 - type: integer 
	Parameter G_AXI_AWREGION_WIDTH bound to: 4 - type: integer 
	Parameter G_AXI_AWUSER_INDEX bound to: 94 - type: integer 
	Parameter G_AXI_AWUSER_WIDTH bound to: 0 - type: integer 
	Parameter G_AXI_AWPAYLOAD_WIDTH bound to: 94 - type: integer 
	Parameter G_AXI_ARADDR_INDEX bound to: 0 - type: integer 
	Parameter G_AXI_ARADDR_WIDTH bound to: 64 - type: integer 
	Parameter G_AXI_ARPROT_INDEX bound to: 64 - type: integer 
	Parameter G_AXI_ARPROT_WIDTH bound to: 3 - type: integer 
	Parameter G_AXI_ARSIZE_INDEX bound to: 67 - type: integer 
	Parameter G_AXI_ARSIZE_WIDTH bound to: 3 - type: integer 
	Parameter G_AXI_ARBURST_INDEX bound to: 70 - type: integer 
	Parameter G_AXI_ARBURST_WIDTH bound to: 2 - type: integer 
	Parameter G_AXI_ARCACHE_INDEX bound to: 72 - type: integer 
	Parameter G_AXI_ARCACHE_WIDTH bound to: 4 - type: integer 
	Parameter G_AXI_ARLEN_INDEX bound to: 76 - type: integer 
	Parameter G_AXI_ARLEN_WIDTH bound to: 8 - type: integer 
	Parameter G_AXI_ARLOCK_INDEX bound to: 84 - type: integer 
	Parameter G_AXI_ARLOCK_WIDTH bound to: 1 - type: integer 
	Parameter G_AXI_ARID_INDEX bound to: 85 - type: integer 
	Parameter G_AXI_ARID_WIDTH bound to: 1 - type: integer 
	Parameter G_AXI_ARQOS_INDEX bound to: 86 - type: integer 
	Parameter G_AXI_ARQOS_WIDTH bound to: 4 - type: integer 
	Parameter G_AXI_ARREGION_INDEX bound to: 90 - type: integer 
	Parameter G_AXI_ARREGION_WIDTH bound to: 4 - type: integer 
	Parameter G_AXI_ARUSER_INDEX bound to: 94 - type: integer 
	Parameter G_AXI_ARUSER_WIDTH bound to: 0 - type: integer 
	Parameter G_AXI_ARPAYLOAD_WIDTH bound to: 94 - type: integer 
	Parameter G_AXI_WDATA_INDEX bound to: 0 - type: integer 
	Parameter G_AXI_WDATA_WIDTH bound to: 32 - type: integer 
	Parameter G_AXI_WSTRB_INDEX bound to: 32 - type: integer 
	Parameter G_AXI_WSTRB_WIDTH bound to: 4 - type: integer 
	Parameter G_AXI_WLAST_INDEX bound to: 36 - type: integer 
	Parameter G_AXI_WLAST_WIDTH bound to: 1 - type: integer 
	Parameter G_AXI_WID_INDEX bound to: 37 - type: integer 
	Parameter G_AXI_WID_WIDTH bound to: 0 - type: integer 
	Parameter G_AXI_WUSER_INDEX bound to: 37 - type: integer 
	Parameter G_AXI_WUSER_WIDTH bound to: 0 - type: integer 
	Parameter G_AXI_WPAYLOAD_WIDTH bound to: 37 - type: integer 
	Parameter G_AXI_BRESP_INDEX bound to: 0 - type: integer 
	Parameter G_AXI_BRESP_WIDTH bound to: 2 - type: integer 
	Parameter G_AXI_BID_INDEX bound to: 2 - type: integer 
	Parameter G_AXI_BID_WIDTH bound to: 1 - type: integer 
	Parameter G_AXI_BUSER_INDEX bound to: 3 - type: integer 
	Parameter G_AXI_BUSER_WIDTH bound to: 0 - type: integer 
	Parameter G_AXI_BPAYLOAD_WIDTH bound to: 3 - type: integer 
	Parameter G_AXI_RDATA_INDEX bound to: 0 - type: integer 
	Parameter G_AXI_RDATA_WIDTH bound to: 32 - type: integer 
	Parameter G_AXI_RRESP_INDEX bound to: 32 - type: integer 
	Parameter G_AXI_RRESP_WIDTH bound to: 2 - type: integer 
	Parameter G_AXI_RLAST_INDEX bound to: 34 - type: integer 
	Parameter G_AXI_RLAST_WIDTH bound to: 1 - type: integer 
	Parameter G_AXI_RID_INDEX bound to: 35 - type: integer 
	Parameter G_AXI_RID_WIDTH bound to: 1 - type: integer 
	Parameter G_AXI_RUSER_INDEX bound to: 36 - type: integer 
	Parameter G_AXI_RUSER_WIDTH bound to: 0 - type: integer 
	Parameter G_AXI_RPAYLOAD_WIDTH bound to: 36 - type: integer 
	Parameter C_AXI_PROTOCOL bound to: 0 - type: integer 
	Parameter C_AXI_ID_WIDTH bound to: 1 - type: integer 
	Parameter C_AXI_ADDR_WIDTH bound to: 64 - type: integer 
	Parameter C_AXI_DATA_WIDTH bound to: 32 - type: integer 
	Parameter C_AXI_SUPPORTS_USER_SIGNALS bound to: 0 - type: integer 
	Parameter C_AXI_SUPPORTS_REGION_SIGNALS bound to: 1 - type: integer 
	Parameter C_AXI_AWUSER_WIDTH bound to: 1 - type: integer 
	Parameter C_AXI_WUSER_WIDTH bound to: 1 - type: integer 
	Parameter C_AXI_BUSER_WIDTH bound to: 1 - type: integer 
	Parameter C_AXI_ARUSER_WIDTH bound to: 1 - type: integer 
	Parameter C_AXI_RUSER_WIDTH bound to: 1 - type: integer 
	Parameter C_AWPAYLOAD_WIDTH bound to: 94 - type: integer 
	Parameter C_WPAYLOAD_WIDTH bound to: 37 - type: integer 
	Parameter C_BPAYLOAD_WIDTH bound to: 3 - type: integer 
	Parameter C_ARPAYLOAD_WIDTH bound to: 94 - type: integer 
	Parameter C_RPAYLOAD_WIDTH bound to: 36 - type: integer 
	Parameter G_AXI_AWADDR_INDEX bound to: 0 - type: integer 
	Parameter G_AXI_AWADDR_WIDTH bound to: 64 - type: integer 
	Parameter G_AXI_AWPROT_INDEX bound to: 64 - type: integer 
	Parameter G_AXI_AWPROT_WIDTH bound to: 3 - type: integer 
	Parameter G_AXI_AWSIZE_INDEX bound to: 67 - type: integer 
	Parameter G_AXI_AWSIZE_WIDTH bound to: 3 - type: integer 
	Parameter G_AXI_AWBURST_INDEX bound to: 70 - type: integer 
	Parameter G_AXI_AWBURST_WIDTH bound to: 2 - type: integer 
	Parameter G_AXI_AWCACHE_INDEX bound to: 72 - type: integer 
	Parameter G_AXI_AWCACHE_WIDTH bound to: 4 - type: integer 
	Parameter G_AXI_AWLEN_INDEX bound to: 76 - type: integer 
	Parameter G_AXI_AWLEN_WIDTH bound to: 8 - type: integer 
	Parameter G_AXI_AWLOCK_INDEX bound to: 84 - type: integer 
	Parameter G_AXI_AWLOCK_WIDTH bound to: 1 - type: integer 
	Parameter G_AXI_AWID_INDEX bound to: 85 - type: integer 
	Parameter G_AXI_AWID_WIDTH bound to: 1 - type: integer 
	Parameter G_AXI_AWQOS_INDEX bound to: 86 - type: integer 
	Parameter G_AXI_AWQOS_WIDTH bound to: 4 - type: integer 
	Parameter G_AXI_AWREGION_INDEX bound to: 90 - type: integer 
	Parameter G_AXI_AWREGION_WIDTH bound to: 4 - type: integer 
	Parameter G_AXI_AWUSER_INDEX bound to: 94 - type: integer 
	Parameter G_AXI_AWUSER_WIDTH bound to: 0 - type: integer 
	Parameter G_AXI_AWPAYLOAD_WIDTH bound to: 94 - type: integer 
	Parameter G_AXI_ARADDR_INDEX bound to: 0 - type: integer 
	Parameter G_AXI_ARADDR_WIDTH bound to: 64 - type: integer 
	Parameter G_AXI_ARPROT_INDEX bound to: 64 - type: integer 
	Parameter G_AXI_ARPROT_WIDTH bound to: 3 - type: integer 
	Parameter G_AXI_ARSIZE_INDEX bound to: 67 - type: integer 
	Parameter G_AXI_ARSIZE_WIDTH bound to: 3 - type: integer 
	Parameter G_AXI_ARBURST_INDEX bound to: 70 - type: integer 
	Parameter G_AXI_ARBURST_WIDTH bound to: 2 - type: integer 
	Parameter G_AXI_ARCACHE_INDEX bound to: 72 - type: integer 
	Parameter G_AXI_ARCACHE_WIDTH bound to: 4 - type: integer 
	Parameter G_AXI_ARLEN_INDEX bound to: 76 - type: integer 
	Parameter G_AXI_ARLEN_WIDTH bound to: 8 - type: integer 
	Parameter G_AXI_ARLOCK_INDEX bound to: 84 - type: integer 
	Parameter G_AXI_ARLOCK_WIDTH bound to: 1 - type: integer 
	Parameter G_AXI_ARID_INDEX bound to: 85 - type: integer 
	Parameter G_AXI_ARID_WIDTH bound to: 1 - type: integer 
	Parameter G_AXI_ARQOS_INDEX bound to: 86 - type: integer 
	Parameter G_AXI_ARQOS_WIDTH bound to: 4 - type: integer 
	Parameter G_AXI_ARREGION_INDEX bound to: 90 - type: integer 
	Parameter G_AXI_ARREGION_WIDTH bound to: 4 - type: integer 
	Parameter G_AXI_ARUSER_INDEX bound to: 94 - type: integer 
	Parameter G_AXI_ARUSER_WIDTH bound to: 0 - type: integer 
	Parameter G_AXI_ARPAYLOAD_WIDTH bound to: 94 - type: integer 
	Parameter G_AXI_WDATA_INDEX bound to: 0 - type: integer 
	Parameter G_AXI_WDATA_WIDTH bound to: 32 - type: integer 
	Parameter G_AXI_WSTRB_INDEX bound to: 32 - type: integer 
	Parameter G_AXI_WSTRB_WIDTH bound to: 4 - type: integer 
	Parameter G_AXI_WLAST_INDEX bound to: 36 - type: integer 
	Parameter G_AXI_WLAST_WIDTH bound to: 1 - type: integer 
	Parameter G_AXI_WID_INDEX bound to: 37 - type: integer 
	Parameter G_AXI_WID_WIDTH bound to: 0 - type: integer 
	Parameter G_AXI_WUSER_INDEX bound to: 37 - type: integer 
	Parameter G_AXI_WUSER_WIDTH bound to: 0 - type: integer 
	Parameter G_AXI_WPAYLOAD_WIDTH bound to: 37 - type: integer 
	Parameter G_AXI_BRESP_INDEX bound to: 0 - type: integer 
	Parameter G_AXI_BRESP_WIDTH bound to: 2 - type: integer 
	Parameter G_AXI_BID_INDEX bound to: 2 - type: integer 
	Parameter G_AXI_BID_WIDTH bound to: 1 - type: integer 
	Parameter G_AXI_BUSER_INDEX bound to: 3 - type: integer 
	Parameter G_AXI_BUSER_WIDTH bound to: 0 - type: integer 
	Parameter G_AXI_BPAYLOAD_WIDTH bound to: 3 - type: integer 
	Parameter G_AXI_RDATA_INDEX bound to: 0 - type: integer 
	Parameter G_AXI_RDATA_WIDTH bound to: 32 - type: integer 
	Parameter G_AXI_RRESP_INDEX bound to: 32 - type: integer 
	Parameter G_AXI_RRESP_WIDTH bound to: 2 - type: integer 
	Parameter G_AXI_RLAST_INDEX bound to: 34 - type: integer 
	Parameter G_AXI_RLAST_WIDTH bound to: 1 - type: integer 
	Parameter G_AXI_RID_INDEX bound to: 35 - type: integer 
	Parameter G_AXI_RID_WIDTH bound to: 1 - type: integer 
	Parameter G_AXI_RUSER_INDEX bound to: 36 - type: integer 
	Parameter G_AXI_RUSER_WIDTH bound to: 0 - type: integer 
	Parameter G_AXI_RPAYLOAD_WIDTH bound to: 36 - type: integer 
	Parameter C_AXI_PROTOCOL bound to: 0 - type: integer 
	Parameter C_AXI_ID_WIDTH bound to: 1 - type: integer 
	Parameter C_AXI_ADDR_WIDTH bound to: 64 - type: integer 
	Parameter C_AXI_DATA_WIDTH bound to: 32 - type: integer 
	Parameter C_AXI_SUPPORTS_USER_SIGNALS bound to: 0 - type: integer 
	Parameter C_AXI_SUPPORTS_REGION_SIGNALS bound to: 1 - type: integer 
	Parameter C_AXI_AWUSER_WIDTH bound to: 1 - type: integer 
	Parameter C_AXI_WUSER_WIDTH bound to: 1 - type: integer 
	Parameter C_AXI_BUSER_WIDTH bound to: 1 - type: integer 
	Parameter C_AXI_ARUSER_WIDTH bound to: 1 - type: integer 
	Parameter C_AXI_RUSER_WIDTH bound to: 1 - type: integer 
	Parameter C_AWPAYLOAD_WIDTH bound to: 94 - type: integer 
	Parameter C_WPAYLOAD_WIDTH bound to: 37 - type: integer 
	Parameter C_BPAYLOAD_WIDTH bound to: 3 - type: integer 
	Parameter C_ARPAYLOAD_WIDTH bound to: 94 - type: integer 
	Parameter C_RPAYLOAD_WIDTH bound to: 36 - type: integer 
	Parameter G_AXI_AWADDR_INDEX bound to: 0 - type: integer 
	Parameter G_AXI_AWADDR_WIDTH bound to: 64 - type: integer 
	Parameter G_AXI_AWPROT_INDEX bound to: 64 - type: integer 
	Parameter G_AXI_AWPROT_WIDTH bound to: 3 - type: integer 
	Parameter G_AXI_AWSIZE_INDEX bound to: 67 - type: integer 
	Parameter G_AXI_AWSIZE_WIDTH bound to: 3 - type: integer 
	Parameter G_AXI_AWBURST_INDEX bound to: 70 - type: integer 
	Parameter G_AXI_AWBURST_WIDTH bound to: 2 - type: integer 
	Parameter G_AXI_AWCACHE_INDEX bound to: 72 - type: integer 
	Parameter G_AXI_AWCACHE_WIDTH bound to: 4 - type: integer 
	Parameter G_AXI_AWLEN_INDEX bound to: 76 - type: integer 
	Parameter G_AXI_AWLEN_WIDTH bound to: 8 - type: integer 
	Parameter G_AXI_AWLOCK_INDEX bound to: 84 - type: integer 
	Parameter G_AXI_AWLOCK_WIDTH bound to: 1 - type: integer 
	Parameter G_AXI_AWID_INDEX bound to: 85 - type: integer 
	Parameter G_AXI_AWID_WIDTH bound to: 1 - type: integer 
	Parameter G_AXI_AWQOS_INDEX bound to: 86 - type: integer 
	Parameter G_AXI_AWQOS_WIDTH bound to: 4 - type: integer 
	Parameter G_AXI_AWREGION_INDEX bound to: 90 - type: integer 
	Parameter G_AXI_AWREGION_WIDTH bound to: 4 - type: integer 
	Parameter G_AXI_AWUSER_INDEX bound to: 94 - type: integer 
	Parameter G_AXI_AWUSER_WIDTH bound to: 0 - type: integer 
	Parameter G_AXI_AWPAYLOAD_WIDTH bound to: 94 - type: integer 
	Parameter G_AXI_ARADDR_INDEX bound to: 0 - type: integer 
	Parameter G_AXI_ARADDR_WIDTH bound to: 64 - type: integer 
	Parameter G_AXI_ARPROT_INDEX bound to: 64 - type: integer 
	Parameter G_AXI_ARPROT_WIDTH bound to: 3 - type: integer 
	Parameter G_AXI_ARSIZE_INDEX bound to: 67 - type: integer 
	Parameter G_AXI_ARSIZE_WIDTH bound to: 3 - type: integer 
	Parameter G_AXI_ARBURST_INDEX bound to: 70 - type: integer 
	Parameter G_AXI_ARBURST_WIDTH bound to: 2 - type: integer 
	Parameter G_AXI_ARCACHE_INDEX bound to: 72 - type: integer 
	Parameter G_AXI_ARCACHE_WIDTH bound to: 4 - type: integer 
	Parameter G_AXI_ARLEN_INDEX bound to: 76 - type: integer 
	Parameter G_AXI_ARLEN_WIDTH bound to: 8 - type: integer 
	Parameter G_AXI_ARLOCK_INDEX bound to: 84 - type: integer 
	Parameter G_AXI_ARLOCK_WIDTH bound to: 1 - type: integer 
	Parameter G_AXI_ARID_INDEX bound to: 85 - type: integer 
	Parameter G_AXI_ARID_WIDTH bound to: 1 - type: integer 
	Parameter G_AXI_ARQOS_INDEX bound to: 86 - type: integer 
	Parameter G_AXI_ARQOS_WIDTH bound to: 4 - type: integer 
	Parameter G_AXI_ARREGION_INDEX bound to: 90 - type: integer 
	Parameter G_AXI_ARREGION_WIDTH bound to: 4 - type: integer 
	Parameter G_AXI_ARUSER_INDEX bound to: 94 - type: integer 
	Parameter G_AXI_ARUSER_WIDTH bound to: 0 - type: integer 
	Parameter G_AXI_ARPAYLOAD_WIDTH bound to: 94 - type: integer 
	Parameter G_AXI_WDATA_INDEX bound to: 0 - type: integer 
	Parameter G_AXI_WDATA_WIDTH bound to: 32 - type: integer 
	Parameter G_AXI_WSTRB_INDEX bound to: 32 - type: integer 
	Parameter G_AXI_WSTRB_WIDTH bound to: 4 - type: integer 
	Parameter G_AXI_WLAST_INDEX bound to: 36 - type: integer 
	Parameter G_AXI_WLAST_WIDTH bound to: 1 - type: integer 
	Parameter G_AXI_WID_INDEX bound to: 37 - type: integer 
	Parameter G_AXI_WID_WIDTH bound to: 0 - type: integer 
	Parameter G_AXI_WUSER_INDEX bound to: 37 - type: integer 
	Parameter G_AXI_WUSER_WIDTH bound to: 0 - type: integer 
	Parameter G_AXI_WPAYLOAD_WIDTH bound to: 37 - type: integer 
	Parameter G_AXI_BRESP_INDEX bound to: 0 - type: integer 
	Parameter G_AXI_BRESP_WIDTH bound to: 2 - type: integer 
	Parameter G_AXI_BID_INDEX bound to: 2 - type: integer 
	Parameter G_AXI_BID_WIDTH bound to: 1 - type: integer 
	Parameter G_AXI_BUSER_INDEX bound to: 3 - type: integer 
	Parameter G_AXI_BUSER_WIDTH bound to: 0 - type: integer 
	Parameter G_AXI_BPAYLOAD_WIDTH bound to: 3 - type: integer 
	Parameter G_AXI_RDATA_INDEX bound to: 0 - type: integer 
	Parameter G_AXI_RDATA_WIDTH bound to: 32 - type: integer 
	Parameter G_AXI_RRESP_INDEX bound to: 32 - type: integer 
	Parameter G_AXI_RRESP_WIDTH bound to: 2 - type: integer 
	Parameter G_AXI_RLAST_INDEX bound to: 34 - type: integer 
	Parameter G_AXI_RLAST_WIDTH bound to: 1 - type: integer 
	Parameter G_AXI_RID_INDEX bound to: 35 - type: integer 
	Parameter G_AXI_RID_WIDTH bound to: 1 - type: integer 
	Parameter G_AXI_RUSER_INDEX bound to: 36 - type: integer 
	Parameter G_AXI_RUSER_WIDTH bound to: 0 - type: integer 
	Parameter G_AXI_RPAYLOAD_WIDTH bound to: 36 - type: integer 
	Parameter C_FAMILY bound to: zynquplus - type: string 
	Parameter C_DATA_WIDTH bound to: 94 - type: integer 
	Parameter C_REG_CONFIG bound to: 7 - type: integer 
	Parameter C_FAMILY bound to: zynquplus - type: string 
	Parameter C_DATA_WIDTH bound to: 37 - type: integer 
	Parameter C_REG_CONFIG bound to: 1 - type: integer 
	Parameter C_FAMILY bound to: zynquplus - type: string 
	Parameter C_DATA_WIDTH bound to: 3 - type: integer 
	Parameter C_REG_CONFIG bound to: 7 - type: integer 
	Parameter C_FAMILY bound to: zynquplus - type: string 
	Parameter C_DATA_WIDTH bound to: 94 - type: integer 
	Parameter C_REG_CONFIG bound to: 0 - type: integer 
	Parameter C_FAMILY bound to: zynquplus - type: string 
	Parameter C_DATA_WIDTH bound to: 36 - type: integer 
	Parameter C_REG_CONFIG bound to: 1 - type: integer 
WARNING: [Synth 8-7071] port 'aclk2x' of module 'axi_register_slice_v2_1_21_axi_register_slice' is unconnected for instance 'si_register_slice_inst' [e:/vivado_axidma3/uav_sar.srcs/sources_1/bd/uav_sar/ipshared/07be/hdl/axi_dwidth_converter_v2_1_vlsyn_rfs.v:7379]
WARNING: [Synth 8-7023] instance 'si_register_slice_inst' of module 'axi_register_slice_v2_1_21_axi_register_slice' has 93 connections declared, but only 92 given [e:/vivado_axidma3/uav_sar.srcs/sources_1/bd/uav_sar/ipshared/07be/hdl/axi_dwidth_converter_v2_1_vlsyn_rfs.v:7379]
WARNING: [Synth 8-7071] port 'm_axi_awregion' of module 'uav_sar_auto_us_1' is unconnected for instance 'auto_us' [E:/vivado_axidma3/uav_sar.srcs/sources_1/bd/uav_sar/synth/uav_sar.v:1193]
WARNING: [Synth 8-7023] instance 'auto_us' of module 'uav_sar_auto_us_1' has 40 connections declared, but only 39 given [E:/vivado_axidma3/uav_sar.srcs/sources_1/bd/uav_sar/synth/uav_sar.v:1193]
WARNING: [Synth 8-7071] port 'm_axi_awregion' of module 'uav_sar_auto_us_2' is unconnected for instance 'auto_us' [E:/vivado_axidma3/uav_sar.srcs/sources_1/bd/uav_sar/synth/uav_sar.v:1760]
WARNING: [Synth 8-7023] instance 'auto_us' of module 'uav_sar_auto_us_2' has 40 connections declared, but only 39 given [E:/vivado_axidma3/uav_sar.srcs/sources_1/bd/uav_sar/synth/uav_sar.v:1760]
	Parameter C_FAMILY bound to: zynquplus - type: string 
	Parameter C_NUM_SLAVE_SLOTS bound to: 3 - type: integer 
	Parameter C_NUM_MASTER_SLOTS bound to: 1 - type: integer 
	Parameter C_AXI_ID_WIDTH bound to: 2 - type: integer 
	Parameter C_AXI_ADDR_WIDTH bound to: 64 - type: integer 
	Parameter C_AXI_DATA_WIDTH bound to: 128 - type: integer 
	Parameter C_AXI_PROTOCOL bound to: 0 - type: integer 
	Parameter C_NUM_ADDR_RANGES bound to: 3 - type: integer 
	Parameter C_M_AXI_BASE_ADDR bound to: 192'b000000000000000000000000000000001110000000000000000000000000000000000000000000000000000000000000110000000000000000000000000000000000000000000000000000000000000000000000000000000000000000000000 
	Parameter C_M_AXI_ADDR_WIDTH bound to: 96'b000000000000000000000000000111000000000000000000000000000001110100000000000000000000000000011111 
	Parameter C_S_AXI_BASE_ID bound to: 96'b000000000000000000000000000000100000000000000000000000000000000100000000000000000000000000000000 
	Parameter C_S_AXI_THREAD_ID_WIDTH bound to: 96'b000000000000000000000000000000000000000000000000000000000000000000000000000000000000000000000000 
	Parameter C_AXI_SUPPORTS_USER_SIGNALS bound to: 0 - type: integer 
	Parameter C_AXI_AWUSER_WIDTH bound to: 1 - type: integer 
	Parameter C_AXI_ARUSER_WIDTH bound to: 1 - type: integer 
	Parameter C_AXI_WUSER_WIDTH bound to: 1 - type: integer 
	Parameter C_AXI_RUSER_WIDTH bound to: 1 - type: integer 
	Parameter C_AXI_BUSER_WIDTH bound to: 1 - type: integer 
	Parameter C_M_AXI_WRITE_CONNECTIVITY bound to: 7 - type: integer 
	Parameter C_M_AXI_READ_CONNECTIVITY bound to: 4 - type: integer 
	Parameter C_R_REGISTER bound to: 0 - type: integer 
	Parameter C_S_AXI_SINGLE_THREAD bound to: 96'b000000000000000000000000000000000000000000000000000000000000000000000000000000000000000000000000 
	Parameter C_S_AXI_WRITE_ACCEPTANCE bound to: 96'b000000000000000000000000000000100000000000000000000000000001000000000000000000000000000000010000 
	Parameter C_S_AXI_READ_ACCEPTANCE bound to: 96'b000000000000000000000000000000100000000000000000000000000000001000000000000000000000000000000010 
	Parameter C_M_AXI_WRITE_ISSUING bound to: 16 - type: integer 
	Parameter C_M_AXI_READ_ISSUING bound to: 16 - type: integer 
	Parameter C_S_AXI_ARB_PRIORITY bound to: 96'b000000000000000000000000000000000000000000000000000000000000000000000000000000000000000000000000 
	Parameter C_M_AXI_SECURE bound to: 0 - type: integer 
	Parameter C_CONNECTIVITY_MODE bound to: 1 - type: integer 
	Parameter P_ONES bound to: 65'b11111111111111111111111111111111111111111111111111111111111111111 
	Parameter P_S_AXI_BASE_ID bound to: 192'b000000000000000000000000000000000000000000000000000000000000001000000000000000000000000000000000000000000000000000000000000000010000000000000000000000000000000000000000000000000000000000000000 
	Parameter P_S_AXI_HIGH_ID bound to: 192'b000000000000000000000000000000000000000000000000000000000000001000000000000000000000000000000000000000000000000000000000000000010000000000000000000000000000000000000000000000000000000000000000 
	Parameter P_AXI4 bound to: 0 - type: integer 
	Parameter P_AXI3 bound to: 1 - type: integer 
	Parameter P_AXILITE bound to: 2 - type: integer 
	Parameter P_AXILITE_SIZE bound to: 3'b010 
	Parameter P_INCR bound to: 2'b01 
	Parameter P_M_AXI_SUPPORTS_WRITE bound to: 1'b1 
	Parameter P_M_AXI_SUPPORTS_READ bound to: 1'b1 
	Parameter P_S_AXI_SUPPORTS_WRITE bound to: 3'b111 
	Parameter P_S_AXI_SUPPORTS_READ bound to: 3'b100 
	Parameter C_DEBUG bound to: 1 - type: integer 
	Parameter P_RANGE_CHECK bound to: 1 - type: integer 
	Parameter P_ADDR_DECODE bound to: 1 - type: integer 
	Parameter P_M_AXI_ERR_MODE bound to: 32'b00000000000000000000000000000000 
	Parameter P_LEN bound to: 8 - type: integer 
	Parameter P_LOCK bound to: 1 - type: integer 
	Parameter P_FAMILY bound to: rtl - type: string 
	Parameter C_FAMILY bound to: rtl - type: string 
	Parameter C_NUM_SLAVE_SLOTS bound to: 3 - type: integer 
	Parameter C_NUM_MASTER_SLOTS bound to: 1 - type: integer 
	Parameter C_NUM_ADDR_RANGES bound to: 3 - type: integer 
	Parameter C_AXI_ID_WIDTH bound to: 2 - type: integer 
	Parameter C_AXI_ADDR_WIDTH bound to: 64 - type: integer 
	Parameter C_AXI_DATA_WIDTH bound to: 128 - type: integer 
	Parameter C_AXI_PROTOCOL bound to: 0 - type: integer 
	Parameter C_M_AXI_BASE_ADDR bound to: 192'b000000000000000000000000000000001110000000000000000000000000000000000000000000000000000000000000110000000000000000000000000000000000000000000000000000000000000000000000000000000000000000000000 
	Parameter C_M_AXI_HIGH_ADDR bound to: 192'b000000000000000000000000000000001110111111111111111111111111111100000000000000000000000000000000110111111111111111111111111111110000000000000000000000000000000001111111111111111111111111111111 
	Parameter C_S_AXI_BASE_ID bound to: 192'b000000000000000000000000000000000000000000000000000000000000001000000000000000000000000000000000000000000000000000000000000000010000000000000000000000000000000000000000000000000000000000000000 
	Parameter C_S_AXI_HIGH_ID bound to: 192'b000000000000000000000000000000000000000000000000000000000000001000000000000000000000000000000000000000000000000000000000000000010000000000000000000000000000000000000000000000000000000000000000 
	Parameter C_S_AXI_THREAD_ID_WIDTH bound to: 96'b000000000000000000000000000000000000000000000000000000000000000000000000000000000000000000000000 
	Parameter C_AXI_SUPPORTS_USER_SIGNALS bound to: 0 - type: integer 
	Parameter C_AXI_AWUSER_WIDTH bound to: 1 - type: integer 
	Parameter C_AXI_ARUSER_WIDTH bound to: 1 - type: integer 
	Parameter C_AXI_WUSER_WIDTH bound to: 1 - type: integer 
	Parameter C_AXI_RUSER_WIDTH bound to: 1 - type: integer 
	Parameter C_AXI_BUSER_WIDTH bound to: 1 - type: integer 
	Parameter C_S_AXI_SUPPORTS_WRITE bound to: 3'b111 
	Parameter C_S_AXI_SUPPORTS_READ bound to: 3'b100 
	Parameter C_M_AXI_SUPPORTS_WRITE bound to: 1'b1 
	Parameter C_M_AXI_SUPPORTS_READ bound to: 1'b1 
	Parameter C_M_AXI_WRITE_CONNECTIVITY bound to: 7 - type: integer 
	Parameter C_M_AXI_READ_CONNECTIVITY bound to: 4 - type: integer 
	Parameter C_S_AXI_SINGLE_THREAD bound to: 96'b000000000000000000000000000000000000000000000000000000000000000000000000000000000000000000000000 
	Parameter C_S_AXI_WRITE_ACCEPTANCE bound to: 96'b000000000000000000000000000000100000000000000000000000000001000000000000000000000000000000010000 
	Parameter C_S_AXI_READ_ACCEPTANCE bound to: 96'b000000000000000000000000000000100000000000000000000000000000001000000000000000000000000000000010 
	Parameter C_M_AXI_WRITE_ISSUING bound to: 16 - type: integer 
	Parameter C_M_AXI_READ_ISSUING bound to: 16 - type: integer 
	Parameter C_S_AXI_ARB_PRIORITY bound to: 96'b000000000000000000000000000000000000000000000000000000000000000000000000000000000000000000000000 
	Parameter C_M_AXI_SECURE bound to: 0 - type: integer 
	Parameter C_M_AXI_ERR_MODE bound to: 32'b00000000000000000000000000000000 
	Parameter C_RANGE_CHECK bound to: 1 - type: integer 
	Parameter C_ADDR_DECODE bound to: 1 - type: integer 
	Parameter C_W_ISSUE_WIDTH bound to: 64'b0000000000000000000000000000000000000000000000000000000000000100 
	Parameter C_R_ISSUE_WIDTH bound to: 64'b0000000000000000000000000000000000000000000000000000000000000100 
	Parameter C_W_ACCEPT_WIDTH bound to: 96'b000000000000000000000000000000010000000000000000000000000000010000000000000000000000000000000100 
	Parameter C_R_ACCEPT_WIDTH bound to: 96'b000000000000000000000000000000010000000000000000000000000000000100000000000000000000000000000001 
	Parameter C_DEBUG bound to: 1 - type: integer 
	Parameter P_AXI4 bound to: 0 - type: integer 
	Parameter P_AXI3 bound to: 1 - type: integer 
	Parameter P_AXILITE bound to: 2 - type: integer 
	Parameter P_WRITE bound to: 0 - type: integer 
	Parameter P_READ bound to: 1 - type: integer 
	Parameter P_NUM_MASTER_SLOTS_LOG bound to: 0 - type: integer 
	Parameter P_NUM_SLAVE_SLOTS_LOG bound to: 2 - type: integer 
	Parameter P_AXI_WID_WIDTH bound to: 1 - type: integer 
	Parameter P_ST_AWMESG_WIDTH bound to: 11 - type: integer 
	Parameter P_AA_AWMESG_WIDTH bound to: 97 - type: integer 
	Parameter P_ST_ARMESG_WIDTH bound to: 11 - type: integer 
	Parameter P_AA_ARMESG_WIDTH bound to: 97 - type: integer 
	Parameter P_ST_BMESG_WIDTH bound to: 3 - type: integer 
	Parameter P_ST_RMESG_WIDTH bound to: 131 - type: integer 
	Parameter P_WR_WMESG_WIDTH bound to: 146 - type: integer 
	Parameter P_BYPASS bound to: 0 - type: integer 
	Parameter P_FWD_REV bound to: 1 - type: integer 
	Parameter P_SIMPLE bound to: 7 - type: integer 
	Parameter P_M_AXI_SUPPORTS_READ bound to: 2'b11 
	Parameter P_M_AXI_SUPPORTS_WRITE bound to: 2'b11 
	Parameter P_M_AXI_WRITE_CONNECTIVITY bound to: 64'b1111111111111111111111111111111100000000000000000000000000000111 
	Parameter P_M_AXI_READ_CONNECTIVITY bound to: 64'b1111111111111111111111111111111100000000000000000000000000000100 
	Parameter P_S_AXI_WRITE_CONNECTIVITY bound to: 96'b111111111111111111111111111111111111111111111111111111111111111111111111111111111111111111111111 
	Parameter P_S_AXI_READ_CONNECTIVITY bound to: 96'b111111111111111111111111111111111111111111111111111111111111111011111111111111111111111111111110 
	Parameter P_M_AXI_READ_ISSUING bound to: 64'b0000000000000000000000000000000100000000000000000000000000010000 
	Parameter P_M_AXI_WRITE_ISSUING bound to: 64'b0000000000000000000000000000000100000000000000000000000000010000 
	Parameter P_DECERR bound to: 2'b11 
	Parameter C_FAMILY bound to: rtl - type: string 
	Parameter C_SI bound to: 0 - type: integer 
	Parameter C_DIR bound to: 0 - type: integer 
	Parameter C_NUM_ADDR_RANGES bound to: 3 - type: integer 
	Parameter C_NUM_M bound to: 1 - type: integer 
	Parameter C_NUM_M_LOG bound to: 0 - type: integer 
	Parameter C_ACCEPTANCE bound to: 16 - type: integer 
	Parameter C_ACCEPTANCE_LOG bound to: 4 - type: integer 
	Parameter C_ID_WIDTH bound to: 2 - type: integer 
	Parameter C_THREAD_ID_WIDTH bound to: 0 - type: integer 
	Parameter C_ADDR_WIDTH bound to: 64 - type: integer 
	Parameter C_AMESG_WIDTH bound to: 11 - type: integer 
	Parameter C_RMESG_WIDTH bound to: 3 - type: integer 
	Parameter C_BASE_ID bound to: 2'b00 
	Parameter C_HIGH_ID bound to: 2'b00 
	Parameter C_BASE_ADDR bound to: 192'b000000000000000000000000000000001110000000000000000000000000000000000000000000000000000000000000110000000000000000000000000000000000000000000000000000000000000000000000000000000000000000000000 
	Parameter C_HIGH_ADDR bound to: 192'b000000000000000000000000000000001110111111111111111111111111111100000000000000000000000000000000110111111111111111111111111111110000000000000000000000000000000001111111111111111111111111111111 
	Parameter C_SINGLE_THREAD bound to: 0 - type: integer 
	Parameter C_TARGET_QUAL bound to: 1'b1 
	Parameter C_M_AXI_SECURE bound to: 0 - type: integer 
	Parameter C_RANGE_CHECK bound to: 1 - type: integer 
	Parameter C_ADDR_DECODE bound to: 1 - type: integer 
	Parameter C_ERR_MODE bound to: 32'b00000000000000000000000000000000 
	Parameter C_DEBUG bound to: 1 - type: integer 
	Parameter P_WRITE bound to: 0 - type: integer 
	Parameter P_READ bound to: 1 - type: integer 
	Parameter P_RMUX_MESG_WIDTH bound to: 6 - type: integer 
	Parameter P_AXILITE_ERRMODE bound to: 1 - type: integer 
	Parameter P_NONSECURE_BIT bound to: 1 - type: integer 
	Parameter P_NUM_M_LOG_M1 bound to: 1 - type: integer 
	Parameter P_M_AXILITE bound to: 1'b0 
	Parameter P_FIXED bound to: 2'b00 
	Parameter P_NUM_M_DE_LOG bound to: 1 - type: integer 
	Parameter P_THREAD_ID_WIDTH_M1 bound to: 1 - type: integer 
	Parameter P_NUM_ID_VAL bound to: 1 - type: integer 
	Parameter P_NUM_THREADS bound to: 1 - type: integer 
	Parameter P_M_SECURE_MASK bound to: 1'b0 
	Parameter C_FAMILY bound to: rtl - type: string 
	Parameter C_NUM_TARGETS bound to: 1 - type: integer 
	Parameter C_NUM_TARGETS_LOG bound to: 1 - type: integer 
	Parameter C_NUM_RANGES bound to: 3 - type: integer 
	Parameter C_ADDR_WIDTH bound to: 64 - type: integer 
	Parameter C_TARGET_ENC bound to: 1 - type: integer 
	Parameter C_TARGET_HOT bound to: 1 - type: integer 
	Parameter C_REGION_ENC bound to: 1 - type: integer 
	Parameter C_BASE_ADDR bound to: 192'b000000000000000000000000000000001110000000000000000000000000000000000000000000000000000000000000110000000000000000000000000000000000000000000000000000000000000000000000000000000000000000000000 
	Parameter C_HIGH_ADDR bound to: 192'b000000000000000000000000000000001110111111111111111111111111111100000000000000000000000000000000110111111111111111111111111111110000000000000000000000000000000001111111111111111111111111111111 
	Parameter C_TARGET_QUAL bound to: 2'b01 
	Parameter C_RESOLUTION bound to: 2 - type: integer 
	Parameter C_COMPARATOR_THRESHOLD bound to: 6 - type: integer 
	Parameter C_FAMILY bound to: rtl - type: string 
	Parameter C_VALUE bound to: 62'b00000000000000000000000000000000000000000000000000000000000000 
	Parameter C_DATA_WIDTH bound to: 62 - type: integer 
	Parameter C_BITS_PER_LUT bound to: 6 - type: integer 
	Parameter C_NUM_LUT bound to: 11 - type: integer 
	Parameter C_FIX_DATA_WIDTH bound to: 66 - type: integer 
	Parameter C_FAMILY bound to: rtl - type: string 
	Parameter C_VALUE bound to: 62'b00000000000000000000000000000000110000000000000000000000000000 
	Parameter C_DATA_WIDTH bound to: 62 - type: integer 
	Parameter C_BITS_PER_LUT bound to: 6 - type: integer 
	Parameter C_NUM_LUT bound to: 11 - type: integer 
	Parameter C_FIX_DATA_WIDTH bound to: 66 - type: integer 
	Parameter C_FAMILY bound to: rtl - type: string 
	Parameter C_VALUE bound to: 62'b00000000000000000000000000000000111000000000000000000000000000 
	Parameter C_DATA_WIDTH bound to: 62 - type: integer 
	Parameter C_BITS_PER_LUT bound to: 6 - type: integer 
	Parameter C_NUM_LUT bound to: 11 - type: integer 
	Parameter C_FIX_DATA_WIDTH bound to: 66 - type: integer 
	Parameter C_FAMILY bound to: rtl - type: string 
	Parameter C_FIFO_WIDTH bound to: 8 - type: integer 
	Parameter C_MAX_CTRL_FANOUT bound to: 33 - type: integer 
	Parameter C_FIFO_DEPTH_LOG bound to: 5 - type: integer 
	Parameter C_USE_FULL bound to: 0 - type: integer 
	Parameter P_FIFO_DEPTH_LOG bound to: 5 - type: integer 
	Parameter P_EMPTY bound to: 5'b11111 
	Parameter P_ALMOSTEMPTY bound to: 5'b00000 
	Parameter P_ALMOSTFULL_TEMP bound to: 6'b111110 
	Parameter P_ALMOSTFULL bound to: 5'b11110 
	Parameter P_NUM_REPS bound to: 1 - type: integer 
	Parameter C_FAMILY bound to: rtl - type: string 
	Parameter C_A_WIDTH bound to: 5 - type: integer 
	Parameter P_SRLASIZE bound to: 5 - type: integer 
	Parameter P_SRLDEPTH bound to: 32 - type: integer 
	Parameter P_NUMSRLS bound to: 1 - type: integer 
	Parameter P_SHIFT_DEPTH bound to: 32 - type: integer 
	Parameter C_FAMILY bound to: rtl - type: string 
	Parameter C_RATIO bound to: 2 - type: integer 
	Parameter C_SEL_WIDTH bound to: 1 - type: integer 
	Parameter C_DATA_WIDTH bound to: 6 - type: integer 
	Parameter C_FAMILY bound to: rtl - type: string 
	Parameter C_WMESG_WIDTH bound to: 146 - type: integer 
	Parameter C_NUM_MASTER_SLOTS bound to: 2 - type: integer 
	Parameter C_SELECT_WIDTH bound to: 1 - type: integer 
	Parameter C_FIFO_DEPTH_LOG bound to: 4 - type: integer 
	Parameter P_FIFO_DEPTH_LOG bound to: 4 - type: integer 
	Parameter C_FAMILY bound to: rtl - type: string 
	Parameter C_FIFO_WIDTH bound to: 1 - type: integer 
	Parameter C_MAX_CTRL_FANOUT bound to: 33 - type: integer 
	Parameter C_FIFO_DEPTH_LOG bound to: 4 - type: integer 
	Parameter C_USE_FULL bound to: 1 - type: integer 
	Parameter P_FIFO_DEPTH_LOG bound to: 4 - type: integer 
	Parameter P_EMPTY bound to: 4'b1111 
	Parameter P_ALMOSTEMPTY bound to: 4'b0000 
	Parameter P_ALMOSTFULL_TEMP bound to: 5'b11110 
	Parameter P_ALMOSTFULL bound to: 4'b1110 
	Parameter P_NUM_REPS bound to: 1 - type: integer 
	Parameter ZERO bound to: 2'b10 
	Parameter ONE bound to: 2'b11 
	Parameter TWO bound to: 2'b01 
	Parameter C_FAMILY bound to: rtl - type: string 
	Parameter C_A_WIDTH bound to: 4 - type: integer 
	Parameter P_SRLASIZE bound to: 5 - type: integer 
	Parameter P_SRLDEPTH bound to: 32 - type: integer 
	Parameter P_NUMSRLS bound to: 1 - type: integer 
	Parameter P_SHIFT_DEPTH bound to: 16 - type: integer 
INFO: [Synth 8-155] case statement is not full and has no default [e:/vivado_axidma3/uav_sar.srcs/sources_1/bd/uav_sar/ipshared/47c9/hdl/axi_data_fifo_v2_1_vl_rfs.v:986]
	Parameter C_FAMILY bound to: rtl - type: string 
	Parameter C_SI bound to: 1 - type: integer 
	Parameter C_DIR bound to: 0 - type: integer 
	Parameter C_NUM_ADDR_RANGES bound to: 3 - type: integer 
	Parameter C_NUM_M bound to: 1 - type: integer 
	Parameter C_NUM_M_LOG bound to: 0 - type: integer 
	Parameter C_ACCEPTANCE bound to: 16 - type: integer 
	Parameter C_ACCEPTANCE_LOG bound to: 4 - type: integer 
	Parameter C_ID_WIDTH bound to: 2 - type: integer 
	Parameter C_THREAD_ID_WIDTH bound to: 0 - type: integer 
	Parameter C_ADDR_WIDTH bound to: 64 - type: integer 
	Parameter C_AMESG_WIDTH bound to: 11 - type: integer 
	Parameter C_RMESG_WIDTH bound to: 3 - type: integer 
	Parameter C_BASE_ID bound to: 2'b01 
	Parameter C_HIGH_ID bound to: 2'b01 
	Parameter C_BASE_ADDR bound to: 192'b000000000000000000000000000000001110000000000000000000000000000000000000000000000000000000000000110000000000000000000000000000000000000000000000000000000000000000000000000000000000000000000000 
	Parameter C_HIGH_ADDR bound to: 192'b000000000000000000000000000000001110111111111111111111111111111100000000000000000000000000000000110111111111111111111111111111110000000000000000000000000000000001111111111111111111111111111111 
	Parameter C_SINGLE_THREAD bound to: 0 - type: integer 
	Parameter C_TARGET_QUAL bound to: 1'b1 
	Parameter C_M_AXI_SECURE bound to: 0 - type: integer 
	Parameter C_RANGE_CHECK bound to: 1 - type: integer 
	Parameter C_ADDR_DECODE bound to: 1 - type: integer 
	Parameter C_ERR_MODE bound to: 32'b00000000000000000000000000000000 
	Parameter C_DEBUG bound to: 1 - type: integer 
	Parameter P_WRITE bound to: 0 - type: integer 
	Parameter P_READ bound to: 1 - type: integer 
	Parameter P_RMUX_MESG_WIDTH bound to: 6 - type: integer 
	Parameter P_AXILITE_ERRMODE bound to: 1 - type: integer 
	Parameter P_NONSECURE_BIT bound to: 1 - type: integer 
	Parameter P_NUM_M_LOG_M1 bound to: 1 - type: integer 
	Parameter P_M_AXILITE bound to: 1'b0 
	Parameter P_FIXED bound to: 2'b00 
	Parameter P_NUM_M_DE_LOG bound to: 1 - type: integer 
	Parameter P_THREAD_ID_WIDTH_M1 bound to: 1 - type: integer 
	Parameter P_NUM_ID_VAL bound to: 1 - type: integer 
	Parameter P_NUM_THREADS bound to: 1 - type: integer 
	Parameter P_M_SECURE_MASK bound to: 1'b0 
	Parameter C_FAMILY bound to: rtl - type: string 
	Parameter C_SI bound to: 2 - type: integer 
	Parameter C_DIR bound to: 1 - type: integer 
	Parameter C_NUM_ADDR_RANGES bound to: 3 - type: integer 
	Parameter C_NUM_M bound to: 1 - type: integer 
	Parameter C_NUM_M_LOG bound to: 0 - type: integer 
	Parameter C_ACCEPTANCE bound to: 2 - type: integer 
	Parameter C_ACCEPTANCE_LOG bound to: 1 - type: integer 
	Parameter C_ID_WIDTH bound to: 2 - type: integer 
	Parameter C_THREAD_ID_WIDTH bound to: 0 - type: integer 
	Parameter C_ADDR_WIDTH bound to: 64 - type: integer 
	Parameter C_AMESG_WIDTH bound to: 11 - type: integer 
	Parameter C_RMESG_WIDTH bound to: 131 - type: integer 
	Parameter C_BASE_ID bound to: 2'b10 
	Parameter C_HIGH_ID bound to: 2'b10 
	Parameter C_BASE_ADDR bound to: 192'b000000000000000000000000000000001110000000000000000000000000000000000000000000000000000000000000110000000000000000000000000000000000000000000000000000000000000000000000000000000000000000000000 
	Parameter C_HIGH_ADDR bound to: 192'b000000000000000000000000000000001110111111111111111111111111111100000000000000000000000000000000110111111111111111111111111111110000000000000000000000000000000001111111111111111111111111111111 
	Parameter C_SINGLE_THREAD bound to: 0 - type: integer 
	Parameter C_TARGET_QUAL bound to: 1'b1 
	Parameter C_M_AXI_SECURE bound to: 0 - type: integer 
	Parameter C_RANGE_CHECK bound to: 1 - type: integer 
	Parameter C_ADDR_DECODE bound to: 1 - type: integer 
	Parameter C_ERR_MODE bound to: 32'b00000000000000000000000000000000 
	Parameter C_DEBUG bound to: 1 - type: integer 
	Parameter P_WRITE bound to: 0 - type: integer 
	Parameter P_READ bound to: 1 - type: integer 
	Parameter P_RMUX_MESG_WIDTH bound to: 134 - type: integer 
	Parameter P_AXILITE_ERRMODE bound to: 1 - type: integer 
	Parameter P_NONSECURE_BIT bound to: 1 - type: integer 
	Parameter P_NUM_M_LOG_M1 bound to: 1 - type: integer 
	Parameter P_M_AXILITE bound to: 1'b0 
	Parameter P_FIXED bound to: 2'b00 
	Parameter P_NUM_M_DE_LOG bound to: 1 - type: integer 
	Parameter P_THREAD_ID_WIDTH_M1 bound to: 1 - type: integer 
	Parameter P_NUM_ID_VAL bound to: 1 - type: integer 
	Parameter P_NUM_THREADS bound to: 1 - type: integer 
	Parameter P_M_SECURE_MASK bound to: 1'b0 
	Parameter C_FAMILY bound to: rtl - type: string 
	Parameter C_FIFO_WIDTH bound to: 8 - type: integer 
	Parameter C_MAX_CTRL_FANOUT bound to: 33 - type: integer 
	Parameter C_FIFO_DEPTH_LOG bound to: 2 - type: integer 
	Parameter C_USE_FULL bound to: 0 - type: integer 
	Parameter P_FIFO_DEPTH_LOG bound to: 2 - type: integer 
	Parameter P_EMPTY bound to: 2'b11 
	Parameter P_ALMOSTEMPTY bound to: 2'b00 
	Parameter P_ALMOSTFULL_TEMP bound to: 3'b110 
	Parameter P_ALMOSTFULL bound to: 2'b10 
	Parameter P_NUM_REPS bound to: 1 - type: integer 
	Parameter C_FAMILY bound to: rtl - type: string 
	Parameter C_A_WIDTH bound to: 2 - type: integer 
	Parameter P_SRLASIZE bound to: 5 - type: integer 
	Parameter P_SRLDEPTH bound to: 32 - type: integer 
	Parameter P_NUMSRLS bound to: 1 - type: integer 
	Parameter P_SHIFT_DEPTH bound to: 4 - type: integer 
	Parameter C_FAMILY bound to: rtl - type: string 
	Parameter C_RATIO bound to: 2 - type: integer 
	Parameter C_SEL_WIDTH bound to: 1 - type: integer 
	Parameter C_DATA_WIDTH bound to: 134 - type: integer 
	Parameter C_FAMILY bound to: rtl - type: string 
	Parameter C_SI bound to: 2 - type: integer 
	Parameter C_DIR bound to: 0 - type: integer 
	Parameter C_NUM_ADDR_RANGES bound to: 3 - type: integer 
	Parameter C_NUM_M bound to: 1 - type: integer 
	Parameter C_NUM_M_LOG bound to: 0 - type: integer 
	Parameter C_ACCEPTANCE bound to: 2 - type: integer 
	Parameter C_ACCEPTANCE_LOG bound to: 1 - type: integer 
	Parameter C_ID_WIDTH bound to: 2 - type: integer 
	Parameter C_THREAD_ID_WIDTH bound to: 0 - type: integer 
	Parameter C_ADDR_WIDTH bound to: 64 - type: integer 
	Parameter C_AMESG_WIDTH bound to: 11 - type: integer 
	Parameter C_RMESG_WIDTH bound to: 3 - type: integer 
	Parameter C_BASE_ID bound to: 2'b10 
	Parameter C_HIGH_ID bound to: 2'b10 
	Parameter C_BASE_ADDR bound to: 192'b000000000000000000000000000000001110000000000000000000000000000000000000000000000000000000000000110000000000000000000000000000000000000000000000000000000000000000000000000000000000000000000000 
	Parameter C_HIGH_ADDR bound to: 192'b000000000000000000000000000000001110111111111111111111111111111100000000000000000000000000000000110111111111111111111111111111110000000000000000000000000000000001111111111111111111111111111111 
	Parameter C_SINGLE_THREAD bound to: 0 - type: integer 
	Parameter C_TARGET_QUAL bound to: 1'b1 
	Parameter C_M_AXI_SECURE bound to: 0 - type: integer 
	Parameter C_RANGE_CHECK bound to: 1 - type: integer 
	Parameter C_ADDR_DECODE bound to: 1 - type: integer 
	Parameter C_ERR_MODE bound to: 32'b00000000000000000000000000000000 
	Parameter C_DEBUG bound to: 1 - type: integer 
	Parameter P_WRITE bound to: 0 - type: integer 
	Parameter P_READ bound to: 1 - type: integer 
	Parameter P_RMUX_MESG_WIDTH bound to: 6 - type: integer 
	Parameter P_AXILITE_ERRMODE bound to: 1 - type: integer 
	Parameter P_NONSECURE_BIT bound to: 1 - type: integer 
	Parameter P_NUM_M_LOG_M1 bound to: 1 - type: integer 
	Parameter P_M_AXILITE bound to: 1'b0 
	Parameter P_FIXED bound to: 2'b00 
	Parameter P_NUM_M_DE_LOG bound to: 1 - type: integer 
	Parameter P_THREAD_ID_WIDTH_M1 bound to: 1 - type: integer 
	Parameter P_NUM_ID_VAL bound to: 1 - type: integer 
	Parameter P_NUM_THREADS bound to: 1 - type: integer 
	Parameter P_M_SECURE_MASK bound to: 1'b0 
	Parameter C_FAMILY bound to: rtl - type: string 
	Parameter C_WMESG_WIDTH bound to: 146 - type: integer 
	Parameter C_NUM_MASTER_SLOTS bound to: 2 - type: integer 
	Parameter C_SELECT_WIDTH bound to: 1 - type: integer 
	Parameter C_FIFO_DEPTH_LOG bound to: 1 - type: integer 
	Parameter P_FIFO_DEPTH_LOG bound to: 1 - type: integer 
	Parameter C_FAMILY bound to: rtl - type: string 
	Parameter C_FIFO_WIDTH bound to: 1 - type: integer 
	Parameter C_MAX_CTRL_FANOUT bound to: 33 - type: integer 
	Parameter C_FIFO_DEPTH_LOG bound to: 1 - type: integer 
	Parameter C_USE_FULL bound to: 1 - type: integer 
	Parameter P_FIFO_DEPTH_LOG bound to: 2 - type: integer 
	Parameter P_EMPTY bound to: 2'b11 
	Parameter P_ALMOSTEMPTY bound to: 2'b00 
	Parameter P_ALMOSTFULL_TEMP bound to: 3'b110 
	Parameter P_ALMOSTFULL bound to: 2'b10 
	Parameter P_NUM_REPS bound to: 1 - type: integer 
	Parameter ZERO bound to: 2'b10 
	Parameter ONE bound to: 2'b11 
	Parameter TWO bound to: 2'b01 
INFO: [Synth 8-155] case statement is not full and has no default [e:/vivado_axidma3/uav_sar.srcs/sources_1/bd/uav_sar/ipshared/47c9/hdl/axi_data_fifo_v2_1_vl_rfs.v:986]
	Parameter C_FAMILY bound to: rtl - type: string 
	Parameter C_NUM_TARGETS bound to: 3 - type: integer 
	Parameter C_NUM_TARGETS_LOG bound to: 2 - type: integer 
	Parameter C_NUM_RANGES bound to: 1 - type: integer 
	Parameter C_ADDR_WIDTH bound to: 2 - type: integer 
	Parameter C_TARGET_ENC bound to: 1 - type: integer 
	Parameter C_TARGET_HOT bound to: 1 - type: integer 
	Parameter C_REGION_ENC bound to: 0 - type: integer 
	Parameter C_BASE_ADDR bound to: 192'b000000000000000000000000000000000000000000000000000000000000001000000000000000000000000000000000000000000000000000000000000000010000000000000000000000000000000000000000000000000000000000000000 
	Parameter C_HIGH_ADDR bound to: 192'b000000000000000000000000000000000000000000000000000000000000001000000000000000000000000000000000000000000000000000000000000000010000000000000000000000000000000000000000000000000000000000000000 
	Parameter C_TARGET_QUAL bound to: 4'b0100 
	Parameter C_RESOLUTION bound to: 0 - type: integer 
	Parameter C_COMPARATOR_THRESHOLD bound to: 6 - type: integer 
	Parameter C_FAMILY bound to: rtl - type: string 
	Parameter C_NUM_TARGETS bound to: 3 - type: integer 
	Parameter C_NUM_TARGETS_LOG bound to: 2 - type: integer 
	Parameter C_NUM_RANGES bound to: 1 - type: integer 
	Parameter C_ADDR_WIDTH bound to: 2 - type: integer 
	Parameter C_TARGET_ENC bound to: 1 - type: integer 
	Parameter C_TARGET_HOT bound to: 1 - type: integer 
	Parameter C_REGION_ENC bound to: 0 - type: integer 
	Parameter C_BASE_ADDR bound to: 192'b000000000000000000000000000000000000000000000000000000000000001000000000000000000000000000000000000000000000000000000000000000010000000000000000000000000000000000000000000000000000000000000000 
	Parameter C_HIGH_ADDR bound to: 192'b000000000000000000000000000000000000000000000000000000000000001000000000000000000000000000000000000000000000000000000000000000010000000000000000000000000000000000000000000000000000000000000000 
	Parameter C_TARGET_QUAL bound to: 4'b0111 
	Parameter C_RESOLUTION bound to: 0 - type: integer 
	Parameter C_COMPARATOR_THRESHOLD bound to: 6 - type: integer 
	Parameter C_FAMILY bound to: rtl - type: string 
	Parameter C_FIFO_WIDTH bound to: 8 - type: integer 
	Parameter C_MAX_CTRL_FANOUT bound to: 33 - type: integer 
	Parameter C_FIFO_DEPTH_LOG bound to: 4 - type: integer 
	Parameter C_USE_FULL bound to: 0 - type: integer 
	Parameter P_FIFO_DEPTH_LOG bound to: 4 - type: integer 
	Parameter P_EMPTY bound to: 4'b1111 
	Parameter P_ALMOSTEMPTY bound to: 4'b0000 
	Parameter P_ALMOSTFULL_TEMP bound to: 5'b11110 
	Parameter P_ALMOSTFULL bound to: 4'b1110 
	Parameter P_NUM_REPS bound to: 1 - type: integer 
	Parameter C_FAMILY bound to: rtl - type: string 
	Parameter C_WMESG_WIDTH bound to: 146 - type: integer 
	Parameter C_NUM_SLAVE_SLOTS bound to: 3 - type: integer 
	Parameter C_SELECT_WIDTH bound to: 2 - type: integer 
	Parameter C_FIFO_DEPTH_LOG bound to: 4 - type: integer 
	Parameter P_FIFO_DEPTH_LOG bound to: 4 - type: integer 
	Parameter C_FAMILY bound to: rtl - type: string 
	Parameter C_FIFO_WIDTH bound to: 2 - type: integer 
	Parameter C_MAX_CTRL_FANOUT bound to: 33 - type: integer 
	Parameter C_FIFO_DEPTH_LOG bound to: 4 - type: integer 
	Parameter C_USE_FULL bound to: 0 - type: integer 
	Parameter P_FIFO_DEPTH_LOG bound to: 4 - type: integer 
	Parameter P_EMPTY bound to: 4'b1111 
	Parameter P_ALMOSTEMPTY bound to: 4'b0000 
	Parameter P_ALMOSTFULL_TEMP bound to: 5'b11110 
	Parameter P_ALMOSTFULL bound to: 4'b1110 
	Parameter P_NUM_REPS bound to: 1 - type: integer 
	Parameter ZERO bound to: 2'b10 
	Parameter ONE bound to: 2'b11 
	Parameter TWO bound to: 2'b01 
INFO: [Synth 8-155] case statement is not full and has no default [e:/vivado_axidma3/uav_sar.srcs/sources_1/bd/uav_sar/ipshared/47c9/hdl/axi_data_fifo_v2_1_vl_rfs.v:986]
	Parameter C_FAMILY bound to: rtl - type: string 
	Parameter C_RATIO bound to: 3 - type: integer 
	Parameter C_SEL_WIDTH bound to: 2 - type: integer 
	Parameter C_DATA_WIDTH bound to: 146 - type: integer 
	Parameter C_FAMILY bound to: rtl - type: string 
	Parameter C_AXI_PROTOCOL bound to: 0 - type: integer 
	Parameter C_AXI_ID_WIDTH bound to: 2 - type: integer 
	Parameter C_AXI_ADDR_WIDTH bound to: 1 - type: integer 
	Parameter C_AXI_DATA_WIDTH bound to: 128 - type: integer 
	Parameter C_AXI_SUPPORTS_USER_SIGNALS bound to: 0 - type: integer 
	Parameter C_AXI_AWUSER_WIDTH bound to: 1 - type: integer 
	Parameter C_AXI_ARUSER_WIDTH bound to: 1 - type: integer 
	Parameter C_AXI_WUSER_WIDTH bound to: 1 - type: integer 
	Parameter C_AXI_RUSER_WIDTH bound to: 1 - type: integer 
	Parameter C_AXI_BUSER_WIDTH bound to: 1 - type: integer 
	Parameter C_REG_CONFIG_AW bound to: 0 - type: integer 
	Parameter C_REG_CONFIG_W bound to: 0 - type: integer 
	Parameter C_REG_CONFIG_B bound to: 7 - type: integer 
	Parameter C_REG_CONFIG_AR bound to: 0 - type: integer 
	Parameter C_REG_CONFIG_R bound to: 1 - type: integer 
	Parameter C_RESERVE_MODE bound to: 0 - type: integer 
	Parameter C_NUM_SLR_CROSSINGS bound to: 0 - type: integer 
	Parameter C_PIPELINES_MASTER_AW bound to: 0 - type: integer 
	Parameter C_PIPELINES_MASTER_W bound to: 0 - type: integer 
	Parameter C_PIPELINES_MASTER_B bound to: 0 - type: integer 
	Parameter C_PIPELINES_MASTER_AR bound to: 0 - type: integer 
	Parameter C_PIPELINES_MASTER_R bound to: 0 - type: integer 
	Parameter C_PIPELINES_SLAVE_AW bound to: 0 - type: integer 
	Parameter C_PIPELINES_SLAVE_W bound to: 0 - type: integer 
	Parameter C_PIPELINES_SLAVE_B bound to: 0 - type: integer 
	Parameter C_PIPELINES_SLAVE_AR bound to: 0 - type: integer 
	Parameter C_PIPELINES_SLAVE_R bound to: 0 - type: integer 
	Parameter C_PIPELINES_MIDDLE_AW bound to: 0 - type: integer 
	Parameter C_PIPELINES_MIDDLE_W bound to: 0 - type: integer 
	Parameter C_PIPELINES_MIDDLE_B bound to: 0 - type: integer 
	Parameter C_PIPELINES_MIDDLE_AR bound to: 0 - type: integer 
	Parameter C_PIPELINES_MIDDLE_R bound to: 0 - type: integer 
	Parameter C_AXI_SUPPORTS_REGION_SIGNALS bound to: 1 - type: integer 
	Parameter P_FORWARD bound to: 0 - type: integer 
	Parameter P_RESPONSE bound to: 1 - type: integer 
	Parameter G_AXI_AWADDR_INDEX bound to: 0 - type: integer 
	Parameter G_AXI_AWADDR_WIDTH bound to: 1 - type: integer 
	Parameter G_AXI_AWPROT_INDEX bound to: 1 - type: integer 
	Parameter G_AXI_AWPROT_WIDTH bound to: 3 - type: integer 
	Parameter G_AXI_AWSIZE_INDEX bound to: 4 - type: integer 
	Parameter G_AXI_AWSIZE_WIDTH bound to: 3 - type: integer 
	Parameter G_AXI_AWBURST_INDEX bound to: 7 - type: integer 
	Parameter G_AXI_AWBURST_WIDTH bound to: 2 - type: integer 
	Parameter G_AXI_AWCACHE_INDEX bound to: 9 - type: integer 
	Parameter G_AXI_AWCACHE_WIDTH bound to: 4 - type: integer 
	Parameter G_AXI_AWLEN_INDEX bound to: 13 - type: integer 
	Parameter G_AXI_AWLEN_WIDTH bound to: 8 - type: integer 
	Parameter G_AXI_AWLOCK_INDEX bound to: 21 - type: integer 
	Parameter G_AXI_AWLOCK_WIDTH bound to: 1 - type: integer 
	Parameter G_AXI_AWID_INDEX bound to: 22 - type: integer 
	Parameter G_AXI_AWID_WIDTH bound to: 2 - type: integer 
	Parameter G_AXI_AWQOS_INDEX bound to: 24 - type: integer 
	Parameter G_AXI_AWQOS_WIDTH bound to: 4 - type: integer 
	Parameter G_AXI_AWREGION_INDEX bound to: 28 - type: integer 
	Parameter G_AXI_AWREGION_WIDTH bound to: 4 - type: integer 
	Parameter G_AXI_AWUSER_INDEX bound to: 32 - type: integer 
	Parameter G_AXI_AWUSER_WIDTH bound to: 0 - type: integer 
	Parameter G_AXI_AWPAYLOAD_WIDTH bound to: 32 - type: integer 
	Parameter G_AXI_ARADDR_INDEX bound to: 0 - type: integer 
	Parameter G_AXI_ARADDR_WIDTH bound to: 1 - type: integer 
	Parameter G_AXI_ARPROT_INDEX bound to: 1 - type: integer 
	Parameter G_AXI_ARPROT_WIDTH bound to: 3 - type: integer 
	Parameter G_AXI_ARSIZE_INDEX bound to: 4 - type: integer 
	Parameter G_AXI_ARSIZE_WIDTH bound to: 3 - type: integer 
	Parameter G_AXI_ARBURST_INDEX bound to: 7 - type: integer 
	Parameter G_AXI_ARBURST_WIDTH bound to: 2 - type: integer 
	Parameter G_AXI_ARCACHE_INDEX bound to: 9 - type: integer 
	Parameter G_AXI_ARCACHE_WIDTH bound to: 4 - type: integer 
	Parameter G_AXI_ARLEN_INDEX bound to: 13 - type: integer 
	Parameter G_AXI_ARLEN_WIDTH bound to: 8 - type: integer 
	Parameter G_AXI_ARLOCK_INDEX bound to: 21 - type: integer 
	Parameter G_AXI_ARLOCK_WIDTH bound to: 1 - type: integer 
	Parameter G_AXI_ARID_INDEX bound to: 22 - type: integer 
	Parameter G_AXI_ARID_WIDTH bound to: 2 - type: integer 
	Parameter G_AXI_ARQOS_INDEX bound to: 24 - type: integer 
	Parameter G_AXI_ARQOS_WIDTH bound to: 4 - type: integer 
	Parameter G_AXI_ARREGION_INDEX bound to: 28 - type: integer 
	Parameter G_AXI_ARREGION_WIDTH bound to: 4 - type: integer 
	Parameter G_AXI_ARUSER_INDEX bound to: 32 - type: integer 
	Parameter G_AXI_ARUSER_WIDTH bound to: 0 - type: integer 
	Parameter G_AXI_ARPAYLOAD_WIDTH bound to: 32 - type: integer 
	Parameter G_AXI_WDATA_INDEX bound to: 0 - type: integer 
	Parameter G_AXI_WDATA_WIDTH bound to: 128 - type: integer 
	Parameter G_AXI_WSTRB_INDEX bound to: 128 - type: integer 
	Parameter G_AXI_WSTRB_WIDTH bound to: 16 - type: integer 
	Parameter G_AXI_WLAST_INDEX bound to: 144 - type: integer 
	Parameter G_AXI_WLAST_WIDTH bound to: 1 - type: integer 
	Parameter G_AXI_WID_INDEX bound to: 145 - type: integer 
	Parameter G_AXI_WID_WIDTH bound to: 0 - type: integer 
	Parameter G_AXI_WUSER_INDEX bound to: 145 - type: integer 
	Parameter G_AXI_WUSER_WIDTH bound to: 0 - type: integer 
	Parameter G_AXI_WPAYLOAD_WIDTH bound to: 145 - type: integer 
	Parameter G_AXI_BRESP_INDEX bound to: 0 - type: integer 
	Parameter G_AXI_BRESP_WIDTH bound to: 2 - type: integer 
	Parameter G_AXI_BID_INDEX bound to: 2 - type: integer 
	Parameter G_AXI_BID_WIDTH bound to: 2 - type: integer 
	Parameter G_AXI_BUSER_INDEX bound to: 4 - type: integer 
	Parameter G_AXI_BUSER_WIDTH bound to: 0 - type: integer 
	Parameter G_AXI_BPAYLOAD_WIDTH bound to: 4 - type: integer 
	Parameter G_AXI_RDATA_INDEX bound to: 0 - type: integer 
	Parameter G_AXI_RDATA_WIDTH bound to: 128 - type: integer 
	Parameter G_AXI_RRESP_INDEX bound to: 128 - type: integer 
	Parameter G_AXI_RRESP_WIDTH bound to: 2 - type: integer 
	Parameter G_AXI_RLAST_INDEX bound to: 130 - type: integer 
	Parameter G_AXI_RLAST_WIDTH bound to: 1 - type: integer 
	Parameter G_AXI_RID_INDEX bound to: 131 - type: integer 
	Parameter G_AXI_RID_WIDTH bound to: 2 - type: integer 
	Parameter G_AXI_RUSER_INDEX bound to: 133 - type: integer 
	Parameter G_AXI_RUSER_WIDTH bound to: 0 - type: integer 
	Parameter G_AXI_RPAYLOAD_WIDTH bound to: 133 - type: integer 
	Parameter C_AXI_PROTOCOL bound to: 0 - type: integer 
	Parameter C_AXI_ID_WIDTH bound to: 2 - type: integer 
	Parameter C_AXI_ADDR_WIDTH bound to: 1 - type: integer 
	Parameter C_AXI_DATA_WIDTH bound to: 128 - type: integer 
	Parameter C_AXI_SUPPORTS_USER_SIGNALS bound to: 0 - type: integer 
	Parameter C_AXI_SUPPORTS_REGION_SIGNALS bound to: 1 - type: integer 
	Parameter C_AXI_AWUSER_WIDTH bound to: 1 - type: integer 
	Parameter C_AXI_WUSER_WIDTH bound to: 1 - type: integer 
	Parameter C_AXI_BUSER_WIDTH bound to: 1 - type: integer 
	Parameter C_AXI_ARUSER_WIDTH bound to: 1 - type: integer 
	Parameter C_AXI_RUSER_WIDTH bound to: 1 - type: integer 
	Parameter C_AWPAYLOAD_WIDTH bound to: 32 - type: integer 
	Parameter C_WPAYLOAD_WIDTH bound to: 145 - type: integer 
	Parameter C_BPAYLOAD_WIDTH bound to: 4 - type: integer 
	Parameter C_ARPAYLOAD_WIDTH bound to: 32 - type: integer 
	Parameter C_RPAYLOAD_WIDTH bound to: 133 - type: integer 
	Parameter G_AXI_AWADDR_INDEX bound to: 0 - type: integer 
	Parameter G_AXI_AWADDR_WIDTH bound to: 1 - type: integer 
	Parameter G_AXI_AWPROT_INDEX bound to: 1 - type: integer 
	Parameter G_AXI_AWPROT_WIDTH bound to: 3 - type: integer 
	Parameter G_AXI_AWSIZE_INDEX bound to: 4 - type: integer 
	Parameter G_AXI_AWSIZE_WIDTH bound to: 3 - type: integer 
	Parameter G_AXI_AWBURST_INDEX bound to: 7 - type: integer 
	Parameter G_AXI_AWBURST_WIDTH bound to: 2 - type: integer 
	Parameter G_AXI_AWCACHE_INDEX bound to: 9 - type: integer 
	Parameter G_AXI_AWCACHE_WIDTH bound to: 4 - type: integer 
	Parameter G_AXI_AWLEN_INDEX bound to: 13 - type: integer 
	Parameter G_AXI_AWLEN_WIDTH bound to: 8 - type: integer 
	Parameter G_AXI_AWLOCK_INDEX bound to: 21 - type: integer 
	Parameter G_AXI_AWLOCK_WIDTH bound to: 1 - type: integer 
	Parameter G_AXI_AWID_INDEX bound to: 22 - type: integer 
	Parameter G_AXI_AWID_WIDTH bound to: 2 - type: integer 
	Parameter G_AXI_AWQOS_INDEX bound to: 24 - type: integer 
	Parameter G_AXI_AWQOS_WIDTH bound to: 4 - type: integer 
	Parameter G_AXI_AWREGION_INDEX bound to: 28 - type: integer 
	Parameter G_AXI_AWREGION_WIDTH bound to: 4 - type: integer 
	Parameter G_AXI_AWUSER_INDEX bound to: 32 - type: integer 
	Parameter G_AXI_AWUSER_WIDTH bound to: 0 - type: integer 
	Parameter G_AXI_AWPAYLOAD_WIDTH bound to: 32 - type: integer 
	Parameter G_AXI_ARADDR_INDEX bound to: 0 - type: integer 
	Parameter G_AXI_ARADDR_WIDTH bound to: 1 - type: integer 
	Parameter G_AXI_ARPROT_INDEX bound to: 1 - type: integer 
	Parameter G_AXI_ARPROT_WIDTH bound to: 3 - type: integer 
	Parameter G_AXI_ARSIZE_INDEX bound to: 4 - type: integer 
	Parameter G_AXI_ARSIZE_WIDTH bound to: 3 - type: integer 
	Parameter G_AXI_ARBURST_INDEX bound to: 7 - type: integer 
	Parameter G_AXI_ARBURST_WIDTH bound to: 2 - type: integer 
	Parameter G_AXI_ARCACHE_INDEX bound to: 9 - type: integer 
	Parameter G_AXI_ARCACHE_WIDTH bound to: 4 - type: integer 
	Parameter G_AXI_ARLEN_INDEX bound to: 13 - type: integer 
	Parameter G_AXI_ARLEN_WIDTH bound to: 8 - type: integer 
	Parameter G_AXI_ARLOCK_INDEX bound to: 21 - type: integer 
	Parameter G_AXI_ARLOCK_WIDTH bound to: 1 - type: integer 
	Parameter G_AXI_ARID_INDEX bound to: 22 - type: integer 
	Parameter G_AXI_ARID_WIDTH bound to: 2 - type: integer 
	Parameter G_AXI_ARQOS_INDEX bound to: 24 - type: integer 
	Parameter G_AXI_ARQOS_WIDTH bound to: 4 - type: integer 
	Parameter G_AXI_ARREGION_INDEX bound to: 28 - type: integer 
	Parameter G_AXI_ARREGION_WIDTH bound to: 4 - type: integer 
	Parameter G_AXI_ARUSER_INDEX bound to: 32 - type: integer 
	Parameter G_AXI_ARUSER_WIDTH bound to: 0 - type: integer 
	Parameter G_AXI_ARPAYLOAD_WIDTH bound to: 32 - type: integer 
	Parameter G_AXI_WDATA_INDEX bound to: 0 - type: integer 
	Parameter G_AXI_WDATA_WIDTH bound to: 128 - type: integer 
	Parameter G_AXI_WSTRB_INDEX bound to: 128 - type: integer 
	Parameter G_AXI_WSTRB_WIDTH bound to: 16 - type: integer 
	Parameter G_AXI_WLAST_INDEX bound to: 144 - type: integer 
	Parameter G_AXI_WLAST_WIDTH bound to: 1 - type: integer 
	Parameter G_AXI_WID_INDEX bound to: 145 - type: integer 
	Parameter G_AXI_WID_WIDTH bound to: 0 - type: integer 
	Parameter G_AXI_WUSER_INDEX bound to: 145 - type: integer 
	Parameter G_AXI_WUSER_WIDTH bound to: 0 - type: integer 
	Parameter G_AXI_WPAYLOAD_WIDTH bound to: 145 - type: integer 
	Parameter G_AXI_BRESP_INDEX bound to: 0 - type: integer 
	Parameter G_AXI_BRESP_WIDTH bound to: 2 - type: integer 
	Parameter G_AXI_BID_INDEX bound to: 2 - type: integer 
	Parameter G_AXI_BID_WIDTH bound to: 2 - type: integer 
	Parameter G_AXI_BUSER_INDEX bound to: 4 - type: integer 
	Parameter G_AXI_BUSER_WIDTH bound to: 0 - type: integer 
	Parameter G_AXI_BPAYLOAD_WIDTH bound to: 4 - type: integer 
	Parameter G_AXI_RDATA_INDEX bound to: 0 - type: integer 
	Parameter G_AXI_RDATA_WIDTH bound to: 128 - type: integer 
	Parameter G_AXI_RRESP_INDEX bound to: 128 - type: integer 
	Parameter G_AXI_RRESP_WIDTH bound to: 2 - type: integer 
	Parameter G_AXI_RLAST_INDEX bound to: 130 - type: integer 
	Parameter G_AXI_RLAST_WIDTH bound to: 1 - type: integer 
	Parameter G_AXI_RID_INDEX bound to: 131 - type: integer 
	Parameter G_AXI_RID_WIDTH bound to: 2 - type: integer 
	Parameter G_AXI_RUSER_INDEX bound to: 133 - type: integer 
	Parameter G_AXI_RUSER_WIDTH bound to: 0 - type: integer 
	Parameter G_AXI_RPAYLOAD_WIDTH bound to: 133 - type: integer 
	Parameter C_AXI_PROTOCOL bound to: 0 - type: integer 
	Parameter C_AXI_ID_WIDTH bound to: 2 - type: integer 
	Parameter C_AXI_ADDR_WIDTH bound to: 1 - type: integer 
	Parameter C_AXI_DATA_WIDTH bound to: 128 - type: integer 
	Parameter C_AXI_SUPPORTS_USER_SIGNALS bound to: 0 - type: integer 
	Parameter C_AXI_SUPPORTS_REGION_SIGNALS bound to: 1 - type: integer 
	Parameter C_AXI_AWUSER_WIDTH bound to: 1 - type: integer 
	Parameter C_AXI_WUSER_WIDTH bound to: 1 - type: integer 
	Parameter C_AXI_BUSER_WIDTH bound to: 1 - type: integer 
	Parameter C_AXI_ARUSER_WIDTH bound to: 1 - type: integer 
	Parameter C_AXI_RUSER_WIDTH bound to: 1 - type: integer 
	Parameter C_AWPAYLOAD_WIDTH bound to: 32 - type: integer 
	Parameter C_WPAYLOAD_WIDTH bound to: 145 - type: integer 
	Parameter C_BPAYLOAD_WIDTH bound to: 4 - type: integer 
	Parameter C_ARPAYLOAD_WIDTH bound to: 32 - type: integer 
	Parameter C_RPAYLOAD_WIDTH bound to: 133 - type: integer 
	Parameter G_AXI_AWADDR_INDEX bound to: 0 - type: integer 
	Parameter G_AXI_AWADDR_WIDTH bound to: 1 - type: integer 
	Parameter G_AXI_AWPROT_INDEX bound to: 1 - type: integer 
	Parameter G_AXI_AWPROT_WIDTH bound to: 3 - type: integer 
	Parameter G_AXI_AWSIZE_INDEX bound to: 4 - type: integer 
	Parameter G_AXI_AWSIZE_WIDTH bound to: 3 - type: integer 
	Parameter G_AXI_AWBURST_INDEX bound to: 7 - type: integer 
	Parameter G_AXI_AWBURST_WIDTH bound to: 2 - type: integer 
	Parameter G_AXI_AWCACHE_INDEX bound to: 9 - type: integer 
	Parameter G_AXI_AWCACHE_WIDTH bound to: 4 - type: integer 
	Parameter G_AXI_AWLEN_INDEX bound to: 13 - type: integer 
	Parameter G_AXI_AWLEN_WIDTH bound to: 8 - type: integer 
	Parameter G_AXI_AWLOCK_INDEX bound to: 21 - type: integer 
	Parameter G_AXI_AWLOCK_WIDTH bound to: 1 - type: integer 
	Parameter G_AXI_AWID_INDEX bound to: 22 - type: integer 
	Parameter G_AXI_AWID_WIDTH bound to: 2 - type: integer 
	Parameter G_AXI_AWQOS_INDEX bound to: 24 - type: integer 
	Parameter G_AXI_AWQOS_WIDTH bound to: 4 - type: integer 
	Parameter G_AXI_AWREGION_INDEX bound to: 28 - type: integer 
	Parameter G_AXI_AWREGION_WIDTH bound to: 4 - type: integer 
	Parameter G_AXI_AWUSER_INDEX bound to: 32 - type: integer 
	Parameter G_AXI_AWUSER_WIDTH bound to: 0 - type: integer 
	Parameter G_AXI_AWPAYLOAD_WIDTH bound to: 32 - type: integer 
	Parameter G_AXI_ARADDR_INDEX bound to: 0 - type: integer 
	Parameter G_AXI_ARADDR_WIDTH bound to: 1 - type: integer 
	Parameter G_AXI_ARPROT_INDEX bound to: 1 - type: integer 
	Parameter G_AXI_ARPROT_WIDTH bound to: 3 - type: integer 
	Parameter G_AXI_ARSIZE_INDEX bound to: 4 - type: integer 
	Parameter G_AXI_ARSIZE_WIDTH bound to: 3 - type: integer 
	Parameter G_AXI_ARBURST_INDEX bound to: 7 - type: integer 
	Parameter G_AXI_ARBURST_WIDTH bound to: 2 - type: integer 
	Parameter G_AXI_ARCACHE_INDEX bound to: 9 - type: integer 
	Parameter G_AXI_ARCACHE_WIDTH bound to: 4 - type: integer 
	Parameter G_AXI_ARLEN_INDEX bound to: 13 - type: integer 
	Parameter G_AXI_ARLEN_WIDTH bound to: 8 - type: integer 
	Parameter G_AXI_ARLOCK_INDEX bound to: 21 - type: integer 
	Parameter G_AXI_ARLOCK_WIDTH bound to: 1 - type: integer 
	Parameter G_AXI_ARID_INDEX bound to: 22 - type: integer 
	Parameter G_AXI_ARID_WIDTH bound to: 2 - type: integer 
	Parameter G_AXI_ARQOS_INDEX bound to: 24 - type: integer 
	Parameter G_AXI_ARQOS_WIDTH bound to: 4 - type: integer 
	Parameter G_AXI_ARREGION_INDEX bound to: 28 - type: integer 
	Parameter G_AXI_ARREGION_WIDTH bound to: 4 - type: integer 
	Parameter G_AXI_ARUSER_INDEX bound to: 32 - type: integer 
	Parameter G_AXI_ARUSER_WIDTH bound to: 0 - type: integer 
	Parameter G_AXI_ARPAYLOAD_WIDTH bound to: 32 - type: integer 
	Parameter G_AXI_WDATA_INDEX bound to: 0 - type: integer 
	Parameter G_AXI_WDATA_WIDTH bound to: 128 - type: integer 
	Parameter G_AXI_WSTRB_INDEX bound to: 128 - type: integer 
	Parameter G_AXI_WSTRB_WIDTH bound to: 16 - type: integer 
	Parameter G_AXI_WLAST_INDEX bound to: 144 - type: integer 
	Parameter G_AXI_WLAST_WIDTH bound to: 1 - type: integer 
	Parameter G_AXI_WID_INDEX bound to: 145 - type: integer 
	Parameter G_AXI_WID_WIDTH bound to: 0 - type: integer 
	Parameter G_AXI_WUSER_INDEX bound to: 145 - type: integer 
	Parameter G_AXI_WUSER_WIDTH bound to: 0 - type: integer 
	Parameter G_AXI_WPAYLOAD_WIDTH bound to: 145 - type: integer 
	Parameter G_AXI_BRESP_INDEX bound to: 0 - type: integer 
	Parameter G_AXI_BRESP_WIDTH bound to: 2 - type: integer 
	Parameter G_AXI_BID_INDEX bound to: 2 - type: integer 
	Parameter G_AXI_BID_WIDTH bound to: 2 - type: integer 
	Parameter G_AXI_BUSER_INDEX bound to: 4 - type: integer 
	Parameter G_AXI_BUSER_WIDTH bound to: 0 - type: integer 
	Parameter G_AXI_BPAYLOAD_WIDTH bound to: 4 - type: integer 
	Parameter G_AXI_RDATA_INDEX bound to: 0 - type: integer 
	Parameter G_AXI_RDATA_WIDTH bound to: 128 - type: integer 
	Parameter G_AXI_RRESP_INDEX bound to: 128 - type: integer 
	Parameter G_AXI_RRESP_WIDTH bound to: 2 - type: integer 
	Parameter G_AXI_RLAST_INDEX bound to: 130 - type: integer 
	Parameter G_AXI_RLAST_WIDTH bound to: 1 - type: integer 
	Parameter G_AXI_RID_INDEX bound to: 131 - type: integer 
	Parameter G_AXI_RID_WIDTH bound to: 2 - type: integer 
	Parameter G_AXI_RUSER_INDEX bound to: 133 - type: integer 
	Parameter G_AXI_RUSER_WIDTH bound to: 0 - type: integer 
	Parameter G_AXI_RPAYLOAD_WIDTH bound to: 133 - type: integer 
	Parameter C_FAMILY bound to: rtl - type: string 
	Parameter C_DATA_WIDTH bound to: 32 - type: integer 
	Parameter C_REG_CONFIG bound to: 0 - type: integer 
	Parameter C_FAMILY bound to: rtl - type: string 
	Parameter C_DATA_WIDTH bound to: 145 - type: integer 
	Parameter C_REG_CONFIG bound to: 0 - type: integer 
	Parameter C_FAMILY bound to: rtl - type: string 
	Parameter C_DATA_WIDTH bound to: 4 - type: integer 
	Parameter C_REG_CONFIG bound to: 7 - type: integer 
	Parameter C_FAMILY bound to: rtl - type: string 
	Parameter C_DATA_WIDTH bound to: 133 - type: integer 
	Parameter C_REG_CONFIG bound to: 1 - type: integer 
WARNING: [Synth 8-7071] port 'aclk2x' of module 'axi_register_slice_v2_1_21_axi_register_slice' is unconnected for instance 'reg_slice_mi' [e:/vivado_axidma3/uav_sar.srcs/sources_1/bd/uav_sar/ipshared/b68e/hdl/axi_crossbar_v2_1_vl_rfs.v:3122]
WARNING: [Synth 8-7023] instance 'reg_slice_mi' of module 'axi_register_slice_v2_1_21_axi_register_slice' has 93 connections declared, but only 92 given [e:/vivado_axidma3/uav_sar.srcs/sources_1/bd/uav_sar/ipshared/b68e/hdl/axi_crossbar_v2_1_vl_rfs.v:3122]
	Parameter C_FAMILY bound to: rtl - type: string 
	Parameter C_FIFO_WIDTH bound to: 8 - type: integer 
	Parameter C_MAX_CTRL_FANOUT bound to: 33 - type: integer 
	Parameter C_FIFO_DEPTH_LOG bound to: 0 - type: integer 
	Parameter C_USE_FULL bound to: 0 - type: integer 
	Parameter P_FIFO_DEPTH_LOG bound to: 2 - type: integer 
	Parameter P_EMPTY bound to: 2'b11 
	Parameter P_ALMOSTEMPTY bound to: 2'b00 
	Parameter P_ALMOSTFULL_TEMP bound to: 3'b110 
	Parameter P_ALMOSTFULL bound to: 2'b10 
	Parameter P_NUM_REPS bound to: 1 - type: integer 
	Parameter C_FAMILY bound to: rtl - type: string 
	Parameter C_WMESG_WIDTH bound to: 146 - type: integer 
	Parameter C_NUM_SLAVE_SLOTS bound to: 3 - type: integer 
	Parameter C_SELECT_WIDTH bound to: 2 - type: integer 
	Parameter C_FIFO_DEPTH_LOG bound to: 0 - type: integer 
	Parameter P_FIFO_DEPTH_LOG bound to: 0 - type: integer 
	Parameter C_FAMILY bound to: rtl - type: string 
	Parameter C_FIFO_WIDTH bound to: 2 - type: integer 
	Parameter C_MAX_CTRL_FANOUT bound to: 33 - type: integer 
	Parameter C_FIFO_DEPTH_LOG bound to: 0 - type: integer 
	Parameter C_USE_FULL bound to: 0 - type: integer 
	Parameter P_FIFO_DEPTH_LOG bound to: 2 - type: integer 
	Parameter P_EMPTY bound to: 2'b11 
	Parameter P_ALMOSTEMPTY bound to: 2'b00 
	Parameter P_ALMOSTFULL_TEMP bound to: 3'b110 
	Parameter P_ALMOSTFULL bound to: 2'b10 
	Parameter P_NUM_REPS bound to: 1 - type: integer 
	Parameter ZERO bound to: 2'b10 
	Parameter ONE bound to: 2'b11 
	Parameter TWO bound to: 2'b01 
INFO: [Synth 8-155] case statement is not full and has no default [e:/vivado_axidma3/uav_sar.srcs/sources_1/bd/uav_sar/ipshared/47c9/hdl/axi_data_fifo_v2_1_vl_rfs.v:986]
WARNING: [Synth 8-7071] port 'aclk2x' of module 'axi_register_slice_v2_1_21_axi_register_slice' is unconnected for instance 'reg_slice_mi' [e:/vivado_axidma3/uav_sar.srcs/sources_1/bd/uav_sar/ipshared/b68e/hdl/axi_crossbar_v2_1_vl_rfs.v:3122]
WARNING: [Synth 8-7023] instance 'reg_slice_mi' of module 'axi_register_slice_v2_1_21_axi_register_slice' has 93 connections declared, but only 92 given [e:/vivado_axidma3/uav_sar.srcs/sources_1/bd/uav_sar/ipshared/b68e/hdl/axi_crossbar_v2_1_vl_rfs.v:3122]
	Parameter C_AXI_ID_WIDTH bound to: 2 - type: integer 
	Parameter C_AXI_DATA_WIDTH bound to: 128 - type: integer 
	Parameter C_AXI_BUSER_WIDTH bound to: 1 - type: integer 
	Parameter C_AXI_RUSER_WIDTH bound to: 1 - type: integer 
	Parameter C_AXI_PROTOCOL bound to: 0 - type: integer 
	Parameter C_RESP bound to: 3 - type: integer 
	Parameter P_WRITE_IDLE bound to: 2'b00 
	Parameter P_WRITE_DATA bound to: 2'b01 
	Parameter P_WRITE_RESP bound to: 2'b10 
	Parameter P_READ_IDLE bound to: 1'b0 
	Parameter P_READ_DATA bound to: 1'b1 
	Parameter P_AXI4 bound to: 0 - type: integer 
	Parameter P_AXI3 bound to: 1 - type: integer 
	Parameter P_AXILITE bound to: 2 - type: integer 
INFO: [Synth 8-155] case statement is not full and has no default [e:/vivado_axidma3/uav_sar.srcs/sources_1/bd/uav_sar/ipshared/b68e/hdl/axi_crossbar_v2_1_vl_rfs.v:3633]
	Parameter C_FAMILY bound to: rtl - type: string 
	Parameter C_NUM_S bound to: 3 - type: integer 
	Parameter C_NUM_S_LOG bound to: 2 - type: integer 
	Parameter C_NUM_M bound to: 2 - type: integer 
	Parameter C_MESG_WIDTH bound to: 97 - type: integer 
	Parameter C_ARB_PRIORITY bound to: 96'b000000000000000000000000000000000000000000000000000000000000000000000000000000000000000000000000 
	Parameter P_PRIO_MASK bound to: 3'b000 
	Parameter C_FAMILY bound to: rtl - type: string 
	Parameter C_RATIO bound to: 3 - type: integer 
	Parameter C_SEL_WIDTH bound to: 2 - type: integer 
	Parameter C_DATA_WIDTH bound to: 97 - type: integer 
	Parameter C_FAMILY bound to: rtl - type: string 
	Parameter C_RATIO bound to: 3 - type: integer 
	Parameter C_SEL_WIDTH bound to: 2 - type: integer 
	Parameter C_DATA_WIDTH bound to: 2 - type: integer 
WARNING: [Synth 8-7071] port 'm_axi_awregion' of module 'uav_sar_xbar_1' is unconnected for instance 'xbar' [E:/vivado_axidma3/uav_sar.srcs/sources_1/bd/uav_sar/synth/uav_sar.v:3223]
WARNING: [Synth 8-7071] port 'm_axi_arregion' of module 'uav_sar_xbar_1' is unconnected for instance 'xbar' [E:/vivado_axidma3/uav_sar.srcs/sources_1/bd/uav_sar/synth/uav_sar.v:3223]
WARNING: [Synth 8-7023] instance 'xbar' of module 'uav_sar_xbar_1' has 78 connections declared, but only 76 given [E:/vivado_axidma3/uav_sar.srcs/sources_1/bd/uav_sar/synth/uav_sar.v:3223]
WARNING: [Synth 8-7071] port 'S02_AXI_arready' of module 'uav_sar_axi_interconnect_0_0' is unconnected for instance 'axi_interconnect_1' [E:/vivado_axidma3/uav_sar.srcs/sources_1/bd/uav_sar/synth/uav_sar.v:4980]
WARNING: [Synth 8-7071] port 'S02_AXI_awready' of module 'uav_sar_axi_interconnect_0_0' is unconnected for instance 'axi_interconnect_1' [E:/vivado_axidma3/uav_sar.srcs/sources_1/bd/uav_sar/synth/uav_sar.v:4980]
WARNING: [Synth 8-7071] port 'S02_AXI_bid' of module 'uav_sar_axi_interconnect_0_0' is unconnected for instance 'axi_interconnect_1' [E:/vivado_axidma3/uav_sar.srcs/sources_1/bd/uav_sar/synth/uav_sar.v:4980]
WARNING: [Synth 8-7071] port 'S02_AXI_bresp' of module 'uav_sar_axi_interconnect_0_0' is unconnected for instance 'axi_interconnect_1' [E:/vivado_axidma3/uav_sar.srcs/sources_1/bd/uav_sar/synth/uav_sar.v:4980]
WARNING: [Synth 8-7071] port 'S02_AXI_bvalid' of module 'uav_sar_axi_interconnect_0_0' is unconnected for instance 'axi_interconnect_1' [E:/vivado_axidma3/uav_sar.srcs/sources_1/bd/uav_sar/synth/uav_sar.v:4980]
WARNING: [Synth 8-7071] port 'S02_AXI_rdata' of module 'uav_sar_axi_interconnect_0_0' is unconnected for instance 'axi_interconnect_1' [E:/vivado_axidma3/uav_sar.srcs/sources_1/bd/uav_sar/synth/uav_sar.v:4980]
WARNING: [Synth 8-7071] port 'S02_AXI_rid' of module 'uav_sar_axi_interconnect_0_0' is unconnected for instance 'axi_interconnect_1' [E:/vivado_axidma3/uav_sar.srcs/sources_1/bd/uav_sar/synth/uav_sar.v:4980]
WARNING: [Synth 8-7071] port 'S02_AXI_rlast' of module 'uav_sar_axi_interconnect_0_0' is unconnected for instance 'axi_interconnect_1' [E:/vivado_axidma3/uav_sar.srcs/sources_1/bd/uav_sar/synth/uav_sar.v:4980]
WARNING: [Synth 8-7071] port 'S02_AXI_rresp' of module 'uav_sar_axi_interconnect_0_0' is unconnected for instance 'axi_interconnect_1' [E:/vivado_axidma3/uav_sar.srcs/sources_1/bd/uav_sar/synth/uav_sar.v:4980]
WARNING: [Synth 8-7071] port 'S02_AXI_rvalid' of module 'uav_sar_axi_interconnect_0_0' is unconnected for instance 'axi_interconnect_1' [E:/vivado_axidma3/uav_sar.srcs/sources_1/bd/uav_sar/synth/uav_sar.v:4980]
WARNING: [Synth 8-7071] port 'S02_AXI_wready' of module 'uav_sar_axi_interconnect_0_0' is unconnected for instance 'axi_interconnect_1' [E:/vivado_axidma3/uav_sar.srcs/sources_1/bd/uav_sar/synth/uav_sar.v:4980]
WARNING: [Synth 8-7023] instance 'axi_interconnect_1' of module 'uav_sar_axi_interconnect_0_0' has 122 connections declared, but only 111 given [E:/vivado_axidma3/uav_sar.srcs/sources_1/bd/uav_sar/synth/uav_sar.v:4980]
	Parameter C_FAMILY bound to: zynquplus - type: string 
	Parameter C_AXIS_TDATA_WIDTH bound to: 32 - type: integer 
	Parameter C_AXIS_TID_WIDTH bound to: 1 - type: integer 
	Parameter C_AXIS_TDEST_WIDTH bound to: 1 - type: integer 
	Parameter C_AXIS_TUSER_WIDTH bound to: 1 - type: integer 
	Parameter C_AXIS_SIGNAL_SET bound to: 32'b00000000000000000000000000010111 
	Parameter C_FIFO_DEPTH bound to: 1024 - type: integer 
	Parameter C_FIFO_MODE bound to: 1 - type: integer 
	Parameter C_IS_ACLK_ASYNC bound to: 0 - type: integer 
	Parameter C_SYNCHRONIZER_STAGE bound to: 3 - type: integer 
	Parameter C_ACLKEN_CONV_MODE bound to: 0 - type: integer 
	Parameter C_ECC_MODE bound to: 0 - type: integer 
	Parameter C_FIFO_MEMORY_TYPE bound to: auto - type: string 
	Parameter C_USE_ADV_FEATURES bound to: 825241648 - type: integer 
	Parameter C_PROG_EMPTY_THRESH bound to: 5 - type: integer 
	Parameter C_PROG_FULL_THRESH bound to: 11 - type: integer 
	Parameter G_INDX_SS_TREADY bound to: 0 - type: integer 
	Parameter G_INDX_SS_TDATA bound to: 1 - type: integer 
	Parameter G_INDX_SS_TSTRB bound to: 2 - type: integer 
	Parameter G_INDX_SS_TKEEP bound to: 3 - type: integer 
	Parameter G_INDX_SS_TLAST bound to: 4 - type: integer 
	Parameter G_INDX_SS_TID bound to: 5 - type: integer 
	Parameter G_INDX_SS_TDEST bound to: 6 - type: integer 
	Parameter G_INDX_SS_TUSER bound to: 7 - type: integer 
	Parameter G_MASK_SS_TREADY bound to: 1 - type: integer 
	Parameter G_MASK_SS_TDATA bound to: 2 - type: integer 
	Parameter G_MASK_SS_TSTRB bound to: 4 - type: integer 
	Parameter G_MASK_SS_TKEEP bound to: 8 - type: integer 
	Parameter G_MASK_SS_TLAST bound to: 16 - type: integer 
	Parameter G_MASK_SS_TID bound to: 32 - type: integer 
	Parameter G_MASK_SS_TDEST bound to: 64 - type: integer 
	Parameter G_MASK_SS_TUSER bound to: 128 - type: integer 
	Parameter G_TASK_SEVERITY_ERR bound to: 2 - type: integer 
	Parameter G_TASK_SEVERITY_WARNING bound to: 1 - type: integer 
	Parameter G_TASK_SEVERITY_INFO bound to: 0 - type: integer 
	Parameter LP_CDC_SYNC_STAGES bound to: 3 - type: integer 
	Parameter LP_CLOCKING_MODE bound to: common_clock - type: string 
	Parameter LP_ECC_MODE bound to: no_ecc - type: string 
	Parameter LP_FIFO_DEPTH bound to: 1024 - type: integer 
	Parameter LP_FIFO_MEMORY_TYPE bound to: auto - type: string 
	Parameter LP_PACKET_FIFO bound to: false - type: string 
	Parameter LP_PROG_EMPTY_THRESH bound to: 5 - type: integer 
	Parameter LP_PROG_FULL_THRESH bound to: 11 - type: integer 
	Parameter LP_RD_DATA_COUNT_WIDTH bound to: 11 - type: integer 
	Parameter LP_RELATED_CLOCKS bound to: 0 - type: integer 
	Parameter LP_TDATA_WIDTH bound to: 32 - type: integer 
	Parameter LP_TDEST_WIDTH bound to: 1 - type: integer 
	Parameter LP_TID_WIDTH bound to: 1 - type: integer 
	Parameter LP_TUSER_WIDTH bound to: 1 - type: integer 
	Parameter LP_USE_ADV_FEATURES bound to: 825241648 - type: integer 
	Parameter LP_WR_DATA_COUNT_WIDTH bound to: 11 - type: integer 
	Parameter LP_S_ACLKEN_CAN_TOGGLE bound to: 0 - type: integer 
	Parameter LP_M_ACLKEN_CAN_TOGGLE bound to: 0 - type: integer 
	Parameter C_TDATA_WIDTH bound to: 32 - type: integer 
	Parameter C_TID_WIDTH bound to: 1 - type: integer 
	Parameter C_TDEST_WIDTH bound to: 1 - type: integer 
	Parameter C_TUSER_WIDTH bound to: 1 - type: integer 
	Parameter C_SIGNAL_SET bound to: 255 - type: integer 
	Parameter C_S_ACLKEN_CAN_TOGGLE bound to: 0 - type: integer 
	Parameter C_M_ACLKEN_CAN_TOGGLE bound to: 0 - type: integer 
	Parameter G_INDX_SS_TREADY bound to: 0 - type: integer 
	Parameter G_INDX_SS_TDATA bound to: 1 - type: integer 
	Parameter G_INDX_SS_TSTRB bound to: 2 - type: integer 
	Parameter G_INDX_SS_TKEEP bound to: 3 - type: integer 
	Parameter G_INDX_SS_TLAST bound to: 4 - type: integer 
	Parameter G_INDX_SS_TID bound to: 5 - type: integer 
	Parameter G_INDX_SS_TDEST bound to: 6 - type: integer 
	Parameter G_INDX_SS_TUSER bound to: 7 - type: integer 
	Parameter G_MASK_SS_TREADY bound to: 1 - type: integer 
	Parameter G_MASK_SS_TDATA bound to: 2 - type: integer 
	Parameter G_MASK_SS_TSTRB bound to: 4 - type: integer 
	Parameter G_MASK_SS_TKEEP bound to: 8 - type: integer 
	Parameter G_MASK_SS_TLAST bound to: 16 - type: integer 
	Parameter G_MASK_SS_TID bound to: 32 - type: integer 
	Parameter G_MASK_SS_TDEST bound to: 64 - type: integer 
	Parameter G_MASK_SS_TUSER bound to: 128 - type: integer 
	Parameter G_TASK_SEVERITY_ERR bound to: 2 - type: integer 
	Parameter G_TASK_SEVERITY_WARNING bound to: 1 - type: integer 
	Parameter G_TASK_SEVERITY_INFO bound to: 0 - type: integer 
	Parameter P_TPAYLOAD_WIDTH bound to: 44 - type: integer 
	Parameter C_TDATA_WIDTH bound to: 32 - type: integer 
	Parameter C_TID_WIDTH bound to: 1 - type: integer 
	Parameter C_TDEST_WIDTH bound to: 1 - type: integer 
	Parameter C_TUSER_WIDTH bound to: 1 - type: integer 
	Parameter C_TPAYLOAD_WIDTH bound to: 44 - type: integer 
	Parameter C_SIGNAL_SET bound to: 255 - type: integer 
	Parameter G_INDX_SS_TREADY bound to: 0 - type: integer 
	Parameter G_INDX_SS_TDATA bound to: 1 - type: integer 
	Parameter G_INDX_SS_TSTRB bound to: 2 - type: integer 
	Parameter G_INDX_SS_TKEEP bound to: 3 - type: integer 
	Parameter G_INDX_SS_TLAST bound to: 4 - type: integer 
	Parameter G_INDX_SS_TID bound to: 5 - type: integer 
	Parameter G_INDX_SS_TDEST bound to: 6 - type: integer 
	Parameter G_INDX_SS_TUSER bound to: 7 - type: integer 
	Parameter G_MASK_SS_TREADY bound to: 1 - type: integer 
	Parameter G_MASK_SS_TDATA bound to: 2 - type: integer 
	Parameter G_MASK_SS_TSTRB bound to: 4 - type: integer 
	Parameter G_MASK_SS_TKEEP bound to: 8 - type: integer 
	Parameter G_MASK_SS_TLAST bound to: 16 - type: integer 
	Parameter G_MASK_SS_TID bound to: 32 - type: integer 
	Parameter G_MASK_SS_TDEST bound to: 64 - type: integer 
	Parameter G_MASK_SS_TUSER bound to: 128 - type: integer 
	Parameter G_TASK_SEVERITY_ERR bound to: 2 - type: integer 
	Parameter G_TASK_SEVERITY_WARNING bound to: 1 - type: integer 
	Parameter G_TASK_SEVERITY_INFO bound to: 0 - type: integer 
	Parameter P_TDATA_INDX bound to: 0 - type: integer 
	Parameter P_TSTRB_INDX bound to: 32 - type: integer 
	Parameter P_TKEEP_INDX bound to: 36 - type: integer 
	Parameter P_TLAST_INDX bound to: 40 - type: integer 
	Parameter P_TID_INDX bound to: 41 - type: integer 
	Parameter P_TDEST_INDX bound to: 42 - type: integer 
	Parameter P_TUSER_INDX bound to: 43 - type: integer 
	Parameter C_TDATA_WIDTH bound to: 32 - type: integer 
	Parameter C_TID_WIDTH bound to: 1 - type: integer 
	Parameter C_TDEST_WIDTH bound to: 1 - type: integer 
	Parameter C_TUSER_WIDTH bound to: 1 - type: integer 
	Parameter C_TPAYLOAD_WIDTH bound to: 44 - type: integer 
	Parameter C_SIGNAL_SET bound to: 255 - type: integer 
	Parameter G_INDX_SS_TREADY bound to: 0 - type: integer 
	Parameter G_INDX_SS_TDATA bound to: 1 - type: integer 
	Parameter G_INDX_SS_TSTRB bound to: 2 - type: integer 
	Parameter G_INDX_SS_TKEEP bound to: 3 - type: integer 
	Parameter G_INDX_SS_TLAST bound to: 4 - type: integer 
	Parameter G_INDX_SS_TID bound to: 5 - type: integer 
	Parameter G_INDX_SS_TDEST bound to: 6 - type: integer 
	Parameter G_INDX_SS_TUSER bound to: 7 - type: integer 
	Parameter G_MASK_SS_TREADY bound to: 1 - type: integer 
	Parameter G_MASK_SS_TDATA bound to: 2 - type: integer 
	Parameter G_MASK_SS_TSTRB bound to: 4 - type: integer 
	Parameter G_MASK_SS_TKEEP bound to: 8 - type: integer 
	Parameter G_MASK_SS_TLAST bound to: 16 - type: integer 
	Parameter G_MASK_SS_TID bound to: 32 - type: integer 
	Parameter G_MASK_SS_TDEST bound to: 64 - type: integer 
	Parameter G_MASK_SS_TUSER bound to: 128 - type: integer 
	Parameter G_TASK_SEVERITY_ERR bound to: 2 - type: integer 
	Parameter G_TASK_SEVERITY_WARNING bound to: 1 - type: integer 
	Parameter G_TASK_SEVERITY_INFO bound to: 0 - type: integer 
	Parameter P_TDATA_INDX bound to: 0 - type: integer 
	Parameter P_TSTRB_INDX bound to: 32 - type: integer 
	Parameter P_TKEEP_INDX bound to: 36 - type: integer 
	Parameter P_TLAST_INDX bound to: 40 - type: integer 
	Parameter P_TID_INDX bound to: 41 - type: integer 
	Parameter P_TDEST_INDX bound to: 42 - type: integer 
	Parameter P_TUSER_INDX bound to: 43 - type: integer 
	Parameter CLOCKING_MODE bound to: common_clock - type: string 
	Parameter FIFO_MEMORY_TYPE bound to: auto - type: string 
	Parameter PACKET_FIFO bound to: false - type: string 
	Parameter FIFO_DEPTH bound to: 1024 - type: integer 
	Parameter TDATA_WIDTH bound to: 32 - type: integer 
	Parameter TID_WIDTH bound to: 1 - type: integer 
	Parameter TDEST_WIDTH bound to: 1 - type: integer 
	Parameter TUSER_WIDTH bound to: 1 - type: integer 
	Parameter SIM_ASSERT_CHK bound to: 0 - type: integer 
	Parameter CASCADE_HEIGHT bound to: 0 - type: integer 
	Parameter ECC_MODE bound to: no_ecc - type: string 
	Parameter RELATED_CLOCKS bound to: 0 - type: integer 
	Parameter USE_ADV_FEATURES bound to: 825241648 - type: integer 
	Parameter WR_DATA_COUNT_WIDTH bound to: 11 - type: integer 
	Parameter RD_DATA_COUNT_WIDTH bound to: 11 - type: integer 
	Parameter PROG_FULL_THRESH bound to: 11 - type: integer 
	Parameter PROG_EMPTY_THRESH bound to: 5 - type: integer 
	Parameter CDC_SYNC_STAGES bound to: 3 - type: integer 
	Parameter EN_ADV_FEATURE_AXIS bound to: 16'b0001000000000000 
	Parameter EN_ALMOST_FULL_INT bound to: 1'b0 
	Parameter EN_ALMOST_EMPTY_INT bound to: 1'b0 
	Parameter EN_DATA_VALID_INT bound to: 1'b1 
	Parameter EN_ADV_FEATURE_AXIS_INT bound to: 16'b0001000000000000 
	Parameter USE_ADV_FEATURES_INT bound to: 825241648 - type: integer 
	Parameter PKT_SIZE_LT8 bound to: 1'b0 
	Parameter LOG_DEPTH_AXIS bound to: 10 - type: integer 
	Parameter TDATA_OFFSET bound to: 32 - type: integer 
	Parameter TSTRB_OFFSET bound to: 36 - type: integer 
	Parameter TKEEP_OFFSET bound to: 40 - type: integer 
	Parameter TID_OFFSET bound to: 41 - type: integer 
	Parameter TDEST_OFFSET bound to: 42 - type: integer 
	Parameter TUSER_OFFSET bound to: 43 - type: integer 
	Parameter AXIS_DATA_WIDTH bound to: 44 - type: integer 
	Parameter P_COMMON_CLOCK bound to: 1 - type: integer 
	Parameter P_FIFO_MEMORY_TYPE bound to: 0 - type: integer 
	Parameter P_ECC_MODE bound to: 0 - type: integer 
	Parameter P_PKT_MODE bound to: 0 - type: integer 
	Parameter AXIS_FINAL_DATA_WIDTH bound to: 44 - type: integer 
	Parameter TUSER_MAX_WIDTH bound to: 4053 - type: integer 
	Parameter DEST_SYNC_FF bound to: 4 - type: integer 
	Parameter INIT bound to: 32'sb00000000000000000000000000000000 
	Parameter INIT_SYNC_FF bound to: 1 - type: integer 
	Parameter SIM_ASSERT_CHK bound to: 0 - type: integer 
	Parameter VERSION bound to: 0 - type: integer 
	Parameter DEF_VAL bound to: 1'b0 
	Parameter COMMON_CLOCK bound to: 1 - type: integer 
	Parameter RELATED_CLOCKS bound to: 0 - type: integer 
	Parameter FIFO_MEMORY_TYPE bound to: 0 - type: integer 
	Parameter ECC_MODE bound to: 0 - type: integer 
	Parameter SIM_ASSERT_CHK bound to: 0 - type: integer 
	Parameter CASCADE_HEIGHT bound to: 0 - type: integer 
	Parameter FIFO_WRITE_DEPTH bound to: 1024 - type: integer 
	Parameter WRITE_DATA_WIDTH bound to: 44 - type: integer 
	Parameter WR_DATA_COUNT_WIDTH bound to: 11 - type: integer 
	Parameter PROG_FULL_THRESH bound to: 11 - type: integer 
	Parameter USE_ADV_FEATURES bound to: 825241648 - type: integer 
	Parameter READ_MODE bound to: 1 - type: integer 
	Parameter FIFO_READ_LATENCY bound to: 0 - type: integer 
	Parameter READ_DATA_WIDTH bound to: 44 - type: integer 
	Parameter RD_DATA_COUNT_WIDTH bound to: 11 - type: integer 
	Parameter PROG_EMPTY_THRESH bound to: 5 - type: integer 
	Parameter DOUT_RESET_VALUE bound to: (null) - type: string 
	Parameter CDC_DEST_SYNC_FF bound to: 3 - type: integer 
	Parameter FULL_RESET_VALUE bound to: 1 - type: integer 
	Parameter REMOVE_WR_RD_PROT_LOGIC bound to: 0 - type: integer 
	Parameter WAKEUP_TIME bound to: 0 - type: integer 
	Parameter VERSION bound to: 0 - type: integer 
	Parameter invalid bound to: 0 - type: integer 
	Parameter stage1_valid bound to: 2 - type: integer 
	Parameter stage2_valid bound to: 1 - type: integer 
	Parameter both_stages_valid bound to: 3 - type: integer 
	Parameter FIFO_MEM_TYPE bound to: 0 - type: integer 
	Parameter RD_MODE bound to: 1 - type: integer 
	Parameter ENABLE_ECC bound to: 0 - type: integer 
	Parameter FIFO_READ_DEPTH bound to: 1024 - type: integer 
	Parameter FIFO_SIZE bound to: 45056 - type: integer 
	Parameter WR_WIDTH_LOG bound to: 6 - type: integer 
	Parameter WR_DEPTH_LOG bound to: 10 - type: integer 
	Parameter WR_PNTR_WIDTH bound to: 10 - type: integer 
	Parameter RD_PNTR_WIDTH bound to: 10 - type: integer 
	Parameter FULL_RST_VAL bound to: 1'b1 
	Parameter WR_RD_RATIO bound to: 0 - type: integer 
	Parameter PF_THRESH_ADJ bound to: 9 - type: integer 
	Parameter PE_THRESH_ADJ bound to: 3 - type: integer 
	Parameter PF_THRESH_MIN bound to: 5 - type: integer 
	Parameter PF_THRESH_MAX bound to: 1019 - type: integer 
	Parameter PE_THRESH_MIN bound to: 5 - type: integer 
	Parameter PE_THRESH_MAX bound to: 1019 - type: integer 
	Parameter WR_DC_WIDTH_EXT bound to: 11 - type: integer 
	Parameter RD_DC_WIDTH_EXT bound to: 11 - type: integer 
	Parameter RD_LATENCY bound to: 2 - type: integer 
	Parameter WIDTH_RATIO bound to: 1 - type: integer 
	Parameter EN_ADV_FEATURE bound to: 16'b0001000000000000 
	Parameter EN_OF bound to: 1'b0 
	Parameter EN_PF bound to: 1'b0 
	Parameter EN_WDC bound to: 1'b0 
	Parameter EN_AF bound to: 1'b0 
	Parameter EN_WACK bound to: 1'b0 
	Parameter FG_EQ_ASYM_DOUT bound to: 1'b0 
	Parameter EN_UF bound to: 1'b0 
	Parameter EN_PE bound to: 1'b0 
	Parameter EN_RDC bound to: 1'b0 
	Parameter EN_AE bound to: 1'b0 
	Parameter EN_DVLD bound to: 1'b1 
	Parameter MEMORY_TYPE bound to: 1 - type: integer 
	Parameter MEMORY_SIZE bound to: 45056 - type: integer 
	Parameter MEMORY_PRIMITIVE bound to: 0 - type: integer 
	Parameter CLOCKING_MODE bound to: 0 - type: integer 
	Parameter ECC_MODE bound to: 0 - type: integer 
	Parameter MEMORY_INIT_FILE bound to: none - type: string 
	Parameter MEMORY_INIT_PARAM bound to: (null) - type: string 
	Parameter USE_MEM_INIT_MMI bound to: 0 - type: integer 
	Parameter USE_MEM_INIT bound to: 0 - type: integer 
	Parameter MEMORY_OPTIMIZATION bound to: true - type: string 
	Parameter WAKEUP_TIME bound to: 0 - type: integer 
	Parameter AUTO_SLEEP_TIME bound to: 0 - type: integer 
	Parameter MESSAGE_CONTROL bound to: 0 - type: integer 
	Parameter VERSION bound to: 0 - type: integer 
	Parameter USE_EMBEDDED_CONSTRAINT bound to: 0 - type: integer 
	Parameter CASCADE_HEIGHT bound to: 0 - type: integer 
	Parameter SIM_ASSERT_CHK bound to: 0 - type: integer 
	Parameter WRITE_PROTECT bound to: 1 - type: integer 
	Parameter WRITE_DATA_WIDTH_A bound to: 44 - type: integer 
	Parameter READ_DATA_WIDTH_A bound to: 44 - type: integer 
	Parameter BYTE_WRITE_WIDTH_A bound to: 44 - type: integer 
	Parameter ADDR_WIDTH_A bound to: 10 - type: integer 
	Parameter READ_RESET_VALUE_A bound to: 0 - type: string 
	Parameter READ_LATENCY_A bound to: 2 - type: integer 
	Parameter WRITE_MODE_A bound to: 2 - type: integer 
	Parameter RST_MODE_A bound to: SYNC - type: string 
	Parameter WRITE_DATA_WIDTH_B bound to: 44 - type: integer 
	Parameter READ_DATA_WIDTH_B bound to: 44 - type: integer 
	Parameter BYTE_WRITE_WIDTH_B bound to: 44 - type: integer 
	Parameter ADDR_WIDTH_B bound to: 10 - type: integer 
	Parameter READ_RESET_VALUE_B bound to: (null) - type: string 
	Parameter READ_LATENCY_B bound to: 2 - type: integer 
	Parameter WRITE_MODE_B bound to: 2 - type: integer 
	Parameter RST_MODE_B bound to: SYNC - type: string 
	Parameter P_MEMORY_PRIMITIVE bound to: auto - type: string 
	Parameter P_MIN_WIDTH_DATA_A bound to: 44 - type: integer 
	Parameter P_MIN_WIDTH_DATA_B bound to: 44 - type: integer 
	Parameter P_MIN_WIDTH_DATA bound to: 44 - type: integer 
	Parameter P_MIN_WIDTH_DATA_ECC bound to: 44 - type: integer 
	Parameter P_MAX_DEPTH_DATA bound to: 1024 - type: integer 
	Parameter P_ECC_MODE bound to: no_ecc - type: string 
	Parameter P_MEMORY_OPT bound to: yes - type: string 
	Parameter P_WIDTH_COL_WRITE_A bound to: 44 - type: integer 
	Parameter P_WIDTH_COL_WRITE_B bound to: 44 - type: integer 
	Parameter P_NUM_COLS_WRITE_A bound to: 1 - type: integer 
	Parameter P_NUM_COLS_WRITE_B bound to: 1 - type: integer 
	Parameter P_NUM_ROWS_WRITE_A bound to: 1 - type: integer 
	Parameter P_NUM_ROWS_WRITE_B bound to: 1 - type: integer 
	Parameter P_NUM_ROWS_READ_A bound to: 1 - type: integer 
	Parameter P_NUM_ROWS_READ_B bound to: 1 - type: integer 
	Parameter P_WIDTH_ADDR_WRITE_A bound to: 10 - type: integer 
	Parameter P_WIDTH_ADDR_WRITE_B bound to: 10 - type: integer 
	Parameter P_WIDTH_ADDR_READ_A bound to: 10 - type: integer 
	Parameter P_WIDTH_ADDR_READ_B bound to: 10 - type: integer 
	Parameter P_WIDTH_ADDR_LSB_WRITE_A bound to: 0 - type: integer 
	Parameter P_WIDTH_ADDR_LSB_WRITE_B bound to: 0 - type: integer 
	Parameter P_WIDTH_ADDR_LSB_READ_A bound to: 0 - type: integer 
	Parameter P_WIDTH_ADDR_LSB_READ_B bound to: 0 - type: integer 
	Parameter P_ENABLE_BYTE_WRITE_A bound to: 0 - type: integer 
	Parameter P_ENABLE_BYTE_WRITE_B bound to: 0 - type: integer 
	Parameter P_SDP_WRITE_MODE bound to: yes - type: string 
	Parameter rsta_loop_iter bound to: 44 - type: integer 
	Parameter rstb_loop_iter bound to: 44 - type: integer 
	Parameter NUM_CHAR_LOC bound to: 0 - type: integer 
	Parameter MAX_NUM_CHAR bound to: 0 - type: integer 
	Parameter P_MIN_WIDTH_DATA_SHFT bound to: 44 - type: integer 
	Parameter P_MIN_WIDTH_DATA_LDW bound to: 4 - type: integer 
INFO: [Synth 8-6059] Synth Info: [XPM_MEMORY 20-1] MEMORY_PRIMITIVE (0) instructs Vivado Synthesis to choose the memory primitive type. Depending on their values, other XPM_MEMORY parameters may preclude the choice of certain memory primitive types. Review XPM_MEMORY documentation and parameter values to understand any limitations, or set MEMORY_PRIMITIVE to a different value.   [E:/Xilinx_vitis2020/Vivado/2020.1/data/ip/xpm/xpm_memory/hdl/xpm_memory.sv:488]
INFO: [Synth 8-226] default block is never used [E:/Xilinx_vitis2020/Vivado/2020.1/data/ip/xpm/xpm_fifo/hdl/xpm_fifo.sv:1189]
INFO: [Synth 8-226] default block is never used [E:/Xilinx_vitis2020/Vivado/2020.1/data/ip/xpm/xpm_fifo/hdl/xpm_fifo.sv:1235]
INFO: [Synth 8-226] default block is never used [E:/Xilinx_vitis2020/Vivado/2020.1/data/ip/xpm/xpm_fifo/hdl/xpm_fifo.sv:1246]
	Parameter COMMON_CLOCK bound to: 1 - type: integer 
	Parameter CDC_DEST_SYNC_FF bound to: 3 - type: integer 
	Parameter SIM_ASSERT_CHK bound to: 0 - type: integer 
	Parameter COUNTER_WIDTH bound to: 11 - type: integer 
	Parameter RESET_VALUE bound to: 0 - type: integer 
	Parameter COUNTER_WIDTH bound to: 10 - type: integer 
	Parameter RESET_VALUE bound to: 1 - type: integer 
	Parameter COUNTER_WIDTH bound to: 10 - type: integer 
	Parameter RESET_VALUE bound to: 2 - type: integer 
WARNING: [Synth 8-7071] port 'm_axis_tstrb' of module 'uav_sar_axis_data_fifo_0_1' is unconnected for instance 'axis_data_fifo_0' [E:/vivado_axidma3/uav_sar.srcs/sources_1/bd/uav_sar/synth/uav_sar.v:5092]
WARNING: [Synth 8-7023] instance 'axis_data_fifo_0' of module 'uav_sar_axis_data_fifo_0_1' has 12 connections declared, but only 11 given [E:/vivado_axidma3/uav_sar.srcs/sources_1/bd/uav_sar/synth/uav_sar.v:5092]
	Parameter CAPACITANCE bound to: DONT_CARE - type: string 
	Parameter IBUF_DELAY_VALUE bound to: 0 - type: string 
	Parameter IBUF_LOW_PWR bound to: TRUE - type: string 
	Parameter IFD_DELAY_VALUE bound to: AUTO - type: string 
	Parameter IOSTANDARD bound to: DEFAULT - type: string 
	Parameter CLKFBOUT_MULT bound to: 8 - type: integer 
	Parameter CLKFBOUT_PHASE bound to: 0.000000 - type: double 
	Parameter CLKIN_PERIOD bound to: 10.000000 - type: double 
	Parameter CLKOUT0_DIVIDE bound to: 16 - type: integer 
	Parameter CLKOUT0_DUTY_CYCLE bound to: 0.500000 - type: double 
	Parameter CLKOUT0_PHASE bound to: 0.000000 - type: double 
	Parameter CLKOUT1_DIVIDE bound to: 1 - type: integer 
	Parameter CLKOUT1_DUTY_CYCLE bound to: 0.500000 - type: double 
	Parameter CLKOUT1_PHASE bound to: 0.000000 - type: double 
	Parameter CLKOUTPHY_MODE bound to: VCO_2X - type: string 
	Parameter COMPENSATION bound to: AUTO - type: string 
	Parameter DIVCLK_DIVIDE bound to: 1 - type: integer 
	Parameter IS_CLKFBIN_INVERTED bound to: 1'b0 
	Parameter IS_CLKIN_INVERTED bound to: 1'b0 
	Parameter IS_PWRDWN_INVERTED bound to: 1'b0 
	Parameter IS_RST_INVERTED bound to: 1'b0 
	Parameter REF_JITTER bound to: 0.010000 - type: double 
	Parameter STARTUP_WAIT bound to: FALSE - type: string 
INFO: [Synth 8-638] synthesizing module 'uav_sar_proc_sys_reset_0_0' [e:/vivado_axidma3/uav_sar.srcs/sources_1/bd/uav_sar/ip/uav_sar_proc_sys_reset_0_0/synth/uav_sar_proc_sys_reset_0_0.vhd:74]
	Parameter C_FAMILY bound to: zynquplus - type: string 
	Parameter C_EXT_RST_WIDTH bound to: 4 - type: integer 
	Parameter C_AUX_RST_WIDTH bound to: 4 - type: integer 
	Parameter C_EXT_RESET_HIGH bound to: 1'b0 
	Parameter C_AUX_RESET_HIGH bound to: 1'b0 
	Parameter C_NUM_BUS_RST bound to: 1 - type: integer 
	Parameter C_NUM_PERP_RST bound to: 1 - type: integer 
	Parameter C_NUM_INTERCONNECT_ARESETN bound to: 1 - type: integer 
	Parameter C_NUM_PERP_ARESETN bound to: 1 - type: integer 
INFO: [Synth 8-3491] module 'proc_sys_reset' declared at 'e:/vivado_axidma3/uav_sar.srcs/sources_1/bd/uav_sar/ipshared/8842/hdl/proc_sys_reset_v5_0_vh_rfs.vhd:1264' bound to instance 'U0' of component 'proc_sys_reset' [e:/vivado_axidma3/uav_sar.srcs/sources_1/bd/uav_sar/ip/uav_sar_proc_sys_reset_0_0/synth/uav_sar_proc_sys_reset_0_0.vhd:129]
INFO: [Synth 8-638] synthesizing module 'proc_sys_reset' [e:/vivado_axidma3/uav_sar.srcs/sources_1/bd/uav_sar/ipshared/8842/hdl/proc_sys_reset_v5_0_vh_rfs.vhd:1323]
	Parameter C_FAMILY bound to: zynquplus - type: string 
	Parameter C_EXT_RST_WIDTH bound to: 4 - type: integer 
	Parameter C_AUX_RST_WIDTH bound to: 4 - type: integer 
	Parameter C_EXT_RESET_HIGH bound to: 1'b0 
	Parameter C_AUX_RESET_HIGH bound to: 1'b0 
	Parameter C_NUM_BUS_RST bound to: 1 - type: integer 
	Parameter C_NUM_PERP_RST bound to: 1 - type: integer 
	Parameter C_NUM_INTERCONNECT_ARESETN bound to: 1 - type: integer 
	Parameter C_NUM_PERP_ARESETN bound to: 1 - type: integer 
	Parameter INIT bound to: 1'b1 
	Parameter IS_C_INVERTED bound to: 1'b0 
	Parameter IS_D_INVERTED bound to: 1'b0 
	Parameter IS_R_INVERTED bound to: 1'b0 
INFO: [Synth 8-113] binding component instance 'FDRE_inst' to cell 'FDRE' [e:/vivado_axidma3/uav_sar.srcs/sources_1/bd/uav_sar/ipshared/8842/hdl/proc_sys_reset_v5_0_vh_rfs.vhd:1392]
	Parameter INIT bound to: 1'b1 
	Parameter IS_C_INVERTED bound to: 1'b0 
	Parameter IS_D_INVERTED bound to: 1'b0 
	Parameter IS_R_INVERTED bound to: 1'b0 
INFO: [Synth 8-113] binding component instance 'FDRE_BSR' to cell 'FDRE' [e:/vivado_axidma3/uav_sar.srcs/sources_1/bd/uav_sar/ipshared/8842/hdl/proc_sys_reset_v5_0_vh_rfs.vhd:1408]
	Parameter INIT bound to: 1'b0 
	Parameter IS_C_INVERTED bound to: 1'b0 
	Parameter IS_D_INVERTED bound to: 1'b0 
	Parameter IS_R_INVERTED bound to: 1'b0 
INFO: [Synth 8-113] binding component instance 'FDRE_BSR_N' to cell 'FDRE' [e:/vivado_axidma3/uav_sar.srcs/sources_1/bd/uav_sar/ipshared/8842/hdl/proc_sys_reset_v5_0_vh_rfs.vhd:1434]
	Parameter INIT bound to: 1'b1 
	Parameter IS_C_INVERTED bound to: 1'b0 
	Parameter IS_D_INVERTED bound to: 1'b0 
	Parameter IS_R_INVERTED bound to: 1'b0 
INFO: [Synth 8-113] binding component instance 'FDRE_PER' to cell 'FDRE' [e:/vivado_axidma3/uav_sar.srcs/sources_1/bd/uav_sar/ipshared/8842/hdl/proc_sys_reset_v5_0_vh_rfs.vhd:1457]
	Parameter INIT bound to: 1'b0 
	Parameter IS_C_INVERTED bound to: 1'b0 
	Parameter IS_D_INVERTED bound to: 1'b0 
	Parameter IS_R_INVERTED bound to: 1'b0 
INFO: [Synth 8-113] binding component instance 'FDRE_PER_N' to cell 'FDRE' [e:/vivado_axidma3/uav_sar.srcs/sources_1/bd/uav_sar/ipshared/8842/hdl/proc_sys_reset_v5_0_vh_rfs.vhd:1481]
INFO: [Synth 8-638] synthesizing module 'lpf' [e:/vivado_axidma3/uav_sar.srcs/sources_1/bd/uav_sar/ipshared/8842/hdl/proc_sys_reset_v5_0_vh_rfs.vhd:816]
	Parameter C_EXT_RST_WIDTH bound to: 4 - type: integer 
	Parameter C_AUX_RST_WIDTH bound to: 4 - type: integer 
	Parameter C_EXT_RESET_HIGH bound to: 1'b0 
	Parameter C_AUX_RESET_HIGH bound to: 1'b0 
INFO: [Synth 8-3491] module 'SRL16' declared at 'E:/Xilinx_vitis2020/Vivado/2020.1/scripts/rt/data/unisim_comp.v:78043' bound to instance 'POR_SRL_I' of component 'SRL16' [e:/vivado_axidma3/uav_sar.srcs/sources_1/bd/uav_sar/ipshared/8842/hdl/proc_sys_reset_v5_0_vh_rfs.vhd:868]
	Parameter INIT bound to: 16'b0000000000000000 
INFO: [Synth 8-638] synthesizing module 'cdc_sync__parameterized0' [e:/vivado_axidma3/uav_sar.srcs/sources_1/bd/uav_sar/ipshared/ef1e/hdl/lib_cdc_v1_0_rfs.vhd:106]
	Parameter C_CDC_TYPE bound to: 1 - type: integer 
	Parameter C_RESET_STATE bound to: 0 - type: integer 
	Parameter C_SINGLE_BIT bound to: 1 - type: integer 
	Parameter C_FLOP_INPUT bound to: 0 - type: integer 
	Parameter C_VECTOR_WIDTH bound to: 2 - type: integer 
	Parameter C_MTBF_STAGES bound to: 4 - type: integer 
	Parameter INIT bound to: 1'b0 
INFO: [Synth 8-113] binding component instance 'CROSS_PLEVEL_IN2SCNDRY_IN_cdc_to' to cell 'FDR' [e:/vivado_axidma3/uav_sar.srcs/sources_1/bd/uav_sar/ipshared/ef1e/hdl/lib_cdc_v1_0_rfs.vhd:514]
	Parameter INIT bound to: 1'b0 
INFO: [Synth 8-113] binding component instance 'CROSS_PLEVEL_IN2SCNDRY_s_level_out_d2' to cell 'FDR' [e:/vivado_axidma3/uav_sar.srcs/sources_1/bd/uav_sar/ipshared/ef1e/hdl/lib_cdc_v1_0_rfs.vhd:545]
	Parameter INIT bound to: 1'b0 
INFO: [Synth 8-113] binding component instance 'CROSS_PLEVEL_IN2SCNDRY_s_level_out_d3' to cell 'FDR' [e:/vivado_axidma3/uav_sar.srcs/sources_1/bd/uav_sar/ipshared/ef1e/hdl/lib_cdc_v1_0_rfs.vhd:554]
	Parameter INIT bound to: 1'b0 
INFO: [Synth 8-113] binding component instance 'CROSS_PLEVEL_IN2SCNDRY_s_level_out_d4' to cell 'FDR' [e:/vivado_axidma3/uav_sar.srcs/sources_1/bd/uav_sar/ipshared/ef1e/hdl/lib_cdc_v1_0_rfs.vhd:564]
	Parameter INIT bound to: 1'b0 
INFO: [Synth 8-113] binding component instance 'CROSS_PLEVEL_IN2SCNDRY_s_level_out_d5' to cell 'FDR' [e:/vivado_axidma3/uav_sar.srcs/sources_1/bd/uav_sar/ipshared/ef1e/hdl/lib_cdc_v1_0_rfs.vhd:574]
	Parameter INIT bound to: 1'b0 
INFO: [Synth 8-113] binding component instance 'CROSS_PLEVEL_IN2SCNDRY_s_level_out_d6' to cell 'FDR' [e:/vivado_axidma3/uav_sar.srcs/sources_1/bd/uav_sar/ipshared/ef1e/hdl/lib_cdc_v1_0_rfs.vhd:584]
INFO: [Synth 8-256] done synthesizing module 'cdc_sync__parameterized0' (180#1) [e:/vivado_axidma3/uav_sar.srcs/sources_1/bd/uav_sar/ipshared/ef1e/hdl/lib_cdc_v1_0_rfs.vhd:106]
INFO: [Synth 8-256] done synthesizing module 'lpf' (181#1) [e:/vivado_axidma3/uav_sar.srcs/sources_1/bd/uav_sar/ipshared/8842/hdl/proc_sys_reset_v5_0_vh_rfs.vhd:816]
INFO: [Synth 8-638] synthesizing module 'sequence_psr' [e:/vivado_axidma3/uav_sar.srcs/sources_1/bd/uav_sar/ipshared/8842/hdl/proc_sys_reset_v5_0_vh_rfs.vhd:301]
INFO: [Synth 8-638] synthesizing module 'upcnt_n' [e:/vivado_axidma3/uav_sar.srcs/sources_1/bd/uav_sar/ipshared/8842/hdl/proc_sys_reset_v5_0_vh_rfs.vhd:125]
	Parameter C_SIZE bound to: 6 - type: integer 
INFO: [Synth 8-256] done synthesizing module 'upcnt_n' (182#1) [e:/vivado_axidma3/uav_sar.srcs/sources_1/bd/uav_sar/ipshared/8842/hdl/proc_sys_reset_v5_0_vh_rfs.vhd:125]
INFO: [Synth 8-256] done synthesizing module 'sequence_psr' (183#1) [e:/vivado_axidma3/uav_sar.srcs/sources_1/bd/uav_sar/ipshared/8842/hdl/proc_sys_reset_v5_0_vh_rfs.vhd:301]
INFO: [Synth 8-256] done synthesizing module 'proc_sys_reset' (184#1) [e:/vivado_axidma3/uav_sar.srcs/sources_1/bd/uav_sar/ipshared/8842/hdl/proc_sys_reset_v5_0_vh_rfs.vhd:1323]
INFO: [Synth 8-256] done synthesizing module 'uav_sar_proc_sys_reset_0_0' (185#1) [e:/vivado_axidma3/uav_sar.srcs/sources_1/bd/uav_sar/ip/uav_sar_proc_sys_reset_0_0/synth/uav_sar_proc_sys_reset_0_0.vhd:74]
WARNING: [Synth 8-7071] port 'mb_reset' of module 'uav_sar_proc_sys_reset_0_0' is unconnected for instance 'proc_sys_reset' [E:/vivado_axidma3/uav_sar.srcs/sources_1/bd/uav_sar/synth/uav_sar.v:5107]
WARNING: [Synth 8-7071] port 'bus_struct_reset' of module 'uav_sar_proc_sys_reset_0_0' is unconnected for instance 'proc_sys_reset' [E:/vivado_axidma3/uav_sar.srcs/sources_1/bd/uav_sar/synth/uav_sar.v:5107]
WARNING: [Synth 8-7071] port 'peripheral_reset' of module 'uav_sar_proc_sys_reset_0_0' is unconnected for instance 'proc_sys_reset' [E:/vivado_axidma3/uav_sar.srcs/sources_1/bd/uav_sar/synth/uav_sar.v:5107]
WARNING: [Synth 8-7023] instance 'proc_sys_reset' of module 'uav_sar_proc_sys_reset_0_0' has 10 connections declared, but only 7 given [E:/vivado_axidma3/uav_sar.srcs/sources_1/bd/uav_sar/synth/uav_sar.v:5107]
	Parameter C_S00_AXI_DATA_WIDTH bound to: 32 - type: integer 
	Parameter C_S00_AXI_ADDR_WIDTH bound to: 5 - type: integer 
	Parameter C_M00_AXIS_TDATA_WIDTH bound to: 32 - type: integer 
	Parameter C_M00_AXIS_START_COUNT bound to: 32 - type: integer 
	Parameter C_S_AXI_DATA_WIDTH bound to: 32 - type: integer 
	Parameter C_S_AXI_ADDR_WIDTH bound to: 5 - type: integer 
	Parameter ADDR_LSB bound to: 2 - type: integer 
	Parameter OPT_MEM_ADDR_BITS bound to: 2 - type: integer 
	Parameter CLK_FREQ bound to: 50000000 - type: integer 
	Parameter UART_BPS bound to: 921600 - type: integer 
	Parameter BAUD_CNT_MAX bound to: 54 - type: integer 
INFO: [Synth 8-638] synthesizing module 'fifo_generator_0' [e:/vivado_axidma3/uav_sar.srcs/sources_1/bd/uav_sar/ip/uav_sar_uart_uav_data_0_4/src/fifo_generator_0/synth/fifo_generator_0.vhd:75]
	Parameter C_COMMON_CLOCK bound to: 0 - type: integer 
	Parameter C_SELECT_XPM bound to: 0 - type: integer 
	Parameter C_COUNT_TYPE bound to: 0 - type: integer 
	Parameter C_DATA_COUNT_WIDTH bound to: 13 - type: integer 
	Parameter C_DEFAULT_VALUE bound to: BlankString - type: string 
	Parameter C_DIN_WIDTH bound to: 32 - type: integer 
	Parameter C_DOUT_RST_VAL bound to: 0 - type: string 
	Parameter C_DOUT_WIDTH bound to: 32 - type: integer 
	Parameter C_ENABLE_RLOCS bound to: 0 - type: integer 
	Parameter C_FAMILY bound to: zynquplus - type: string 
	Parameter C_FULL_FLAGS_RST_VAL bound to: 0 - type: integer 
	Parameter C_HAS_ALMOST_EMPTY bound to: 0 - type: integer 
	Parameter C_HAS_ALMOST_FULL bound to: 0 - type: integer 
	Parameter C_HAS_BACKUP bound to: 0 - type: integer 
	Parameter C_HAS_DATA_COUNT bound to: 0 - type: integer 
	Parameter C_HAS_INT_CLK bound to: 0 - type: integer 
	Parameter C_HAS_MEMINIT_FILE bound to: 0 - type: integer 
	Parameter C_HAS_OVERFLOW bound to: 0 - type: integer 
	Parameter C_HAS_RD_DATA_COUNT bound to: 0 - type: integer 
	Parameter C_HAS_RD_RST bound to: 0 - type: integer 
	Parameter C_HAS_RST bound to: 0 - type: integer 
	Parameter C_HAS_SRST bound to: 1 - type: integer 
	Parameter C_HAS_UNDERFLOW bound to: 0 - type: integer 
	Parameter C_HAS_VALID bound to: 0 - type: integer 
	Parameter C_HAS_WR_ACK bound to: 0 - type: integer 
	Parameter C_HAS_WR_DATA_COUNT bound to: 0 - type: integer 
	Parameter C_HAS_WR_RST bound to: 0 - type: integer 
	Parameter C_IMPLEMENTATION_TYPE bound to: 6 - type: integer 
	Parameter C_INIT_WR_PNTR_VAL bound to: 0 - type: integer 
	Parameter C_MEMORY_TYPE bound to: 4 - type: integer 
	Parameter C_MIF_FILE_NAME bound to: BlankString - type: string 
	Parameter C_OPTIMIZATION_MODE bound to: 0 - type: integer 
	Parameter C_OVERFLOW_LOW bound to: 0 - type: integer 
	Parameter C_PRELOAD_LATENCY bound to: 2 - type: integer 
	Parameter C_PRELOAD_REGS bound to: 1 - type: integer 
	Parameter C_PRIM_FIFO_TYPE bound to: 1kx36 - type: string 
	Parameter C_PROG_EMPTY_THRESH_ASSERT_VAL bound to: 5 - type: integer 
	Parameter C_PROG_EMPTY_THRESH_NEGATE_VAL bound to: 6 - type: integer 
	Parameter C_PROG_EMPTY_TYPE bound to: 0 - type: integer 
	Parameter C_PROG_FULL_THRESH_ASSERT_VAL bound to: 8184 - type: integer 
	Parameter C_PROG_FULL_THRESH_NEGATE_VAL bound to: 8183 - type: integer 
	Parameter C_PROG_FULL_TYPE bound to: 0 - type: integer 
	Parameter C_RD_DATA_COUNT_WIDTH bound to: 13 - type: integer 
	Parameter C_RD_DEPTH bound to: 8192 - type: integer 
	Parameter C_RD_FREQ bound to: 1 - type: integer 
	Parameter C_RD_PNTR_WIDTH bound to: 13 - type: integer 
	Parameter C_UNDERFLOW_LOW bound to: 0 - type: integer 
	Parameter C_USE_DOUT_RST bound to: 1 - type: integer 
	Parameter C_USE_ECC bound to: 0 - type: integer 
	Parameter C_USE_EMBEDDED_REG bound to: 1 - type: integer 
	Parameter C_USE_PIPELINE_REG bound to: 0 - type: integer 
	Parameter C_POWER_SAVING_MODE bound to: 0 - type: integer 
	Parameter C_USE_FIFO16_FLAGS bound to: 0 - type: integer 
	Parameter C_USE_FWFT_DATA_COUNT bound to: 0 - type: integer 
	Parameter C_VALID_LOW bound to: 0 - type: integer 
	Parameter C_WR_ACK_LOW bound to: 0 - type: integer 
	Parameter C_WR_DATA_COUNT_WIDTH bound to: 13 - type: integer 
	Parameter C_WR_DEPTH bound to: 8192 - type: integer 
	Parameter C_WR_FREQ bound to: 1 - type: integer 
	Parameter C_WR_PNTR_WIDTH bound to: 13 - type: integer 
	Parameter C_WR_RESPONSE_LATENCY bound to: 1 - type: integer 
	Parameter C_MSGON_VAL bound to: 1 - type: integer 
	Parameter C_ENABLE_RST_SYNC bound to: 1 - type: integer 
	Parameter C_EN_SAFETY_CKT bound to: 0 - type: integer 
	Parameter C_ERROR_INJECTION_TYPE bound to: 0 - type: integer 
	Parameter C_SYNCHRONIZER_STAGE bound to: 2 - type: integer 
	Parameter C_INTERFACE_TYPE bound to: 0 - type: integer 
	Parameter C_AXI_TYPE bound to: 1 - type: integer 
	Parameter C_HAS_AXI_WR_CHANNEL bound to: 1 - type: integer 
	Parameter C_HAS_AXI_RD_CHANNEL bound to: 1 - type: integer 
	Parameter C_HAS_SLAVE_CE bound to: 0 - type: integer 
	Parameter C_HAS_MASTER_CE bound to: 0 - type: integer 
	Parameter C_ADD_NGC_CONSTRAINT bound to: 0 - type: integer 
	Parameter C_USE_COMMON_OVERFLOW bound to: 0 - type: integer 
	Parameter C_USE_COMMON_UNDERFLOW bound to: 0 - type: integer 
	Parameter C_USE_DEFAULT_SETTINGS bound to: 0 - type: integer 
	Parameter C_AXI_ID_WIDTH bound to: 1 - type: integer 
	Parameter C_AXI_ADDR_WIDTH bound to: 32 - type: integer 
	Parameter C_AXI_DATA_WIDTH bound to: 64 - type: integer 
	Parameter C_AXI_LEN_WIDTH bound to: 8 - type: integer 
	Parameter C_AXI_LOCK_WIDTH bound to: 1 - type: integer 
	Parameter C_HAS_AXI_ID bound to: 0 - type: integer 
	Parameter C_HAS_AXI_AWUSER bound to: 0 - type: integer 
	Parameter C_HAS_AXI_WUSER bound to: 0 - type: integer 
	Parameter C_HAS_AXI_BUSER bound to: 0 - type: integer 
	Parameter C_HAS_AXI_ARUSER bound to: 0 - type: integer 
	Parameter C_HAS_AXI_RUSER bound to: 0 - type: integer 
	Parameter C_AXI_ARUSER_WIDTH bound to: 1 - type: integer 
	Parameter C_AXI_AWUSER_WIDTH bound to: 1 - type: integer 
	Parameter C_AXI_WUSER_WIDTH bound to: 1 - type: integer 
	Parameter C_AXI_BUSER_WIDTH bound to: 1 - type: integer 
	Parameter C_AXI_RUSER_WIDTH bound to: 1 - type: integer 
	Parameter C_HAS_AXIS_TDATA bound to: 1 - type: integer 
	Parameter C_HAS_AXIS_TID bound to: 0 - type: integer 
	Parameter C_HAS_AXIS_TDEST bound to: 0 - type: integer 
	Parameter C_HAS_AXIS_TUSER bound to: 1 - type: integer 
	Parameter C_HAS_AXIS_TREADY bound to: 1 - type: integer 
	Parameter C_HAS_AXIS_TLAST bound to: 0 - type: integer 
	Parameter C_HAS_AXIS_TSTRB bound to: 0 - type: integer 
	Parameter C_HAS_AXIS_TKEEP bound to: 0 - type: integer 
	Parameter C_AXIS_TDATA_WIDTH bound to: 8 - type: integer 
	Parameter C_AXIS_TID_WIDTH bound to: 1 - type: integer 
	Parameter C_AXIS_TDEST_WIDTH bound to: 1 - type: integer 
	Parameter C_AXIS_TUSER_WIDTH bound to: 4 - type: integer 
	Parameter C_AXIS_TSTRB_WIDTH bound to: 1 - type: integer 
	Parameter C_AXIS_TKEEP_WIDTH bound to: 1 - type: integer 
	Parameter C_WACH_TYPE bound to: 0 - type: integer 
	Parameter C_WDCH_TYPE bound to: 0 - type: integer 
	Parameter C_WRCH_TYPE bound to: 0 - type: integer 
	Parameter C_RACH_TYPE bound to: 0 - type: integer 
	Parameter C_RDCH_TYPE bound to: 0 - type: integer 
	Parameter C_AXIS_TYPE bound to: 0 - type: integer 
	Parameter C_IMPLEMENTATION_TYPE_WACH bound to: 2 - type: integer 
	Parameter C_IMPLEMENTATION_TYPE_WDCH bound to: 1 - type: integer 
	Parameter C_IMPLEMENTATION_TYPE_WRCH bound to: 2 - type: integer 
	Parameter C_IMPLEMENTATION_TYPE_RACH bound to: 2 - type: integer 
	Parameter C_IMPLEMENTATION_TYPE_RDCH bound to: 1 - type: integer 
	Parameter C_IMPLEMENTATION_TYPE_AXIS bound to: 1 - type: integer 
	Parameter C_APPLICATION_TYPE_WACH bound to: 0 - type: integer 
	Parameter C_APPLICATION_TYPE_WDCH bound to: 0 - type: integer 
	Parameter C_APPLICATION_TYPE_WRCH bound to: 0 - type: integer 
	Parameter C_APPLICATION_TYPE_RACH bound to: 0 - type: integer 
	Parameter C_APPLICATION_TYPE_RDCH bound to: 0 - type: integer 
	Parameter C_APPLICATION_TYPE_AXIS bound to: 0 - type: integer 
	Parameter C_PRIM_FIFO_TYPE_WACH bound to: 512x36 - type: string 
	Parameter C_PRIM_FIFO_TYPE_WDCH bound to: 512x72 - type: string 
	Parameter C_PRIM_FIFO_TYPE_WRCH bound to: 512x36 - type: string 
	Parameter C_PRIM_FIFO_TYPE_RACH bound to: 512x36 - type: string 
	Parameter C_PRIM_FIFO_TYPE_RDCH bound to: 512x72 - type: string 
	Parameter C_PRIM_FIFO_TYPE_AXIS bound to: 1kx18 - type: string 
	Parameter C_USE_ECC_WACH bound to: 0 - type: integer 
	Parameter C_USE_ECC_WDCH bound to: 0 - type: integer 
	Parameter C_USE_ECC_WRCH bound to: 0 - type: integer 
	Parameter C_USE_ECC_RACH bound to: 0 - type: integer 
	Parameter C_USE_ECC_RDCH bound to: 0 - type: integer 
	Parameter C_USE_ECC_AXIS bound to: 0 - type: integer 
	Parameter C_ERROR_INJECTION_TYPE_WACH bound to: 0 - type: integer 
	Parameter C_ERROR_INJECTION_TYPE_WDCH bound to: 0 - type: integer 
	Parameter C_ERROR_INJECTION_TYPE_WRCH bound to: 0 - type: integer 
	Parameter C_ERROR_INJECTION_TYPE_RACH bound to: 0 - type: integer 
	Parameter C_ERROR_INJECTION_TYPE_RDCH bound to: 0 - type: integer 
	Parameter C_ERROR_INJECTION_TYPE_AXIS bound to: 0 - type: integer 
	Parameter C_DIN_WIDTH_WACH bound to: 1 - type: integer 
	Parameter C_DIN_WIDTH_WDCH bound to: 64 - type: integer 
	Parameter C_DIN_WIDTH_WRCH bound to: 2 - type: integer 
	Parameter C_DIN_WIDTH_RACH bound to: 32 - type: integer 
	Parameter C_DIN_WIDTH_RDCH bound to: 64 - type: integer 
	Parameter C_DIN_WIDTH_AXIS bound to: 1 - type: integer 
	Parameter C_WR_DEPTH_WACH bound to: 16 - type: integer 
	Parameter C_WR_DEPTH_WDCH bound to: 1024 - type: integer 
	Parameter C_WR_DEPTH_WRCH bound to: 16 - type: integer 
	Parameter C_WR_DEPTH_RACH bound to: 16 - type: integer 
	Parameter C_WR_DEPTH_RDCH bound to: 1024 - type: integer 
	Parameter C_WR_DEPTH_AXIS bound to: 1024 - type: integer 
	Parameter C_WR_PNTR_WIDTH_WACH bound to: 4 - type: integer 
	Parameter C_WR_PNTR_WIDTH_WDCH bound to: 10 - type: integer 
	Parameter C_WR_PNTR_WIDTH_WRCH bound to: 4 - type: integer 
	Parameter C_WR_PNTR_WIDTH_RACH bound to: 4 - type: integer 
	Parameter C_WR_PNTR_WIDTH_RDCH bound to: 10 - type: integer 
	Parameter C_WR_PNTR_WIDTH_AXIS bound to: 10 - type: integer 
	Parameter C_HAS_DATA_COUNTS_WACH bound to: 0 - type: integer 
	Parameter C_HAS_DATA_COUNTS_WDCH bound to: 0 - type: integer 
	Parameter C_HAS_DATA_COUNTS_WRCH bound to: 0 - type: integer 
	Parameter C_HAS_DATA_COUNTS_RACH bound to: 0 - type: integer 
	Parameter C_HAS_DATA_COUNTS_RDCH bound to: 0 - type: integer 
	Parameter C_HAS_DATA_COUNTS_AXIS bound to: 0 - type: integer 
	Parameter C_HAS_PROG_FLAGS_WACH bound to: 0 - type: integer 
	Parameter C_HAS_PROG_FLAGS_WDCH bound to: 0 - type: integer 
	Parameter C_HAS_PROG_FLAGS_WRCH bound to: 0 - type: integer 
	Parameter C_HAS_PROG_FLAGS_RACH bound to: 0 - type: integer 
	Parameter C_HAS_PROG_FLAGS_RDCH bound to: 0 - type: integer 
	Parameter C_HAS_PROG_FLAGS_AXIS bound to: 0 - type: integer 
	Parameter C_PROG_FULL_TYPE_WACH bound to: 0 - type: integer 
	Parameter C_PROG_FULL_TYPE_WDCH bound to: 0 - type: integer 
	Parameter C_PROG_FULL_TYPE_WRCH bound to: 0 - type: integer 
	Parameter C_PROG_FULL_TYPE_RACH bound to: 0 - type: integer 
	Parameter C_PROG_FULL_TYPE_RDCH bound to: 0 - type: integer 
	Parameter C_PROG_FULL_TYPE_AXIS bound to: 0 - type: integer 
	Parameter C_PROG_FULL_THRESH_ASSERT_VAL_WACH bound to: 1023 - type: integer 
	Parameter C_PROG_FULL_THRESH_ASSERT_VAL_WDCH bound to: 1023 - type: integer 
	Parameter C_PROG_FULL_THRESH_ASSERT_VAL_WRCH bound to: 1023 - type: integer 
	Parameter C_PROG_FULL_THRESH_ASSERT_VAL_RACH bound to: 1023 - type: integer 
	Parameter C_PROG_FULL_THRESH_ASSERT_VAL_RDCH bound to: 1023 - type: integer 
	Parameter C_PROG_FULL_THRESH_ASSERT_VAL_AXIS bound to: 1023 - type: integer 
	Parameter C_PROG_EMPTY_TYPE_WACH bound to: 0 - type: integer 
	Parameter C_PROG_EMPTY_TYPE_WDCH bound to: 0 - type: integer 
	Parameter C_PROG_EMPTY_TYPE_WRCH bound to: 0 - type: integer 
	Parameter C_PROG_EMPTY_TYPE_RACH bound to: 0 - type: integer 
	Parameter C_PROG_EMPTY_TYPE_RDCH bound to: 0 - type: integer 
	Parameter C_PROG_EMPTY_TYPE_AXIS bound to: 0 - type: integer 
	Parameter C_PROG_EMPTY_THRESH_ASSERT_VAL_WACH bound to: 1022 - type: integer 
	Parameter C_PROG_EMPTY_THRESH_ASSERT_VAL_WDCH bound to: 1022 - type: integer 
	Parameter C_PROG_EMPTY_THRESH_ASSERT_VAL_WRCH bound to: 1022 - type: integer 
	Parameter C_PROG_EMPTY_THRESH_ASSERT_VAL_RACH bound to: 1022 - type: integer 
	Parameter C_PROG_EMPTY_THRESH_ASSERT_VAL_RDCH bound to: 1022 - type: integer 
	Parameter C_PROG_EMPTY_THRESH_ASSERT_VAL_AXIS bound to: 1022 - type: integer 
	Parameter C_REG_SLICE_MODE_WACH bound to: 0 - type: integer 
	Parameter C_REG_SLICE_MODE_WDCH bound to: 0 - type: integer 
	Parameter C_REG_SLICE_MODE_WRCH bound to: 0 - type: integer 
	Parameter C_REG_SLICE_MODE_RACH bound to: 0 - type: integer 
	Parameter C_REG_SLICE_MODE_RDCH bound to: 0 - type: integer 
	Parameter C_REG_SLICE_MODE_AXIS bound to: 0 - type: integer 
INFO: [Synth 8-3491] module 'fifo_generator_v13_2_5' declared at 'e:/vivado_axidma3/uav_sar.srcs/sources_1/bd/uav_sar/ipshared/276e/hdl/fifo_generator_v13_2_vhsyn_rfs.vhd:38604' bound to instance 'U0' of component 'fifo_generator_v13_2_5' [e:/vivado_axidma3/uav_sar.srcs/sources_1/bd/uav_sar/ip/uav_sar_uart_uav_data_0_4/src/fifo_generator_0/synth/fifo_generator_0.vhd:545]
INFO: [Synth 8-256] done synthesizing module 'fifo_generator_0' (195#1) [e:/vivado_axidma3/uav_sar.srcs/sources_1/bd/uav_sar/ip/uav_sar_uart_uav_data_0_4/src/fifo_generator_0/synth/fifo_generator_0.vhd:75]
INFO: [Synth 8-6071] Mark debug on the nets applies keep_hierarchy on instance 'fifo_async'. This will prevent further optimization [e:/vivado_axidma3/uav_sar.srcs/sources_1/bd/uav_sar/ipshared/f421/hdl/uart_rx.v:319]
	Parameter S_IDLE bound to: 3'b000 
	Parameter S_ZDA bound to: 3'b001 
	Parameter S_UTC bound to: 3'b010 
	Parameter SYS_CLK_FREQ bound to: 50000000 - type: integer 
	Parameter S_WAIT_REQ bound to: 3'b000 
	Parameter S_WAIT_UTC bound to: 3'b001 
	Parameter S_ALIGN bound to: 3'b010 
INFO: [Synth 8-155] case statement is not full and has no default [e:/vivado_axidma3/uav_sar.srcs/sources_1/bd/uav_sar/ipshared/f421/hdl/utc_time.v:129]
INFO: [Synth 8-638] synthesizing module 'uav_sar_util_ds_buf_0_0' [e:/vivado_axidma3/uav_sar.srcs/sources_1/bd/uav_sar/ip/uav_sar_util_ds_buf_0_0/synth/uav_sar_util_ds_buf_0_0.vhd:63]
	Parameter C_BUF_TYPE bound to: BUFG - type: string 
	Parameter C_SIZE bound to: 1 - type: integer 
	Parameter C_BUFGCE_DIV bound to: 1 - type: integer 
	Parameter C_BUFG_GT_SYNC bound to: 0 - type: integer 
	Parameter C_SIM_DEVICE bound to: VERSAL_AI_CORE_ES1 - type: string 
	Parameter C_OBUFDS_GTE5_ADV bound to: 2'b00 
	Parameter C_REFCLK_ICNTL_TX bound to: 5'b00000 
INFO: [Synth 8-3491] module 'util_ds_buf' declared at 'e:/vivado_axidma3/uav_sar.srcs/sources_1/bd/uav_sar/ip/uav_sar_util_ds_buf_0_0/util_ds_buf.vhd:72' bound to instance 'U0' of component 'util_ds_buf' [e:/vivado_axidma3/uav_sar.srcs/sources_1/bd/uav_sar/ip/uav_sar_util_ds_buf_0_0/synth/uav_sar_util_ds_buf_0_0.vhd:178]
INFO: [Synth 8-638] synthesizing module 'util_ds_buf' [e:/vivado_axidma3/uav_sar.srcs/sources_1/bd/uav_sar/ip/uav_sar_util_ds_buf_0_0/util_ds_buf.vhd:219]
	Parameter C_BUF_TYPE bound to: BUFG - type: string 
	Parameter C_SIZE bound to: 1 - type: integer 
	Parameter C_BUFGCE_DIV bound to: 1 - type: integer 
	Parameter C_BUFG_GT_SYNC bound to: 0 - type: integer 
	Parameter C_SIM_DEVICE bound to: VERSAL_AI_CORE_ES1 - type: string 
	Parameter C_OBUFDS_GTE5_ADV bound to: 2'b00 
	Parameter C_REFCLK_ICNTL_TX bound to: 5'b00000 
INFO: [Synth 8-113] binding component instance 'BUFG_U' to cell 'BUFG' [e:/vivado_axidma3/uav_sar.srcs/sources_1/bd/uav_sar/ip/uav_sar_util_ds_buf_0_0/util_ds_buf.vhd:409]
INFO: [Synth 8-256] done synthesizing module 'util_ds_buf' (201#1) [e:/vivado_axidma3/uav_sar.srcs/sources_1/bd/uav_sar/ip/uav_sar_util_ds_buf_0_0/util_ds_buf.vhd:219]
INFO: [Synth 8-256] done synthesizing module 'uav_sar_util_ds_buf_0_0' (202#1) [e:/vivado_axidma3/uav_sar.srcs/sources_1/bd/uav_sar/ip/uav_sar_util_ds_buf_0_0/synth/uav_sar_util_ds_buf_0_0.vhd:63]
INFO: [Synth 8-6071] Mark debug on the nets applies keep_hierarchy on instance 'axi_dma'. This will prevent further optimization [E:/vivado_axidma3/uav_sar.srcs/sources_1/bd/uav_sar/synth/uav_sar.v:4776]
WARNING: [Synth 8-7071] port 'aresetn' of module 'zynq_ultra_pl_imp_YO9ZLI' is unconnected for instance 'zynq_ultra_pl' [E:/vivado_axidma3/uav_sar.srcs/sources_1/bd/uav_sar/synth/uav_sar.v:2198]
WARNING: [Synth 8-7023] instance 'zynq_ultra_pl' of module 'zynq_ultra_pl_imp_YO9ZLI' has 87 connections declared, but only 86 given [E:/vivado_axidma3/uav_sar.srcs/sources_1/bd/uav_sar/synth/uav_sar.v:2198]
	Parameter C_MAXIGP0_DATA_WIDTH bound to: 32 - type: integer 
	Parameter C_MAXIGP1_DATA_WIDTH bound to: 128 - type: integer 
	Parameter C_MAXIGP2_DATA_WIDTH bound to: 32 - type: integer 
	Parameter C_SAXIGP0_DATA_WIDTH bound to: 128 - type: integer 
	Parameter C_SAXIGP1_DATA_WIDTH bound to: 128 - type: integer 
	Parameter C_SAXIGP2_DATA_WIDTH bound to: 128 - type: integer 
	Parameter C_SAXIGP3_DATA_WIDTH bound to: 128 - type: integer 
	Parameter C_SAXIGP4_DATA_WIDTH bound to: 128 - type: integer 
	Parameter C_SAXIGP5_DATA_WIDTH bound to: 128 - type: integer 
	Parameter C_SAXIGP6_DATA_WIDTH bound to: 128 - type: integer 
	Parameter C_SD0_INTERNAL_BUS_WIDTH bound to: 8 - type: integer 
	Parameter C_SD1_INTERNAL_BUS_WIDTH bound to: 4 - type: integer 
	Parameter C_PL_CLK0_BUF bound to: TRUE - type: string 
	Parameter C_PL_CLK1_BUF bound to: FALSE - type: string 
	Parameter C_PL_CLK2_BUF bound to: FALSE - type: string 
	Parameter C_PL_CLK3_BUF bound to: FALSE - type: string 
	Parameter C_NUM_F2P_0_INTR_INPUTS bound to: 1 - type: integer 
	Parameter C_NUM_F2P_1_INTR_INPUTS bound to: 1 - type: integer 
	Parameter C_NUM_FABRIC_RESETS bound to: 1 - type: integer 
	Parameter C_EMIO_GPIO_WIDTH bound to: 26 - type: integer 
	Parameter C_USE_DIFF_RW_CLK_GP0 bound to: 0 - type: integer 
	Parameter C_USE_DIFF_RW_CLK_GP1 bound to: 0 - type: integer 
	Parameter C_USE_DIFF_RW_CLK_GP2 bound to: 0 - type: integer 
	Parameter C_USE_DIFF_RW_CLK_GP3 bound to: 0 - type: integer 
	Parameter C_USE_DIFF_RW_CLK_GP4 bound to: 0 - type: integer 
	Parameter C_USE_DIFF_RW_CLK_GP5 bound to: 0 - type: integer 
	Parameter C_USE_DIFF_RW_CLK_GP6 bound to: 0 - type: integer 
	Parameter C_TRACE_PIPELINE_WIDTH bound to: 8 - type: integer 
	Parameter C_EN_EMIO_TRACE bound to: 0 - type: integer 
	Parameter C_EN_FIFO_ENET0 bound to: 0 - type: string 
	Parameter C_EN_FIFO_ENET1 bound to: 0 - type: string 
	Parameter C_EN_FIFO_ENET2 bound to: 0 - type: string 
	Parameter C_EN_FIFO_ENET3 bound to: 0 - type: string 
	Parameter C_TRACE_DATA_WIDTH bound to: 32 - type: integer 
	Parameter C_USE_DEBUG_TEST bound to: 0 - type: integer 
	Parameter C_DP_USE_AUDIO bound to: 0 - type: integer 
	Parameter C_DP_USE_VIDEO bound to: 0 - type: integer 
	Parameter SIM_DEVICE bound to: ULTRASCALE_PLUS - type: string 
	Parameter STARTUP_SYNC bound to: FALSE - type: string 
WARNING: [Synth 8-689] width (4) of port connection 'EMIOSDIO1DATAOUT' does not match port width (8) of module 'PS8' [e:/vivado_axidma3/uav_sar.srcs/sources_1/bd/uav_sar/ip/uav_sar_zynq_ultra_ps_e_0_0/hdl/zynq_ultra_ps_e_v3_3_2.v:4680]
WARNING: [Synth 8-689] width (4) of port connection 'EMIOSDIO1DATAENA' does not match port width (8) of module 'PS8' [e:/vivado_axidma3/uav_sar.srcs/sources_1/bd/uav_sar/ip/uav_sar_zynq_ultra_ps_e_0_0/hdl/zynq_ultra_ps_e_v3_3_2.v:4681]
WARNING: [Synth 8-7071] port 'PSS_ALTO_CORE_PAD_MGTTXN0OUT' of module 'PS8' is unconnected for instance 'PS8_i' [e:/vivado_axidma3/uav_sar.srcs/sources_1/bd/uav_sar/ip/uav_sar_zynq_ultra_ps_e_0_0/hdl/zynq_ultra_ps_e_v3_3_2.v:3857]
WARNING: [Synth 8-7071] port 'PSS_ALTO_CORE_PAD_MGTTXN1OUT' of module 'PS8' is unconnected for instance 'PS8_i' [e:/vivado_axidma3/uav_sar.srcs/sources_1/bd/uav_sar/ip/uav_sar_zynq_ultra_ps_e_0_0/hdl/zynq_ultra_ps_e_v3_3_2.v:3857]
WARNING: [Synth 8-7071] port 'PSS_ALTO_CORE_PAD_MGTTXN2OUT' of module 'PS8' is unconnected for instance 'PS8_i' [e:/vivado_axidma3/uav_sar.srcs/sources_1/bd/uav_sar/ip/uav_sar_zynq_ultra_ps_e_0_0/hdl/zynq_ultra_ps_e_v3_3_2.v:3857]
WARNING: [Synth 8-7071] port 'PSS_ALTO_CORE_PAD_MGTTXN3OUT' of module 'PS8' is unconnected for instance 'PS8_i' [e:/vivado_axidma3/uav_sar.srcs/sources_1/bd/uav_sar/ip/uav_sar_zynq_ultra_ps_e_0_0/hdl/zynq_ultra_ps_e_v3_3_2.v:3857]
WARNING: [Synth 8-7071] port 'PSS_ALTO_CORE_PAD_MGTTXP0OUT' of module 'PS8' is unconnected for instance 'PS8_i' [e:/vivado_axidma3/uav_sar.srcs/sources_1/bd/uav_sar/ip/uav_sar_zynq_ultra_ps_e_0_0/hdl/zynq_ultra_ps_e_v3_3_2.v:3857]
WARNING: [Synth 8-7071] port 'PSS_ALTO_CORE_PAD_MGTTXP1OUT' of module 'PS8' is unconnected for instance 'PS8_i' [e:/vivado_axidma3/uav_sar.srcs/sources_1/bd/uav_sar/ip/uav_sar_zynq_ultra_ps_e_0_0/hdl/zynq_ultra_ps_e_v3_3_2.v:3857]
WARNING: [Synth 8-7071] port 'PSS_ALTO_CORE_PAD_MGTTXP2OUT' of module 'PS8' is unconnected for instance 'PS8_i' [e:/vivado_axidma3/uav_sar.srcs/sources_1/bd/uav_sar/ip/uav_sar_zynq_ultra_ps_e_0_0/hdl/zynq_ultra_ps_e_v3_3_2.v:3857]
WARNING: [Synth 8-7071] port 'PSS_ALTO_CORE_PAD_MGTTXP3OUT' of module 'PS8' is unconnected for instance 'PS8_i' [e:/vivado_axidma3/uav_sar.srcs/sources_1/bd/uav_sar/ip/uav_sar_zynq_ultra_ps_e_0_0/hdl/zynq_ultra_ps_e_v3_3_2.v:3857]
WARNING: [Synth 8-7071] port 'PSS_ALTO_CORE_PAD_PADO' of module 'PS8' is unconnected for instance 'PS8_i' [e:/vivado_axidma3/uav_sar.srcs/sources_1/bd/uav_sar/ip/uav_sar_zynq_ultra_ps_e_0_0/hdl/zynq_ultra_ps_e_v3_3_2.v:3857]
WARNING: [Synth 8-7071] port 'PSS_ALTO_CORE_PAD_BOOTMODE' of module 'PS8' is unconnected for instance 'PS8_i' [e:/vivado_axidma3/uav_sar.srcs/sources_1/bd/uav_sar/ip/uav_sar_zynq_ultra_ps_e_0_0/hdl/zynq_ultra_ps_e_v3_3_2.v:3857]
WARNING: [Synth 8-7071] port 'PSS_ALTO_CORE_PAD_CLK' of module 'PS8' is unconnected for instance 'PS8_i' [e:/vivado_axidma3/uav_sar.srcs/sources_1/bd/uav_sar/ip/uav_sar_zynq_ultra_ps_e_0_0/hdl/zynq_ultra_ps_e_v3_3_2.v:3857]
WARNING: [Synth 8-7071] port 'PSS_ALTO_CORE_PAD_DONEB' of module 'PS8' is unconnected for instance 'PS8_i' [e:/vivado_axidma3/uav_sar.srcs/sources_1/bd/uav_sar/ip/uav_sar_zynq_ultra_ps_e_0_0/hdl/zynq_ultra_ps_e_v3_3_2.v:3857]
WARNING: [Synth 8-7071] port 'PSS_ALTO_CORE_PAD_DRAMA' of module 'PS8' is unconnected for instance 'PS8_i' [e:/vivado_axidma3/uav_sar.srcs/sources_1/bd/uav_sar/ip/uav_sar_zynq_ultra_ps_e_0_0/hdl/zynq_ultra_ps_e_v3_3_2.v:3857]
WARNING: [Synth 8-7071] port 'PSS_ALTO_CORE_PAD_DRAMACTN' of module 'PS8' is unconnected for instance 'PS8_i' [e:/vivado_axidma3/uav_sar.srcs/sources_1/bd/uav_sar/ip/uav_sar_zynq_ultra_ps_e_0_0/hdl/zynq_ultra_ps_e_v3_3_2.v:3857]
WARNING: [Synth 8-7071] port 'PSS_ALTO_CORE_PAD_DRAMALERTN' of module 'PS8' is unconnected for instance 'PS8_i' [e:/vivado_axidma3/uav_sar.srcs/sources_1/bd/uav_sar/ip/uav_sar_zynq_ultra_ps_e_0_0/hdl/zynq_ultra_ps_e_v3_3_2.v:3857]
WARNING: [Synth 8-7071] port 'PSS_ALTO_CORE_PAD_DRAMBA' of module 'PS8' is unconnected for instance 'PS8_i' [e:/vivado_axidma3/uav_sar.srcs/sources_1/bd/uav_sar/ip/uav_sar_zynq_ultra_ps_e_0_0/hdl/zynq_ultra_ps_e_v3_3_2.v:3857]
WARNING: [Synth 8-7071] port 'PSS_ALTO_CORE_PAD_DRAMBG' of module 'PS8' is unconnected for instance 'PS8_i' [e:/vivado_axidma3/uav_sar.srcs/sources_1/bd/uav_sar/ip/uav_sar_zynq_ultra_ps_e_0_0/hdl/zynq_ultra_ps_e_v3_3_2.v:3857]
WARNING: [Synth 8-7071] port 'PSS_ALTO_CORE_PAD_DRAMCK' of module 'PS8' is unconnected for instance 'PS8_i' [e:/vivado_axidma3/uav_sar.srcs/sources_1/bd/uav_sar/ip/uav_sar_zynq_ultra_ps_e_0_0/hdl/zynq_ultra_ps_e_v3_3_2.v:3857]
WARNING: [Synth 8-7071] port 'PSS_ALTO_CORE_PAD_DRAMCKE' of module 'PS8' is unconnected for instance 'PS8_i' [e:/vivado_axidma3/uav_sar.srcs/sources_1/bd/uav_sar/ip/uav_sar_zynq_ultra_ps_e_0_0/hdl/zynq_ultra_ps_e_v3_3_2.v:3857]
WARNING: [Synth 8-7071] port 'PSS_ALTO_CORE_PAD_DRAMCKN' of module 'PS8' is unconnected for instance 'PS8_i' [e:/vivado_axidma3/uav_sar.srcs/sources_1/bd/uav_sar/ip/uav_sar_zynq_ultra_ps_e_0_0/hdl/zynq_ultra_ps_e_v3_3_2.v:3857]
WARNING: [Synth 8-7071] port 'PSS_ALTO_CORE_PAD_DRAMCSN' of module 'PS8' is unconnected for instance 'PS8_i' [e:/vivado_axidma3/uav_sar.srcs/sources_1/bd/uav_sar/ip/uav_sar_zynq_ultra_ps_e_0_0/hdl/zynq_ultra_ps_e_v3_3_2.v:3857]
WARNING: [Synth 8-7071] port 'PSS_ALTO_CORE_PAD_DRAMDM' of module 'PS8' is unconnected for instance 'PS8_i' [e:/vivado_axidma3/uav_sar.srcs/sources_1/bd/uav_sar/ip/uav_sar_zynq_ultra_ps_e_0_0/hdl/zynq_ultra_ps_e_v3_3_2.v:3857]
WARNING: [Synth 8-7071] port 'PSS_ALTO_CORE_PAD_DRAMDQ' of module 'PS8' is unconnected for instance 'PS8_i' [e:/vivado_axidma3/uav_sar.srcs/sources_1/bd/uav_sar/ip/uav_sar_zynq_ultra_ps_e_0_0/hdl/zynq_ultra_ps_e_v3_3_2.v:3857]
WARNING: [Synth 8-7071] port 'PSS_ALTO_CORE_PAD_DRAMDQS' of module 'PS8' is unconnected for instance 'PS8_i' [e:/vivado_axidma3/uav_sar.srcs/sources_1/bd/uav_sar/ip/uav_sar_zynq_ultra_ps_e_0_0/hdl/zynq_ultra_ps_e_v3_3_2.v:3857]
WARNING: [Synth 8-7071] port 'PSS_ALTO_CORE_PAD_DRAMDQSN' of module 'PS8' is unconnected for instance 'PS8_i' [e:/vivado_axidma3/uav_sar.srcs/sources_1/bd/uav_sar/ip/uav_sar_zynq_ultra_ps_e_0_0/hdl/zynq_ultra_ps_e_v3_3_2.v:3857]
WARNING: [Synth 8-7071] port 'PSS_ALTO_CORE_PAD_DRAMODT' of module 'PS8' is unconnected for instance 'PS8_i' [e:/vivado_axidma3/uav_sar.srcs/sources_1/bd/uav_sar/ip/uav_sar_zynq_ultra_ps_e_0_0/hdl/zynq_ultra_ps_e_v3_3_2.v:3857]
WARNING: [Synth 8-7071] port 'PSS_ALTO_CORE_PAD_DRAMPARITY' of module 'PS8' is unconnected for instance 'PS8_i' [e:/vivado_axidma3/uav_sar.srcs/sources_1/bd/uav_sar/ip/uav_sar_zynq_ultra_ps_e_0_0/hdl/zynq_ultra_ps_e_v3_3_2.v:3857]
WARNING: [Synth 8-7071] port 'PSS_ALTO_CORE_PAD_DRAMRAMRSTN' of module 'PS8' is unconnected for instance 'PS8_i' [e:/vivado_axidma3/uav_sar.srcs/sources_1/bd/uav_sar/ip/uav_sar_zynq_ultra_ps_e_0_0/hdl/zynq_ultra_ps_e_v3_3_2.v:3857]
WARNING: [Synth 8-7071] port 'PSS_ALTO_CORE_PAD_ERROROUT' of module 'PS8' is unconnected for instance 'PS8_i' [e:/vivado_axidma3/uav_sar.srcs/sources_1/bd/uav_sar/ip/uav_sar_zynq_ultra_ps_e_0_0/hdl/zynq_ultra_ps_e_v3_3_2.v:3857]
WARNING: [Synth 8-7071] port 'PSS_ALTO_CORE_PAD_ERRORSTATUS' of module 'PS8' is unconnected for instance 'PS8_i' [e:/vivado_axidma3/uav_sar.srcs/sources_1/bd/uav_sar/ip/uav_sar_zynq_ultra_ps_e_0_0/hdl/zynq_ultra_ps_e_v3_3_2.v:3857]
WARNING: [Synth 8-7071] port 'PSS_ALTO_CORE_PAD_INITB' of module 'PS8' is unconnected for instance 'PS8_i' [e:/vivado_axidma3/uav_sar.srcs/sources_1/bd/uav_sar/ip/uav_sar_zynq_ultra_ps_e_0_0/hdl/zynq_ultra_ps_e_v3_3_2.v:3857]
WARNING: [Synth 8-7071] port 'PSS_ALTO_CORE_PAD_JTAGTCK' of module 'PS8' is unconnected for instance 'PS8_i' [e:/vivado_axidma3/uav_sar.srcs/sources_1/bd/uav_sar/ip/uav_sar_zynq_ultra_ps_e_0_0/hdl/zynq_ultra_ps_e_v3_3_2.v:3857]
WARNING: [Synth 8-7071] port 'PSS_ALTO_CORE_PAD_JTAGTDI' of module 'PS8' is unconnected for instance 'PS8_i' [e:/vivado_axidma3/uav_sar.srcs/sources_1/bd/uav_sar/ip/uav_sar_zynq_ultra_ps_e_0_0/hdl/zynq_ultra_ps_e_v3_3_2.v:3857]
WARNING: [Synth 8-7071] port 'PSS_ALTO_CORE_PAD_JTAGTDO' of module 'PS8' is unconnected for instance 'PS8_i' [e:/vivado_axidma3/uav_sar.srcs/sources_1/bd/uav_sar/ip/uav_sar_zynq_ultra_ps_e_0_0/hdl/zynq_ultra_ps_e_v3_3_2.v:3857]
WARNING: [Synth 8-7071] port 'PSS_ALTO_CORE_PAD_JTAGTMS' of module 'PS8' is unconnected for instance 'PS8_i' [e:/vivado_axidma3/uav_sar.srcs/sources_1/bd/uav_sar/ip/uav_sar_zynq_ultra_ps_e_0_0/hdl/zynq_ultra_ps_e_v3_3_2.v:3857]
WARNING: [Synth 8-7071] port 'PSS_ALTO_CORE_PAD_MIO' of module 'PS8' is unconnected for instance 'PS8_i' [e:/vivado_axidma3/uav_sar.srcs/sources_1/bd/uav_sar/ip/uav_sar_zynq_ultra_ps_e_0_0/hdl/zynq_ultra_ps_e_v3_3_2.v:3857]
WARNING: [Synth 8-7071] port 'PSS_ALTO_CORE_PAD_PORB' of module 'PS8' is unconnected for instance 'PS8_i' [e:/vivado_axidma3/uav_sar.srcs/sources_1/bd/uav_sar/ip/uav_sar_zynq_ultra_ps_e_0_0/hdl/zynq_ultra_ps_e_v3_3_2.v:3857]
WARNING: [Synth 8-7071] port 'PSS_ALTO_CORE_PAD_PROGB' of module 'PS8' is unconnected for instance 'PS8_i' [e:/vivado_axidma3/uav_sar.srcs/sources_1/bd/uav_sar/ip/uav_sar_zynq_ultra_ps_e_0_0/hdl/zynq_ultra_ps_e_v3_3_2.v:3857]
WARNING: [Synth 8-7071] port 'PSS_ALTO_CORE_PAD_RCALIBINOUT' of module 'PS8' is unconnected for instance 'PS8_i' [e:/vivado_axidma3/uav_sar.srcs/sources_1/bd/uav_sar/ip/uav_sar_zynq_ultra_ps_e_0_0/hdl/zynq_ultra_ps_e_v3_3_2.v:3857]
WARNING: [Synth 8-7071] port 'PSS_ALTO_CORE_PAD_SRSTB' of module 'PS8' is unconnected for instance 'PS8_i' [e:/vivado_axidma3/uav_sar.srcs/sources_1/bd/uav_sar/ip/uav_sar_zynq_ultra_ps_e_0_0/hdl/zynq_ultra_ps_e_v3_3_2.v:3857]
WARNING: [Synth 8-7071] port 'PSS_ALTO_CORE_PAD_ZQ' of module 'PS8' is unconnected for instance 'PS8_i' [e:/vivado_axidma3/uav_sar.srcs/sources_1/bd/uav_sar/ip/uav_sar_zynq_ultra_ps_e_0_0/hdl/zynq_ultra_ps_e_v3_3_2.v:3857]
WARNING: [Synth 8-7071] port 'PSS_ALTO_CORE_PAD_MGTRXN0IN' of module 'PS8' is unconnected for instance 'PS8_i' [e:/vivado_axidma3/uav_sar.srcs/sources_1/bd/uav_sar/ip/uav_sar_zynq_ultra_ps_e_0_0/hdl/zynq_ultra_ps_e_v3_3_2.v:3857]
WARNING: [Synth 8-7071] port 'PSS_ALTO_CORE_PAD_MGTRXN1IN' of module 'PS8' is unconnected for instance 'PS8_i' [e:/vivado_axidma3/uav_sar.srcs/sources_1/bd/uav_sar/ip/uav_sar_zynq_ultra_ps_e_0_0/hdl/zynq_ultra_ps_e_v3_3_2.v:3857]
WARNING: [Synth 8-7071] port 'PSS_ALTO_CORE_PAD_MGTRXN2IN' of module 'PS8' is unconnected for instance 'PS8_i' [e:/vivado_axidma3/uav_sar.srcs/sources_1/bd/uav_sar/ip/uav_sar_zynq_ultra_ps_e_0_0/hdl/zynq_ultra_ps_e_v3_3_2.v:3857]
WARNING: [Synth 8-7071] port 'PSS_ALTO_CORE_PAD_MGTRXN3IN' of module 'PS8' is unconnected for instance 'PS8_i' [e:/vivado_axidma3/uav_sar.srcs/sources_1/bd/uav_sar/ip/uav_sar_zynq_ultra_ps_e_0_0/hdl/zynq_ultra_ps_e_v3_3_2.v:3857]
WARNING: [Synth 8-7071] port 'PSS_ALTO_CORE_PAD_MGTRXP0IN' of module 'PS8' is unconnected for instance 'PS8_i' [e:/vivado_axidma3/uav_sar.srcs/sources_1/bd/uav_sar/ip/uav_sar_zynq_ultra_ps_e_0_0/hdl/zynq_ultra_ps_e_v3_3_2.v:3857]
WARNING: [Synth 8-7071] port 'PSS_ALTO_CORE_PAD_MGTRXP1IN' of module 'PS8' is unconnected for instance 'PS8_i' [e:/vivado_axidma3/uav_sar.srcs/sources_1/bd/uav_sar/ip/uav_sar_zynq_ultra_ps_e_0_0/hdl/zynq_ultra_ps_e_v3_3_2.v:3857]
WARNING: [Synth 8-7071] port 'PSS_ALTO_CORE_PAD_MGTRXP2IN' of module 'PS8' is unconnected for instance 'PS8_i' [e:/vivado_axidma3/uav_sar.srcs/sources_1/bd/uav_sar/ip/uav_sar_zynq_ultra_ps_e_0_0/hdl/zynq_ultra_ps_e_v3_3_2.v:3857]
WARNING: [Synth 8-7071] port 'PSS_ALTO_CORE_PAD_MGTRXP3IN' of module 'PS8' is unconnected for instance 'PS8_i' [e:/vivado_axidma3/uav_sar.srcs/sources_1/bd/uav_sar/ip/uav_sar_zynq_ultra_ps_e_0_0/hdl/zynq_ultra_ps_e_v3_3_2.v:3857]
WARNING: [Synth 8-7071] port 'PSS_ALTO_CORE_PAD_PADI' of module 'PS8' is unconnected for instance 'PS8_i' [e:/vivado_axidma3/uav_sar.srcs/sources_1/bd/uav_sar/ip/uav_sar_zynq_ultra_ps_e_0_0/hdl/zynq_ultra_ps_e_v3_3_2.v:3857]
WARNING: [Synth 8-7071] port 'PSS_ALTO_CORE_PAD_REFN0IN' of module 'PS8' is unconnected for instance 'PS8_i' [e:/vivado_axidma3/uav_sar.srcs/sources_1/bd/uav_sar/ip/uav_sar_zynq_ultra_ps_e_0_0/hdl/zynq_ultra_ps_e_v3_3_2.v:3857]
WARNING: [Synth 8-7071] port 'PSS_ALTO_CORE_PAD_REFN1IN' of module 'PS8' is unconnected for instance 'PS8_i' [e:/vivado_axidma3/uav_sar.srcs/sources_1/bd/uav_sar/ip/uav_sar_zynq_ultra_ps_e_0_0/hdl/zynq_ultra_ps_e_v3_3_2.v:3857]
WARNING: [Synth 8-7071] port 'PSS_ALTO_CORE_PAD_REFN2IN' of module 'PS8' is unconnected for instance 'PS8_i' [e:/vivado_axidma3/uav_sar.srcs/sources_1/bd/uav_sar/ip/uav_sar_zynq_ultra_ps_e_0_0/hdl/zynq_ultra_ps_e_v3_3_2.v:3857]
WARNING: [Synth 8-7071] port 'PSS_ALTO_CORE_PAD_REFN3IN' of module 'PS8' is unconnected for instance 'PS8_i' [e:/vivado_axidma3/uav_sar.srcs/sources_1/bd/uav_sar/ip/uav_sar_zynq_ultra_ps_e_0_0/hdl/zynq_ultra_ps_e_v3_3_2.v:3857]
WARNING: [Synth 8-7071] port 'PSS_ALTO_CORE_PAD_REFP0IN' of module 'PS8' is unconnected for instance 'PS8_i' [e:/vivado_axidma3/uav_sar.srcs/sources_1/bd/uav_sar/ip/uav_sar_zynq_ultra_ps_e_0_0/hdl/zynq_ultra_ps_e_v3_3_2.v:3857]
WARNING: [Synth 8-7071] port 'PSS_ALTO_CORE_PAD_REFP1IN' of module 'PS8' is unconnected for instance 'PS8_i' [e:/vivado_axidma3/uav_sar.srcs/sources_1/bd/uav_sar/ip/uav_sar_zynq_ultra_ps_e_0_0/hdl/zynq_ultra_ps_e_v3_3_2.v:3857]
WARNING: [Synth 8-7071] port 'PSS_ALTO_CORE_PAD_REFP2IN' of module 'PS8' is unconnected for instance 'PS8_i' [e:/vivado_axidma3/uav_sar.srcs/sources_1/bd/uav_sar/ip/uav_sar_zynq_ultra_ps_e_0_0/hdl/zynq_ultra_ps_e_v3_3_2.v:3857]
WARNING: [Synth 8-7071] port 'PSS_ALTO_CORE_PAD_REFP3IN' of module 'PS8' is unconnected for instance 'PS8_i' [e:/vivado_axidma3/uav_sar.srcs/sources_1/bd/uav_sar/ip/uav_sar_zynq_ultra_ps_e_0_0/hdl/zynq_ultra_ps_e_v3_3_2.v:3857]
WARNING: [Synth 8-7023] instance 'PS8_i' of module 'PS8' has 1015 connections declared, but only 957 given [e:/vivado_axidma3/uav_sar.srcs/sources_1/bd/uav_sar/ip/uav_sar_zynq_ultra_ps_e_0_0/hdl/zynq_ultra_ps_e_v3_3_2.v:3857]
WARNING: [Synth 8-7071] port 'emio_enet0_signal_detect' of module 'zynq_ultra_ps_e_v3_3_2_zynq_ultra_ps_e' is unconnected for instance 'inst' [e:/vivado_axidma3/uav_sar.srcs/sources_1/bd/uav_sar/ip/uav_sar_zynq_ultra_ps_e_0_0/synth/uav_sar_zynq_ultra_ps_e_0_0.v:372]
INFO: [Common 17-14] Message 'Synth 8-7071' appears 100 times and further instances of the messages will be disabled. Use the Tcl command set_msg_config to change the current settings.
WARNING: [Synth 8-7023] instance 'inst' of module 'zynq_ultra_ps_e_v3_3_2_zynq_ultra_ps_e' has 1491 connections declared, but only 1487 given [e:/vivado_axidma3/uav_sar.srcs/sources_1/bd/uav_sar/ip/uav_sar_zynq_ultra_ps_e_0_0/synth/uav_sar_zynq_ultra_ps_e_0_0.v:372]
WARNING: [Synth 8-7023] instance 'zynq_ultra_ps' of module 'uav_sar_zynq_ultra_ps_e_0_0' has 87 connections declared, but only 85 given [E:/vivado_axidma3/uav_sar.srcs/sources_1/bd/uav_sar/synth/uav_sar.v:2285]
---------------------------------------------------------------------------------
Finished RTL Elaboration : Time (s): cpu = 00:00:51 ; elapsed = 00:00:59 . Memory (MB): peak = 2119.871 ; gain = 674.832
---------------------------------------------------------------------------------
---------------------------------------------------------------------------------
Start Handling Custom Attributes
---------------------------------------------------------------------------------
---------------------------------------------------------------------------------
Finished Handling Custom Attributes : Time (s): cpu = 00:00:54 ; elapsed = 00:01:02 . Memory (MB): peak = 2119.871 ; gain = 674.832
---------------------------------------------------------------------------------
---------------------------------------------------------------------------------
Finished RTL Optimization Phase 1 : Time (s): cpu = 00:00:54 ; elapsed = 00:01:02 . Memory (MB): peak = 2119.871 ; gain = 674.832
---------------------------------------------------------------------------------
Netlist sorting complete. Time (s): cpu = 00:00:01 ; elapsed = 00:00:00.983 . Memory (MB): peak = 2119.871 ; gain = 0.000
INFO: [Netlist 29-17] Analyzing 91 Unisim elements for replacement
INFO: [Netlist 29-28] Unisim Transformation completed in 0 CPU seconds
INFO: [Project 1-570] Preparing netlist for logic optimization

Processing XDC Constraints
Initializing timing engine
Parsing XDC File [E:/vivado_axidma3/uav_sar.srcs/sources_1/bd/uav_sar/uav_sar_ooc.xdc]
Finished Parsing XDC File [E:/vivado_axidma3/uav_sar.srcs/sources_1/bd/uav_sar/uav_sar_ooc.xdc]
Parsing XDC File [e:/vivado_axidma3/uav_sar.srcs/sources_1/bd/uav_sar/ip/uav_sar_zynq_ultra_ps_e_0_0/uav_sar_zynq_ultra_ps_e_0_0.xdc] for cell 'zynq_ultra_ps/inst'
Finished Parsing XDC File [e:/vivado_axidma3/uav_sar.srcs/sources_1/bd/uav_sar/ip/uav_sar_zynq_ultra_ps_e_0_0/uav_sar_zynq_ultra_ps_e_0_0.xdc] for cell 'zynq_ultra_ps/inst'
Parsing XDC File [e:/vivado_axidma3/uav_sar.srcs/sources_1/bd/uav_sar/ip/uav_sar_proc_sys_reset_0_0/uav_sar_proc_sys_reset_0_0_board.xdc] for cell 'zynq_ultra_pl/proc_sys_reset/U0'
Finished Parsing XDC File [e:/vivado_axidma3/uav_sar.srcs/sources_1/bd/uav_sar/ip/uav_sar_proc_sys_reset_0_0/uav_sar_proc_sys_reset_0_0_board.xdc] for cell 'zynq_ultra_pl/proc_sys_reset/U0'
Parsing XDC File [e:/vivado_axidma3/uav_sar.srcs/sources_1/bd/uav_sar/ip/uav_sar_proc_sys_reset_0_0/uav_sar_proc_sys_reset_0_0.xdc] for cell 'zynq_ultra_pl/proc_sys_reset/U0'
Finished Parsing XDC File [e:/vivado_axidma3/uav_sar.srcs/sources_1/bd/uav_sar/ip/uav_sar_proc_sys_reset_0_0/uav_sar_proc_sys_reset_0_0.xdc] for cell 'zynq_ultra_pl/proc_sys_reset/U0'
Parsing XDC File [e:/vivado_axidma3/uav_sar.srcs/sources_1/bd/uav_sar/ip/uav_sar_axi_dma_0_0/uav_sar_axi_dma_0_0.xdc] for cell 'zynq_ultra_pl/axi_dma/U0'
Finished Parsing XDC File [e:/vivado_axidma3/uav_sar.srcs/sources_1/bd/uav_sar/ip/uav_sar_axi_dma_0_0/uav_sar_axi_dma_0_0.xdc] for cell 'zynq_ultra_pl/axi_dma/U0'
INFO: [Project 1-236] Implementation specific constraints were found while reading constraint file [e:/vivado_axidma3/uav_sar.srcs/sources_1/bd/uav_sar/ip/uav_sar_axi_dma_0_0/uav_sar_axi_dma_0_0.xdc]. These constraints will be ignored for synthesis but will be used in implementation. Impacted constraints are listed in the file [.Xil/uav_sar_propImpl.xdc].
Resolution: To avoid this warning, move constraints listed in [.Xil/uav_sar_propImpl.xdc] to another XDC file and exclude this new file from synthesis with the used_in_synthesis property (File Properties dialog in GUI) and re-run elaboration/synthesis.
Parsing XDC File [e:/vivado_axidma3/uav_sar.srcs/sources_1/bd/uav_sar/ip/uav_sar_clk_wiz_0_0/uav_sar_clk_wiz_0_0_board.xdc] for cell 'zynq_ultra_pl/clk_wiz/inst'
Finished Parsing XDC File [e:/vivado_axidma3/uav_sar.srcs/sources_1/bd/uav_sar/ip/uav_sar_clk_wiz_0_0/uav_sar_clk_wiz_0_0_board.xdc] for cell 'zynq_ultra_pl/clk_wiz/inst'
Parsing XDC File [e:/vivado_axidma3/uav_sar.srcs/sources_1/bd/uav_sar/ip/uav_sar_clk_wiz_0_0/uav_sar_clk_wiz_0_0.xdc] for cell 'zynq_ultra_pl/clk_wiz/inst'
Finished Parsing XDC File [e:/vivado_axidma3/uav_sar.srcs/sources_1/bd/uav_sar/ip/uav_sar_clk_wiz_0_0/uav_sar_clk_wiz_0_0.xdc] for cell 'zynq_ultra_pl/clk_wiz/inst'
INFO: [Project 1-236] Implementation specific constraints were found while reading constraint file [e:/vivado_axidma3/uav_sar.srcs/sources_1/bd/uav_sar/ip/uav_sar_clk_wiz_0_0/uav_sar_clk_wiz_0_0.xdc]. These constraints will be ignored for synthesis but will be used in implementation. Impacted constraints are listed in the file [.Xil/uav_sar_propImpl.xdc].
Resolution: To avoid this warning, move constraints listed in [.Xil/uav_sar_propImpl.xdc] to another XDC file and exclude this new file from synthesis with the used_in_synthesis property (File Properties dialog in GUI) and re-run elaboration/synthesis.
Parsing XDC File [e:/vivado_axidma3/uav_sar.srcs/sources_1/bd/uav_sar/ip/uav_sar_util_ds_buf_0_0/uav_sar_util_ds_buf_0_0_board.xdc] for cell 'zynq_ultra_pl/util_ds_buf/U0'
Finished Parsing XDC File [e:/vivado_axidma3/uav_sar.srcs/sources_1/bd/uav_sar/ip/uav_sar_util_ds_buf_0_0/uav_sar_util_ds_buf_0_0_board.xdc] for cell 'zynq_ultra_pl/util_ds_buf/U0'
Parsing XDC File [e:/vivado_axidma3/uav_sar.srcs/sources_1/bd/uav_sar/ip/uav_sar_axi_dma_0_1/uav_sar_axi_dma_0_1.xdc] for cell 'zynq_ultra_pl/axi_dma_0/U0'
Finished Parsing XDC File [e:/vivado_axidma3/uav_sar.srcs/sources_1/bd/uav_sar/ip/uav_sar_axi_dma_0_1/uav_sar_axi_dma_0_1.xdc] for cell 'zynq_ultra_pl/axi_dma_0/U0'
INFO: [Project 1-236] Implementation specific constraints were found while reading constraint file [e:/vivado_axidma3/uav_sar.srcs/sources_1/bd/uav_sar/ip/uav_sar_axi_dma_0_1/uav_sar_axi_dma_0_1.xdc]. These constraints will be ignored for synthesis but will be used in implementation. Impacted constraints are listed in the file [.Xil/uav_sar_propImpl.xdc].
Resolution: To avoid this warning, move constraints listed in [.Xil/uav_sar_propImpl.xdc] to another XDC file and exclude this new file from synthesis with the used_in_synthesis property (File Properties dialog in GUI) and re-run elaboration/synthesis.
Parsing XDC File [e:/vivado_axidma3/uav_sar.srcs/sources_1/bd/uav_sar/ip/uav_sar_uart_uav_data_0_4/src/fifo_generator_0/fifo_generator_0.xdc] for cell 'zynq_ultra_pl/uart_uav_data_0/inst/uart_uav_data_v1_0_S00_AXI_inst/u_uart_rx/fifo_async/U0'
Finished Parsing XDC File [e:/vivado_axidma3/uav_sar.srcs/sources_1/bd/uav_sar/ip/uav_sar_uart_uav_data_0_4/src/fifo_generator_0/fifo_generator_0.xdc] for cell 'zynq_ultra_pl/uart_uav_data_0/inst/uart_uav_data_v1_0_S00_AXI_inst/u_uart_rx/fifo_async/U0'
Parsing XDC File [e:/vivado_axidma3/uav_sar.srcs/sources_1/bd/uav_sar/ip/uav_sar_system_ila_1_0/bd_0/ip/ip_0/ila_v6_2/constraints/ila.xdc] for cell 'system_ila_1/inst/ila_lib/inst'
Finished Parsing XDC File [e:/vivado_axidma3/uav_sar.srcs/sources_1/bd/uav_sar/ip/uav_sar_system_ila_1_0/bd_0/ip/ip_0/ila_v6_2/constraints/ila.xdc] for cell 'system_ila_1/inst/ila_lib/inst'
INFO: [Timing 38-2] Deriving generated clocks
Parsing XDC File [E:/vivado_axidma3/uav_sar.runs/uav_sar_synth_1/dont_touch.xdc]
Finished Parsing XDC File [E:/vivado_axidma3/uav_sar.runs/uav_sar_synth_1/dont_touch.xdc]
INFO: [Project 1-236] Implementation specific constraints were found while reading constraint file [E:/vivado_axidma3/uav_sar.runs/uav_sar_synth_1/dont_touch.xdc]. These constraints will be ignored for synthesis but will be used in implementation. Impacted constraints are listed in the file [.Xil/uav_sar_propImpl.xdc].
Resolution: To avoid this warning, move constraints listed in [.Xil/uav_sar_propImpl.xdc] to another XDC file and exclude this new file from synthesis with the used_in_synthesis property (File Properties dialog in GUI) and re-run elaboration/synthesis.
Parsing XDC File [e:/vivado_axidma3/uav_sar.srcs/sources_1/bd/uav_sar/ip/uav_sar_axi_dma_0_0/uav_sar_axi_dma_0_0_clocks.xdc] for cell 'zynq_ultra_pl/axi_dma/U0'
Finished Parsing XDC File [e:/vivado_axidma3/uav_sar.srcs/sources_1/bd/uav_sar/ip/uav_sar_axi_dma_0_0/uav_sar_axi_dma_0_0_clocks.xdc] for cell 'zynq_ultra_pl/axi_dma/U0'
Parsing XDC File [e:/vivado_axidma3/uav_sar.srcs/sources_1/bd/uav_sar/ip/uav_sar_axi_dma_0_1/uav_sar_axi_dma_0_1_clocks.xdc] for cell 'zynq_ultra_pl/axi_dma_0/U0'
Finished Parsing XDC File [e:/vivado_axidma3/uav_sar.srcs/sources_1/bd/uav_sar/ip/uav_sar_axi_dma_0_1/uav_sar_axi_dma_0_1_clocks.xdc] for cell 'zynq_ultra_pl/axi_dma_0/U0'
Parsing XDC File [e:/vivado_axidma3/uav_sar.srcs/sources_1/bd/uav_sar/ip/uav_sar_uart_uav_data_0_4/src/fifo_generator_0/fifo_generator_0_clocks.xdc] for cell 'zynq_ultra_pl/uart_uav_data_0/inst/uart_uav_data_v1_0_S00_AXI_inst/u_uart_rx/fifo_async/U0'
Finished Parsing XDC File [e:/vivado_axidma3/uav_sar.srcs/sources_1/bd/uav_sar/ip/uav_sar_uart_uav_data_0_4/src/fifo_generator_0/fifo_generator_0_clocks.xdc] for cell 'zynq_ultra_pl/uart_uav_data_0/inst/uart_uav_data_v1_0_S00_AXI_inst/u_uart_rx/fifo_async/U0'
Sourcing Tcl File [E:/Xilinx_vitis2020/Vivado/2020.1/data/ip/xpm/xpm_cdc/tcl/xpm_cdc_gray.tcl] for cell 'zynq_ultra_pl/ad9269_sample_ctrl/inst/ad9269_sample_v1_0_S00_AXI_inst/sample_inst/xpm_fifo_async_inst/gnuram_async_fifo.xpm_fifo_base_inst/gen_cdc_pntr.rd_pntr_cdc_inst'
Finished Sourcing Tcl File [E:/Xilinx_vitis2020/Vivado/2020.1/data/ip/xpm/xpm_cdc/tcl/xpm_cdc_gray.tcl] for cell 'zynq_ultra_pl/ad9269_sample_ctrl/inst/ad9269_sample_v1_0_S00_AXI_inst/sample_inst/xpm_fifo_async_inst/gnuram_async_fifo.xpm_fifo_base_inst/gen_cdc_pntr.rd_pntr_cdc_inst'
Sourcing Tcl File [E:/Xilinx_vitis2020/Vivado/2020.1/data/ip/xpm/xpm_cdc/tcl/xpm_cdc_gray.tcl] for cell 'zynq_ultra_pl/ad9269_sample_ctrl/inst/ad9269_sample_v1_0_S00_AXI_inst/sample_inst/xpm_fifo_async_inst/gnuram_async_fifo.xpm_fifo_base_inst/gen_cdc_pntr.wr_pntr_cdc_inst'
Finished Sourcing Tcl File [E:/Xilinx_vitis2020/Vivado/2020.1/data/ip/xpm/xpm_cdc/tcl/xpm_cdc_gray.tcl] for cell 'zynq_ultra_pl/ad9269_sample_ctrl/inst/ad9269_sample_v1_0_S00_AXI_inst/sample_inst/xpm_fifo_async_inst/gnuram_async_fifo.xpm_fifo_base_inst/gen_cdc_pntr.wr_pntr_cdc_inst'
Sourcing Tcl File [E:/Xilinx_vitis2020/Vivado/2020.1/data/ip/xpm/xpm_cdc/tcl/xpm_cdc_gray.tcl] for cell 'zynq_ultra_pl/ad9269_sample_ctrl/inst/ad9269_sample_v1_0_S00_AXI_inst/sample_inst/xpm_fifo_async_inst/gnuram_async_fifo.xpm_fifo_base_inst/gen_cdc_pntr.rd_pntr_cdc_dc_inst'
Finished Sourcing Tcl File [E:/Xilinx_vitis2020/Vivado/2020.1/data/ip/xpm/xpm_cdc/tcl/xpm_cdc_gray.tcl] for cell 'zynq_ultra_pl/ad9269_sample_ctrl/inst/ad9269_sample_v1_0_S00_AXI_inst/sample_inst/xpm_fifo_async_inst/gnuram_async_fifo.xpm_fifo_base_inst/gen_cdc_pntr.rd_pntr_cdc_dc_inst'
Sourcing Tcl File [E:/Xilinx_vitis2020/Vivado/2020.1/data/ip/xpm/xpm_cdc/tcl/xpm_cdc_gray.tcl] for cell 'zynq_ultra_pl/ad9269_sample_ctrl/inst/ad9269_sample_v1_0_S00_AXI_inst/sample_inst/xpm_fifo_async_inst/gnuram_async_fifo.xpm_fifo_base_inst/gen_cdc_pntr.wr_pntr_cdc_dc_inst'
Finished Sourcing Tcl File [E:/Xilinx_vitis2020/Vivado/2020.1/data/ip/xpm/xpm_cdc/tcl/xpm_cdc_gray.tcl] for cell 'zynq_ultra_pl/ad9269_sample_ctrl/inst/ad9269_sample_v1_0_S00_AXI_inst/sample_inst/xpm_fifo_async_inst/gnuram_async_fifo.xpm_fifo_base_inst/gen_cdc_pntr.wr_pntr_cdc_dc_inst'
INFO: [Project 1-236] Implementation specific constraints were found while reading constraint file [E:/Xilinx_vitis2020/Vivado/2020.1/data/ip/xpm/xpm_cdc/tcl/xpm_cdc_gray.tcl]. These constraints will be ignored for synthesis but will be used in implementation. Impacted constraints are listed in the file [.Xil/uav_sar_propImpl.xdc].
Resolution: To avoid this warning, move constraints listed in [.Xil/uav_sar_propImpl.xdc] to another XDC file and exclude this new file from synthesis with the used_in_synthesis property (File Properties dialog in GUI) and re-run elaboration/synthesis.
Sourcing Tcl File [E:/Xilinx_vitis2020/Vivado/2020.1/data/ip/xpm/xpm_cdc/tcl/xpm_cdc_sync_rst.tcl] for cell 'zynq_ultra_pl/ad9269_sample_ctrl/inst/ad9269_sample_v1_0_S00_AXI_inst/sample_inst/xpm_fifo_async_inst/gnuram_async_fifo.xpm_fifo_base_inst/xpm_fifo_rst_inst/gen_rst_ic.rrst_wr_inst'
Finished Sourcing Tcl File [E:/Xilinx_vitis2020/Vivado/2020.1/data/ip/xpm/xpm_cdc/tcl/xpm_cdc_sync_rst.tcl] for cell 'zynq_ultra_pl/ad9269_sample_ctrl/inst/ad9269_sample_v1_0_S00_AXI_inst/sample_inst/xpm_fifo_async_inst/gnuram_async_fifo.xpm_fifo_base_inst/xpm_fifo_rst_inst/gen_rst_ic.rrst_wr_inst'
Sourcing Tcl File [E:/Xilinx_vitis2020/Vivado/2020.1/data/ip/xpm/xpm_cdc/tcl/xpm_cdc_sync_rst.tcl] for cell 'zynq_ultra_pl/ad9269_sample_ctrl/inst/ad9269_sample_v1_0_S00_AXI_inst/sample_inst/xpm_fifo_async_inst/gnuram_async_fifo.xpm_fifo_base_inst/xpm_fifo_rst_inst/gen_rst_ic.wrst_rd_inst'
Finished Sourcing Tcl File [E:/Xilinx_vitis2020/Vivado/2020.1/data/ip/xpm/xpm_cdc/tcl/xpm_cdc_sync_rst.tcl] for cell 'zynq_ultra_pl/ad9269_sample_ctrl/inst/ad9269_sample_v1_0_S00_AXI_inst/sample_inst/xpm_fifo_async_inst/gnuram_async_fifo.xpm_fifo_base_inst/xpm_fifo_rst_inst/gen_rst_ic.wrst_rd_inst'
Sourcing Tcl File [E:/Xilinx_vitis2020/Vivado/2020.1/data/ip/xpm/xpm_cdc/tcl/xpm_cdc_sync_rst.tcl] for cell 'zynq_ultra_pl/axis_data_fifo_0/inst/gen_fifo.xpm_fifo_axis_inst/gaxis_rst_sync.xpm_cdc_sync_rst_inst'
Finished Sourcing Tcl File [E:/Xilinx_vitis2020/Vivado/2020.1/data/ip/xpm/xpm_cdc/tcl/xpm_cdc_sync_rst.tcl] for cell 'zynq_ultra_pl/axis_data_fifo_0/inst/gen_fifo.xpm_fifo_axis_inst/gaxis_rst_sync.xpm_cdc_sync_rst_inst'
Sourcing Tcl File [E:/Xilinx_vitis2020/Vivado/2020.1/data/ip/xpm/xpm_fifo/tcl/xpm_fifo_rst.tcl] for cell 'zynq_ultra_pl/ad9269_sample_ctrl/inst/ad9269_sample_v1_0_S00_AXI_inst/sample_inst/xpm_fifo_async_inst'
Finished Sourcing Tcl File [E:/Xilinx_vitis2020/Vivado/2020.1/data/ip/xpm/xpm_fifo/tcl/xpm_fifo_rst.tcl] for cell 'zynq_ultra_pl/ad9269_sample_ctrl/inst/ad9269_sample_v1_0_S00_AXI_inst/sample_inst/xpm_fifo_async_inst'
INFO: [Project 1-236] Implementation specific constraints were found while reading constraint file [E:/Xilinx_vitis2020/Vivado/2020.1/data/ip/xpm/xpm_fifo/tcl/xpm_fifo_rst.tcl]. These constraints will be ignored for synthesis but will be used in implementation. Impacted constraints are listed in the file [.Xil/uav_sar_propImpl.xdc].
Resolution: To avoid this warning, move constraints listed in [.Xil/uav_sar_propImpl.xdc] to another XDC file and exclude this new file from synthesis with the used_in_synthesis property (File Properties dialog in GUI) and re-run elaboration/synthesis.
Sourcing Tcl File [E:/Xilinx_vitis2020/Vivado/2020.1/data/ip/xpm/xpm_fifo/tcl/xpm_fifo_rst_axis.tcl] for cell 'zynq_ultra_pl/axis_data_fifo_0/inst/gen_fifo.xpm_fifo_axis_inst'
Finished Sourcing Tcl File [E:/Xilinx_vitis2020/Vivado/2020.1/data/ip/xpm/xpm_fifo/tcl/xpm_fifo_rst_axis.tcl] for cell 'zynq_ultra_pl/axis_data_fifo_0/inst/gen_fifo.xpm_fifo_axis_inst'
INFO: [Project 1-236] Implementation specific constraints were found while reading constraint file [E:/Xilinx_vitis2020/Vivado/2020.1/data/ip/xpm/xpm_fifo/tcl/xpm_fifo_rst_axis.tcl]. These constraints will be ignored for synthesis but will be used in implementation. Impacted constraints are listed in the file [.Xil/uav_sar_propImpl.xdc].
Resolution: To avoid this warning, move constraints listed in [.Xil/uav_sar_propImpl.xdc] to another XDC file and exclude this new file from synthesis with the used_in_synthesis property (File Properties dialog in GUI) and re-run elaboration/synthesis.
Sourcing Tcl File [E:/Xilinx_vitis2020/Vivado/2020.1/data/ip/xpm/xpm_fifo/tcl/xpm_fifo_rst.tcl] for cell 'zynq_ultra_pl/axi_dma/U0/I_PRMRY_DATAMOVER/GEN_S2MM_FULL.I_S2MM_FULL_WRAPPER/GEN_ENABLE_INDET_BTT_SF.I_INDET_BTT/I_XD_FIFO/NON_BLK_MEM.I_SYNC_FIFOGEN_FIFO/xpm_fifo_instance.xpm_fifo_sync_inst'
Finished Sourcing Tcl File [E:/Xilinx_vitis2020/Vivado/2020.1/data/ip/xpm/xpm_fifo/tcl/xpm_fifo_rst.tcl] for cell 'zynq_ultra_pl/axi_dma/U0/I_PRMRY_DATAMOVER/GEN_S2MM_FULL.I_S2MM_FULL_WRAPPER/GEN_ENABLE_INDET_BTT_SF.I_INDET_BTT/I_XD_FIFO/NON_BLK_MEM.I_SYNC_FIFOGEN_FIFO/xpm_fifo_instance.xpm_fifo_sync_inst'
Sourcing Tcl File [E:/Xilinx_vitis2020/Vivado/2020.1/data/ip/xpm/xpm_fifo/tcl/xpm_fifo_rst.tcl] for cell 'zynq_ultra_pl/axi_dma_0/U0/I_PRMRY_DATAMOVER/GEN_S2MM_FULL.I_S2MM_FULL_WRAPPER/GEN_ENABLE_INDET_BTT_SF.I_INDET_BTT/I_XD_FIFO/NON_BLK_MEM.I_SYNC_FIFOGEN_FIFO/xpm_fifo_instance.xpm_fifo_sync_inst'
Finished Sourcing Tcl File [E:/Xilinx_vitis2020/Vivado/2020.1/data/ip/xpm/xpm_fifo/tcl/xpm_fifo_rst.tcl] for cell 'zynq_ultra_pl/axi_dma_0/U0/I_PRMRY_DATAMOVER/GEN_S2MM_FULL.I_S2MM_FULL_WRAPPER/GEN_ENABLE_INDET_BTT_SF.I_INDET_BTT/I_XD_FIFO/NON_BLK_MEM.I_SYNC_FIFOGEN_FIFO/xpm_fifo_instance.xpm_fifo_sync_inst'
Sourcing Tcl File [E:/Xilinx_vitis2020/Vivado/2020.1/data/ip/xpm/xpm_fifo/tcl/xpm_fifo_rst.tcl] for cell 'zynq_ultra_pl/axi_dma/U0/I_PRMRY_DATAMOVER/GEN_S2MM_FULL.I_S2MM_FULL_WRAPPER/GEN_ENABLE_INDET_BTT_SF.I_INDET_BTT/I_DATA_FIFO/BLK_MEM.I_SYNC_FIFOGEN_FIFO/xpm_fifo_instance.xpm_fifo_sync_inst'
Finished Sourcing Tcl File [E:/Xilinx_vitis2020/Vivado/2020.1/data/ip/xpm/xpm_fifo/tcl/xpm_fifo_rst.tcl] for cell 'zynq_ultra_pl/axi_dma/U0/I_PRMRY_DATAMOVER/GEN_S2MM_FULL.I_S2MM_FULL_WRAPPER/GEN_ENABLE_INDET_BTT_SF.I_INDET_BTT/I_DATA_FIFO/BLK_MEM.I_SYNC_FIFOGEN_FIFO/xpm_fifo_instance.xpm_fifo_sync_inst'
Sourcing Tcl File [E:/Xilinx_vitis2020/Vivado/2020.1/data/ip/xpm/xpm_fifo/tcl/xpm_fifo_rst.tcl] for cell 'zynq_ultra_pl/axi_dma_0/U0/I_PRMRY_DATAMOVER/GEN_S2MM_FULL.I_S2MM_FULL_WRAPPER/GEN_ENABLE_INDET_BTT_SF.I_INDET_BTT/I_DATA_FIFO/BLK_MEM.I_SYNC_FIFOGEN_FIFO/xpm_fifo_instance.xpm_fifo_sync_inst'
Finished Sourcing Tcl File [E:/Xilinx_vitis2020/Vivado/2020.1/data/ip/xpm/xpm_fifo/tcl/xpm_fifo_rst.tcl] for cell 'zynq_ultra_pl/axi_dma_0/U0/I_PRMRY_DATAMOVER/GEN_S2MM_FULL.I_S2MM_FULL_WRAPPER/GEN_ENABLE_INDET_BTT_SF.I_INDET_BTT/I_DATA_FIFO/BLK_MEM.I_SYNC_FIFOGEN_FIFO/xpm_fifo_instance.xpm_fifo_sync_inst'
INFO: [Project 1-236] Implementation specific constraints were found while reading constraint file [E:/Xilinx_vitis2020/Vivado/2020.1/data/ip/xpm/xpm_fifo/tcl/xpm_fifo_rst.tcl]. These constraints will be ignored for synthesis but will be used in implementation. Impacted constraints are listed in the file [.Xil/uav_sar_propImpl.xdc].
Resolution: To avoid this warning, move constraints listed in [.Xil/uav_sar_propImpl.xdc] to another XDC file and exclude this new file from synthesis with the used_in_synthesis property (File Properties dialog in GUI) and re-run elaboration/synthesis.
Completed Processing XDC Constraints

Netlist sorting complete. Time (s): cpu = 00:00:00 ; elapsed = 00:00:00.023 . Memory (MB): peak = 2189.629 ; gain = 0.000
INFO: [Project 1-111] Unisim Transformation Summary:
  A total of 77 instances were transformed.
  BUFG => BUFGCE: 2 instances
  CFGLUT5 => CFGLUT5 (SRL16E, SRLC32E): 32 instances
  CFGLUT5 => SRLC32E: 5 instances
  FDR => FDRE: 36 instances
  IBUF => IBUF (IBUFCTRL, INBUF): 1 instance 
  SRL16 => SRL16E: 1 instance 

Constraint Validation Runtime : Time (s): cpu = 00:00:01 ; elapsed = 00:00:00.587 . Memory (MB): peak = 2191.723 ; gain = 2.094
---------------------------------------------------------------------------------
Finished Constraint Validation : Time (s): cpu = 00:01:24 ; elapsed = 00:01:32 . Memory (MB): peak = 2191.723 ; gain = 746.684
---------------------------------------------------------------------------------
---------------------------------------------------------------------------------
Start Loading Part and Timing Information
---------------------------------------------------------------------------------
Loading part: xczu2cg-sfvc784-1-e
INFO: [Synth 8-6742] Reading net delay rules and data
---------------------------------------------------------------------------------
Finished Loading Part and Timing Information : Time (s): cpu = 00:01:24 ; elapsed = 00:01:32 . Memory (MB): peak = 2191.723 ; gain = 746.684
---------------------------------------------------------------------------------
---------------------------------------------------------------------------------
Start Applying 'set_property' XDC Constraints
---------------------------------------------------------------------------------
Applied set_property DONT_TOUCH = true for zynq_ultra_ps/inst/PS8_i. (constraint file  e:/vivado_axidma3/uav_sar.srcs/sources_1/bd/uav_sar/ip/uav_sar_zynq_ultra_ps_e_0_0/uav_sar_zynq_ultra_ps_e_0_0.xdc, line 25).
Applied set_property DONT_TOUCH = true for zynq_ultra_ps/inst. (constraint file  E:/vivado_axidma3/uav_sar.runs/uav_sar_synth_1/dont_touch.xdc, line 88).
Applied set_property DONT_TOUCH = true for zynq_ultra_pl/proc_sys_reset/U0. (constraint file  E:/vivado_axidma3/uav_sar.runs/uav_sar_synth_1/dont_touch.xdc, line 91).
Applied set_property DONT_TOUCH = true for zynq_ultra_pl/axi_data_fifo/inst. (constraint file  E:/vivado_axidma3/uav_sar.runs/uav_sar_synth_1/dont_touch.xdc, line 97).
Applied set_property DONT_TOUCH = true for zynq_ultra_pl/axi_dma/U0. (constraint file  E:/vivado_axidma3/uav_sar.runs/uav_sar_synth_1/dont_touch.xdc, line 102).
Applied set_property DONT_TOUCH = true for zynq_ultra_pl/clk_wiz/inst. (constraint file  E:/vivado_axidma3/uav_sar.runs/uav_sar_synth_1/dont_touch.xdc, line 108).
Applied set_property DONT_TOUCH = true for zynq_ultra_pl/util_ds_buf/U0. (constraint file  E:/vivado_axidma3/uav_sar.runs/uav_sar_synth_1/dont_touch.xdc, line 116).
Applied set_property DONT_TOUCH = true for zynq_ultra_pl/axi_dma_0/U0. (constraint file  E:/vivado_axidma3/uav_sar.runs/uav_sar_synth_1/dont_touch.xdc, line 125).
Applied set_property DONT_TOUCH = true for zynq_ultra_pl/axi_data_fifo_0/inst. (constraint file  E:/vivado_axidma3/uav_sar.runs/uav_sar_synth_1/dont_touch.xdc, line 133).
Applied set_property DONT_TOUCH = true for zynq_ultra_pl/uart_uav_data_0/inst/uart_uav_data_v1_0_S00_AXI_inst/u_uart_rx/fifo_async/U0. (constraint file  E:/vivado_axidma3/uav_sar.runs/uav_sar_synth_1/dont_touch.xdc, line 138).
Applied set_property DONT_TOUCH = true for system_ila_1/inst/ila_lib/inst. (constraint file  E:/vivado_axidma3/uav_sar.runs/uav_sar_synth_1/dont_touch.xdc, line 144).
Applied set_property DONT_TOUCH = true for zynq_ultra_pl/axi_interconnect_0/s00_couplers/auto_us/inst. (constraint file  E:/vivado_axidma3/uav_sar.runs/uav_sar_synth_1/dont_touch.xdc, line 158).
Applied set_property DONT_TOUCH = true for zynq_ultra_pl/axi_interconnect_0/m00_couplers/auto_ds/inst. (constraint file  E:/vivado_axidma3/uav_sar.runs/uav_sar_synth_1/dont_touch.xdc, line 163).
Applied set_property DONT_TOUCH = true for zynq_ultra_pl/axi_interconnect_0/m02_couplers/auto_ds/inst. (constraint file  E:/vivado_axidma3/uav_sar.runs/uav_sar_synth_1/dont_touch.xdc, line 168).
Applied set_property DONT_TOUCH = true for zynq_ultra_pl/axi_interconnect_0/m03_couplers/auto_ds/inst. (constraint file  E:/vivado_axidma3/uav_sar.runs/uav_sar_synth_1/dont_touch.xdc, line 173).
Applied set_property DONT_TOUCH = true for zynq_ultra_pl/axi_interconnect_1/s00_couplers/auto_us/inst. (constraint file  E:/vivado_axidma3/uav_sar.runs/uav_sar_synth_1/dont_touch.xdc, line 178).
Applied set_property DONT_TOUCH = true for zynq_ultra_pl/axi_interconnect_1/s01_couplers/auto_us/inst. (constraint file  E:/vivado_axidma3/uav_sar.runs/uav_sar_synth_1/dont_touch.xdc, line 183).
Applied set_property DONT_TOUCH = true for zynq_ultra_ps. (constraint file  auto generated constraint, line ).
Applied set_property DONT_TOUCH = true for zynq_ultra_pl/axi_interconnect_1. (constraint file  auto generated constraint, line ).
Applied set_property DONT_TOUCH = true for zynq_ultra_pl/proc_sys_reset. (constraint file  auto generated constraint, line ).
Applied set_property DONT_TOUCH = true for zynq_ultra_pl/axi_interconnect_0/xbar. (constraint file  auto generated constraint, line ).
Applied set_property DONT_TOUCH = true for zynq_ultra_pl/axi_interconnect_0. (constraint file  auto generated constraint, line ).
Applied set_property DONT_TOUCH = true for zynq_ultra_pl/ad9269_sample_ctrl. (constraint file  auto generated constraint, line ).
Applied set_property DONT_TOUCH = true for zynq_ultra_pl/axi_data_fifo. (constraint file  auto generated constraint, line ).
Applied set_property DONT_TOUCH = true for zynq_ultra_pl/axi_dma. (constraint file  auto generated constraint, line ).
Applied set_property DONT_TOUCH = true for zynq_ultra_pl/clk_wiz. (constraint file  auto generated constraint, line ).
Applied set_property DONT_TOUCH = true for zynq_ultra_pl/util_ds_buf. (constraint file  auto generated constraint, line ).
Applied set_property DONT_TOUCH = true for zynq_ultra_pl/axi_interconnect_1/xbar. (constraint file  auto generated constraint, line ).
Applied set_property DONT_TOUCH = true for zynq_ultra_pl/axis_data_fifo_0. (constraint file  auto generated constraint, line ).
Applied set_property DONT_TOUCH = true for zynq_ultra_pl/axi_dma_0. (constraint file  auto generated constraint, line ).
Applied set_property DONT_TOUCH = true for zynq_ultra_pl/axi_data_fifo_0. (constraint file  auto generated constraint, line ).
Applied set_property DONT_TOUCH = true for zynq_ultra_pl/uart_uav_data_0. (constraint file  auto generated constraint, line ).
Applied set_property DONT_TOUCH = true for zynq_ultra_pl/uart_uav_data_0/inst/uart_uav_data_v1_0_S00_AXI_inst/u_uart_rx/fifo_async. (constraint file  auto generated constraint, line ).
Applied set_property DONT_TOUCH = true for system_ila_1. (constraint file  auto generated constraint, line ).
Applied set_property DONT_TOUCH = true for system_ila_1/inst. (constraint file  auto generated constraint, line ).
Applied set_property DONT_TOUCH = true for system_ila_1/inst/ila_lib. (constraint file  auto generated constraint, line ).
Applied set_property DONT_TOUCH = true for zynq_ultra_pl/axi_interconnect_0/s00_couplers/auto_pc. (constraint file  auto generated constraint, line ).
Applied set_property DONT_TOUCH = true for zynq_ultra_pl/axi_interconnect_0/s00_couplers/auto_us. (constraint file  auto generated constraint, line ).
Applied set_property DONT_TOUCH = true for zynq_ultra_pl/axi_interconnect_0/m00_couplers/auto_ds. (constraint file  auto generated constraint, line ).
Applied set_property DONT_TOUCH = true for zynq_ultra_pl/axi_interconnect_0/m02_couplers/auto_ds. (constraint file  auto generated constraint, line ).
Applied set_property DONT_TOUCH = true for zynq_ultra_pl/axi_interconnect_0/m03_couplers/auto_ds. (constraint file  auto generated constraint, line ).
Applied set_property DONT_TOUCH = true for zynq_ultra_pl/axi_interconnect_1/s00_couplers/auto_us. (constraint file  auto generated constraint, line ).
Applied set_property DONT_TOUCH = true for zynq_ultra_pl/axi_interconnect_1/s01_couplers/auto_us. (constraint file  auto generated constraint, line ).
Applied set_property DONT_TOUCH = true for zynq_ultra_pl/ad9269_sample_ctrl/inst/ad9269_sample_v1_0_S00_AXI_inst/sample_inst/xpm_fifo_async_inst/\gnuram_async_fifo.xpm_fifo_base_inst /\gen_cdc_pntr.rd_pntr_cdc_inst . (constraint file  auto generated constraint, line ).
Applied set_property DONT_TOUCH = true for zynq_ultra_pl/ad9269_sample_ctrl/inst/ad9269_sample_v1_0_S00_AXI_inst/sample_inst/xpm_fifo_async_inst/\gnuram_async_fifo.xpm_fifo_base_inst /\gen_cdc_pntr.wr_pntr_cdc_inst . (constraint file  auto generated constraint, line ).
Applied set_property DONT_TOUCH = true for zynq_ultra_pl/ad9269_sample_ctrl/inst/ad9269_sample_v1_0_S00_AXI_inst/sample_inst/xpm_fifo_async_inst/\gnuram_async_fifo.xpm_fifo_base_inst /\gen_cdc_pntr.rd_pntr_cdc_dc_inst . (constraint file  auto generated constraint, line ).
Applied set_property DONT_TOUCH = true for zynq_ultra_pl/ad9269_sample_ctrl/inst/ad9269_sample_v1_0_S00_AXI_inst/sample_inst/xpm_fifo_async_inst/\gnuram_async_fifo.xpm_fifo_base_inst /\gen_cdc_pntr.wr_pntr_cdc_dc_inst . (constraint file  auto generated constraint, line ).
Applied set_property DONT_TOUCH = true for zynq_ultra_pl/ad9269_sample_ctrl/inst/ad9269_sample_v1_0_S00_AXI_inst/sample_inst/xpm_fifo_async_inst/\gnuram_async_fifo.xpm_fifo_base_inst /xpm_fifo_rst_inst/\gen_rst_ic.rrst_wr_inst . (constraint file  auto generated constraint, line ).
Applied set_property DONT_TOUCH = true for zynq_ultra_pl/ad9269_sample_ctrl/inst/ad9269_sample_v1_0_S00_AXI_inst/sample_inst/xpm_fifo_async_inst/\gnuram_async_fifo.xpm_fifo_base_inst /xpm_fifo_rst_inst/\gen_rst_ic.wrst_rd_inst . (constraint file  auto generated constraint, line ).
Applied set_property DONT_TOUCH = true for zynq_ultra_pl/axis_data_fifo_0/inst/\gen_fifo.xpm_fifo_axis_inst /\gaxis_rst_sync.xpm_cdc_sync_rst_inst . (constraint file  auto generated constraint, line ).
Applied set_property DONT_TOUCH = true for zynq_ultra_pl/ad9269_sample_ctrl/inst/ad9269_sample_v1_0_S00_AXI_inst/sample_inst/xpm_fifo_async_inst. (constraint file  auto generated constraint, line ).
Applied set_property DONT_TOUCH = true for zynq_ultra_pl/axis_data_fifo_0/inst/\gen_fifo.xpm_fifo_axis_inst . (constraint file  auto generated constraint, line ).
Applied set_property DONT_TOUCH = true for zynq_ultra_pl/axi_dma/U0/I_PRMRY_DATAMOVER/\GEN_S2MM_FULL.I_S2MM_FULL_WRAPPER /\GEN_ENABLE_INDET_BTT_SF.I_INDET_BTT /I_XD_FIFO/\NON_BLK_MEM.I_SYNC_FIFOGEN_FIFO /\xpm_fifo_instance.xpm_fifo_sync_inst . (constraint file  auto generated constraint, line ).
Applied set_property DONT_TOUCH = true for zynq_ultra_pl/axi_dma_0/U0/I_PRMRY_DATAMOVER/\GEN_S2MM_FULL.I_S2MM_FULL_WRAPPER /\GEN_ENABLE_INDET_BTT_SF.I_INDET_BTT /I_XD_FIFO/\NON_BLK_MEM.I_SYNC_FIFOGEN_FIFO /\xpm_fifo_instance.xpm_fifo_sync_inst . (constraint file  auto generated constraint, line ).
Applied set_property DONT_TOUCH = true for zynq_ultra_pl/axi_dma/U0/I_PRMRY_DATAMOVER/\GEN_S2MM_FULL.I_S2MM_FULL_WRAPPER /\GEN_ENABLE_INDET_BTT_SF.I_INDET_BTT /I_DATA_FIFO/\BLK_MEM.I_SYNC_FIFOGEN_FIFO /\xpm_fifo_instance.xpm_fifo_sync_inst . (constraint file  auto generated constraint, line ).
Applied set_property DONT_TOUCH = true for zynq_ultra_pl/axi_dma_0/U0/I_PRMRY_DATAMOVER/\GEN_S2MM_FULL.I_S2MM_FULL_WRAPPER /\GEN_ENABLE_INDET_BTT_SF.I_INDET_BTT /I_DATA_FIFO/\BLK_MEM.I_SYNC_FIFOGEN_FIFO /\xpm_fifo_instance.xpm_fifo_sync_inst . (constraint file  auto generated constraint, line ).
---------------------------------------------------------------------------------
Finished applying 'set_property' XDC Constraints : Time (s): cpu = 00:01:24 ; elapsed = 00:01:32 . Memory (MB): peak = 2191.723 ; gain = 746.684
---------------------------------------------------------------------------------
INFO: [Synth 8-802] inferred FSM for state register 'current_state_reg' in module 'xsdbs_v1_0_2_reg_p2s__parameterized1'
INFO: [Synth 8-802] inferred FSM for state register 'current_state_reg' in module 'xsdbs_v1_0_2_reg_p2s'
INFO: [Synth 8-802] inferred FSM for state register 'current_state_reg' in module 'xsdbs_v1_0_2_reg_p2s__parameterized0'
INFO: [Synth 8-802] inferred FSM for state register 'gen_rst_ic.curr_wrst_state_reg' in module 'xpm_fifo_rst'
INFO: [Synth 8-802] inferred FSM for state register 'gen_rst_ic.curr_rrst_state_reg' in module 'xpm_fifo_rst'
INFO: [Synth 8-802] inferred FSM for state register 'state_reg' in module 'ad9269_sample'
INFO: [Synth 8-802] inferred FSM for state register 'smpl_cs_reg' in module 'axi_dma_smple_sm'
INFO: [Synth 8-802] inferred FSM for state register 'sig_psm_state_reg' in module 'axi_datamover_ibttcc'
INFO: [Synth 8-802] inferred FSM for state register 'sig_csm_state_reg' in module 'axi_datamover_ibttcc'
INFO: [Synth 8-802] inferred FSM for state register 'sig_cmdcntl_sm_state_reg' in module 'axi_datamover_s2mm_realign'
INFO: [Synth 8-802] inferred FSM for state register 'gen_fwft.curr_fwft_state_reg' in module 'xpm_fifo_base__parameterized0'
INFO: [Synth 8-802] inferred FSM for state register 'gen_fwft.curr_fwft_state_reg' in module 'xpm_fifo_base__parameterized1'
INFO: [Synth 8-802] inferred FSM for state register 'sig_psm_state_reg' in module 'axi_datamover_ibttcc__parameterized0'
INFO: [Synth 8-802] inferred FSM for state register 'sig_csm_state_reg' in module 'axi_datamover_ibttcc__parameterized0'
INFO: [Synth 8-802] inferred FSM for state register 'sig_cmdcntl_sm_state_reg' in module 'axi_datamover_s2mm_realign__parameterized0'
INFO: [Synth 8-802] inferred FSM for state register 'state_reg' in module 'axi_protocol_converter_v2_1_21_b2s_wr_cmd_fsm'
INFO: [Synth 8-802] inferred FSM for state register 'state_reg' in module 'axi_protocol_converter_v2_1_21_b2s_rd_cmd_fsm'
INFO: [Synth 8-802] inferred FSM for state register 'gen_axi.write_cs_reg' in module 'axi_crossbar_v2_1_22_decerr_slave__parameterized0'
INFO: [Synth 8-802] inferred FSM for state register 'state_reg' in module 'axi_data_fifo_v2_1_20_axic_reg_srl_fifo'
INFO: [Synth 8-802] inferred FSM for state register 'state_reg' in module 'axi_data_fifo_v2_1_20_axic_reg_srl_fifo__parameterized0'
INFO: [Synth 8-802] inferred FSM for state register 'state_reg' in module 'axi_data_fifo_v2_1_20_axic_reg_srl_fifo__parameterized1'
INFO: [Synth 8-802] inferred FSM for state register 'state_reg' in module 'axi_data_fifo_v2_1_20_axic_reg_srl_fifo__parameterized2'
INFO: [Synth 8-802] inferred FSM for state register 'gen_fwft.curr_fwft_state_reg' in module 'xpm_fifo_base__parameterized2'
INFO: [Synth 8-802] inferred FSM for state register 'align_state_reg' in module 'utc_time'
---------------------------------------------------------------------------------------------------
                   State |                     New Encoding |                Previous Encoding 
---------------------------------------------------------------------------------------------------
*
                    IDLE |                             0001 |                             0001
                     REG |                             0010 |                             0010
                     P2S |                             0100 |                             0100
                     S2P |                             1000 |                             1000
---------------------------------------------------------------------------------------------------
INFO: [Synth 8-3898] No Re-encoding of one hot register 'current_state_reg' in module 'xsdbs_v1_0_2_reg_p2s__parameterized1'
---------------------------------------------------------------------------------------------------
                   State |                     New Encoding |                Previous Encoding 
---------------------------------------------------------------------------------------------------
*
                    IDLE |                             0001 |                             0001
                     REG |                             0010 |                             0010
                     P2S |                             0100 |                             0100
                     S2P |                             1000 |                             1000
---------------------------------------------------------------------------------------------------
INFO: [Synth 8-3898] No Re-encoding of one hot register 'current_state_reg' in module 'xsdbs_v1_0_2_reg_p2s'
---------------------------------------------------------------------------------------------------
                   State |                     New Encoding |                Previous Encoding 
---------------------------------------------------------------------------------------------------
*
                    IDLE |                             0001 |                             0001
                     REG |                             0010 |                             0010
                     P2S |                             0100 |                             0100
                     S2P |                             1000 |                             1000
---------------------------------------------------------------------------------------------------
INFO: [Synth 8-3898] No Re-encoding of one hot register 'current_state_reg' in module 'xsdbs_v1_0_2_reg_p2s__parameterized0'
INFO: [Synth 8-5779] Default cascade height of 8 will be used for BRAM '"xpm_memory_base:/gen_wr_a.gen_word_narrow.mem_reg"'.
INFO: [Synth 8-5555] Implemented Block Ram Cascade chain of height 8 and width 9 for RAM "xpm_memory_base:/gen_wr_a.gen_word_narrow.mem_reg"
INFO: [Synth 8-5555] Implemented Block Ram Cascade chain of height 8 and width 9 for RAM "xpm_memory_base:/gen_wr_a.gen_word_narrow.mem_reg"
INFO: [Synth 8-5555] Implemented Block Ram Cascade chain of height 8 and width 9 for RAM "xpm_memory_base:/gen_wr_a.gen_word_narrow.mem_reg"
INFO: [Synth 8-5555] Implemented Block Ram Cascade chain of height 8 and width 9 for RAM "xpm_memory_base:/gen_wr_a.gen_word_narrow.mem_reg"
INFO: [Synth 8-5555] Implemented Block Ram Cascade chain of height 8 and width 4 for RAM "xpm_memory_base:/gen_wr_a.gen_word_narrow.mem_reg"
INFO: [Synth 8-5555] Implemented Block Ram Cascade chain of height 8 and width 4 for RAM "xpm_memory_base:/gen_wr_a.gen_word_narrow.mem_reg"
INFO: [Synth 8-5555] Implemented Block Ram Cascade chain of height 8 and width 2 for RAM "xpm_memory_base:/gen_wr_a.gen_word_narrow.mem_reg"
INFO: [Synth 8-5555] Implemented Block Ram Cascade chain of height 4 and width 1 for RAM "xpm_memory_base:/gen_wr_a.gen_word_narrow.mem_reg"
INFO: [Synth 8-5552] Implemented safe state 'default_state' for state register 'gen_rst_ic.curr_wrst_state_reg' in module 'xpm_fifo_rst'
---------------------------------------------------------------------------------------------------
                   State |                     New Encoding |                Previous Encoding 
---------------------------------------------------------------------------------------------------
*
               WRST_IDLE |                            00001 |                              000
                 WRST_IN |                            00010 |                              010
                WRST_OUT |                            00100 |                              111
               WRST_EXIT |                            01000 |                              110
            WRST_GO2IDLE |                            10000 |                              100
---------------------------------------------------------------------------------------------------
INFO: [Synth 8-3354] encoded FSM with state register 'gen_rst_ic.curr_wrst_state_reg' using encoding 'one-hot' in module 'xpm_fifo_rst'
INFO: [Synth 8-5552] Implemented safe state 'default_state' for state register 'gen_rst_ic.curr_rrst_state_reg' in module 'xpm_fifo_rst'
---------------------------------------------------------------------------------------------------
                   State |                     New Encoding |                Previous Encoding 
---------------------------------------------------------------------------------------------------
                  iSTATE |                               00 |                               00
                 iSTATE0 |                               01 |                               10
                 iSTATE1 |                               10 |                               11
                 iSTATE2 |                               11 |                               01
---------------------------------------------------------------------------------------------------
INFO: [Synth 8-3354] encoded FSM with state register 'gen_rst_ic.curr_rrst_state_reg' using encoding 'sequential' in module 'xpm_fifo_rst'
INFO: [Synth 8-6159] Found Keep on FSM register 'state_reg' in module 'ad9269_sample', re-encoding will not be performed
---------------------------------------------------------------------------------------------------
                   State |                     New Encoding |                Previous Encoding 
---------------------------------------------------------------------------------------------------
*
                  S_IDLE |                              000 |                              000
             S_SAMP_WAIT |                              001 |                              001
                S_SAMPLE |                              010 |                              010
---------------------------------------------------------------------------------------------------
---------------------------------------------------------------------------------------------------
                   State |                     New Encoding |                Previous Encoding 
---------------------------------------------------------------------------------------------------
                    idle |                               00 |                               00
            execute_xfer |                               01 |                               01
             wait_status |                               10 |                               10
---------------------------------------------------------------------------------------------------
INFO: [Synth 8-3354] encoded FSM with state register 'smpl_cs_reg' using encoding 'sequential' in module 'axi_dma_smple_sm'
---------------------------------------------------------------------------------------------------
                   State |                     New Encoding |                Previous Encoding 
---------------------------------------------------------------------------------------------------
                 ch_init |                          0000001 |                              000
           wait_for_pcmd |                          0000010 |                              001
          ch_error_trap1 |                          0000100 |                              101
          ch_error_trap2 |                          0001000 |                              110
      ch_wait_for_sf_cmd |                          0010000 |                              010
         ch_ld_child_cmd |                          0100000 |                              011
          ch_chk_if_done |                          1000000 |                              100
---------------------------------------------------------------------------------------------------
INFO: [Synth 8-3354] encoded FSM with state register 'sig_csm_state_reg' using encoding 'one-hot' in module 'axi_datamover_ibttcc'
---------------------------------------------------------------------------------------------------
                   State |                     New Encoding |                Previous Encoding 
---------------------------------------------------------------------------------------------------
                  p_init |                              000 |                              000
          p_wait_for_cmd |                              001 |                              001
          p_ld_first_cmd |                              010 |                              010
          p_ld_child_cmd |                              011 |                              011
            p_error_trap |                              100 |                              111
           p_ld_last_cmd |                              101 |                              100
---------------------------------------------------------------------------------------------------
INFO: [Synth 8-3354] encoded FSM with state register 'sig_psm_state_reg' using encoding 'sequential' in module 'axi_datamover_ibttcc'
---------------------------------------------------------------------------------------------------
                   State |                     New Encoding |                Previous Encoding 
---------------------------------------------------------------------------------------------------
                    init |                              000 |                              000
    ld_dre_scatter_first |                              001 |                              001
           chk_pop_first |                              010 |                              010
   ld_dre_scatter_second |                              011 |                              011
              error_trap |                              100 |                              101
          chk_pop_second |                              101 |                              100
---------------------------------------------------------------------------------------------------
INFO: [Synth 8-3354] encoded FSM with state register 'sig_cmdcntl_sm_state_reg' using encoding 'sequential' in module 'axi_datamover_s2mm_realign'
INFO: [Synth 8-6904] The RAM "xpm_memory_base__parameterized0:/gen_wr_a.gen_word_narrow.mem_reg" of size (depth=16 x width=9) is automatically implemented using LUTRAM. BRAM implementation would be inefficient 
---------------------------------------------------------------------------------------------------
                   State |                     New Encoding |                Previous Encoding 
---------------------------------------------------------------------------------------------------
                 invalid |                               00 |                               00
            stage1_valid |                               01 |                               10
       both_stages_valid |                               10 |                               11
            stage2_valid |                               11 |                               01
---------------------------------------------------------------------------------------------------
INFO: [Synth 8-3354] encoded FSM with state register 'gen_fwft.curr_fwft_state_reg' using encoding 'sequential' in module 'xpm_fifo_base__parameterized0'
INFO: [Synth 8-5775] Found 'rw_addr_collision' attribute set to 'no' on SDP RAM gen_wr_a.gen_word_narrow.mem_reg. Setting write mode to NO_CHANGE 
---------------------------------------------------------------------------------------------------
                   State |                     New Encoding |                Previous Encoding 
---------------------------------------------------------------------------------------------------
                 invalid |                               00 |                               00
            stage1_valid |                               01 |                               10
       both_stages_valid |                               10 |                               11
            stage2_valid |                               11 |                               01
---------------------------------------------------------------------------------------------------
INFO: [Synth 8-3354] encoded FSM with state register 'gen_fwft.curr_fwft_state_reg' using encoding 'sequential' in module 'xpm_fifo_base__parameterized1'
---------------------------------------------------------------------------------------------------
                   State |                     New Encoding |                Previous Encoding 
---------------------------------------------------------------------------------------------------
                 ch_init |                          0000001 |                              000
           wait_for_pcmd |                          0000010 |                              001
          ch_error_trap1 |                          0000100 |                              101
          ch_error_trap2 |                          0001000 |                              110
      ch_wait_for_sf_cmd |                          0010000 |                              010
         ch_ld_child_cmd |                          0100000 |                              011
          ch_chk_if_done |                          1000000 |                              100
---------------------------------------------------------------------------------------------------
INFO: [Synth 8-3354] encoded FSM with state register 'sig_csm_state_reg' using encoding 'one-hot' in module 'axi_datamover_ibttcc__parameterized0'
---------------------------------------------------------------------------------------------------
                   State |                     New Encoding |                Previous Encoding 
---------------------------------------------------------------------------------------------------
                  p_init |                              000 |                              000
          p_wait_for_cmd |                              001 |                              001
          p_ld_first_cmd |                              010 |                              010
          p_ld_child_cmd |                              011 |                              011
            p_error_trap |                              100 |                              111
           p_ld_last_cmd |                              101 |                              100
---------------------------------------------------------------------------------------------------
INFO: [Synth 8-3354] encoded FSM with state register 'sig_psm_state_reg' using encoding 'sequential' in module 'axi_datamover_ibttcc__parameterized0'
---------------------------------------------------------------------------------------------------
                   State |                     New Encoding |                Previous Encoding 
---------------------------------------------------------------------------------------------------
                    init |                              000 |                              000
    ld_dre_scatter_first |                              001 |                              001
           chk_pop_first |                              010 |                              010
   ld_dre_scatter_second |                              011 |                              011
              error_trap |                              100 |                              101
          chk_pop_second |                              101 |                              100
---------------------------------------------------------------------------------------------------
INFO: [Synth 8-3354] encoded FSM with state register 'sig_cmdcntl_sm_state_reg' using encoding 'sequential' in module 'axi_datamover_s2mm_realign__parameterized0'
---------------------------------------------------------------------------------------------------
                   State |                     New Encoding |                Previous Encoding 
---------------------------------------------------------------------------------------------------
                 SM_IDLE |                               01 |                               00
               SM_CMD_EN |                               11 |                               01
         SM_CMD_ACCEPTED |                               10 |                               10
            SM_DONE_WAIT |                               00 |                               11
---------------------------------------------------------------------------------------------------
INFO: [Synth 8-3354] encoded FSM with state register 'state_reg' using encoding 'sequential' in module 'axi_protocol_converter_v2_1_21_b2s_wr_cmd_fsm'
---------------------------------------------------------------------------------------------------
                   State |                     New Encoding |                Previous Encoding 
---------------------------------------------------------------------------------------------------
                 SM_IDLE |                               01 |                               00
               SM_CMD_EN |                               11 |                               01
         SM_CMD_ACCEPTED |                               10 |                               10
                 SM_DONE |                               00 |                               11
---------------------------------------------------------------------------------------------------
INFO: [Synth 8-3354] encoded FSM with state register 'state_reg' using encoding 'sequential' in module 'axi_protocol_converter_v2_1_21_b2s_rd_cmd_fsm'
---------------------------------------------------------------------------------------------------
                   State |                     New Encoding |                Previous Encoding 
---------------------------------------------------------------------------------------------------
            P_WRITE_IDLE |                              001 |                               00
            P_WRITE_DATA |                              010 |                               01
            P_WRITE_RESP |                              100 |                               10
---------------------------------------------------------------------------------------------------
INFO: [Synth 8-3354] encoded FSM with state register 'gen_axi.write_cs_reg' using encoding 'one-hot' in module 'axi_crossbar_v2_1_22_decerr_slave__parameterized0'
---------------------------------------------------------------------------------------------------
                   State |                     New Encoding |                Previous Encoding 
---------------------------------------------------------------------------------------------------
                    ZERO |                             1000 |                               10
                     ONE |                             0010 |                               11
                     TWO |                             0001 |                               01
                  iSTATE |                             0100 |                               00
---------------------------------------------------------------------------------------------------
INFO: [Synth 8-3354] encoded FSM with state register 'state_reg' using encoding 'one-hot' in module 'axi_data_fifo_v2_1_20_axic_reg_srl_fifo'
---------------------------------------------------------------------------------------------------
                   State |                     New Encoding |                Previous Encoding 
---------------------------------------------------------------------------------------------------
                    ZERO |                             1000 |                               10
                     ONE |                             0010 |                               11
                     TWO |                             0001 |                               01
                  iSTATE |                             0100 |                               00
---------------------------------------------------------------------------------------------------
INFO: [Synth 8-3354] encoded FSM with state register 'state_reg' using encoding 'one-hot' in module 'axi_data_fifo_v2_1_20_axic_reg_srl_fifo__parameterized0'
---------------------------------------------------------------------------------------------------
                   State |                     New Encoding |                Previous Encoding 
---------------------------------------------------------------------------------------------------
                    ZERO |                             1000 |                               10
                     ONE |                             0010 |                               11
                     TWO |                             0001 |                               01
                  iSTATE |                             0100 |                               00
---------------------------------------------------------------------------------------------------
INFO: [Synth 8-3354] encoded FSM with state register 'state_reg' using encoding 'one-hot' in module 'axi_data_fifo_v2_1_20_axic_reg_srl_fifo__parameterized1'
---------------------------------------------------------------------------------------------------
                   State |                     New Encoding |                Previous Encoding 
---------------------------------------------------------------------------------------------------
                    ZERO |                             1000 |                               10
                     ONE |                             0010 |                               11
                     TWO |                             0001 |                               01
                  iSTATE |                             0100 |                               00
---------------------------------------------------------------------------------------------------
INFO: [Synth 8-3354] encoded FSM with state register 'state_reg' using encoding 'one-hot' in module 'axi_data_fifo_v2_1_20_axic_reg_srl_fifo__parameterized2'
INFO: [Synth 8-5779] Default cascade height of 1 will be used for BRAM '"xpm_memory_base__parameterized2:/gen_wr_a.gen_word_narrow.mem_reg"'.
INFO: [Synth 8-7030] Implemented Non-Cascaded Block Ram (cascade_height = 1) of width 36 for RAM "xpm_memory_base__parameterized2:/gen_wr_a.gen_word_narrow.mem_reg"
INFO: [Synth 8-7030] Implemented Non-Cascaded Block Ram (cascade_height = 1) of width 8 for RAM "xpm_memory_base__parameterized2:/gen_wr_a.gen_word_narrow.mem_reg"
---------------------------------------------------------------------------------------------------
                   State |                     New Encoding |                Previous Encoding 
---------------------------------------------------------------------------------------------------
                 invalid |                               00 |                               00
            stage1_valid |                               01 |                               10
       both_stages_valid |                               10 |                               11
            stage2_valid |                               11 |                               01
---------------------------------------------------------------------------------------------------
INFO: [Synth 8-3354] encoded FSM with state register 'gen_fwft.curr_fwft_state_reg' using encoding 'sequential' in module 'xpm_fifo_base__parameterized2'
INFO: [Synth 8-6159] Found Keep on FSM register 'align_state_reg' in module 'utc_time', re-encoding will not be performed
---------------------------------------------------------------------------------------------------
                   State |                     New Encoding |                Previous Encoding 
---------------------------------------------------------------------------------------------------
*
              S_WAIT_REQ |                               00 |                               00
              S_WAIT_UTC |                               01 |                               01
                 S_ALIGN |                               10 |                               10
---------------------------------------------------------------------------------------------------
---------------------------------------------------------------------------------
Finished RTL Optimization Phase 2 : Time (s): cpu = 00:01:37 ; elapsed = 00:01:47 . Memory (MB): peak = 2191.723 ; gain = 746.684
---------------------------------------------------------------------------------
INFO: [Synth 8-5775] Found 'rw_addr_collision' attribute set to 'no' on SDP RAM gen_wr_a.gen_word_narrow.mem_reg. Setting write mode to NO_CHANGE 
INFO: [Synth 8-5775] Found 'rw_addr_collision' attribute set to 'no' on SDP RAM gen_wr_a.gen_word_narrow.mem_reg. Setting write mode to NO_CHANGE 
---------------------------------------------------------------------------------
Start RTL Component Statistics 
---------------------------------------------------------------------------------
---------------------------------------------------------------------------------
Finished RTL Component Statistics 
---------------------------------------------------------------------------------
---------------------------------------------------------------------------------
Start Part Resource Summary
---------------------------------------------------------------------------------
Part Resources:
DSPs: 240 (col length:72)
BRAMs: 300 (col length: RAMB18 72 RAMB36 36)
---------------------------------------------------------------------------------
Finished Part Resource Summary
---------------------------------------------------------------------------------
---------------------------------------------------------------------------------
Start Cross Boundary and Area Optimization
---------------------------------------------------------------------------------
INFO: [Synth 8-6904] The RAM "zynq_ultra_pl/i_1/axi_dma_0/U0/\I_PRMRY_DATAMOVER/GEN_S2MM_FULL.I_S2MM_FULL_WRAPPER /\GEN_ENABLE_INDET_BTT_SF.I_INDET_BTT /\I_XD_FIFO/NON_BLK_MEM.I_SYNC_FIFOGEN_FIFO/xpm_fifo_instance.xpm_fifo_sync_inst /xpm_fifo_base_inst/\gen_sdpram.xpm_memory_base_inst /gen_wr_a.gen_word_narrow.mem_reg" of size (depth=16 x width=9) is automatically implemented using LUTRAM. BRAM implementation would be inefficient 
INFO: [Synth 8-6904] The RAM "zynq_ultra_pl/i_1/axi_dma/U0/\I_PRMRY_DATAMOVER/GEN_S2MM_FULL.I_S2MM_FULL_WRAPPER /\GEN_ENABLE_INDET_BTT_SF.I_INDET_BTT /\I_XD_FIFO/NON_BLK_MEM.I_SYNC_FIFOGEN_FIFO/xpm_fifo_instance.xpm_fifo_sync_inst /xpm_fifo_base_inst/\gen_sdpram.xpm_memory_base_inst /gen_wr_a.gen_word_narrow.mem_reg" of size (depth=16 x width=9) is automatically implemented using LUTRAM. BRAM implementation would be inefficient 
INFO: [Synth 8-5779] Default cascade height of 8 will be used for BRAM '"zynq_ultra_pl/i_0/ad9269_sample_ctrl/inst/ad9269_sample_v1_0_S00_AXI_inst/sample_inst/xpm_fifo_async_inst/\gnuram_async_fifo.xpm_fifo_base_inst /\gen_sdpram.xpm_memory_base_inst /gen_wr_a.gen_word_narrow.mem_reg"'.
INFO: [Synth 8-5555] Implemented Block Ram Cascade chain of height 8 and width 9 for RAM "zynq_ultra_pl/i_0/ad9269_sample_ctrl/inst/ad9269_sample_v1_0_S00_AXI_inst/sample_inst/xpm_fifo_async_inst/\gnuram_async_fifo.xpm_fifo_base_inst /\gen_sdpram.xpm_memory_base_inst /gen_wr_a.gen_word_narrow.mem_reg"
INFO: [Synth 8-5555] Implemented Block Ram Cascade chain of height 8 and width 9 for RAM "zynq_ultra_pl/i_0/ad9269_sample_ctrl/inst/ad9269_sample_v1_0_S00_AXI_inst/sample_inst/xpm_fifo_async_inst/\gnuram_async_fifo.xpm_fifo_base_inst /\gen_sdpram.xpm_memory_base_inst /gen_wr_a.gen_word_narrow.mem_reg"
INFO: [Synth 8-5555] Implemented Block Ram Cascade chain of height 8 and width 9 for RAM "zynq_ultra_pl/i_0/ad9269_sample_ctrl/inst/ad9269_sample_v1_0_S00_AXI_inst/sample_inst/xpm_fifo_async_inst/\gnuram_async_fifo.xpm_fifo_base_inst /\gen_sdpram.xpm_memory_base_inst /gen_wr_a.gen_word_narrow.mem_reg"
INFO: [Synth 8-5555] Implemented Block Ram Cascade chain of height 8 and width 9 for RAM "zynq_ultra_pl/i_0/ad9269_sample_ctrl/inst/ad9269_sample_v1_0_S00_AXI_inst/sample_inst/xpm_fifo_async_inst/\gnuram_async_fifo.xpm_fifo_base_inst /\gen_sdpram.xpm_memory_base_inst /gen_wr_a.gen_word_narrow.mem_reg"
INFO: [Synth 8-5555] Implemented Block Ram Cascade chain of height 8 and width 4 for RAM "zynq_ultra_pl/i_0/ad9269_sample_ctrl/inst/ad9269_sample_v1_0_S00_AXI_inst/sample_inst/xpm_fifo_async_inst/\gnuram_async_fifo.xpm_fifo_base_inst /\gen_sdpram.xpm_memory_base_inst /gen_wr_a.gen_word_narrow.mem_reg"
INFO: [Synth 8-5555] Implemented Block Ram Cascade chain of height 8 and width 4 for RAM "zynq_ultra_pl/i_0/ad9269_sample_ctrl/inst/ad9269_sample_v1_0_S00_AXI_inst/sample_inst/xpm_fifo_async_inst/\gnuram_async_fifo.xpm_fifo_base_inst /\gen_sdpram.xpm_memory_base_inst /gen_wr_a.gen_word_narrow.mem_reg"
INFO: [Synth 8-5555] Implemented Block Ram Cascade chain of height 8 and width 2 for RAM "zynq_ultra_pl/i_0/ad9269_sample_ctrl/inst/ad9269_sample_v1_0_S00_AXI_inst/sample_inst/xpm_fifo_async_inst/\gnuram_async_fifo.xpm_fifo_base_inst /\gen_sdpram.xpm_memory_base_inst /gen_wr_a.gen_word_narrow.mem_reg"
INFO: [Synth 8-5555] Implemented Block Ram Cascade chain of height 4 and width 1 for RAM "zynq_ultra_pl/i_0/ad9269_sample_ctrl/inst/ad9269_sample_v1_0_S00_AXI_inst/sample_inst/xpm_fifo_async_inst/\gnuram_async_fifo.xpm_fifo_base_inst /\gen_sdpram.xpm_memory_base_inst /gen_wr_a.gen_word_narrow.mem_reg"
INFO: [Synth 8-6904] The RAM "zynq_ultra_pl/i_1/axi_dma_0/U0/\I_PRMRY_DATAMOVER/GEN_S2MM_FULL.I_S2MM_FULL_WRAPPER/GEN_ENABLE_INDET_BTT_SF.I_INDET_BTT/I_XD_FIFO/NON_BLK_MEM.I_SYNC_FIFOGEN_FIFO/xpm_fifo_instance.xpm_fifo_sync_inst /xpm_fifo_base_inst/\gen_sdpram.xpm_memory_base_inst /gen_wr_a.gen_word_narrow.mem_reg" of size (depth=16 x width=9) is automatically implemented using LUTRAM. BRAM implementation would be inefficient 
INFO: [Synth 8-5775] Found 'rw_addr_collision' attribute set to 'no' on SDP RAM gen_wr_a.gen_word_narrow.mem_reg. Setting write mode to NO_CHANGE 
INFO: [Synth 8-5775] Found 'rw_addr_collision' attribute set to 'no' on SDP RAM gen_wr_a.gen_word_narrow.mem_reg. Setting write mode to NO_CHANGE 
INFO: [Synth 8-5775] Found 'rw_addr_collision' attribute set to 'no' on SDP RAM gen_wr_a.gen_word_narrow.mem_reg. Setting write mode to NO_CHANGE 
INFO: [Synth 8-5775] Found 'rw_addr_collision' attribute set to 'no' on SDP RAM gen_wr_a.gen_word_narrow.mem_reg. Setting write mode to NO_CHANGE 
INFO: [Synth 8-5775] Found 'rw_addr_collision' attribute set to 'no' on SDP RAM gen_wr_a.gen_word_narrow.mem_reg. Setting write mode to NO_CHANGE 
INFO: [Synth 8-6904] The RAM "zynq_ultra_pl/i_1/axi_dma/U0/\I_PRMRY_DATAMOVER/GEN_S2MM_FULL.I_S2MM_FULL_WRAPPER/GEN_ENABLE_INDET_BTT_SF.I_INDET_BTT/I_XD_FIFO/NON_BLK_MEM.I_SYNC_FIFOGEN_FIFO/xpm_fifo_instance.xpm_fifo_sync_inst /xpm_fifo_base_inst/\gen_sdpram.xpm_memory_base_inst /gen_wr_a.gen_word_narrow.mem_reg" of size (depth=16 x width=9) is automatically implemented using LUTRAM. BRAM implementation would be inefficient 
INFO: [Synth 8-5775] Found 'rw_addr_collision' attribute set to 'no' on SDP RAM gen_wr_a.gen_word_narrow.mem_reg. Setting write mode to NO_CHANGE 
INFO: [Synth 8-5775] Found 'rw_addr_collision' attribute set to 'no' on SDP RAM gen_wr_a.gen_word_narrow.mem_reg. Setting write mode to NO_CHANGE 
INFO: [Synth 8-5775] Found 'rw_addr_collision' attribute set to 'no' on SDP RAM gen_wr_a.gen_word_narrow.mem_reg. Setting write mode to NO_CHANGE 
INFO: [Synth 8-5775] Found 'rw_addr_collision' attribute set to 'no' on SDP RAM gen_wr_a.gen_word_narrow.mem_reg. Setting write mode to NO_CHANGE 
INFO: [Synth 8-5775] Found 'rw_addr_collision' attribute set to 'no' on SDP RAM gen_wr_a.gen_word_narrow.mem_reg. Setting write mode to NO_CHANGE 
INFO: [Synth 8-5784] Optimized 7 bits of RAM "gen_wr_a.gen_word_narrow.mem_reg" due to constant propagation. Old ram width 44 bits, new ram width 37 bits.
INFO: [Synth 8-5779] Default cascade height of 1 will be used for BRAM '"zynq_ultra_pl/i_1/axis_data_fifo_0/\inst/gen_fifo.xpm_fifo_axis_inst /xpm_fifo_base_inst/\gen_sdpram.xpm_memory_base_inst /gen_wr_a.gen_word_narrow.mem_reg"'.
INFO: [Synth 8-7030] Implemented Non-Cascaded Block Ram (cascade_height = 1) of width 36 for RAM "zynq_ultra_pl/i_1/axis_data_fifo_0/\inst/gen_fifo.xpm_fifo_axis_inst /xpm_fifo_base_inst/\gen_sdpram.xpm_memory_base_inst /gen_wr_a.gen_word_narrow.mem_reg"
INFO: [Synth 8-7030] Implemented Non-Cascaded Block Ram (cascade_height = 1) of width 1 for RAM "zynq_ultra_pl/i_1/axis_data_fifo_0/\inst/gen_fifo.xpm_fifo_axis_inst /xpm_fifo_base_inst/\gen_sdpram.xpm_memory_base_inst /gen_wr_a.gen_word_narrow.mem_reg"
INFO: [Synth 8-5775] Found 'rw_addr_collision' attribute set to 'no' on SDP RAM gen_wr_a.gen_word_narrow.mem_reg. Setting write mode to NO_CHANGE 
INFO: [Synth 8-5775] Found 'rw_addr_collision' attribute set to 'no' on SDP RAM gen_wr_a.gen_word_narrow.mem_reg. Setting write mode to NO_CHANGE 
---------------------------------------------------------------------------------
Finished Cross Boundary and Area Optimization : Time (s): cpu = 00:02:56 ; elapsed = 00:03:07 . Memory (MB): peak = 2191.723 ; gain = 746.684
---------------------------------------------------------------------------------
INFO: [Synth 8-5775] Found 'rw_addr_collision' attribute set to 'no' on SDP RAM gen_wr_a.gen_word_narrow.mem_reg. Setting write mode to NO_CHANGE 
INFO: [Synth 8-5775] Found 'rw_addr_collision' attribute set to 'no' on SDP RAM gen_wr_a.gen_word_narrow.mem_reg. Setting write mode to NO_CHANGE 
INFO: [Synth 8-5775] Found 'rw_addr_collision' attribute set to 'no' on SDP RAM gen_wr_a.gen_word_narrow.mem_reg. Setting write mode to NO_CHANGE 
INFO: [Synth 8-5775] Found 'rw_addr_collision' attribute set to 'no' on SDP RAM gen_wr_a.gen_word_narrow.mem_reg. Setting write mode to NO_CHANGE 
---------------------------------------------------------------------------------
Start Applying XDC Timing Constraints
---------------------------------------------------------------------------------
INFO: [Synth 8-5578] Moved timing constraint from pin 'zynq_ultra_pl/clk_wiz/inst/clk_in1' to pin 'zynq_ultra_ps/inst/buffer_pl_clk_0.PL_CLK_0_BUFG/O'
INFO: [Synth 8-5819] Moved 1 constraints on hierarchical pins to their respective driving/loading pins
---------------------------------------------------------------------------------
Finished Applying XDC Timing Constraints : Time (s): cpu = 00:03:20 ; elapsed = 00:03:34 . Memory (MB): peak = 3527.836 ; gain = 2082.797
---------------------------------------------------------------------------------
---------------------------------------------------------------------------------
Start Timing Optimization
---------------------------------------------------------------------------------
INFO: [Synth 8-5775] Found 'rw_addr_collision' attribute set to 'no' on SDP RAM gen_wr_a.gen_word_narrow.mem_reg. Setting write mode to NO_CHANGE 
INFO: [Synth 8-5775] Found 'rw_addr_collision' attribute set to 'no' on SDP RAM gen_wr_a.gen_word_narrow.mem_reg. Setting write mode to NO_CHANGE 
INFO: [Synth 8-5775] Found 'rw_addr_collision' attribute set to 'no' on SDP RAM gen_wr_a.gen_word_narrow.mem_reg. Setting write mode to NO_CHANGE 
INFO: [Synth 8-5775] Found 'rw_addr_collision' attribute set to 'no' on SDP RAM gen_wr_a.gen_word_narrow.mem_reg. Setting write mode to NO_CHANGE 
INFO: [Synth 8-5784] Optimized 7 bits of RAM "gen_wr_a.gen_word_narrow.mem_reg" due to constant propagation. Old ram width 44 bits, new ram width 37 bits.
INFO: [Synth 8-5556] The block RAM "zynq_ultra_pl/i_1/axis_data_fifo_0/\inst/gen_fifo.xpm_fifo_axis_inst /xpm_fifo_base_inst/\gen_sdpram.xpm_memory_base_inst /gen_wr_a.gen_word_narrow.mem_reg" may be mapped as a cascade chain, because it is not timing critical.
INFO: [Synth 8-7030] Implemented Non-Cascaded Block Ram (cascade_height = 1) of width 36 for RAM "zynq_ultra_pl/i_1/axis_data_fifo_0/\inst/gen_fifo.xpm_fifo_axis_inst /xpm_fifo_base_inst/\gen_sdpram.xpm_memory_base_inst /gen_wr_a.gen_word_narrow.mem_reg"
INFO: [Synth 8-7030] Implemented Non-Cascaded Block Ram (cascade_height = 1) of width 1 for RAM "zynq_ultra_pl/i_1/axis_data_fifo_0/\inst/gen_fifo.xpm_fifo_axis_inst /xpm_fifo_base_inst/\gen_sdpram.xpm_memory_base_inst /gen_wr_a.gen_word_narrow.mem_reg"
INFO: [Synth 8-5556] The block RAM "zynq_ultra_pl/i_0/ad9269_sample_ctrl/inst/ad9269_sample_v1_0_S00_AXI_inst/sample_inst/xpm_fifo_async_inst/\gnuram_async_fifo.xpm_fifo_base_inst /\gen_sdpram.xpm_memory_base_inst /gen_wr_a.gen_word_narrow.mem_reg" may be mapped as a cascade chain, because it is not timing critical.
INFO: [Synth 8-5555] Implemented Block Ram Cascade chain of height 8 and width 9 for RAM "zynq_ultra_pl/i_0/ad9269_sample_ctrl/inst/ad9269_sample_v1_0_S00_AXI_inst/sample_inst/xpm_fifo_async_inst/\gnuram_async_fifo.xpm_fifo_base_inst /\gen_sdpram.xpm_memory_base_inst /gen_wr_a.gen_word_narrow.mem_reg"
INFO: [Synth 8-5555] Implemented Block Ram Cascade chain of height 8 and width 9 for RAM "zynq_ultra_pl/i_0/ad9269_sample_ctrl/inst/ad9269_sample_v1_0_S00_AXI_inst/sample_inst/xpm_fifo_async_inst/\gnuram_async_fifo.xpm_fifo_base_inst /\gen_sdpram.xpm_memory_base_inst /gen_wr_a.gen_word_narrow.mem_reg"
INFO: [Synth 8-5555] Implemented Block Ram Cascade chain of height 8 and width 9 for RAM "zynq_ultra_pl/i_0/ad9269_sample_ctrl/inst/ad9269_sample_v1_0_S00_AXI_inst/sample_inst/xpm_fifo_async_inst/\gnuram_async_fifo.xpm_fifo_base_inst /\gen_sdpram.xpm_memory_base_inst /gen_wr_a.gen_word_narrow.mem_reg"
INFO: [Synth 8-5555] Implemented Block Ram Cascade chain of height 8 and width 9 for RAM "zynq_ultra_pl/i_0/ad9269_sample_ctrl/inst/ad9269_sample_v1_0_S00_AXI_inst/sample_inst/xpm_fifo_async_inst/\gnuram_async_fifo.xpm_fifo_base_inst /\gen_sdpram.xpm_memory_base_inst /gen_wr_a.gen_word_narrow.mem_reg"
INFO: [Synth 8-5555] Implemented Block Ram Cascade chain of height 8 and width 4 for RAM "zynq_ultra_pl/i_0/ad9269_sample_ctrl/inst/ad9269_sample_v1_0_S00_AXI_inst/sample_inst/xpm_fifo_async_inst/\gnuram_async_fifo.xpm_fifo_base_inst /\gen_sdpram.xpm_memory_base_inst /gen_wr_a.gen_word_narrow.mem_reg"
INFO: [Synth 8-5555] Implemented Block Ram Cascade chain of height 8 and width 4 for RAM "zynq_ultra_pl/i_0/ad9269_sample_ctrl/inst/ad9269_sample_v1_0_S00_AXI_inst/sample_inst/xpm_fifo_async_inst/\gnuram_async_fifo.xpm_fifo_base_inst /\gen_sdpram.xpm_memory_base_inst /gen_wr_a.gen_word_narrow.mem_reg"
INFO: [Synth 8-5555] Implemented Block Ram Cascade chain of height 8 and width 2 for RAM "zynq_ultra_pl/i_0/ad9269_sample_ctrl/inst/ad9269_sample_v1_0_S00_AXI_inst/sample_inst/xpm_fifo_async_inst/\gnuram_async_fifo.xpm_fifo_base_inst /\gen_sdpram.xpm_memory_base_inst /gen_wr_a.gen_word_narrow.mem_reg"
INFO: [Synth 8-5555] Implemented Block Ram Cascade chain of height 4 and width 1 for RAM "zynq_ultra_pl/i_0/ad9269_sample_ctrl/inst/ad9269_sample_v1_0_S00_AXI_inst/sample_inst/xpm_fifo_async_inst/\gnuram_async_fifo.xpm_fifo_base_inst /\gen_sdpram.xpm_memory_base_inst /gen_wr_a.gen_word_narrow.mem_reg"
---------------------------------------------------------------------------------
Finished Timing Optimization : Time (s): cpu = 00:03:42 ; elapsed = 00:03:57 . Memory (MB): peak = 3681.766 ; gain = 2236.727
---------------------------------------------------------------------------------
---------------------------------------------------------------------------------
Start Technology Mapping
---------------------------------------------------------------------------------
INFO: [Synth 8-7052] The timing for the instance zynq_ultra_pl/ad9269_sample_ctrl/inst/ad9269_sample_v1_0_S00_AXI_inst/sample_inst/xpm_fifo_async_inst/gnuram_async_fifo.xpm_fifo_base_inst/gen_sdpram.xpm_memory_base_inst/gen_wr_a.gen_word_narrow.mem_reg_bram_9 (implemented as a Block RAM) might be sub-optimal as no optional output register could be merged into the ram block. Providing additional output register may help in improving timing.
INFO: [Synth 8-7052] The timing for the instance zynq_ultra_pl/ad9269_sample_ctrl/inst/ad9269_sample_v1_0_S00_AXI_inst/sample_inst/xpm_fifo_async_inst/gnuram_async_fifo.xpm_fifo_base_inst/gen_sdpram.xpm_memory_base_inst/gen_wr_a.gen_word_narrow.mem_reg_bram_17 (implemented as a Block RAM) might be sub-optimal as no optional output register could be merged into the ram block. Providing additional output register may help in improving timing.
INFO: [Synth 8-7052] The timing for the instance zynq_ultra_pl/ad9269_sample_ctrl/inst/ad9269_sample_v1_0_S00_AXI_inst/sample_inst/xpm_fifo_async_inst/gnuram_async_fifo.xpm_fifo_base_inst/gen_sdpram.xpm_memory_base_inst/gen_wr_a.gen_word_narrow.mem_reg_bram_25 (implemented as a Block RAM) might be sub-optimal as no optional output register could be merged into the ram block. Providing additional output register may help in improving timing.
INFO: [Synth 8-7052] The timing for the instance zynq_ultra_pl/ad9269_sample_ctrl/inst/ad9269_sample_v1_0_S00_AXI_inst/sample_inst/xpm_fifo_async_inst/gnuram_async_fifo.xpm_fifo_base_inst/gen_sdpram.xpm_memory_base_inst/gen_wr_a.gen_word_narrow.mem_reg_bram_33 (implemented as a Block RAM) might be sub-optimal as no optional output register could be merged into the ram block. Providing additional output register may help in improving timing.
INFO: [Synth 8-7052] The timing for the instance zynq_ultra_pl/ad9269_sample_ctrl/inst/ad9269_sample_v1_0_S00_AXI_inst/sample_inst/xpm_fifo_async_inst/gnuram_async_fifo.xpm_fifo_base_inst/gen_sdpram.xpm_memory_base_inst/gen_wr_a.gen_word_narrow.mem_reg_bram_42 (implemented as a Block RAM) might be sub-optimal as no optional output register could be merged into the ram block. Providing additional output register may help in improving timing.
INFO: [Synth 8-7052] The timing for the instance zynq_ultra_pl/ad9269_sample_ctrl/inst/ad9269_sample_v1_0_S00_AXI_inst/sample_inst/xpm_fifo_async_inst/gnuram_async_fifo.xpm_fifo_base_inst/gen_sdpram.xpm_memory_base_inst/gen_wr_a.gen_word_narrow.mem_reg_bram_50 (implemented as a Block RAM) might be sub-optimal as no optional output register could be merged into the ram block. Providing additional output register may help in improving timing.
INFO: [Synth 8-7052] The timing for the instance zynq_ultra_pl/ad9269_sample_ctrl/inst/ad9269_sample_v1_0_S00_AXI_inst/sample_inst/xpm_fifo_async_inst/gnuram_async_fifo.xpm_fifo_base_inst/gen_sdpram.xpm_memory_base_inst/gen_wr_a.gen_word_narrow.mem_reg_bram_58 (implemented as a Block RAM) might be sub-optimal as no optional output register could be merged into the ram block. Providing additional output register may help in improving timing.
INFO: [Synth 8-7052] The timing for the instance zynq_ultra_pl/ad9269_sample_ctrl/inst/ad9269_sample_v1_0_S00_AXI_inst/sample_inst/xpm_fifo_async_inst/gnuram_async_fifo.xpm_fifo_base_inst/gen_sdpram.xpm_memory_base_inst/gen_wr_a.gen_word_narrow.mem_reg_bram_62 (implemented as a Block RAM) might be sub-optimal as no optional output register could be merged into the ram block. Providing additional output register may help in improving timing.
---------------------------------------------------------------------------------
Finished Technology Mapping : Time (s): cpu = 00:04:23 ; elapsed = 00:04:40 . Memory (MB): peak = 3717.109 ; gain = 2272.070
---------------------------------------------------------------------------------
---------------------------------------------------------------------------------
Start IO Insertion
---------------------------------------------------------------------------------
---------------------------------------------------------------------------------
Start Flattening Before IO Insertion
---------------------------------------------------------------------------------
---------------------------------------------------------------------------------
Finished Flattening Before IO Insertion
---------------------------------------------------------------------------------
---------------------------------------------------------------------------------
Start Final Netlist Cleanup
---------------------------------------------------------------------------------
---------------------------------------------------------------------------------
Finished Final Netlist Cleanup
---------------------------------------------------------------------------------
WARNING: [Synth 8-3295] tying undriven pin uart_buf_rd_dly0_inferred:in0 to constant 0
WARNING: [Synth 8-3295] tying undriven pin prog_full_inferred:in0 to constant 0
WARNING: [Synth 8-3295] tying undriven pin tvalid_en_inferred:in0 to constant 0
WARNING: [Synth 8-3295] tying undriven pin fifo_wr_cnt_inferred:in0[31] to constant 0
WARNING: [Synth 8-3295] tying undriven pin fifo_wr_cnt_inferred:in0[30] to constant 0
WARNING: [Synth 8-3295] tying undriven pin fifo_wr_cnt_inferred:in0[29] to constant 0
WARNING: [Synth 8-3295] tying undriven pin fifo_wr_cnt_inferred:in0[28] to constant 0
WARNING: [Synth 8-3295] tying undriven pin fifo_wr_cnt_inferred:in0[27] to constant 0
WARNING: [Synth 8-3295] tying undriven pin fifo_wr_cnt_inferred:in0[26] to constant 0
WARNING: [Synth 8-3295] tying undriven pin fifo_wr_cnt_inferred:in0[25] to constant 0
WARNING: [Synth 8-3295] tying undriven pin fifo_wr_cnt_inferred:in0[24] to constant 0
WARNING: [Synth 8-3295] tying undriven pin fifo_wr_cnt_inferred:in0[23] to constant 0
WARNING: [Synth 8-3295] tying undriven pin fifo_wr_cnt_inferred:in0[22] to constant 0
WARNING: [Synth 8-3295] tying undriven pin fifo_wr_cnt_inferred:in0[21] to constant 0
WARNING: [Synth 8-3295] tying undriven pin fifo_wr_cnt_inferred:in0[20] to constant 0
WARNING: [Synth 8-3295] tying undriven pin fifo_wr_cnt_inferred:in0[19] to constant 0
WARNING: [Synth 8-3295] tying undriven pin fifo_wr_cnt_inferred:in0[18] to constant 0
WARNING: [Synth 8-3295] tying undriven pin fifo_wr_cnt_inferred:in0[17] to constant 0
WARNING: [Synth 8-3295] tying undriven pin fifo_wr_cnt_inferred:in0[16] to constant 0
WARNING: [Synth 8-3295] tying undriven pin fifo_wr_cnt_inferred:in0[15] to constant 0
WARNING: [Synth 8-3295] tying undriven pin fifo_wr_cnt_inferred:in0[14] to constant 0
WARNING: [Synth 8-3295] tying undriven pin fifo_wr_cnt_inferred:in0[13] to constant 0
WARNING: [Synth 8-3295] tying undriven pin fifo_wr_cnt_inferred:in0[12] to constant 0
WARNING: [Synth 8-3295] tying undriven pin fifo_wr_cnt_inferred:in0[11] to constant 0
WARNING: [Synth 8-3295] tying undriven pin fifo_wr_cnt_inferred:in0[10] to constant 0
WARNING: [Synth 8-3295] tying undriven pin fifo_wr_cnt_inferred:in0[9] to constant 0
WARNING: [Synth 8-3295] tying undriven pin fifo_wr_cnt_inferred:in0[8] to constant 0
WARNING: [Synth 8-3295] tying undriven pin fifo_wr_cnt_inferred:in0[7] to constant 0
WARNING: [Synth 8-3295] tying undriven pin fifo_wr_cnt_inferred:in0[6] to constant 0
WARNING: [Synth 8-3295] tying undriven pin fifo_wr_cnt_inferred:in0[5] to constant 0
WARNING: [Synth 8-3295] tying undriven pin fifo_wr_cnt_inferred:in0[4] to constant 0
WARNING: [Synth 8-3295] tying undriven pin fifo_wr_cnt_inferred:in0[3] to constant 0
WARNING: [Synth 8-3295] tying undriven pin fifo_wr_cnt_inferred:in0[2] to constant 0
WARNING: [Synth 8-3295] tying undriven pin fifo_wr_cnt_inferred:in0[1] to constant 0
WARNING: [Synth 8-3295] tying undriven pin fifo_wr_cnt_inferred:in0[0] to constant 0
WARNING: [Synth 8-3295] tying undriven pin I_AXI_DMA_REG_MODULE/strm_valid_int2_inferred:in0 to constant 0
WARNING: [Synth 8-3295] tying undriven pin I_AXI_DMA_REG_MODULE/strm_valid_int_cdc_to_inferred:in0 to constant 0
WARNING: [Synth 8-3295] tying undriven pin I_AXI_DMA_REG_MODULE/strm_valid_int2_inferred:in0 to constant 0
WARNING: [Synth 8-3295] tying undriven pin I_AXI_DMA_REG_MODULE/strm_valid_int_cdc_to_inferred:in0 to constant 0
WARNING: [Synth 8-3295] tying undriven pin dummy_inferred:in0 to constant 0
WARNING: [Synth 8-3295] tying undriven pin inst:sl_iport0[36] to constant 0
WARNING: [Synth 8-3295] tying undriven pin inst:sl_iport0[35] to constant 0
WARNING: [Synth 8-3295] tying undriven pin inst:sl_iport0[34] to constant 0
WARNING: [Synth 8-3295] tying undriven pin inst:sl_iport0[33] to constant 0
WARNING: [Synth 8-3295] tying undriven pin inst:sl_iport0[32] to constant 0
WARNING: [Synth 8-3295] tying undriven pin inst:sl_iport0[31] to constant 0
WARNING: [Synth 8-3295] tying undriven pin inst:sl_iport0[30] to constant 0
WARNING: [Synth 8-3295] tying undriven pin inst:sl_iport0[29] to constant 0
WARNING: [Synth 8-3295] tying undriven pin inst:sl_iport0[28] to constant 0
WARNING: [Synth 8-3295] tying undriven pin inst:sl_iport0[27] to constant 0
WARNING: [Synth 8-3295] tying undriven pin inst:sl_iport0[26] to constant 0
WARNING: [Synth 8-3295] tying undriven pin inst:sl_iport0[25] to constant 0
WARNING: [Synth 8-3295] tying undriven pin inst:sl_iport0[24] to constant 0
WARNING: [Synth 8-3295] tying undriven pin inst:sl_iport0[23] to constant 0
WARNING: [Synth 8-3295] tying undriven pin inst:sl_iport0[22] to constant 0
WARNING: [Synth 8-3295] tying undriven pin inst:sl_iport0[21] to constant 0
WARNING: [Synth 8-3295] tying undriven pin inst:sl_iport0[20] to constant 0
WARNING: [Synth 8-3295] tying undriven pin inst:sl_iport0[19] to constant 0
WARNING: [Synth 8-3295] tying undriven pin inst:sl_iport0[18] to constant 0
WARNING: [Synth 8-3295] tying undriven pin inst:sl_iport0[17] to constant 0
WARNING: [Synth 8-3295] tying undriven pin inst:sl_iport0[16] to constant 0
WARNING: [Synth 8-3295] tying undriven pin inst:sl_iport0[15] to constant 0
WARNING: [Synth 8-3295] tying undriven pin inst:sl_iport0[14] to constant 0
WARNING: [Synth 8-3295] tying undriven pin inst:sl_iport0[13] to constant 0
WARNING: [Synth 8-3295] tying undriven pin inst:sl_iport0[12] to constant 0
WARNING: [Synth 8-3295] tying undriven pin inst:sl_iport0[11] to constant 0
WARNING: [Synth 8-3295] tying undriven pin inst:sl_iport0[10] to constant 0
WARNING: [Synth 8-3295] tying undriven pin inst:sl_iport0[9] to constant 0
WARNING: [Synth 8-3295] tying undriven pin inst:sl_iport0[8] to constant 0
WARNING: [Synth 8-3295] tying undriven pin inst:sl_iport0[7] to constant 0
WARNING: [Synth 8-3295] tying undriven pin inst:sl_iport0[6] to constant 0
WARNING: [Synth 8-3295] tying undriven pin inst:sl_iport0[5] to constant 0
WARNING: [Synth 8-3295] tying undriven pin inst:sl_iport0[4] to constant 0
WARNING: [Synth 8-3295] tying undriven pin inst:sl_iport0[3] to constant 0
WARNING: [Synth 8-3295] tying undriven pin inst:sl_iport0[2] to constant 0
WARNING: [Synth 8-3295] tying undriven pin inst:sl_iport0[1] to constant 0
WARNING: [Synth 8-3295] tying undriven pin inst:sl_iport0[0] to constant 0
WARNING: [Synth 8-3295] tying undriven pin inst:trig_in to constant 0
WARNING: [Synth 8-3295] tying undriven pin inst:trig_out_ack to constant 0
WARNING: [Synth 8-3295] tying undriven pin trace_ctl_pipe[0]_inferred:in0 to constant 0
WARNING: [Synth 8-3295] tying undriven pin trace_data_pipe[0]_inferred:in0[31] to constant 0
WARNING: [Synth 8-3295] tying undriven pin trace_data_pipe[0]_inferred:in0[30] to constant 0
WARNING: [Synth 8-3295] tying undriven pin trace_data_pipe[0]_inferred:in0[29] to constant 0
WARNING: [Synth 8-3295] tying undriven pin trace_data_pipe[0]_inferred:in0[28] to constant 0
WARNING: [Synth 8-3295] tying undriven pin trace_data_pipe[0]_inferred:in0[27] to constant 0
WARNING: [Synth 8-3295] tying undriven pin trace_data_pipe[0]_inferred:in0[26] to constant 0
WARNING: [Synth 8-3295] tying undriven pin trace_data_pipe[0]_inferred:in0[25] to constant 0
WARNING: [Synth 8-3295] tying undriven pin trace_data_pipe[0]_inferred:in0[24] to constant 0
WARNING: [Synth 8-3295] tying undriven pin trace_data_pipe[0]_inferred:in0[23] to constant 0
WARNING: [Synth 8-3295] tying undriven pin trace_data_pipe[0]_inferred:in0[22] to constant 0
WARNING: [Synth 8-3295] tying undriven pin trace_data_pipe[0]_inferred:in0[21] to constant 0
WARNING: [Synth 8-3295] tying undriven pin trace_data_pipe[0]_inferred:in0[20] to constant 0
WARNING: [Synth 8-3295] tying undriven pin trace_data_pipe[0]_inferred:in0[19] to constant 0
WARNING: [Synth 8-3295] tying undriven pin trace_data_pipe[0]_inferred:in0[18] to constant 0
WARNING: [Synth 8-3295] tying undriven pin trace_data_pipe[0]_inferred:in0[17] to constant 0
WARNING: [Synth 8-3295] tying undriven pin trace_data_pipe[0]_inferred:in0[16] to constant 0
WARNING: [Synth 8-3295] tying undriven pin trace_data_pipe[0]_inferred:in0[15] to constant 0
WARNING: [Synth 8-3295] tying undriven pin trace_data_pipe[0]_inferred:in0[14] to constant 0
WARNING: [Synth 8-3295] tying undriven pin trace_data_pipe[0]_inferred:in0[13] to constant 0
WARNING: [Synth 8-3295] tying undriven pin trace_data_pipe[0]_inferred:in0[12] to constant 0
INFO: [Common 17-14] Message 'Synth 8-3295' appears 100 times and further instances of the messages will be disabled. Use the Tcl command set_msg_config to change the current settings.
---------------------------------------------------------------------------------
Finished IO Insertion : Time (s): cpu = 00:04:30 ; elapsed = 00:04:47 . Memory (MB): peak = 3720.949 ; gain = 2275.910
---------------------------------------------------------------------------------
---------------------------------------------------------------------------------
Start Renaming Generated Instances
---------------------------------------------------------------------------------
---------------------------------------------------------------------------------
Finished Renaming Generated Instances : Time (s): cpu = 00:04:30 ; elapsed = 00:04:47 . Memory (MB): peak = 3720.949 ; gain = 2275.910
---------------------------------------------------------------------------------
---------------------------------------------------------------------------------
Start Rebuilding User Hierarchy
---------------------------------------------------------------------------------
---------------------------------------------------------------------------------
Finished Rebuilding User Hierarchy : Time (s): cpu = 00:04:34 ; elapsed = 00:04:51 . Memory (MB): peak = 3720.949 ; gain = 2275.910
---------------------------------------------------------------------------------
---------------------------------------------------------------------------------
Start Renaming Generated Ports
---------------------------------------------------------------------------------
---------------------------------------------------------------------------------
Finished Renaming Generated Ports : Time (s): cpu = 00:04:34 ; elapsed = 00:04:51 . Memory (MB): peak = 3720.949 ; gain = 2275.910
---------------------------------------------------------------------------------
---------------------------------------------------------------------------------
Start Handling Custom Attributes
---------------------------------------------------------------------------------
---------------------------------------------------------------------------------
Finished Handling Custom Attributes : Time (s): cpu = 00:04:35 ; elapsed = 00:04:52 . Memory (MB): peak = 3720.949 ; gain = 2275.910
---------------------------------------------------------------------------------
---------------------------------------------------------------------------------
Start Renaming Generated Nets
---------------------------------------------------------------------------------
---------------------------------------------------------------------------------
Finished Renaming Generated Nets : Time (s): cpu = 00:04:36 ; elapsed = 00:04:52 . Memory (MB): peak = 3720.949 ; gain = 2275.910
---------------------------------------------------------------------------------
---------------------------------------------------------------------------------
Start Writing Synthesis Report
---------------------------------------------------------------------------------

Report BlackBoxes: 
+-+--------------+----------+
| |BlackBox name |Instances |
+-+--------------+----------+
+-+--------------+----------+

Report Cell Usage: 
+------+----------+------+
|      |Cell      |Count |
+------+----------+------+
|1     |BUFG      |     2|
|2     |BUFG_PS   |     1|
|3     |CARRY4    |    13|
|4     |CARRY8    |   570|
|5     |CFGLUT5   |    37|
|6     |FIFO36E2  |     8|
|9     |LUT1      |   981|
|10    |LUT2      |  1935|
|11    |LUT3      |  2937|
|12    |LUT4      |  1975|
|13    |LUT5      |  1836|
|14    |LUT6      |  3920|
|15    |MUXF7     |     7|
|16    |PLLE4_ADV |     1|
|17    |PS8       |     1|
|18    |RAM32M16  |     2|
|19    |RAMB18E2  |     2|
|21    |RAMB36E2  |    63|
|35    |SRL16     |     1|
|36    |SRL16E    |   331|
|37    |SRLC16E   |     2|
|38    |SRLC32E   |   141|
|39    |FDCE      |  1292|
|40    |FDPE      |     3|
|41    |FDR       |    24|
|42    |FDRE      |  8037|
|43    |FDSE      |   198|
|44    |IBUF      |     1|
+------+----------+------+
---------------------------------------------------------------------------------
Finished Writing Synthesis Report : Time (s): cpu = 00:04:36 ; elapsed = 00:04:52 . Memory (MB): peak = 3720.949 ; gain = 2275.910
---------------------------------------------------------------------------------
Synthesis finished with 0 errors, 0 critical warnings and 347 warnings.
Synthesis Optimization Runtime : Time (s): cpu = 00:03:19 ; elapsed = 00:04:29 . Memory (MB): peak = 3720.949 ; gain = 2204.059
Synthesis Optimization Complete : Time (s): cpu = 00:04:36 ; elapsed = 00:04:52 . Memory (MB): peak = 3720.949 ; gain = 2275.910
INFO: [Project 1-571] Translating synthesized netlist
Netlist sorting complete. Time (s): cpu = 00:00:01 ; elapsed = 00:00:00.719 . Memory (MB): peak = 3732.527 ; gain = 0.000
INFO: [Netlist 29-17] Analyzing 658 Unisim elements for replacement
INFO: [Netlist 29-28] Unisim Transformation completed in 0 CPU seconds
INFO: [Project 1-570] Preparing netlist for logic optimization
WARNING: [Opt 31-32] Removing redundant IBUF since it is not being driven by a top-level port. zynq_ultra_pl/clk_wiz/inst/clkin1_ibuf 
Resolution: The tool has removed redundant IBUF. To resolve this warning, check for redundant IBUF in the input design.
INFO: [Opt 31-138] Pushed 0 inverter(s) to 0 load pin(s).
WARNING: [Opt 31-421] The CLOCK_DOMAINS attribute on FIFO cell zynq_ultra_pl/uart_uav_data_0/inst/uart_uav_data_v1_0_S00_AXI_inst/u_uart_rx/fifo_async/U0/inst_fifo_gen/gconvfifo.rf/gbi.bi/v8_fifo.fblk/rst_val_sym.gextw_sym[1].inst_extd/gmult_prim.gbi_chain.gp1[1].gbi_top.top_inst_prim/gf36e2_inst.sngfifo36e2 has been changed from INDEPENDENT to COMMON to match the clocking topology used for the FIFO
INFO: [Opt 31-326] The CLKFBOUT to CLKFBIN net for instance zynq_ultra_pl/clk_wiz/inst/plle4_adv_inst with COMPENSATION=INTERNAL is optimized away to aid design routability
Netlist sorting complete. Time (s): cpu = 00:00:00 ; elapsed = 00:00:00.009 . Memory (MB): peak = 3743.730 ; gain = 0.000
INFO: [Project 1-111] Unisim Transformation Summary:
  A total of 74 instances were transformed.
  (CARRY4) => CARRY8: 8 instances
  BUFG => BUFGCE: 2 instances
  CFGLUT5 => CFGLUT5 (SRL16E, SRLC32E): 32 instances
  CFGLUT5 => SRLC32E: 5 instances
  FDR => FDRE: 24 instances
  RAM32M16 => RAM32M16 (RAMD32(x14), RAMS32(x2)): 2 instances
  SRL16 => SRL16E: 1 instance 

INFO: [Common 17-83] Releasing license: Synthesis
602 Infos, 238 Warnings, 0 Critical Warnings and 0 Errors encountered.
synth_design completed successfully
synth_design: Time (s): cpu = 00:04:55 ; elapsed = 00:05:18 . Memory (MB): peak = 3743.730 ; gain = 2672.105
INFO: [Coretcl 2-1174] Renamed 467 cell refs.
INFO: [Common 17-1381] The checkpoint 'E:/vivado_axidma3/uav_sar.runs/uav_sar_synth_1/uav_sar.dcp' has been generated.
write_checkpoint: Time (s): cpu = 00:00:09 ; elapsed = 00:00:05 . Memory (MB): peak = 3743.730 ; gain = 0.000
INFO: [runtcl-4] Executing : report_utilization -file uav_sar_utilization_synth.rpt -pb uav_sar_utilization_synth.pb
INFO: [Common 17-206] Exiting Vivado at Tue Dec 30 11:15:24 2025...
